{"textures":{"0":"mcc:island_cosmetics/general/hat/bark_beast/bark_beast","particle":"mcc:island_cosmetics/general/hat/bark_beast/bark_beast"},"credit":"Made with Blockbench","texture_size":[128.0,128.0],"elements":[{"from":[3.5,0.0,3.5],"to":[12.5,9.0,12.5],"rotation":{"angle":0.0,"axis":"x","origin":[7.5,9.5,7.5]},"color":0.0,"faces":{"north":{"uv":[5.125,7.0,6.5,8.375],"texture":"#missing"},"east":{"uv":[5.125,7.0,6.5,8.375],"texture":"#missing"},"south":{"uv":[5.125,7.0,6.5,8.375],"texture":"#missing"},"west":{"uv":[5.125,7.0,6.5,8.375],"texture":"#missing"},"up":{"uv":[5.125,7.0,6.5,8.375],"texture":"#missing"},"down":{"uv":[5.125,7.0,6.5,8.375],"texture":"#missing"}}},{"from":[2.5,-1.0,2.5],"to":[13.5,12.0,13.5],"rotation":{"angle":0.0,"axis":"x","origin":[7.5,9.5,7.5]},"faces":{"north":{"uv":[6.0,0.0,7.375,1.625],"texture":"#0"},"east":{"uv":[8.0,1.0,9.375,2.625],"texture":"#0"},"south":{"uv":[9.0,2.625,7.625,4.25],"texture":"#0"},"west":{"uv":[9.375,1.0,8.0,2.625],"texture":"#0"},"up":{"uv":[14.0,1.625,15.375,3.0],"texture":"#0"},"down":{"uv":[12.625,1.625,14.0,3.0],"texture":"#0"}}},{"from":[0.5,12.0,2.5],"to":[15.5,22.0,2.5],"rotation":{"angle":0.0,"axis":"x","origin":[7.5,9.5,7.5]},"faces":{"north":{"uv":[11.875,0.0,13.75,1.25],"texture":"#0"},"east":{"uv":[5.5,0.5,5.625,0.625],"texture":"#0"},"south":{"uv":[13.75,0.0,11.875,1.25],"texture":"#0"},"west":{"uv":[5.5,0.5,5.625,0.625],"texture":"#0"},"up":{"uv":[5.125,7.0,6.5,8.375],"texture":"#missing"},"down":{"uv":[5.125,7.0,6.5,8.375],"texture":"#missing"}}},{"from":[1.5,-4.0,2.5],"to":[14.5,1.0,10.5],"rotation":{"angle":-22.5,"axis":"x","origin":[8.0,-3.75,5.0]},"faces":{"north":{"uv":[6.0,2.0,7.625,2.625],"texture":"#0"},"east":{"uv":[7.0,2.0,6.0,2.625],"texture":"#0"},"south":{"uv":[16.0,3.0,14.375,3.625],"texture":"#0"},"west":{"uv":[7.625,2.0,6.625,2.625],"texture":"#0"},"up":{"uv":[9.375,1.625,11.0,2.625],"texture":"#0"},"down":{"uv":[11.0,1.625,12.625,2.625],"texture":"#0"}}},{"from":[1.5,-8.0,2.5],"to":[14.5,-4.0,10.5],"rotation":{"angle":-22.5,"axis":"x","origin":[8.0,-3.75,5.0]},"faces":{"north":{"uv":[6.0,2.625,7.625,3.125],"texture":"#0"},"east":{"uv":[7.0,3.125,6.0,3.625],"texture":"#0"},"south":{"uv":[7.5,1.75,7.625,1.875],"texture":"#0"},"west":{"uv":[6.0,3.125,7.0,3.625],"texture":"#0"},"up":{"uv":[7.125,3.25,7.25,3.375],"texture":"#0"},"down":{"uv":[2.25,2.125,2.375,2.25],"texture":"#0"}}},{"from":[1.5,4.0,0.5],"to":[7.5,7.0,3.5],"rotation":{"angle":-22.5,"axis":"z","origin":[8.0,5.5,-3.0]},"faces":{"north":{"uv":[6.75,1.625,6.0,2.0],"texture":"#0"},"east":{"uv":[8.0,2.25,7.625,2.625],"texture":"#0"},"south":{"uv":[7.125,1.625,7.25,1.75],"texture":"#0"},"west":{"uv":[7.625,2.25,8.0,2.625],"texture":"#0"},"up":{"uv":[6.0,1.625,6.75,2.0],"texture":"#0"},"down":{"uv":[7.5,1.625,6.75,2.0],"texture":"#0"}}},{"from":[8.5,4.0,0.5],"to":[14.5,7.0,3.5],"rotation":{"angle":22.5,"axis":"z","origin":[8.0,5.5,-3.0]},"faces":{"north":{"uv":[6.0,1.625,6.75,2.0],"texture":"#0"},"east":{"uv":[8.0,2.25,7.625,2.625],"texture":"#0"},"south":{"uv":[7.25,1.625,7.125,1.75],"texture":"#0"},"west":{"uv":[7.625,2.25,8.0,2.625],"texture":"#0"},"up":{"uv":[6.75,1.625,6.0,2.0],"texture":"#0"},"down":{"uv":[6.75,1.625,7.5,2.0],"texture":"#0"}}},{"from":[4.5,6.0,1.0],"to":[9.5,19.0,6.0],"rotation":{"angle":0.0,"axis":"x","origin":[7.0,11.04641,3.20599]},"faces":{"north":{"uv":[7.375,0.0,8.0,1.625],"texture":"#0"},"east":{"uv":[8.0,0.0,7.375,1.625],"texture":"#0"},"south":{"uv":[7.375,0.0,8.0,1.625],"texture":"#0"},"west":{"uv":[8.0,0.0,7.375,1.625],"texture":"#0"},"up":{"uv":[11.75,3.125,12.375,3.75],"texture":"#0"},"down":{"uv":[12.375,3.0,13.0,3.625],"texture":"#0"}}},{"from":[0.5,6.0,1.0],"to":[3.5,14.0,6.0],"rotation":{"angle":0.0,"axis":"x","origin":[7.0,11.04641,3.20599]},"faces":{"north":{"uv":[8.625,0.0,9.0,1.0],"texture":"#0"},"east":{"uv":[8.625,0.0,8.0,1.0],"texture":"#0"},"south":{"uv":[9.0,0.0,8.625,1.0],"texture":"#0"},"west":{"uv":[8.0,0.0,8.625,1.0],"texture":"#0"},"up":{"uv":[11.75,3.125,12.125,3.75],"texture":"#0"},"down":{"uv":[13.5,3.0,13.875,3.625],"texture":"#0"}}},{"from":[11.5,6.0,1.0],"to":[15.5,14.0,6.0],"rotation":{"angle":0.0,"axis":"x","origin":[7.0,11.04641,3.20599]},"faces":{"north":{"uv":[8.0,0.0,8.5,1.0],"texture":"#0"},"east":{"uv":[8.625,0.0,8.0,1.0],"texture":"#0"},"south":{"uv":[10.25,2.625,9.75,3.625],"texture":"#0"},"west":{"uv":[8.0,0.0,8.625,1.0],"texture":"#0"},"up":{"uv":[11.875,3.125,12.375,3.75],"texture":"#0"},"down":{"uv":[13.875,3.0,14.375,3.625],"texture":"#0"}}},{"from":[14.5,1.0,-1.0],"to":[24.5,14.0,-1.0],"rotation":{"angle":45.0,"axis":"y","origin":[19.0,10.0,3.0]},"faces":{"north":{"uv":[9.375,0.0,10.625,1.625],"texture":"#0"},"east":{"uv":[5.125,7.0,6.5,8.375],"texture":"#missing"},"south":{"uv":[10.625,0.0,9.375,1.625],"texture":"#0"},"west":{"uv":[5.125,7.0,6.5,8.375],"texture":"#missing"},"up":{"uv":[5.125,7.0,6.5,8.375],"texture":"#missing"},"down":{"uv":[5.125,7.0,6.5,8.375],"texture":"#missing"}}},{"from":[-8.5,1.0,-1.0],"to":[1.5,14.0,-1.0],"rotation":{"angle":-45.0,"axis":"y","origin":[-3.0,10.0,3.0]},"faces":{"north":{"uv":[11.875,0.0,10.625,1.625],"texture":"#0"},"east":{"uv":[6.5,7.0,5.125,8.375],"texture":"#missing"},"south":{"uv":[10.625,0.0,11.875,1.625],"texture":"#0"},"west":{"uv":[6.5,7.0,5.125,8.375],"texture":"#missing"},"up":{"uv":[6.5,7.0,5.125,8.375],"texture":"#missing"},"down":{"uv":[6.5,7.0,5.125,8.375],"texture":"#missing"}}},{"from":[-7.5,1.0,17.0],"to":[2.5,14.0,17.0],"rotation":{"angle":45.0,"axis":"y","origin":[-3.0,10.0,13.0]},"faces":{"north":{"uv":[10.625,0.0,9.375,1.625],"texture":"#0"},"east":{"uv":[5.125,7.0,6.5,8.375],"texture":"#missing"},"south":{"uv":[9.375,0.0,10.625,1.625],"texture":"#0"},"west":{"uv":[5.125,7.0,6.5,8.375],"texture":"#missing"},"up":{"uv":[6.5,8.375,5.125,7.0],"texture":"#missing"},"down":{"uv":[6.5,8.375,5.125,7.0],"texture":"#missing"}}},{"from":[13.5,1.0,17.0],"to":[23.5,14.0,17.0],"rotation":{"angle":-45.0,"axis":"y","origin":[19.0,10.0,13.0]},"faces":{"north":{"uv":[10.625,0.0,11.875,1.625],"texture":"#0"},"east":{"uv":[6.5,7.0,5.125,8.375],"texture":"#missing"},"south":{"uv":[11.875,0.0,10.625,1.625],"texture":"#0"},"west":{"uv":[6.5,7.0,5.125,8.375],"texture":"#missing"},"up":{"uv":[5.125,8.375,6.5,7.0],"texture":"#missing"},"down":{"uv":[5.125,8.375,6.5,7.0],"texture":"#missing"}}},{"from":[11.5,6.0,7.0],"to":[14.5,13.0,10.0],"rotation":{"angle":0.0,"axis":"x","origin":[7.0,11.04641,3.20599]},"faces":{"north":{"uv":[9.0,0.0,8.625,0.875],"texture":"#0"},"east":{"uv":[8.625,0.0,9.0,0.875],"texture":"#0"},"south":{"uv":[9.0,0.0,8.625,0.875],"texture":"#0"},"west":{"uv":[8.625,0.0,9.0,0.875],"texture":"#0"},"up":{"uv":[12.25,2.625,12.625,3.0],"texture":"#0"},"down":{"uv":[13.0,3.0,13.375,3.375],"texture":"#0"}}},{"from":[1.5,7.0,7.0],"to":[5.5,16.0,11.0],"shade":false,"rotation":{"angle":0.0,"axis":"x","origin":[9.0,11.04641,3.20599]},"faces":{"north":{"uv":[11.25,2.625,11.75,3.75],"texture":"#0"},"east":{"uv":[11.75,2.625,11.25,3.75],"texture":"#0"},"south":{"uv":[11.25,2.625,11.75,3.75],"texture":"#0"},"west":{"uv":[11.75,2.625,11.25,3.75],"texture":"#0"},"up":{"uv":[11.75,2.625,12.25,3.125],"texture":"#0"},"down":{"uv":[13.0,3.0,13.5,3.5],"texture":"#0"}}},{"from":[6.5,6.0,11.0],"to":[10.5,15.0,15.0],"shade":false,"rotation":{"angle":0.0,"axis":"x","origin":[9.0,11.04641,3.20599]},"faces":{"north":{"uv":[11.25,2.625,11.75,3.75],"texture":"#0"},"east":{"uv":[11.75,2.625,11.25,3.75],"texture":"#0"},"south":{"uv":[11.25,2.625,11.75,3.75],"texture":"#0"},"west":{"uv":[11.75,2.625,11.25,3.75],"texture":"#0"},"up":{"uv":[11.75,2.625,12.25,3.125],"texture":"#0"},"down":{"uv":[13.0,3.0,13.5,3.5],"texture":"#0"}}},{"name":"cube inverted","from":[14.5,-4.0,10.5],"to":[1.5,-8.0,2.5],"rotation":{"angle":-22.5,"axis":"x","origin":[8.0,-3.75,5.0]},"faces":{"north":{"uv":[7.5,1.875,7.625,1.75],"texture":"#0"},"east":{"uv":[6.0,3.625,7.0,3.125],"texture":"#0"},"south":{"uv":[6.0,3.125,7.625,2.625],"texture":"#0"},"west":{"uv":[7.0,3.625,6.0,3.125],"texture":"#0"},"up":{"uv":[2.375,2.125,2.25,2.25],"texture":"#0"},"down":{"uv":[6.5,7.0,5.125,8.375],"texture":"#missing"}}}],"gui_light":"front","display":{"thirdperson_righthand":{"rotation":[55.5,34.0,0.0],"translation":[0.0,1.0,0.75],"scale":[0.52539,0.52539,0.52539]},"thirdperson_lefthand":{"rotation":[55.5,34.0,0.0],"translation":[0.0,1.0,0.75],"scale":[0.52539,0.52539,0.52539]},"firstperson_righthand":{"rotation":[21.0,114.5,-13.75],"translation":[9.5,0.0,-5.75],"scale":[0.41992,0.41992,0.41992]},"firstperson_lefthand":{"rotation":[21.0,114.5,-13.75],"translation":[9.5,0.0,-5.75],"scale":[0.41992,0.41992,0.41992]},"gui":{"rotation":[-150.86,-31.92,-180.0],"translation":[0.0,2.0,0.0],"scale":[0.55077,0.55077,0.55077]},"head":{"translation":[0.0,9.25,-0.5],"scale":[1.54336,1.54336,1.54336]}}}