{"textures":{"1":"mcc:island_cosmetics/general/hat/burger_head/burger_head"},"elements":[{"from":[1.5,-2.0,1.5],"to":[14.5,1.0,14.5],"rotation":{"angle":0.0,"axis":"x","origin":[7.5,9.5,7.5]},"faces":{"north":{"uv":[0.0,0.0,4.33333,1.0],"texture":"#1"},"east":{"uv":[0.0,0.0,4.33333,1.0],"texture":"#1"},"south":{"uv":[0.0,0.0,4.33333,1.0],"texture":"#1"},"west":{"uv":[0.0,0.0,4.33333,1.0],"texture":"#1"},"up":{"uv":[5.0,5.66667,9.33333,10.0],"texture":"#1"},"down":{"uv":[5.0,5.66667,9.33333,10.0],"texture":"#1"}}},{"from":[1.5,5.0,1.5],"to":[14.5,10.0,14.5],"rotation":{"angle":0.0,"axis":"x","origin":[7.5,9.5,7.5]},"faces":{"north":{"uv":[0.0,11.33333,4.33333,13.0],"texture":"#1"},"east":{"uv":[0.0,11.33333,4.33333,13.0],"texture":"#1"},"south":{"uv":[0.0,11.33333,4.33333,13.0],"texture":"#1"},"west":{"uv":[0.0,11.33333,4.33333,13.0],"texture":"#1"},"up":{"uv":[4.33333,11.33333,8.66667,15.66667],"texture":"#1"},"down":{"uv":[8.66667,11.33333,13.0,15.66666],"texture":"#1"}}},{"from":[2.0,1.0,2.0],"to":[14.0,3.0,14.0],"rotation":{"angle":0.0,"axis":"x","origin":[7.0,9.5,8.0]},"faces":{"north":{"uv":[4.33333,0.0,8.0,0.66667],"texture":"#1"},"east":{"uv":[4.33333,0.0,8.0,0.66667],"texture":"#1"},"south":{"uv":[4.33333,0.0,8.0,0.66667],"texture":"#1"},"west":{"uv":[4.33333,0.0,8.0,0.66667],"texture":"#1"},"up":{"uv":[5.33333,0.33333,5.66667,0.66667],"texture":"#1"},"down":{"uv":[5.33333,0.33333,5.66667,0.66667],"texture":"#1"}}},{"from":[2.0,2.5,2.0],"to":[14.0,5.5,14.0],"rotation":{"angle":0.0,"axis":"x","origin":[8.0,9.5,8.0]},"faces":{"north":{"uv":[0.0,9.66667,3.66667,10.66667],"texture":"#1"},"east":{"uv":[0.0,9.66667,3.66667,10.66667],"texture":"#1"},"south":{"uv":[0.0,9.66667,3.66667,10.66667],"texture":"#1"},"west":{"uv":[0.0,9.66667,3.66667,10.66667],"texture":"#1"},"up":{"uv":[9.66667,0.0,10.0,0.33333],"texture":"#1"},"down":{"uv":[9.66667,0.0,10.0,0.33333],"texture":"#1"}}},{"from":[1.5,2.5,1.5],"to":[14.5,3.5,14.5],"rotation":{"angle":0.0,"axis":"y","origin":[8.0,3.25,8.0]},"faces":{"north":{"uv":[9.33333,5.0,14.33333,5.33333],"texture":"#1"},"east":{"uv":[9.33333,5.0,14.33333,5.33333],"texture":"#1"},"south":{"uv":[9.33333,5.0,14.33333,5.33333],"texture":"#1"},"west":{"uv":[9.33333,5.0,14.33333,5.33333],"texture":"#1"},"up":{"uv":[11.0,6.0,11.33333,6.33333],"texture":"#1"},"down":{"uv":[11.0,6.0,11.33333,6.33333],"texture":"#1"}}},{"from":[1.5,5.75,1.5],"to":[14.5,5.75,14.5],"rotation":{"angle":0.0,"axis":"y","origin":[8.0,5.75,8.0]},"faces":{"north":{"uv":[4.33333,0.0,8.0,0.66667],"texture":"#1"},"east":{"uv":[4.33333,0.0,8.0,0.66667],"texture":"#1"},"south":{"uv":[4.33333,0.0,8.0,0.66667],"texture":"#1"},"west":{"uv":[4.33333,0.0,8.0,0.66667],"texture":"#1"},"up":{"uv":[0.0,5.33333,4.33333,9.66667],"texture":"#1","rotation":90},"down":{"uv":[0.0,5.33333,4.33333,9.66667],"texture":"#1","rotation":90}}},{"from":[-1.0,4.36739,-1.0],"to":[17.0,4.36739,17.0],"rotation":{"angle":0.0,"axis":"z","origin":[0.0,4.36739,7.5]},"faces":{"north":{"uv":[4.33333,0.0,8.0,0.66667],"texture":"#1"},"east":{"uv":[4.33333,0.0,8.0,0.66667],"texture":"#1"},"south":{"uv":[4.33333,0.0,8.0,0.66667],"texture":"#1"},"west":{"uv":[4.33333,0.0,8.0,0.66667],"texture":"#1"},"up":{"uv":[9.66666,5.66667,15.33333,11.33334],"texture":"#1","rotation":180},"down":{"uv":[9.66666,5.66667,15.33333,11.33334],"texture":"#1","rotation":180}}},{"from":[15.0731,0.6138,2.0],"to":[15.0731,3.6138,14.0],"rotation":{"angle":22.5,"axis":"z","origin":[15.0731,2.1138,6.5]},"faces":{"north":{"uv":[4.33333,0.0,8.0,0.66667],"texture":"#1","rotation":270},"east":{"uv":[7.66667,10.0,3.66667,11.0],"texture":"#1","rotation":180},"south":{"uv":[4.33333,0.0,8.0,0.66667],"texture":"#1","rotation":90},"west":{"uv":[3.66667,10.0,7.66667,11.0],"texture":"#1","rotation":180},"up":{"uv":[4.33333,0.0,8.0,0.66667],"texture":"#1","rotation":90},"down":{"uv":[4.33333,0.0,8.0,0.66667],"texture":"#1","rotation":90}}},{"from":[0.9269,0.6138,2.0],"to":[0.9269,3.6138,14.0],"rotation":{"angle":-22.5,"axis":"z","origin":[0.9269,2.1138,9.5]},"faces":{"north":{"uv":[4.33333,0.0,8.0,0.66667],"texture":"#1","rotation":90},"east":{"uv":[3.66667,10.0,7.66667,11.0],"texture":"#1","rotation":180},"south":{"uv":[4.33333,0.0,8.0,0.66667],"texture":"#1","rotation":270},"west":{"uv":[7.66667,10.0,3.66667,11.0],"texture":"#1","rotation":180},"up":{"uv":[8.0,0.66667,4.33333,0.0],"texture":"#1","rotation":90},"down":{"uv":[8.0,0.66667,4.33333,0.0],"texture":"#1","rotation":90}}},{"from":[2.0,-2.09296,1.46531],"to":[14.0,0.90704,1.46531],"rotation":{"angle":22.5,"axis":"x","origin":[8.0,2.1138,8.0]},"faces":{"north":{"uv":[7.66667,10.0,3.66667,11.0],"texture":"#1","rotation":180},"east":{"uv":[4.33333,0.0,8.0,0.66667],"texture":"#1","rotation":90},"south":{"uv":[3.66667,10.0,7.66667,11.0],"texture":"#1","rotation":180},"west":{"uv":[4.33333,0.0,8.0,0.66667],"texture":"#1","rotation":270},"up":{"uv":[8.0,0.66667,4.33333,0.0],"texture":"#1","rotation":180},"down":{"uv":[8.0,0.66667,4.33333,0.0],"texture":"#1"}}},{"from":[2.0,-2.09296,14.53469],"to":[14.0,0.90704,14.53469],"rotation":{"angle":-22.5,"axis":"x","origin":[8.0,2.1138,8.0]},"faces":{"north":{"uv":[3.66667,10.0,7.66667,11.0],"texture":"#1","rotation":180},"east":{"uv":[4.33333,0.0,8.0,0.66667],"texture":"#1","rotation":270},"south":{"uv":[7.66667,10.0,3.66667,11.0],"texture":"#1","rotation":180},"west":{"uv":[4.33333,0.0,8.0,0.66667],"texture":"#1","rotation":90},"up":{"uv":[4.33333,0.0,8.0,0.66667],"texture":"#1","rotation":180},"down":{"uv":[4.33333,0.0,8.0,0.66667],"texture":"#1"}}},{"from":[1.3,4.8,1.3],"to":[14.7,10.2,14.7],"rotation":{"angle":0.0,"axis":"x","origin":[7.5,9.5,7.5]},"faces":{"north":{"uv":[11.66667,0.0,16.0,1.66667],"texture":"#1"},"east":{"uv":[11.66667,0.0,16.0,1.66667],"texture":"#1"},"south":{"uv":[11.66667,0.0,16.0,1.66667],"texture":"#1"},"west":{"uv":[11.66667,0.0,16.0,1.66667],"texture":"#1"},"up":{"uv":[8.0,0.33333,12.33333,4.66667],"texture":"#1"}}},{"from":[14.7,10.2,14.7],"to":[1.3,4.8,1.3],"rotation":{"angle":0.0,"axis":"x","origin":[7.5,9.5,7.5]},"faces":{"north":{"uv":[11.66667,1.66667,16.0,0.0],"texture":"#1"},"east":{"uv":[11.66667,1.66667,16.0,0.0],"texture":"#1"},"south":{"uv":[11.66667,1.66667,16.0,0.0],"texture":"#1"},"west":{"uv":[11.66667,1.66667,16.0,0.0],"texture":"#1"},"down":{"uv":[12.33333,0.33333,8.0,4.66667],"texture":"#1"}}}],"display":{"thirdperson_righthand":{"translation":[0.0,1.0,0.75],"rotation":[55.5,34.0,0.0],"scale":[0.52539,0.52539,0.52539]},"thirdperson_lefthand":{"translation":[0.0,1.0,0.75],"rotation":[55.5,34.0,0.0],"scale":[0.52539,0.52539,0.52539]},"firstperson_righthand":{"translation":[9.5,0.0,-5.75],"rotation":[21.0,114.5,-13.75],"scale":[0.41992,0.41992,0.41992]},"firstperson_lefthand":{"translation":[9.5,0.0,-5.75],"rotation":[21.0,114.5,-13.75],"scale":[0.41992,0.41992,0.41992]},"gui":{"translation":[0.0,2.75,0.0],"rotation":[-149.61,-31.92,-180.0],"scale":[0.73632,0.73632,0.73632]},"head":{"translation":[0.0,9.5,0.0],"scale":[1.6,1.6,1.6]}},"credit":"Made with Blockbench","gui_light":"front"}