{"textures":{"1":"mcc:island_cosmetics/general/hat/tv_head/tv_head_lashes","2":"mcc:island_cosmetics/general/hat/tv_head/tv_head"},"display":{"thirdperson_righthand":{"translation":[0.0,1.0,0.75],"rotation":[55.5,34.0,0.0],"scale":[0.52539,0.52539,0.52539]},"thirdperson_lefthand":{"translation":[0.0,1.0,0.75],"rotation":[55.5,34.0,0.0],"scale":[0.52539,0.52539,0.52539]},"firstperson_righthand":{"translation":[9.5,0.0,-5.75],"rotation":[21.0,114.5,-13.75],"scale":[0.41992,0.41992,0.41992]},"firstperson_lefthand":{"translation":[9.5,0.0,-5.75],"rotation":[21.0,114.5,-13.75],"scale":[0.41992,0.41992,0.41992]},"gui":{"translation":[-0.25,-0.5,0.0],"rotation":[-149.61,-31.92,-180.0],"scale":[0.58593,0.58593,0.58593]},"head":{"translation":[0.0,6.25,0.0],"scale":[1.62539,1.62539,1.62539]}},"credit":"Made with Blockbench","texture_size":[128.0,128.0],"elements":[{"from":[0.5,-1.0,1.5],"to":[15.5,12.0,7.5],"rotation":{"angle":0.0,"axis":"x","origin":[4.5,9.5,7.5]},"faces":{"north":{"uv":[11.0,11.66667,16.0,16.0],"texture":"#2","tintindex":0.0},"east":{"uv":[9.0,11.66667,11.0,16.0],"texture":"#2","tintindex":0.0},"south":{"uv":[6.33333,3.66667,11.33333,8.0],"texture":"#2","tintindex":0.0},"west":{"uv":[11.0,11.66667,9.0,16.0],"texture":"#2","tintindex":0.0},"up":{"uv":[4.0,10.66667,9.0,12.66667],"texture":"#2","tintindex":0.0},"down":{"uv":[6.66667,1.66667,11.66667,3.66667],"texture":"#2","tintindex":0.0}}},{"from":[14.5,11.0,2.5],"to":[1.5,1.0,1.5],"rotation":{"angle":0.0,"axis":"x","origin":[6.5,9.5,7.5]},"faces":{"north":{"uv":[1.0,6.5,7.5,1.5],"texture":"#1"},"east":{"uv":[11.33333,8.33333,11.66667,11.66667],"texture":"#2"},"west":{"uv":[11.33333,8.33333,11.66667,11.66667],"texture":"#2"},"up":{"uv":[11.66667,8.0,16.0,8.33333],"texture":"#2"},"down":{"uv":[11.66667,8.0,16.0,8.33333],"texture":"#2"}}},{"from":[14.5,11.0,2.5],"to":[1.5,1.0,1.5],"rotation":{"angle":0.0,"axis":"x","origin":[6.5,9.5,7.5]},"faces":{"north":{"uv":[8.5,6.5,15.0,1.5],"texture":"#1","tintindex":0.0}}},{"from":[1.5,0.0,7.5],"to":[14.5,11.0,13.5],"rotation":{"angle":0.0,"axis":"x","origin":[5.5,9.5,7.5]},"faces":{"north":{"uv":[0.0,0.0,0.0,0.0],"texture":"#2","tintindex":0.0},"east":{"uv":[9.33333,8.0,11.33333,11.66667],"texture":"#2","tintindex":0.0},"south":{"uv":[11.66667,4.33333,16.0,8.0],"texture":"#2","tintindex":0.0},"west":{"uv":[11.33333,8.0,9.33333,11.66667],"texture":"#2","tintindex":0.0},"up":{"uv":[5.0,8.66667,9.33333,10.66667],"texture":"#2","tintindex":0.0},"down":{"uv":[11.66667,2.33333,16.0,4.33333],"texture":"#2","tintindex":0.0}}},{"from":[1.5,0.0,7.5],"to":[14.5,11.0,13.5],"rotation":{"angle":0.0,"axis":"x","origin":[5.5,9.5,7.5]},"faces":{"south":{"uv":[0.0,2.0,4.33333,5.66667],"texture":"#2"},"down":{"uv":[0.0,0.0,4.33333,2.0],"texture":"#2"}}},{"from":[5.5,11.0,5.5],"to":[10.5,13.0,10.5],"rotation":{"angle":0.0,"axis":"x","origin":[5.5,9.5,7.5]},"faces":{"north":{"uv":[7.66667,8.0,9.33333,8.66667],"texture":"#2","tintindex":0.0},"east":{"uv":[7.66667,8.0,9.33333,8.66667],"texture":"#2","tintindex":0.0},"south":{"uv":[7.66667,8.0,9.33333,8.66667],"texture":"#2","tintindex":0.0},"west":{"uv":[7.66667,8.0,9.33333,8.66667],"texture":"#2","tintindex":0.0},"up":{"uv":[4.66667,7.0,6.33333,8.66667],"texture":"#2","tintindex":0.0},"down":{"uv":[7.0,6.33333,7.33333,6.66667],"texture":"#2","tintindex":0.0}}},{"from":[8.5,13.0,8.5],"to":[9.5,24.0,8.5],"rotation":{"angle":-22.5,"axis":"z","origin":[8.0,12.0,8.0]},"faces":{"north":{"uv":[11.33333,4.66667,11.66667,8.33333],"texture":"#2"},"east":{"uv":[13.66667,18.66667,17.33333,22.33333],"texture":"#2"},"south":{"uv":[11.33333,4.66667,11.66667,8.33333],"texture":"#2"},"west":{"uv":[13.66667,18.66667,17.33333,22.33333],"texture":"#2"},"up":{"uv":[13.66667,18.66667,17.33333,22.33333],"texture":"#2"},"down":{"uv":[13.66667,18.66667,17.33333,22.33333],"texture":"#2"}}},{"from":[6.5,13.0,8.5],"to":[7.5,24.0,8.5],"rotation":{"angle":22.5,"axis":"z","origin":[8.0,12.0,8.0]},"faces":{"north":{"uv":[11.33333,4.66667,11.66667,8.33333],"texture":"#2"},"east":{"uv":[17.33333,18.66667,13.66667,22.33333],"texture":"#2"},"south":{"uv":[11.33333,4.66667,11.66667,8.33333],"texture":"#2"},"west":{"uv":[17.33333,18.66667,13.66667,22.33333],"texture":"#2"},"up":{"uv":[17.33333,18.66667,13.66667,22.33333],"texture":"#2"},"down":{"uv":[17.33333,18.66667,13.66667,22.33333],"texture":"#2"}}}],"gui_light":"front"}