{"textures":{"1":"mcc:island_cosmetics/general/hat/computer_head/computer_head_anim","3":"mcc:island_cosmetics/general/hat/computer_head/computer_head","particle":"mcc:island_cosmetics/general/hat/computer_head/computer_head"},"display":{"thirdperson_righthand":{"translation":[0.0,1.0,0.75],"rotation":[55.5,34.0,0.0],"scale":[0.52539,0.52539,0.52539]},"thirdperson_lefthand":{"translation":[0.0,1.0,0.75],"rotation":[55.5,34.0,0.0],"scale":[0.52539,0.52539,0.52539]},"firstperson_righthand":{"translation":[9.5,0.0,-5.75],"rotation":[21.0,114.5,-13.75],"scale":[0.41992,0.41992,0.41992]},"firstperson_lefthand":{"translation":[9.5,0.0,-5.75],"rotation":[21.0,114.5,-13.75],"scale":[0.41992,0.41992,0.41992]},"gui":{"translation":[-1.0,2.5,0.0],"rotation":[-149.61,-31.92,-180.0],"scale":[0.76562,0.76562,0.76562]},"head":{"translation":[0.0,6.25,2.0],"scale":[1.62539,1.62539,1.62539]}},"credit":"Made with Blockbench","texture_size":[48.0,48.0],"elements":[{"from":[15.5,12.5,7.0],"to":[0.5,-1.5,0.0],"rotation":{"angle":0.0,"axis":"x","origin":[19.5,9.5,7.5]},"faces":{"north":{"uv":[0.33333,0.33333,0.66667,0.66667],"texture":"#3","tintindex":0.0},"east":{"uv":[0.33333,0.33333,0.66667,0.66667],"texture":"#3","tintindex":0.0},"south":{"uv":[0.33333,0.33333,0.66667,0.66667],"texture":"#3","tintindex":0.0},"west":{"uv":[0.33333,0.33333,0.66667,0.66667],"texture":"#3","tintindex":0.0},"up":{"uv":[0.33333,0.33333,0.66667,0.66667],"texture":"#3","tintindex":0.0},"down":{"uv":[0.33333,0.33333,0.66667,0.66667],"texture":"#3","tintindex":0.0}}},{"from":[14.5,11.5,13.0],"to":[1.5,-0.5,6.0],"rotation":{"angle":0.0,"axis":"x","origin":[19.5,9.5,7.5]},"faces":{"north":{"uv":[0.33333,0.33333,0.66667,0.66667],"texture":"#3","tintindex":0.0},"east":{"uv":[0.33333,0.33333,0.66667,0.66667],"texture":"#3","tintindex":0.0},"south":{"uv":[0.33333,0.33333,0.66667,0.66667],"texture":"#3","tintindex":0.0},"west":{"uv":[0.33333,0.33333,0.66667,0.66667],"texture":"#3","tintindex":0.0},"up":{"uv":[0.33333,0.33333,0.66667,0.66667],"texture":"#3","tintindex":0.0},"down":{"uv":[0.33333,0.33333,0.66667,0.66667],"texture":"#3","tintindex":0.0}}},{"from":[1.0,-1.0,0.5],"to":[15.0,12.0,6.5],"rotation":{"angle":0.0,"axis":"y","origin":[5.0,9.5,7.5]},"faces":{"north":{"uv":[0.66667,6.0,5.33333,10.33333],"texture":"#3"},"east":{"uv":[5.33333,6.0,7.33333,10.33333],"texture":"#3"},"south":{"uv":[0.0,1.66667,4.66667,6.0],"texture":"#3"},"west":{"uv":[7.33333,6.0,5.33333,10.33333],"texture":"#3"},"up":{"uv":[4.66667,4.0,9.33333,6.0],"texture":"#3"},"down":{"uv":[4.66667,0.0,9.33333,2.0],"texture":"#3"}}},{"from":[2.0,1.0,0.75],"to":[14.0,11.0,0.75],"rotation":{"angle":0.0,"axis":"y","origin":[6.0,9.5,7.5]},"faces":{"north":{"uv":[2.0,3.0,14.0,13.0],"texture":"#1","tintindex":0.0},"east":{"uv":[0.0,0.0,0.0,0.0],"texture":"#3"},"south":{"uv":[7.33333,4.66667,10.66667,8.0],"texture":"#missing"},"west":{"uv":[0.0,0.0,0.0,0.0],"texture":"#3"},"up":{"uv":[0.0,0.0,0.0,0.0],"texture":"#3"},"down":{"uv":[0.0,0.0,0.0,0.0],"texture":"#3"}}},{"from":[2.0,0.0,6.5],"to":[14.0,11.0,12.5],"rotation":{"angle":0.0,"axis":"y","origin":[6.0,9.5,7.5]},"faces":{"north":{"uv":[0.0,0.0,0.0,0.0],"texture":"#3"},"east":{"uv":[7.33333,6.66667,9.33333,10.33333],"texture":"#3"},"south":{"uv":[13.33333,6.66667,9.33333,10.33333],"texture":"#3"},"west":{"uv":[9.33333,6.66667,7.33333,10.33333],"texture":"#3"},"up":{"uv":[9.33333,4.66667,13.33333,6.66667],"texture":"#3"},"down":{"uv":[8.66667,2.0,4.66667,4.0],"texture":"#3"}}},{"name":"cube inverted","from":[14.0,11.0,1.5],"to":[2.0,1.0,0.5],"rotation":{"angle":0.0,"axis":"y","origin":[-6.0,9.5,7.5]},"faces":{"north":{"uv":[9.33333,4.66667,13.33333,1.33333],"texture":"#3"},"east":{"uv":[9.33333,4.66667,9.66667,1.33333],"texture":"#3"},"south":{"uv":[0.0,0.0,0.0,0.0],"texture":"#3"},"west":{"uv":[9.33333,4.66667,9.66667,1.33333],"texture":"#3"},"up":{"uv":[13.33333,4.33333,9.33333,4.66667],"texture":"#3"},"down":{"uv":[13.33333,1.33333,9.33333,1.66667],"texture":"#3"}}}],"gui_light":"front"}