{"textures":{"0":"mcc:island_cosmetics/general/hat/sultan/sultan","particle":"mcc:island_cosmetics/general/hat/sultan/sultan"},"elements":[{"from":[1.5,0.0,2.75],"to":[14.5,9.0,14.75],"rotation":{"angle":0.0,"axis":"x","origin":[7.5,9.5,7.5]},"faces":{"north":{"uv":[13.0,3.5,6.5,8.0],"texture":"#0","tintindex":0},"east":{"uv":[12.5,8.0,6.5,12.5],"texture":"#0","tintindex":0},"south":{"uv":[13.0,3.5,6.5,8.0],"texture":"#0","tintindex":0},"west":{"uv":[12.5,8.0,6.5,12.5],"texture":"#0","tintindex":0},"up":{"uv":[6.5,6.5,0.0,12.5],"texture":"#0","tintindex":0},"down":{"uv":[6.5,0.5,0.0,6.5],"texture":"#0","tintindex":0}}},{"from":[1.3,-2.2,2.55],"to":[14.7,5.2,14.95],"rotation":{"angle":0.0,"axis":"x","origin":[8.5,9.5,7.5]},"faces":{"north":{"uv":[6.0,12.5,12.5,16.0],"texture":"#0"},"east":{"uv":[0.0,12.5,6.0,16.0],"texture":"#0"},"south":{"uv":[6.0,12.5,12.5,16.0],"texture":"#0"},"west":{"uv":[0.0,12.5,6.0,16.0],"texture":"#0"}}},{"from":[6.0,2.0,1.75],"to":[10.0,6.0,2.75],"rotation":{"angle":0.0,"axis":"x","origin":[8.0,9.5,7.5]},"faces":{"north":{"uv":[13.0,1.5,11.0,3.5],"texture":"#0"},"east":{"uv":[11.5,1.5,11.0,3.5],"texture":"#0"},"south":{"uv":[13.0,1.5,11.0,3.5],"texture":"#0"},"west":{"uv":[13.0,1.5,12.5,3.5],"texture":"#0"},"up":{"uv":[13.0,1.5,11.0,2.0],"texture":"#0"},"down":{"uv":[13.0,3.0,11.0,3.5],"texture":"#0"}}},{"from":[6.0,6.0,2.25],"to":[13.0,13.0,2.25],"rotation":{"angle":45.0,"axis":"z","origin":[8.0,8.0,2.25]},"faces":{"north":{"uv":[10.5,0.0,7.0,3.5],"texture":"#0"},"south":{"uv":[7.0,3.5,10.5,0.0],"texture":"#0","rotation":270}}},{"from":[14.5,9.0,14.75],"to":[1.5,0.0,2.75],"rotation":{"angle":0.0,"axis":"x","origin":[7.5,9.5,7.5]},"faces":{"north":{"uv":[13.0,8.0,6.5,3.5],"texture":"#0","tintindex":0},"east":{"uv":[12.5,12.5,6.5,8.0],"texture":"#0","tintindex":0},"south":{"uv":[13.0,8.0,6.5,3.5],"texture":"#0","tintindex":0},"west":{"uv":[12.5,12.5,6.5,8.0],"texture":"#0","tintindex":0},"up":{"uv":[0.0,0.5,6.5,6.5],"texture":"#0","tintindex":0},"down":{"uv":[0.0,6.5,6.5,12.5],"texture":"#0","tintindex":0}}},{"from":[14.7,5.2,14.95],"to":[1.3,-2.2,2.55],"rotation":{"angle":0.0,"axis":"x","origin":[8.5,9.5,7.5]},"faces":{"north":{"uv":[6.0,16.0,12.5,12.5],"texture":"#0"},"east":{"uv":[0.0,16.0,6.0,12.5],"texture":"#0"},"south":{"uv":[6.0,16.0,12.5,12.5],"texture":"#0"},"west":{"uv":[0.0,16.0,6.0,12.5],"texture":"#0"}}}],"display":{"thirdperson_righthand":{"translation":[0.0,1.0,0.75],"rotation":[55.5,34.0,0.0],"scale":[0.52539,0.52539,0.52539]},"thirdperson_lefthand":{"translation":[0.0,1.0,0.75],"rotation":[55.5,34.0,0.0],"scale":[0.52539,0.52539,0.52539]},"firstperson_righthand":{"translation":[9.5,0.0,-5.75],"rotation":[21.0,114.5,-13.75],"scale":[0.41992,0.41992,0.41992]},"firstperson_lefthand":{"translation":[9.5,0.0,-5.75],"rotation":[21.0,114.5,-13.75],"scale":[0.41992,0.41992,0.41992]},"gui":{"translation":[0.25,2.5,0.0],"rotation":[-149.61,-31.92,-180.0],"scale":[0.73632,0.73632,0.73632]},"head":{"translation":[0.0,13.0,-0.5],"scale":[1.6,1.6,1.6]}},"credit":"Made with Blockbench","gui_light":"front"}