{"textures":{"3":"mcc:island_cosmetics/general/hat/spirit_orb/spirit_orb","4":"mcc:island_cosmetics/general/hat/spirit_orb/spirit_orb_anim","particle":"mcc:island_cosmetics/general/hat/spirit_orb/spirit_orb"},"elements":[{"from":[3.5,0.0,3.5],"to":[12.5,9.0,12.5],"rotation":{"angle":0.0,"axis":"y","origin":[3.5,0.0,3.5]},"faces":{"north":{"uv":[2.25,0.0,4.5,2.25],"texture":"#4"},"east":{"uv":[0.0,0.0,2.25,2.25],"texture":"#4"},"south":{"uv":[6.75,0.0,9.0,2.25],"texture":"#4"},"west":{"uv":[4.5,0.0,6.75,2.25],"texture":"#4"},"up":{"uv":[11.25,2.25,9.0,0.0],"texture":"#4"},"down":{"uv":[11.25,0.0,9.0,2.25],"texture":"#4"}}},{"from":[13.0,9.5,13.0],"to":[3.0,-0.5,3.0],"rotation":{"angle":0.0,"axis":"y","origin":[4.0,-0.5,3.0]},"faces":{"north":{"uv":[5.5,7.5,8.0,10.0],"texture":"#3"},"east":{"uv":[5.5,7.5,8.0,10.0],"texture":"#3"},"south":{"uv":[5.5,7.5,8.0,10.0],"texture":"#3"},"west":{"uv":[5.5,7.5,8.0,10.0],"texture":"#3"},"up":{"uv":[5.5,7.5,8.0,10.0],"texture":"#3"},"down":{"uv":[5.5,7.5,8.0,10.0],"texture":"#3"}}},{"from":[6.66373,-1.0,5.49],"to":[17.66373,4.0,13.49],"rotation":{"angle":22.5,"axis":"z","origin":[13.16373,1.0,8.01]},"faces":{"north":{"uv":[13.0,1.0,7.5,3.5],"texture":"#3"},"east":{"uv":[0.0,10.0,4.0,12.5],"texture":"#3"},"south":{"uv":[0.0,7.5,5.5,10.0],"texture":"#3"},"west":{"uv":[4.0,10.0,8.0,12.5],"texture":"#3"},"up":{"uv":[9.5,1.0,7.5,0.0],"texture":"#3"},"down":{"uv":[5.5,3.5,0.0,7.5],"texture":"#3"}}},{"from":[-1.72083,-1.0,5.5],"to":[9.27917,4.0,13.5],"rotation":{"angle":-22.5,"axis":"z","origin":[2.77917,1.0,8.0]},"faces":{"north":{"uv":[7.5,1.0,13.0,3.5],"texture":"#3"},"east":{"uv":[0.0,12.5,4.0,15.0],"texture":"#3"},"south":{"uv":[5.5,7.5,0.0,10.0],"texture":"#3"},"west":{"uv":[0.0,10.0,4.0,12.5],"texture":"#3"},"up":{"uv":[9.5,1.0,7.5,0.0],"texture":"#3"},"down":{"uv":[0.0,3.5,5.5,7.5],"texture":"#3"}}},{"from":[0.5,1.95,13.48],"to":[15.5,8.95,13.48],"rotation":{"angle":0.0,"axis":"y","origin":[12.5,4.99371,11.499]},"faces":{"north":{"uv":[0.0,0.0,7.5,3.5],"texture":"#3"},"east":{"uv":[0.0,0.0,0.0,3.5],"texture":"#3"},"south":{"uv":[0.0,0.0,7.5,3.5],"texture":"#3"},"west":{"uv":[0.0,0.0,0.0,3.5],"texture":"#3"},"up":{"uv":[7.5,0.0,0.0,0.0],"texture":"#3"},"down":{"uv":[7.5,0.0,0.0,0.0],"texture":"#3"}}},{"from":[-1.2388,0.87332,5.49],"to":[8.7612,0.87332,13.49],"rotation":{"angle":0.0,"axis":"y","origin":[3.2612,2.87332,8.0]},"faces":{"north":{"uv":[5.0,0.0,0.0,0.0],"texture":"#3"},"east":{"uv":[9.5,7.5,5.5,10.0],"texture":"#3"},"south":{"uv":[5.0,0.0,0.0,0.0],"texture":"#3"},"west":{"uv":[4.0,10.0,0.0,12.5],"texture":"#3"},"up":{"uv":[0.5,7.5,5.5,3.5],"texture":"#3"},"down":{"uv":[0.0,3.5,5.5,7.5],"texture":"#3"}}},{"from":[7.2388,0.87332,5.49],"to":[17.2388,0.87332,13.49],"rotation":{"angle":0.0,"axis":"y","origin":[12.7388,2.87332,8.0]},"faces":{"north":{"uv":[0.0,0.0,5.0,0.0],"texture":"#3"},"east":{"uv":[0.0,10.0,4.0,12.5],"texture":"#3"},"south":{"uv":[0.0,0.0,5.0,0.0],"texture":"#3"},"west":{"uv":[5.5,7.5,9.5,10.0],"texture":"#3"},"up":{"uv":[5.5,7.5,0.5,3.5],"texture":"#3"},"down":{"uv":[5.5,3.5,0.0,7.5],"texture":"#3"}}},{"from":[17.66373,4.0,13.49],"to":[6.66373,-1.0,5.49],"rotation":{"angle":22.5,"axis":"z","origin":[13.16373,1.0,8.01]},"faces":{"north":{"uv":[0.0,10.0,5.5,7.5],"texture":"#3"},"east":{"uv":[5.5,10.0,9.5,7.5],"texture":"#3"},"south":{"uv":[13.0,3.5,7.5,1.0],"texture":"#3"},"west":{"uv":[0.0,12.5,4.0,10.0],"texture":"#3"},"up":{"uv":[0.0,3.5,5.5,7.5],"texture":"#3"},"down":{"uv":[7.5,1.0,9.5,0.0],"texture":"#3"}}},{"from":[9.27917,4.0,13.5],"to":[-1.72083,-1.0,5.5],"rotation":{"angle":-22.5,"axis":"z","origin":[2.77917,1.0,8.0]},"faces":{"north":{"uv":[5.5,10.0,0.0,7.5],"texture":"#3"},"east":{"uv":[0.0,12.5,4.0,10.0],"texture":"#3"},"south":{"uv":[7.5,3.5,13.0,1.0],"texture":"#3"},"west":{"uv":[5.5,10.0,9.5,7.5],"texture":"#3"},"up":{"uv":[5.5,3.5,0.0,7.5],"texture":"#3"},"down":{"uv":[7.5,1.0,9.5,0.0],"texture":"#3"}}},{"from":[1.0,-2.0,3.1],"to":[15.0,12.0,12.5],"rotation":{"angle":45.0,"axis":"z","origin":[8.0,5.0,8.0]},"faces":{"north":{"uv":[2.5,8.25,6.0,11.75],"texture":"#4"},"east":{"uv":[0.0,8.25,2.5,11.75],"texture":"#4"},"south":{"uv":[6.0,5.75,2.5,2.25],"texture":"#4"},"west":{"uv":[6.0,8.25,8.5,11.75],"texture":"#4"},"up":{"uv":[6.0,8.25,2.5,5.75],"texture":"#4"},"down":{"uv":[6.0,14.25,2.5,11.75],"texture":"#4"}}},{"from":[15.0,12.0,12.5],"to":[1.0,-2.0,3.1],"rotation":{"angle":45.0,"axis":"z","origin":[8.0,5.0,8.0]},"faces":{"north":{"uv":[6.0,2.25,2.5,5.75],"texture":"#4"},"east":{"uv":[6.0,11.75,8.5,8.25],"texture":"#4"},"south":{"uv":[2.5,11.75,6.0,8.25],"texture":"#4"},"west":{"uv":[0.0,11.75,2.5,8.25],"texture":"#4"},"up":{"uv":[2.5,14.25,6.0,11.75],"texture":"#4"},"down":{"uv":[2.5,8.25,6.0,5.75],"texture":"#4"}}},{"from":[-0.5,0.0,8.0],"to":[16.5,15.0,8.0],"rotation":{"angle":0.0,"axis":"y","origin":[0.5,0.0,6.0]},"faces":{"north":{"uv":[11.25,0.0,15.5,3.75],"texture":"#4"},"east":{"uv":[0.0,0.0,0.0,3.75],"texture":"#4"},"south":{"uv":[15.5,0.0,11.25,3.75],"texture":"#4"},"west":{"uv":[0.0,0.0,0.0,3.75],"texture":"#4"},"up":{"uv":[4.25,0.0,0.0,0.0],"texture":"#4"},"down":{"uv":[4.25,0.0,0.0,0.0],"texture":"#4"}}}],"display":{"thirdperson_righthand":{"translation":[0.0,1.0,1.75],"rotation":[63.0,34.0,0.0],"scale":[0.52539,0.52539,0.52539]},"thirdperson_lefthand":{"translation":[0.0,1.0,1.75],"rotation":[63.0,34.0,0.0],"scale":[0.52539,0.52539,0.52539]},"firstperson_righthand":{"translation":[3.25,1.5,-2.75],"rotation":[150.91,46.84,170.66],"scale":[0.43945,0.43945,0.43945]},"firstperson_lefthand":{"translation":[3.25,1.5,-2.75],"rotation":[150.91,46.84,170.66],"scale":[0.43945,0.43945,0.43945]},"gui":{"translation":[0.75,1.75,0.0],"rotation":[-149.61,-31.92,-180.0],"scale":[0.66015,0.66015,0.66015]},"head":{"translation":[0.0,5.75,0.0],"scale":[1.62,1.62,1.62]}},"gui_light":"front"}