{
	"credit": "Made by LiteHorizon using Blockbench",
	"texture_size": [32, 32],
	"textures": {
		"0": "block/custom/impulse_hat3",
		"particle": "block/custom/impulse_hat3"
	},
	"elements": [
		{
			"name": "Base",
			"from": [4, 0, 4],
			"to": [12, 0.6, 12],
			"rotation": {"angle": 0, "axis": "y", "origin": [8, 1.37518, 8]},
			"faces": {
				"north": {"uv": [8, 2, 12, 2.5], "texture": "#0"},
				"east": {"uv": [8, 2.5, 12, 3], "texture": "#0"},
				"south": {"uv": [8, 3, 12, 3.5], "texture": "#0"},
				"west": {"uv": [8, 3.5, 12, 4], "texture": "#0"},
				"up": {"uv": [4, 4, 0, 0], "texture": "#0"},
				"down": {"uv": [4, 4, 0, 8], "texture": "#0"}
			}
		},
		{
			"name": "Front",
			"from": [6, 0, 3],
			"to": [10, 0.6, 4],
			"rotation": {"angle": 0, "axis": "y", "origin": [8, 1.37518, 8]},
			"faces": {
				"north": {"uv": [10, 1, 12, 1.5], "texture": "#0"},
				"east": {"uv": [1, 12.5, 1.5, 13], "texture": "#0"},
				"south": {"uv": [10, 1.5, 12, 2], "texture": "#0"},
				"west": {"uv": [1.5, 12.5, 2, 13], "texture": "#0"},
				"up": {"uv": [12.5, 4.5, 10.5, 4], "texture": "#0"},
				"down": {"uv": [12.5, 4.5, 10.5, 5], "texture": "#0"}
			}
		},
		{
			"name": "Front Right Corner",
			"from": [4.5, 0, 3.5],
			"to": [5, 0.6, 4],
			"rotation": {"angle": 0, "axis": "y", "origin": [8, 1.37518, 8]},
			"faces": {
				"north": {"uv": [3, 12.5, 3.5, 13], "texture": "#0"},
				"east": {"uv": [3.5, 12.5, 4, 13], "texture": "#0"},
				"south": {"uv": [4, 12.5, 4.5, 13], "texture": "#0"},
				"west": {"uv": [12.5, 4, 13, 4.5], "texture": "#0"},
				"up": {"uv": [5, 13, 4.5, 12.5], "texture": "#0"},
				"down": {"uv": [13, 4.5, 12.5, 5], "texture": "#0"}
			}
		},
		{
			"name": "Front  Left Corner",
			"from": [11, 0, 3.5],
			"to": [11.5, 0.6, 4],
			"rotation": {"angle": 0, "axis": "y", "origin": [8, 1.37518, 8]},
			"faces": {
				"north": {"uv": [5, 12.5, 5.5, 13], "texture": "#0"},
				"east": {"uv": [12.5, 5, 13, 5.5], "texture": "#0"},
				"south": {"uv": [5.5, 12.5, 6, 13], "texture": "#0"},
				"west": {"uv": [12.5, 5.5, 13, 6], "texture": "#0"},
				"up": {"uv": [6.5, 13, 6, 12.5], "texture": "#0"},
				"down": {"uv": [13, 6, 12.5, 6.5], "texture": "#0"}
			}
		},
		{
			"name": "Front Right Side",
			"from": [5.5, 0, 3],
			"to": [6, 0.6, 4],
			"rotation": {"angle": 0, "axis": "y", "origin": [12.25, 0.37283, 11.88384]},
			"faces": {
				"north": {"uv": [6.5, 12.5, 7, 13], "texture": "#0"},
				"east": {"uv": [12.5, 6.5, 13, 7], "texture": "#0"},
				"south": {"uv": [7, 12.5, 7.5, 13], "texture": "#0"},
				"west": {"uv": [7.5, 12.5, 8, 13], "texture": "#0"},
				"up": {"uv": [11, 13, 10.5, 12.5], "texture": "#0"},
				"down": {"uv": [11.5, 12.5, 11, 13], "texture": "#0"}
			}
		},
		{
			"name": "Front Left Side",
			"from": [10, 0, 3],
			"to": [10.5, 0.6, 4],
			"rotation": {"angle": 0, "axis": "y", "origin": [12.25, 0.37283, 11.88384]},
			"faces": {
				"north": {"uv": [11.5, 12.5, 12, 13], "texture": "#0"},
				"east": {"uv": [12, 12.5, 12.5, 13], "texture": "#0"},
				"south": {"uv": [12.5, 12, 13, 12.5], "texture": "#0"},
				"west": {"uv": [12.5, 12.5, 13, 13], "texture": "#0"},
				"up": {"uv": [1.5, 13.5, 1, 13], "texture": "#0"},
				"down": {"uv": [2, 13, 1.5, 13.5], "texture": "#0"}
			}
		},
		{
			"name": "Front Right 2nd Side",
			"from": [5, 0, 3.5],
			"to": [5.5, 0.6, 4],
			"rotation": {"angle": 0, "axis": "y", "origin": [12.25, 0.37283, 11.88384]},
			"faces": {
				"north": {"uv": [2, 13, 2.5, 13.5], "texture": "#0"},
				"east": {"uv": [2.5, 13, 3, 13.5], "texture": "#0"},
				"south": {"uv": [3, 13, 3.5, 13.5], "texture": "#0"},
				"west": {"uv": [3.5, 13, 4, 13.5], "texture": "#0"},
				"up": {"uv": [4.5, 13.5, 4, 13], "texture": "#0"},
				"down": {"uv": [13.5, 4, 13, 4.5], "texture": "#0"}
			}
		},
		{
			"name": "Front Left 2nd Side",
			"from": [10.5, 0, 3.5],
			"to": [11, 0.6, 4],
			"rotation": {"angle": 0, "axis": "y", "origin": [12.25, 0.37283, 11.88384]},
			"faces": {
				"north": {"uv": [4.5, 13, 5, 13.5], "texture": "#0"},
				"east": {"uv": [13, 4.5, 13.5, 5], "texture": "#0"},
				"south": {"uv": [5, 13, 5.5, 13.5], "texture": "#0"},
				"west": {"uv": [13, 5, 13.5, 5.5], "texture": "#0"},
				"up": {"uv": [6, 13.5, 5.5, 13], "texture": "#0"},
				"down": {"uv": [13.5, 5.5, 13, 6], "texture": "#0"}
			}
		},
		{
			"name": "Right 2nd",
			"from": [3.15287, 0.16851, 6],
			"to": [4.15287, 0.76851, 10],
			"rotation": {"angle": -22.5, "axis": "z", "origin": [3.65287, 0.46851, 8]},
			"faces": {
				"north": {"uv": [6, 13, 6.5, 13.5], "texture": "#0"},
				"east": {"uv": [10.5, 5, 12.5, 5.5], "texture": "#0"},
				"south": {"uv": [13, 6, 13.5, 6.5], "texture": "#0"},
				"west": {"uv": [10.5, 5.5, 12.5, 6], "texture": "#0"},
				"up": {"uv": [3.5, 12.5, 3, 10.5], "texture": "#0"},
				"down": {"uv": [4, 10.5, 3.5, 12.5], "texture": "#0"}
			}
		},
		{
			"name": "Right",
			"from": [2.15287, 0.16851, 5.5],
			"to": [3.15287, 0.76851, 10.5],
			"rotation": {"angle": -22.5, "axis": "z", "origin": [3.65287, 0.46851, 8]},
			"faces": {
				"north": {"uv": [6.5, 13, 7, 13.5], "texture": "#0"},
				"east": {"uv": [8, 4, 10.5, 4.5], "texture": "#0"},
				"south": {"uv": [13, 6.5, 13.5, 7], "texture": "#0"},
				"west": {"uv": [8, 4.5, 10.5, 5], "texture": "#0"},
				"up": {"uv": [3.5, 10.5, 3, 8], "texture": "#0"},
				"down": {"uv": [4, 8, 3.5, 10.5], "texture": "#0"}
			}
		},
		{
			"name": "Right 2nd Right Side",
			"from": [3.15287, 0.16851, 10],
			"to": [4.15287, 0.76851, 11],
			"rotation": {"angle": -22.5, "axis": "z", "origin": [3.65287, 0.46851, 8]},
			"faces": {
				"north": {"uv": [7, 13, 7.5, 13.5], "texture": "#0"},
				"east": {"uv": [13, 7, 13.5, 7.5], "texture": "#0"},
				"south": {"uv": [7.5, 13, 8, 13.5], "texture": "#0"},
				"west": {"uv": [13, 7.5, 13.5, 8], "texture": "#0"},
				"up": {"uv": [13.5, 8.5, 13, 8], "texture": "#0"},
				"down": {"uv": [13.5, 8.5, 13, 9], "texture": "#0"}
			}
		},
		{
			"name": "Right 2nd Right 2nd Side",
			"from": [3.15287, 0.16851, 11],
			"to": [4.15287, 0.76851, 11.5],
			"rotation": {"angle": -22.5, "axis": "z", "origin": [3.65287, 0.46851, 8]},
			"faces": {
				"north": {"uv": [13, 9, 13.5, 9.5], "texture": "#0"},
				"east": {"uv": [13, 9.5, 13.5, 10], "texture": "#0"},
				"south": {"uv": [13, 10, 13.5, 10.5], "texture": "#0"},
				"west": {"uv": [10.5, 13, 11, 13.5], "texture": "#0"},
				"up": {"uv": [13.5, 11, 13, 10.5], "texture": "#0"},
				"down": {"uv": [11.5, 13, 11, 13.5], "texture": "#0"}
			}
		},
		{
			"name": "Right 2nd Left Side",
			"from": [3.15287, 0.16851, 5],
			"to": [4.15287, 0.76851, 6],
			"rotation": {"angle": -22.5, "axis": "z", "origin": [3.65287, 0.46851, 8]},
			"faces": {
				"north": {"uv": [11.5, 13, 12, 13.5], "texture": "#0"},
				"east": {"uv": [12, 13, 12.5, 13.5], "texture": "#0"},
				"south": {"uv": [13, 12, 13.5, 12.5], "texture": "#0"},
				"west": {"uv": [12.5, 13, 13, 13.5], "texture": "#0"},
				"up": {"uv": [13.5, 13, 13, 12.5], "texture": "#0"},
				"down": {"uv": [13.5, 13, 13, 13.5], "texture": "#0"}
			}
		},
		{
			"name": "Right 2nd Left 2nd Side",
			"from": [3.15287, 0.16851, 4.5],
			"to": [4.15287, 0.76851, 5],
			"rotation": {"angle": -22.5, "axis": "z", "origin": [3.65287, 0.46851, 8]},
			"faces": {
				"north": {"uv": [1, 13.5, 1.5, 14], "texture": "#0"},
				"east": {"uv": [1.5, 13.5, 2, 14], "texture": "#0"},
				"south": {"uv": [2, 13.5, 2.5, 14], "texture": "#0"},
				"west": {"uv": [2.5, 13.5, 3, 14], "texture": "#0"},
				"up": {"uv": [3.5, 14, 3, 13.5], "texture": "#0"},
				"down": {"uv": [4, 13.5, 3.5, 14], "texture": "#0"}
			}
		},
		{
			"name": "Left 2nd",
			"from": [11.84713, 0.16851, 6],
			"to": [12.84713, 0.76851, 10],
			"rotation": {"angle": 22.5, "axis": "z", "origin": [12.34713, 0.46851, 8]},
			"faces": {
				"north": {"uv": [4, 13.5, 4.5, 14], "texture": "#0"},
				"east": {"uv": [10.5, 6, 12.5, 6.5], "texture": "#0"},
				"south": {"uv": [13.5, 4, 14, 4.5], "texture": "#0"},
				"west": {"uv": [10.5, 6.5, 12.5, 7], "texture": "#0"},
				"up": {"uv": [11, 9, 10.5, 7], "texture": "#0"},
				"down": {"uv": [11, 9, 10.5, 11], "texture": "#0"}
			}
		},
		{
			"name": "Left",
			"from": [12.84713, 0.16851, 5.5],
			"to": [13.84713, 0.76851, 10.5],
			"rotation": {"angle": 22.5, "axis": "z", "origin": [12.34713, 0.46851, 8]},
			"faces": {
				"north": {"uv": [4.5, 13.5, 5, 14], "texture": "#0"},
				"east": {"uv": [8, 5, 10.5, 5.5], "texture": "#0"},
				"south": {"uv": [13.5, 4.5, 14, 5], "texture": "#0"},
				"west": {"uv": [8, 5.5, 10.5, 6], "texture": "#0"},
				"up": {"uv": [8.5, 8.5, 8, 6], "texture": "#0"},
				"down": {"uv": [9, 6, 8.5, 8.5], "texture": "#0"}
			}
		},
		{
			"name": "Left 2nd Right Side",
			"from": [11.84713, 0.16851, 5],
			"to": [12.84713, 0.76851, 6],
			"rotation": {"angle": 22.5, "axis": "z", "origin": [12.34713, 0.46851, 8]},
			"faces": {
				"north": {"uv": [5, 13.5, 5.5, 14], "texture": "#0"},
				"east": {"uv": [13.5, 5, 14, 5.5], "texture": "#0"},
				"south": {"uv": [5.5, 13.5, 6, 14], "texture": "#0"},
				"west": {"uv": [13.5, 5.5, 14, 6], "texture": "#0"},
				"up": {"uv": [6.5, 14, 6, 13.5], "texture": "#0"},
				"down": {"uv": [14, 6, 13.5, 6.5], "texture": "#0"}
			}
		},
		{
			"name": "Left 2nd Right 2nd Side",
			"from": [11.84713, 0.16851, 4.5],
			"to": [12.84713, 0.76851, 5],
			"rotation": {"angle": 22.5, "axis": "z", "origin": [12.34713, 0.46851, 8]},
			"faces": {
				"north": {"uv": [6.5, 13.5, 7, 14], "texture": "#0"},
				"east": {"uv": [13.5, 6.5, 14, 7], "texture": "#0"},
				"south": {"uv": [7, 13.5, 7.5, 14], "texture": "#0"},
				"west": {"uv": [13.5, 7, 14, 7.5], "texture": "#0"},
				"up": {"uv": [8, 14, 7.5, 13.5], "texture": "#0"},
				"down": {"uv": [14, 7.5, 13.5, 8], "texture": "#0"}
			}
		},
		{
			"name": "Left 2nd Left Side",
			"from": [11.84713, 0.16851, 10],
			"to": [12.84713, 0.76851, 11],
			"rotation": {"angle": 22.5, "axis": "z", "origin": [12.34713, 0.46851, 8]},
			"faces": {
				"north": {"uv": [8, 13.5, 8.5, 14], "texture": "#0"},
				"east": {"uv": [13.5, 8, 14, 8.5], "texture": "#0"},
				"south": {"uv": [8.5, 13.5, 9, 14], "texture": "#0"},
				"west": {"uv": [13.5, 8.5, 14, 9], "texture": "#0"},
				"up": {"uv": [9.5, 14, 9, 13.5], "texture": "#0"},
				"down": {"uv": [14, 9, 13.5, 9.5], "texture": "#0"}
			}
		},
		{
			"name": "Left 2nd Left 2nd Side",
			"from": [11.84713, 0.16851, 11],
			"to": [12.84713, 0.76851, 11.5],
			"rotation": {"angle": 22.5, "axis": "z", "origin": [12.34713, 0.46851, 8]},
			"faces": {
				"north": {"uv": [9.5, 13.5, 10, 14], "texture": "#0"},
				"east": {"uv": [13.5, 9.5, 14, 10], "texture": "#0"},
				"south": {"uv": [13.5, 10, 14, 10.5], "texture": "#0"},
				"west": {"uv": [10.5, 13.5, 11, 14], "texture": "#0"},
				"up": {"uv": [14, 11, 13.5, 10.5], "texture": "#0"},
				"down": {"uv": [11.5, 13.5, 11, 14], "texture": "#0"}
			}
		},
		{
			"name": "Back",
			"from": [6, 0, 12],
			"to": [10, 0.6, 13],
			"rotation": {"angle": 0, "axis": "y", "origin": [8, 1.37518, 8]},
			"faces": {
				"north": {"uv": [11, 7, 13, 7.5], "texture": "#0"},
				"east": {"uv": [11.5, 13.5, 12, 14], "texture": "#0"},
				"south": {"uv": [11, 7.5, 13, 8], "texture": "#0"},
				"west": {"uv": [12, 13.5, 12.5, 14], "texture": "#0"},
				"up": {"uv": [10, 11.5, 8, 11], "texture": "#0"},
				"down": {"uv": [13, 8, 11, 8.5], "texture": "#0"}
			}
		},
		{
			"name": "Back Right Corner",
			"from": [4.5, 0, 12],
			"to": [5, 0.6, 12.5],
			"rotation": {"angle": 0, "axis": "y", "origin": [8, 1.37518, 8]},
			"faces": {
				"north": {"uv": [13.5, 12, 14, 12.5], "texture": "#0"},
				"east": {"uv": [12.5, 13.5, 13, 14], "texture": "#0"},
				"south": {"uv": [13.5, 12.5, 14, 13], "texture": "#0"},
				"west": {"uv": [13, 13.5, 13.5, 14], "texture": "#0"},
				"up": {"uv": [14, 13.5, 13.5, 13], "texture": "#0"},
				"down": {"uv": [14, 13.5, 13.5, 14], "texture": "#0"}
			}
		},
		{
			"name": "Back Left Corner",
			"from": [11, 0, 12],
			"to": [11.5, 0.6, 12.5],
			"rotation": {"angle": 0, "axis": "y", "origin": [8, 1.37518, 8]},
			"faces": {
				"north": {"uv": [14, 0, 14.5, 0.5], "texture": "#0"},
				"east": {"uv": [1, 14, 1.5, 14.5], "texture": "#0"},
				"south": {"uv": [1.5, 14, 2, 14.5], "texture": "#0"},
				"west": {"uv": [2, 14, 2.5, 14.5], "texture": "#0"},
				"up": {"uv": [3, 14.5, 2.5, 14], "texture": "#0"},
				"down": {"uv": [14.5, 2.5, 14, 3], "texture": "#0"}
			}
		},
		{
			"name": "Back Right Side",
			"from": [10, 0, 12],
			"to": [10.5, 0.6, 13],
			"rotation": {"angle": 0, "axis": "y", "origin": [12.25, 0.37283, 11.88384]},
			"faces": {
				"north": {"uv": [3, 14, 3.5, 14.5], "texture": "#0"},
				"east": {"uv": [14, 3, 14.5, 3.5], "texture": "#0"},
				"south": {"uv": [3.5, 14, 4, 14.5], "texture": "#0"},
				"west": {"uv": [14, 3.5, 14.5, 4], "texture": "#0"},
				"up": {"uv": [4.5, 14.5, 4, 14], "texture": "#0"},
				"down": {"uv": [14.5, 4, 14, 4.5], "texture": "#0"}
			}
		},
		{
			"name": "Back Left Side",
			"from": [5.5, 0, 12],
			"to": [6, 0.6, 13],
			"rotation": {"angle": 0, "axis": "y", "origin": [12.25, 0.37283, 11.88384]},
			"faces": {
				"north": {"uv": [4.5, 14, 5, 14.5], "texture": "#0"},
				"east": {"uv": [14, 4.5, 14.5, 5], "texture": "#0"},
				"south": {"uv": [5, 14, 5.5, 14.5], "texture": "#0"},
				"west": {"uv": [14, 5, 14.5, 5.5], "texture": "#0"},
				"up": {"uv": [6, 14.5, 5.5, 14], "texture": "#0"},
				"down": {"uv": [14.5, 5.5, 14, 6], "texture": "#0"}
			}
		},
		{
			"name": "Back Right 2nd Side",
			"from": [10.5, 0, 12],
			"to": [11, 0.6, 12.5],
			"rotation": {"angle": 0, "axis": "y", "origin": [12.25, 0.37283, 11.88384]},
			"faces": {
				"north": {"uv": [6, 14, 6.5, 14.5], "texture": "#0"},
				"east": {"uv": [14, 6, 14.5, 6.5], "texture": "#0"},
				"south": {"uv": [6.5, 14, 7, 14.5], "texture": "#0"},
				"west": {"uv": [14, 6.5, 14.5, 7], "texture": "#0"},
				"up": {"uv": [7.5, 14.5, 7, 14], "texture": "#0"},
				"down": {"uv": [14.5, 7, 14, 7.5], "texture": "#0"}
			}
		},
		{
			"name": "Back Left 2nd Side",
			"from": [5, 0, 12],
			"to": [5.5, 0.6, 12.5],
			"rotation": {"angle": 0, "axis": "y", "origin": [12.25, 0.37283, 11.88384]},
			"faces": {
				"north": {"uv": [7.5, 14, 8, 14.5], "texture": "#0"},
				"east": {"uv": [14, 7.5, 14.5, 8], "texture": "#0"},
				"south": {"uv": [8, 14, 8.5, 14.5], "texture": "#0"},
				"west": {"uv": [14, 8, 14.5, 8.5], "texture": "#0"},
				"up": {"uv": [9, 14.5, 8.5, 14], "texture": "#0"},
				"down": {"uv": [14.5, 8.5, 14, 9], "texture": "#0"}
			}
		},
		{
			"name": "Top",
			"from": [6, 4.7, 6],
			"to": [10, 5.7, 10],
			"rotation": {"angle": 0, "axis": "y", "origin": [8, -2, 8]},
			"faces": {
				"north": {"uv": [11, 8.5, 13, 9], "texture": "#0"},
				"east": {"uv": [11, 9, 13, 9.5], "texture": "#0"},
				"south": {"uv": [11, 9.5, 13, 10], "texture": "#0"},
				"west": {"uv": [10, 11, 12, 11.5], "texture": "#0"},
				"up": {"uv": [2, 10, 0, 8], "texture": "#0"},
				"down": {"uv": [10, 0, 8, 2], "texture": "#0"}
			}
		},
		{
			"name": "Front",
			"from": [6, 0.6, 5],
			"to": [10, 5.6, 6],
			"rotation": {"angle": 0, "axis": "y", "origin": [8, 1.37518, 8]},
			"faces": {
				"north": {"uv": [4, 5, 6, 7.5], "texture": "#0"},
				"east": {"uv": [8, 8.5, 8.5, 11], "texture": "#0"},
				"south": {"uv": [6, 0, 8, 2.5], "texture": "#0"},
				"west": {"uv": [8.5, 8.5, 9, 11], "texture": "#0"},
				"up": {"uv": [13, 10.5, 11, 10], "texture": "#0"},
				"down": {"uv": [13, 10.5, 11, 11], "texture": "#0"}
			}
		},
		{
			"name": "Front Right Corner",
			"from": [10, 0.6, 5.5],
			"to": [10.5, 5.6, 6],
			"rotation": {"angle": 0, "axis": "y", "origin": [8, 1.37518, 8]},
			"faces": {
				"north": {"uv": [9, 6, 9.5, 8.5], "texture": "#0"},
				"east": {"uv": [9, 8.5, 9.5, 11], "texture": "#0"},
				"south": {"uv": [9.5, 6, 10, 8.5], "texture": "#0"},
				"west": {"uv": [9.5, 8.5, 10, 11], "texture": "#0"},
				"up": {"uv": [9.5, 14.5, 9, 14], "texture": "#0"},
				"down": {"uv": [14.5, 9, 14, 9.5], "texture": "#0"}
			}
		},
		{
			"name": "Front Left Corner",
			"from": [5.5, 0.6, 5.5],
			"to": [6, 5.6, 6],
			"rotation": {"angle": 0, "axis": "y", "origin": [8, 1.37518, 8]},
			"faces": {
				"north": {"uv": [0, 10, 0.5, 12.5], "texture": "#0"},
				"east": {"uv": [0.5, 10, 1, 12.5], "texture": "#0"},
				"south": {"uv": [1, 10, 1.5, 12.5], "texture": "#0"},
				"west": {"uv": [1.5, 10, 2, 12.5], "texture": "#0"},
				"up": {"uv": [10, 14.5, 9.5, 14], "texture": "#0"},
				"down": {"uv": [14.5, 9.5, 14, 10], "texture": "#0"}
			}
		},
		{
			"name": "Right",
			"from": [5, 0.6, 6],
			"to": [6, 5.6, 10],
			"rotation": {"angle": 0, "axis": "y", "origin": [8, 1.37518, 8]},
			"faces": {
				"north": {"uv": [4, 10, 4.5, 12.5], "texture": "#0"},
				"east": {"uv": [6, 2.5, 8, 5], "texture": "#0"},
				"south": {"uv": [4.5, 10, 5, 12.5], "texture": "#0"},
				"west": {"uv": [6, 5, 8, 7.5], "texture": "#0"},
				"up": {"uv": [8.5, 13.5, 8, 11.5], "texture": "#0"},
				"down": {"uv": [9, 11.5, 8.5, 13.5], "texture": "#0"}
			}
		},
		{
			"name": "Left",
			"from": [10, 0.6, 6],
			"to": [11, 5.6, 10],
			"rotation": {"angle": 0, "axis": "y", "origin": [8, 1.37518, 8]},
			"faces": {
				"north": {"uv": [5, 10, 5.5, 12.5], "texture": "#0"},
				"east": {"uv": [4, 7.5, 6, 10], "texture": "#0"},
				"south": {"uv": [5.5, 10, 6, 12.5], "texture": "#0"},
				"west": {"uv": [6, 7.5, 8, 10], "texture": "#0"},
				"up": {"uv": [9.5, 13.5, 9, 11.5], "texture": "#0"},
				"down": {"uv": [10, 11.5, 9.5, 13.5], "texture": "#0"}
			}
		},
		{
			"name": "Back",
			"from": [6, 0.6, 10],
			"to": [10, 5.6, 11],
			"rotation": {"angle": 0, "axis": "y", "origin": [8, 1.37518, 8]},
			"faces": {
				"north": {"uv": [4, 0, 6, 2.5], "texture": "#0"},
				"east": {"uv": [2, 8, 2.5, 10.5], "texture": "#0"},
				"south": {"uv": [4, 2.5, 6, 5], "texture": "#0"},
				"west": {"uv": [2.5, 8, 3, 10.5], "texture": "#0"},
				"up": {"uv": [12, 0.5, 10, 0], "texture": "#0"},
				"down": {"uv": [12, 0.5, 10, 1], "texture": "#0"}
			}
		},
		{
			"name": "Top Back",
			"from": [5.22401, 4.45099, 6],
			"to": [6.22401, 4.95099, 10],
			"rotation": {"angle": -22.5, "axis": "z", "origin": [8, 5.6, 8]},
			"faces": {
				"north": {"uv": [10, 14, 10.5, 14.5], "texture": "#0"},
				"east": {"uv": [10, 11.5, 12, 12], "texture": "#0"},
				"south": {"uv": [14, 10, 14.5, 10.5], "texture": "#0"},
				"west": {"uv": [12, 0, 14, 0.5], "texture": "#0"},
				"up": {"uv": [12.5, 2.5, 12, 0.5], "texture": "#0"},
				"down": {"uv": [10.5, 12, 10, 14], "texture": "#0"}
			}
		},
		{
			"name": "Top Back",
			"from": [6, 4.45099, 5.22401],
			"to": [10, 4.95099, 6.22401],
			"rotation": {"angle": 22.5, "axis": "x", "origin": [8, 5.6, 8]},
			"faces": {
				"north": {"uv": [12, 2.5, 14, 3], "texture": "#0"},
				"east": {"uv": [10.5, 14, 11, 14.5], "texture": "#0"},
				"south": {"uv": [12, 3, 14, 3.5], "texture": "#0"},
				"west": {"uv": [14, 10.5, 14.5, 11], "texture": "#0"},
				"up": {"uv": [14, 4, 12, 3.5], "texture": "#0"},
				"down": {"uv": [12.5, 12, 10.5, 12.5], "texture": "#0"}
			}
		},
		{
			"name": "Top Back",
			"from": [9.77599, 4.45099, 6],
			"to": [10.77599, 4.95099, 10],
			"rotation": {"angle": 22.5, "axis": "z", "origin": [8, 5.6, 8]},
			"faces": {
				"north": {"uv": [11, 14, 11.5, 14.5], "texture": "#0"},
				"east": {"uv": [12, 11, 14, 11.5], "texture": "#0"},
				"south": {"uv": [14, 11, 14.5, 11.5], "texture": "#0"},
				"west": {"uv": [12, 11.5, 14, 12], "texture": "#0"},
				"up": {"uv": [0.5, 14.5, 0, 12.5], "texture": "#0"},
				"down": {"uv": [1, 12.5, 0.5, 14.5], "texture": "#0"}
			}
		},
		{
			"name": "Top Back",
			"from": [6, 4.45099, 9.77599],
			"to": [10, 4.95099, 10.77599],
			"rotation": {"angle": -22.5, "axis": "x", "origin": [8, 5.6, 8]},
			"faces": {
				"north": {"uv": [12.5, 0.5, 14.5, 1], "texture": "#0"},
				"east": {"uv": [11.5, 14, 12, 14.5], "texture": "#0"},
				"south": {"uv": [12.5, 1, 14.5, 1.5], "texture": "#0"},
				"west": {"uv": [14, 11.5, 14.5, 12], "texture": "#0"},
				"up": {"uv": [14.5, 2, 12.5, 1.5], "texture": "#0"},
				"down": {"uv": [14.5, 2, 12.5, 2.5], "texture": "#0"}
			}
		},
		{
			"name": "Back Right Corner",
			"from": [5.5, 0.6, 10],
			"to": [6, 5.6, 10.5],
			"rotation": {"angle": 0, "axis": "y", "origin": [8, 1.37518, 8]},
			"faces": {
				"north": {"uv": [6, 10, 6.5, 12.5], "texture": "#0"},
				"east": {"uv": [10, 6, 10.5, 8.5], "texture": "#0"},
				"south": {"uv": [6.5, 10, 7, 12.5], "texture": "#0"},
				"west": {"uv": [7, 10, 7.5, 12.5], "texture": "#0"},
				"up": {"uv": [12.5, 14.5, 12, 14], "texture": "#0"},
				"down": {"uv": [14.5, 12, 14, 12.5], "texture": "#0"}
			}
		},
		{
			"name": "Back Left Corner",
			"from": [10, 0.6, 10],
			"to": [10.5, 5.6, 10.5],
			"rotation": {"angle": 0, "axis": "y", "origin": [8, 1.37518, 8]},
			"faces": {
				"north": {"uv": [7.5, 10, 8, 12.5], "texture": "#0"},
				"east": {"uv": [10, 8.5, 10.5, 11], "texture": "#0"},
				"south": {"uv": [2, 10.5, 2.5, 13], "texture": "#0"},
				"west": {"uv": [2.5, 10.5, 3, 13], "texture": "#0"},
				"up": {"uv": [13, 14.5, 12.5, 14], "texture": "#0"},
				"down": {"uv": [14.5, 12.5, 14, 13], "texture": "#0"}
			}
		}
	],
	"display": {
		"thirdperson_righthand": {
			"translation": [0, 7.75, 1.25]
		},
		"thirdperson_lefthand": {
			"translation": [0, 7.75, 1.25]
		},
		"firstperson_righthand": {
			"translation": [0, 8, 0]
		},
		"firstperson_lefthand": {
			"translation": [0, 8, 0]
		},
		"ground": {
			"rotation": [6, 0, 34],
			"translation": [-2.25, 5.75, 0]
		},
		"gui": {
			"rotation": [-17, 30, 0],
			"translation": [0.25, 5.25, 0],
			"scale": [1.2, 1.2, 1.2]
		},
		"head": {
			"rotation": [0, 0, -5],
			"translation": [1.25, 22, 0],
			"scale": [2, 2, 2]
		},
		"fixed": {
			"translation": [0, 9, 0],
			"scale": [2, 2, 2]
		}
	},
	"groups": [
		{
			"name": "hat",
			"origin": [8, 8, 8],
			"color": 0,
			"children": [
				{
					"name": "Bottom",
					"origin": [4.25, 0.37283, 3.88384],
					"color": 0,
					"children": [0, 1, 2, 3, 4, 5, 6, 7, 8, 9, 10, 11, 12, 13, 14, 15, 16, 17, 18, 19, 20, 21, 22, 23, 24, 25, 26]
				},
				{
					"name": "Top",
					"origin": [0, 1.37518, 0],
					"color": 0,
					"children": [27, 28, 29, 30, 31, 32, 33, 34, 35, 36, 37, 38, 39]
				}
			]
		}
	]
}