{"textures":{"0":"mcc:island_cosmetics/general/hat/parkour_cowl/frog","1":"mcc:island_cosmetics/general/hat/parkour_cowl/bandana","particle":"mcc:island_cosmetics/general/hat/parkour_cowl/frog"},"elements":[{"from":[3.5,0.0,3.5],"to":[12.5,9.0,12.5],"rotation":{"angle":0.0,"axis":"y","origin":[3.0,3.5,3.0]},"faces":{"north":{"uv":[0.0,0.0,4.5,4.5],"texture":"#0"},"east":{"uv":[4.5,0.0,9.0,4.5],"texture":"#0"},"south":{"uv":[0.0,6.0,4.5,10.5],"texture":"#0"},"west":{"uv":[9.0,0.0,4.5,4.5],"texture":"#0"},"up":{"uv":[9.0,0.0,13.5,4.5],"texture":"#0"},"down":{"uv":[5.0,4.5,9.5,9.0],"texture":"#0"}}},{"from":[10.5,1.0,2.5],"to":[13.5,5.0,6.5],"rotation":{"angle":0.0,"axis":"y","origin":[3.0,3.5,3.0]},"faces":{"north":{"uv":[0.0,11.0,1.5,13.0],"texture":"#0"},"east":{"uv":[2.0,11.0,0.0,13.0],"texture":"#0"},"south":{"uv":[2.0,13.0,2.5,11.0],"texture":"#0"},"west":{"uv":[1.5,11.0,2.0,13.0],"texture":"#0"},"up":{"uv":[3.5,10.5,2.0,12.5],"texture":"#0"},"down":{"uv":[5.0,10.5,3.5,12.5],"texture":"#0"}}},{"from":[2.5,1.0,2.5],"to":[5.5,5.0,6.5],"rotation":{"angle":0.0,"axis":"y","origin":[13.0,3.5,3.0]},"faces":{"north":{"uv":[1.5,11.0,0.0,13.0],"texture":"#0"},"east":{"uv":[1.5,11.0,2.0,13.0],"texture":"#0"},"south":{"uv":[2.0,13.0,2.5,11.0],"texture":"#0"},"west":{"uv":[0.0,11.0,2.0,13.0],"texture":"#0"},"up":{"uv":[2.0,10.5,3.5,12.5],"texture":"#0"},"down":{"uv":[3.5,10.5,5.0,12.5],"texture":"#0"}}},{"from":[3.3,4.8,3.3],"to":[12.7,8.2,12.7],"rotation":{"angle":0.0,"axis":"y","origin":[8.0,6.5,8.0]},"faces":{"north":{"uv":[0.0,4.5,4.5,6.0],"texture":"#0","tintindex":0},"east":{"uv":[0.0,4.5,4.5,6.0],"texture":"#0","tintindex":0},"south":{"uv":[0.0,4.5,4.5,6.0],"texture":"#0","tintindex":0},"west":{"uv":[0.0,4.5,4.5,6.0],"texture":"#0","tintindex":0}}},{"from":[4.5,4.5,2.5],"to":[11.5,9.5,2.5],"rotation":{"angle":-22.5,"axis":"x","origin":[8.0,6.5,3.25]},"faces":{"north":{"uv":[10.0,4.5,13.5,7.0],"texture":"#0"},"east":{"uv":[0.0,4.5,4.5,6.0],"texture":"#0","tintindex":0},"south":{"uv":[10.0,4.5,13.5,7.0],"texture":"#0"},"west":{"uv":[0.0,4.5,4.5,6.0],"texture":"#0","tintindex":0}}},{"from":[1.5,1.0,13.0],"to":[7.5,9.0,13.0],"rotation":{"angle":-22.5,"axis":"x","origin":[8.0,6.5,21.5]},"faces":{"north":{"uv":[7.0,4.0,1.0,12.0],"texture":"#1","tintindex":0},"east":{"uv":[0.0,4.5,4.5,6.0],"texture":"#0","tintindex":0},"south":{"uv":[1.0,4.0,7.0,12.0],"texture":"#1","tintindex":0},"west":{"uv":[0.0,4.5,4.5,6.0],"texture":"#0","tintindex":0}}},{"from":[8.5,1.0,13.0],"to":[14.5,9.0,13.0],"rotation":{"angle":-22.5,"axis":"x","origin":[8.0,6.5,21.5]},"faces":{"north":{"uv":[1.0,4.0,7.0,12.0],"texture":"#1","tintindex":0},"east":{"uv":[4.5,4.5,0.0,6.0],"texture":"#0","tintindex":0},"south":{"uv":[7.0,4.0,1.0,12.0],"texture":"#1","tintindex":0},"west":{"uv":[4.5,4.5,0.0,6.0],"texture":"#0","tintindex":0}}},{"from":[12.5,9.0,12.5],"to":[3.5,0.0,3.5],"rotation":{"angle":0.0,"axis":"y","origin":[3.0,3.5,3.0]},"faces":{"north":{"uv":[0.0,10.5,4.5,6.0],"texture":"#0"},"east":{"uv":[9.0,4.5,4.5,0.0],"texture":"#0"},"south":{"uv":[0.0,4.5,4.5,0.0],"texture":"#0"},"west":{"uv":[4.5,4.5,9.0,0.0],"texture":"#0"},"up":{"uv":[9.5,4.5,5.0,9.0],"texture":"#0"},"down":{"uv":[13.5,0.0,9.0,4.5],"texture":"#0"}}},{"from":[3.0,-1.75,2.25],"to":[13.0,2.25,8.25],"rotation":{"angle":-22.5,"axis":"x","origin":[8.0,0.0,5.0]},"faces":{"north":{"uv":[5.0,9.5,10.0,11.5],"texture":"#0"},"east":{"uv":[5.0,11.5,8.0,13.5],"texture":"#0"},"south":{"uv":[5.0,11.5,5.5,13.5],"texture":"#0"},"west":{"uv":[8.0,11.5,5.0,13.5],"texture":"#0"},"up":{"uv":[8.0,11.5,13.0,14.5],"texture":"#0"},"down":{"uv":[11.0,8.5,16.0,11.5],"texture":"#0"}}}],"display":{"thirdperson_righthand":{"translation":[0.0,1.0,-1.0],"rotation":[63.0,34.0,0.0],"scale":[0.37891,0.37891,0.37891]},"thirdperson_lefthand":{"translation":[0.0,1.0,-1.0],"rotation":[63.0,34.0,0.0],"scale":[0.37891,0.37891,0.37891]},"firstperson_righthand":{"translation":[9.5,0.0,-5.75],"rotation":[3.0,112.0,-13.0],"scale":[0.35547,0.35547,0.35547]},"firstperson_lefthand":{"translation":[9.5,0.0,-5.75],"rotation":[3.0,112.0,-13.0],"scale":[0.35547,0.35547,0.35547]},"ground":{"translation":[0.0,4.25,0.0],"scale":[0.28906,0.28906,0.28906]},"gui":{"translation":[0.5,4.0,0.0],"rotation":[-149.61,-31.92,-180.0],"scale":[0.92383,0.92383,0.92383]},"head":{"translation":[0.0,6.0,-0.25],"scale":[1.69375,1.69375,1.69375]},"fixed":{"translation":[0.0,-3.25,-7.5]}},"credit":"Made with Blockbench","gui_light":"front"}