{"textures":{"1":"mcc:island_cosmetics/general/hat/clown_mask/clown_mask","3":"mcc:island_cosmetics/general/hat/clown_mask/twisted","4":"mcc:island_cosmetics/general/hat/clown_mask/twisted_anim"},"display":{"thirdperson_righthand":{"translation":[0.0,1.0,-1.0],"rotation":[63.0,34.0,0.0],"scale":[0.52539,0.52539,0.52539]},"thirdperson_lefthand":{"translation":[0.0,1.0,-1.0],"rotation":[63.0,34.0,0.0],"scale":[0.52539,0.52539,0.52539]},"firstperson_righthand":{"translation":[9.5,0.0,-5.75],"rotation":[3.0,112.0,-13.0],"scale":[0.41992,0.41992,0.41992]},"firstperson_lefthand":{"translation":[9.5,0.0,-5.75],"rotation":[3.0,112.0,-13.0],"scale":[0.41992,0.41992,0.41992]},"ground":{"translation":[0.0,4.25,0.0],"scale":[0.28906,0.28906,0.28906]},"gui":{"translation":[0.25,-2.0,0.0],"rotation":[-149.61,-31.92,-180.0],"scale":[0.67969,0.67969,0.67969]},"head":{"translation":[0.0,-5.75,0.0],"scale":[1.62148,1.62148,1.62148]},"fixed":{"translation":[0.0,-3.25,-7.5]}},"credit":"Made with Blockbench","texture_size":[48.0,48.0],"elements":[{"from":[3.0,7.0,3.5],"to":[13.0,18.0,12.5],"rotation":{"angle":0.0,"axis":"y","origin":[1.0,-1.0,-1.5]},"faces":{"north":{"uv":[5.0,0.0,9.99999,5.50001],"texture":"#3"},"east":{"uv":[6.33333,0.0,9.33333,3.66667],"texture":"#1"},"south":{"uv":[12.66667,0.0,16.0,3.66667],"texture":"#1"},"west":{"uv":[9.33333,0.0,6.33333,3.66667],"texture":"#1"},"up":{"uv":[9.33333,0.33333,12.66667,3.33333],"texture":"#1"},"down":{"uv":[0.0,5.5,5.0,10.0],"texture":"#3"}}},{"from":[6.0,16.5,5.5],"to":[10.0,19.5,13.5],"rotation":{"angle":22.5,"axis":"x","origin":[8.0,18.5,8.5]},"faces":{"north":{"uv":[2.33333,7.33333,3.66667,8.33333],"texture":"#1","tintindex":0.0},"east":{"uv":[3.66667,7.33333,6.33333,8.33333],"texture":"#1","tintindex":0.0},"south":{"uv":[8.33333,5.33333,8.66667,5.66667],"texture":"#1","tintindex":0.0},"west":{"uv":[6.33333,7.33333,3.66667,8.33333],"texture":"#1","tintindex":0.0},"up":{"uv":[2.33333,8.33333,3.66667,11.0],"texture":"#1","tintindex":0.0},"down":{"uv":[8.33333,5.33333,8.66667,5.66667],"texture":"#1","tintindex":0.0}}},{"from":[5.5,16.0,5.0],"to":[10.5,20.0,14.0],"rotation":{"angle":22.5,"axis":"x","origin":[8.0,18.5,8.5]},"faces":{"north":{"uv":[3.66667,8.33333,5.0,9.33333],"texture":"#1","tintindex":0.0},"east":{"uv":[3.66667,10.0,6.33333,11.0],"texture":"#1","tintindex":0.0},"south":{"uv":[8.33333,5.33333,8.66667,5.66667],"texture":"#1","tintindex":0.0},"west":{"uv":[6.33333,10.0,3.66667,11.0],"texture":"#1","tintindex":0.0},"up":{"uv":[11.0,10.33333,12.33333,13.0],"texture":"#1","tintindex":0.0},"down":{"uv":[8.33333,5.33333,8.66667,5.66667],"texture":"#1","tintindex":0.0}}},{"from":[3.0,8.0,3.5],"to":[13.0,18.0,12.5],"rotation":{"angle":0.0,"axis":"y","origin":[1.0,-1.0,-1.5]},"faces":{"up":{"uv":[10.0,7.33333,13.33333,10.33333],"texture":"#1","tintindex":0.0}}},{"from":[2.0,12.0,9.5],"to":[14.0,18.0,13.5],"rotation":{"angle":0.0,"axis":"y","origin":[1.0,-1.0,-1.5]},"faces":{"north":{"uv":[12.0,14.0,16.0,16.0],"texture":"#1","tintindex":0.0},"east":{"uv":[14.33333,3.66667,13.0,5.66667],"texture":"#1","tintindex":0.0},"south":{"uv":[9.0,3.66667,13.0,5.66667],"texture":"#1","tintindex":0.0},"west":{"uv":[13.0,3.66667,14.33333,5.66667],"texture":"#1","tintindex":0.0},"up":{"uv":[12.0,5.66667,16.0,7.0],"texture":"#1","tintindex":0.0},"down":{"uv":[8.0,5.66667,12.0,7.0],"texture":"#1","tintindex":0.0}}},{"from":[11.0,10.25,5.0],"to":[17.0,17.25,12.0],"rotation":{"angle":22.5,"axis":"z","origin":[14.5,13.75,8.5]},"faces":{"north":{"uv":[0.0,5.0,2.0,7.33333],"texture":"#1","tintindex":0.0},"east":{"uv":[0.0,7.33333,2.33333,9.66667],"texture":"#1","tintindex":0.0},"south":{"uv":[2.0,5.0,0.0,7.33333],"texture":"#1","tintindex":0.0},"up":{"uv":[2.0,5.0,4.0,7.33333],"texture":"#1","tintindex":0.0},"down":{"uv":[4.0,5.0,6.0,7.33333],"texture":"#1","tintindex":0.0}}},{"from":[-1.0,10.25,5.0],"to":[5.0,17.25,12.0],"rotation":{"angle":-22.5,"axis":"z","origin":[1.5,13.75,8.5]},"faces":{"north":{"uv":[2.0,5.0,0.0,7.33333],"texture":"#1","tintindex":0.0},"south":{"uv":[0.0,5.0,2.0,7.33333],"texture":"#1","tintindex":0.0},"west":{"uv":[2.33333,7.33333,0.0,9.66667],"texture":"#1","tintindex":0.0},"up":{"uv":[4.0,5.0,2.0,7.33333],"texture":"#1","tintindex":0.0},"down":{"uv":[6.0,5.0,4.0,7.33333],"texture":"#1","tintindex":0.0}}},{"from":[10.49,9.74,4.49],"to":[17.51,17.76,12.51],"rotation":{"angle":22.5,"axis":"z","origin":[14.5,13.75,8.5]},"faces":{"north":{"uv":[6.66667,10.33333,8.66667,12.66667],"texture":"#1","tintindex":0.0},"east":{"uv":[6.66667,12.66667,9.0,15.0],"texture":"#1","tintindex":0.0},"south":{"uv":[8.66667,10.33333,6.66667,12.66667],"texture":"#1","tintindex":0.0},"west":{"uv":[4.33333,9.0,6.66667,11.33333],"texture":"#1","tintindex":0.0},"up":{"uv":[8.66667,10.33333,10.66667,12.66667],"texture":"#1","tintindex":0.0},"down":{"uv":[9.0,12.66667,11.0,15.0],"texture":"#1","tintindex":0.0}}},{"from":[-1.51,9.74,4.49],"to":[5.51,17.76,12.51],"rotation":{"angle":-22.5,"axis":"z","origin":[1.5,13.75,8.5]},"faces":{"north":{"uv":[8.66667,10.33333,6.66667,12.66667],"texture":"#1","tintindex":0.0},"east":{"uv":[6.66667,9.0,4.33333,11.33333],"texture":"#1","tintindex":0.0},"south":{"uv":[6.66667,10.33333,8.66667,12.66667],"texture":"#1","tintindex":0.0},"west":{"uv":[9.0,12.66667,6.66667,15.0],"texture":"#1","tintindex":0.0},"up":{"uv":[10.66667,10.33333,8.66667,12.66667],"texture":"#1","tintindex":0.0},"down":{"uv":[11.0,12.66667,9.0,15.0],"texture":"#1","tintindex":0.0}}},{"from":[6.0,9.0,1.5],"to":[10.0,12.0,3.5],"rotation":{"angle":0.0,"axis":"y","origin":[1.0,-1.0,-1.5]},"faces":{"north":{"uv":[3.33333,4.0,4.66667,5.0],"texture":"#1"},"east":{"uv":[6.0,4.0,6.66667,5.0],"texture":"#1"},"south":{"uv":[3.33333,4.0,4.66667,5.0],"texture":"#1"},"west":{"uv":[6.66667,4.0,6.0,5.0],"texture":"#1"},"up":{"uv":[4.66667,4.0,6.0,4.66667],"texture":"#1"},"down":{"uv":[6.66667,6.33333,8.0,7.0],"texture":"#1"}}},{"from":[2.0,9.0,2.5],"to":[4.0,13.0,6.5],"rotation":{"angle":0.0,"axis":"y","origin":[1.5,-1.0,-1.5]},"faces":{"north":{"uv":[5.33333,2.66667,6.0,4.0],"texture":"#1"},"east":{"uv":[6.0,12.66667,4.66667,14.0],"texture":"#1"},"south":{"uv":[6.0,11.33333,6.66667,12.66667],"texture":"#1"},"west":{"uv":[4.66667,11.33333,6.0,12.66667],"texture":"#1"},"up":{"uv":[5.33333,0.33333,5.66667,1.66667],"texture":"#1"},"down":{"uv":[6.0,12.66667,6.66667,14.0],"texture":"#1"}}},{"from":[12.0,9.0,2.5],"to":[14.0,13.0,6.5],"rotation":{"angle":0.0,"axis":"y","origin":[14.5,-1.0,-1.5]},"faces":{"north":{"uv":[6.0,2.66667,5.33333,4.0],"texture":"#1"},"east":{"uv":[6.0,11.33333,4.66667,12.66667],"texture":"#1"},"south":{"uv":[6.66667,11.33333,6.0,12.66667],"texture":"#1"},"west":{"uv":[4.66667,12.66667,6.0,14.0],"texture":"#1"},"up":{"uv":[5.66667,0.33333,5.33333,1.66667],"texture":"#1"},"down":{"uv":[6.66667,12.66667,6.0,14.0],"texture":"#1"}}},{"from":[5.0,4.65381,3.39645],"to":[11.0,8.65381,6.39645],"rotation":{"angle":45.0,"axis":"x","origin":[8.0,6.90381,4.64645]},"faces":{"north":{"uv":[0.0,1.5,3.0,3.5],"texture":"#4"},"east":{"uv":[3.00001,3.5,4.50001,5.49999],"texture":"#4"},"south":{"uv":[3.00001,1.5,6.00001,3.5],"texture":"#4"},"west":{"uv":[4.50001,3.5,3.00001,5.49999],"texture":"#4"},"up":{"uv":[4.00001,3.0,4.50001,3.5],"texture":"#4"},"down":{"uv":[1.5,0.0,4.5,1.5],"texture":"#4"}}},{"from":[5.0,3.90381,4.14645],"to":[11.0,7.90381,7.14645],"rotation":{"angle":45.0,"axis":"x","origin":[8.0,6.90381,4.64645]},"faces":{"north":{"uv":[6.5,1.5,9.5,3.5],"texture":"#4"},"east":{"uv":[9.50001,3.5,11.00001,5.49999],"texture":"#4"},"south":{"uv":[9.50001,1.5,12.50001,3.5],"texture":"#4"},"west":{"uv":[11.00001,3.5,9.50001,5.49999],"texture":"#4"},"up":{"uv":[10.50001,3.0,11.00001,3.5],"texture":"#4"},"down":{"uv":[8.0,0.0,11.0,1.5],"texture":"#4"}}},{"name":"cube inverted","from":[17.51,17.76,12.51],"to":[10.49,9.74,4.49],"rotation":{"angle":22.5,"axis":"z","origin":[14.5,13.75,8.5]},"faces":{"north":{"uv":[8.66667,12.66667,6.66667,10.33333],"texture":"#1","tintindex":0.0},"east":{"uv":[4.33333,11.33333,6.66667,9.0],"texture":"#1","tintindex":0.0},"south":{"uv":[6.66667,12.66667,8.66667,10.33333],"texture":"#1","tintindex":0.0},"west":{"uv":[6.66667,15.0,9.0,12.66667],"texture":"#1","tintindex":0.0},"up":{"uv":[11.0,12.66667,9.0,15.0],"texture":"#1","tintindex":0.0},"down":{"uv":[10.66667,10.33333,8.66667,12.66667],"texture":"#1","tintindex":0.0}}},{"name":"cube inverted","from":[10.5,20.0,14.0],"to":[5.5,16.0,5.0],"rotation":{"angle":22.5,"axis":"x","origin":[8.0,18.5,8.5]},"faces":{"north":{"uv":[8.33333,5.66667,8.66667,5.33333],"texture":"#1","tintindex":0.0},"east":{"uv":[6.33333,11.0,3.66667,10.0],"texture":"#1","tintindex":0.0},"south":{"uv":[3.66667,9.33333,5.0,8.33333],"texture":"#1","tintindex":0.0},"west":{"uv":[3.66667,11.0,6.33333,10.0],"texture":"#1","tintindex":0.0},"up":{"uv":[8.66667,5.33333,8.33333,5.66667],"texture":"#1","tintindex":0.0},"down":{"uv":[12.33333,10.33333,11.0,13.0],"texture":"#1","tintindex":0.0}}},{"name":"cube inverted","from":[5.51,17.76,12.51],"to":[-1.51,9.74,4.49],"rotation":{"angle":-22.5,"axis":"z","origin":[1.5,13.75,8.5]},"faces":{"north":{"uv":[6.66667,12.66667,8.66667,10.33333],"texture":"#1","tintindex":0.0},"east":{"uv":[9.0,15.0,6.66667,12.66667],"texture":"#1","tintindex":0.0},"south":{"uv":[8.66667,12.66667,6.66667,10.33333],"texture":"#1","tintindex":0.0},"west":{"uv":[6.66667,11.33333,4.33333,9.0],"texture":"#1","tintindex":0.0},"up":{"uv":[9.0,12.66667,11.0,15.0],"texture":"#1","tintindex":0.0},"down":{"uv":[8.66667,10.33333,10.66667,12.66667],"texture":"#1","tintindex":0.0}}},{"from":[14.0,8.75,8.25],"to":[23.0,19.75,8.25],"rotation":{"angle":45.0,"axis":"z","origin":[13.5,13.25,8.75]},"faces":{"north":{"uv":[0.0,0.0,4.5,5.5],"texture":"#3","tintindex":0.0},"east":{"uv":[0.0,19.0,2.33333,21.33333],"texture":"#missing","tintindex":0.0},"south":{"uv":[4.5,0.0,0.0,5.5],"texture":"#3","tintindex":0.0},"west":{"uv":[4.33333,20.66667,6.66667,23.0],"texture":"#missing","tintindex":0.0},"up":{"uv":[2.0,16.66667,4.0,19.0],"texture":"#missing","tintindex":0.0},"down":{"uv":[4.0,16.66667,6.0,19.0],"texture":"#missing","tintindex":0.0}}},{"from":[-7.0,8.75,8.25],"to":[2.0,19.75,8.25],"rotation":{"angle":-45.0,"axis":"z","origin":[2.5,13.25,8.75]},"faces":{"north":{"uv":[4.5,0.0,0.0,5.5],"texture":"#3","tintindex":0.0},"east":{"uv":[6.66667,20.66667,4.33333,23.0],"texture":"#missing","tintindex":0.0},"south":{"uv":[0.0,0.0,4.5,5.5],"texture":"#3","tintindex":0.0},"west":{"uv":[2.33333,19.0,0.0,21.33333],"texture":"#missing","tintindex":0.0},"up":{"uv":[4.0,16.66667,2.0,19.0],"texture":"#missing","tintindex":0.0},"down":{"uv":[6.0,16.66667,4.0,19.0],"texture":"#missing","tintindex":0.0}}}],"gui_light":"front"}