{"textures":{"0":"mcc:island_cosmetics/general/hat/frills/frills","1":"mcc:island_cosmetics/general/hat/frills/frills_anim","2":"mcc:island_cosmetics/general/hat/frills/frills_anim2","particle":"mcc:island_cosmetics/general/hat/frills/frills"},"elements":[{"from":[3.0,12.0,6.0],"to":[13.0,18.0,6.0],"rotation":{"angle":45.0,"axis":"x","origin":[8.0,12.0,6.0]},"faces":{"north":{"uv":[5.125,0.0,6.375,0.75],"texture":"#0","tintindex":0},"east":{"uv":[0.875,5.5,0.875,6.25],"texture":"#0","tintindex":0},"south":{"uv":[6.375,0.0,5.125,0.75],"texture":"#0","tintindex":0},"west":{"uv":[1.0,5.5,1.0,6.25],"texture":"#0","tintindex":0},"up":{"uv":[2.375,5.5,1.125,5.5],"texture":"#0","tintindex":0},"down":{"uv":[6.75,1.75,5.5,1.75],"texture":"#0","tintindex":0}}},{"from":[12.0,2.0,6.0],"to":[23.0,15.0,6.0],"rotation":{"angle":-22.5,"axis":"y","origin":[12.0,10.0,6.0]},"faces":{"north":{"uv":[1.375,3.75,0.0,5.375],"texture":"#0","tintindex":0},"east":{"uv":[5.25,1.75,5.25,3.375],"texture":"#0","tintindex":0},"south":{"uv":[0.0,3.75,1.375,5.375],"texture":"#0","tintindex":0},"west":{"uv":[5.125,1.75,5.125,3.375],"texture":"#0","tintindex":0},"up":{"uv":[5.125,3.5,6.5,3.5],"texture":"#0","tintindex":0},"down":{"uv":[5.125,3.625,6.5,3.625],"texture":"#0","tintindex":0}}},{"from":[12.0,4.0,10.0],"to":[12.0,17.0,21.0],"rotation":{"angle":22.5,"axis":"y","origin":[12.0,12.0,10.0]},"faces":{"north":{"uv":[5.375,1.75,5.375,3.375],"texture":"#0","tintindex":0},"east":{"uv":[5.875,3.75,4.5,5.375],"texture":"#0","tintindex":0},"south":{"uv":[0.0,5.5,0.0,7.125],"texture":"#0","tintindex":0},"west":{"uv":[4.5,3.75,5.875,5.375],"texture":"#0","tintindex":0},"up":{"uv":[0.125,6.875,0.125,5.5],"texture":"#0","tintindex":0},"down":{"uv":[0.25,5.5,0.25,6.875],"texture":"#0","tintindex":0}}},{"from":[4.0,4.0,10.0],"to":[4.0,17.0,21.0],"rotation":{"angle":-22.5,"axis":"y","origin":[4.0,12.0,10.0]},"faces":{"north":{"uv":[5.375,1.75,5.375,3.375],"texture":"#0","tintindex":0},"east":{"uv":[5.875,3.75,4.5,5.375],"texture":"#0","tintindex":0},"south":{"uv":[0.0,5.5,0.0,7.125],"texture":"#0","tintindex":0},"west":{"uv":[4.5,3.75,5.875,5.375],"texture":"#0","tintindex":0},"up":{"uv":[0.125,6.875,0.125,5.5],"texture":"#0","tintindex":0},"down":{"uv":[0.25,5.5,0.25,6.875],"texture":"#0","tintindex":0}}},{"from":[-7.0,2.0,6.0],"to":[4.0,15.0,6.0],"rotation":{"angle":22.5,"axis":"y","origin":[4.0,10.0,6.0]},"faces":{"north":{"uv":[0.0,3.75,1.375,5.375],"texture":"#0","tintindex":0},"east":{"uv":[5.125,1.75,5.125,3.375],"texture":"#0","tintindex":0},"south":{"uv":[1.375,3.75,0.0,5.375],"texture":"#0","tintindex":0},"west":{"uv":[5.25,1.75,5.25,3.375],"texture":"#0","tintindex":0},"up":{"uv":[6.5,3.5,5.125,3.5],"texture":"#0","tintindex":0},"down":{"uv":[6.5,3.625,5.125,3.625],"texture":"#0","tintindex":0}}},{"from":[8.0,5.0,3.0],"to":[8.0,19.0,20.0],"rotation":{"angle":0.0,"axis":"y","origin":[7.0,2.0,7.0]},"faces":{"north":{"uv":[0.375,5.5,0.375,7.25],"texture":"#0","tintindex":0},"east":{"uv":[5.0,1.875,2.875,3.625],"texture":"#0","tintindex":0},"south":{"uv":[0.5,5.5,0.5,7.25],"texture":"#0","tintindex":0},"west":{"uv":[2.875,1.875,5.0,3.625],"texture":"#0","tintindex":0},"up":{"uv":[0.625,7.625,0.625,5.5],"texture":"#0","tintindex":0},"down":{"uv":[0.75,5.5,0.75,7.625],"texture":"#0","tintindex":0}}},{"from":[0.5412,-2.0,0.0],"to":[0.5412,30.0,32.0],"rotation":{"angle":-22.5,"axis":"y","origin":[0.5412,14.0,16.30656]},"faces":{"north":{"uv":[0.0,0.0,0.0,4.0],"texture":"#1"},"east":{"uv":[16.0,0.0,0.0,16.0],"texture":"#1","tintindex":0},"south":{"uv":[0.0,0.0,0.0,4.0],"texture":"#1"},"west":{"uv":[0.0,0.0,16.0,16.0],"texture":"#1","tintindex":0},"up":{"uv":[0.0,0.0,0.0,4.0],"texture":"#1"},"down":{"uv":[0.0,0.0,0.0,4.0],"texture":"#1"}}},{"from":[-8.0,17.06147,-0.60896],"to":[24.0,17.06147,31.39104],"rotation":{"angle":-22.5,"axis":"x","origin":[8.0,17.06147,15.39104]},"faces":{"north":{"uv":[0.0,0.0,0.0,4.0],"texture":"#2","rotation":90},"east":{"uv":[0.0,0.0,0.0,4.0],"texture":"#2","rotation":270},"south":{"uv":[0.0,0.0,0.0,4.0],"texture":"#2","rotation":90},"west":{"uv":[0.0,0.0,0.0,4.0],"texture":"#2","rotation":90},"up":{"uv":[0.0,0.0,16.0,16.0],"texture":"#2","tintindex":0,"rotation":180},"down":{"uv":[16.0,0.0,0.0,16.0],"texture":"#2","tintindex":0}}},{"from":[15.4588,-2.0,0.0],"to":[15.4588,30.0,32.0],"rotation":{"angle":22.5,"axis":"y","origin":[15.4588,14.0,16.30656]},"faces":{"north":{"uv":[0.0,0.0,0.0,4.0],"texture":"#1"},"east":{"uv":[16.0,0.0,0.0,16.0],"texture":"#1","tintindex":0},"south":{"uv":[0.0,0.0,0.0,4.0],"texture":"#1"},"west":{"uv":[0.0,0.0,16.0,16.0],"texture":"#1","tintindex":0},"up":{"uv":[0.0,0.0,0.0,4.0],"texture":"#1"},"down":{"uv":[0.0,0.0,0.0,4.0],"texture":"#1"}}},{"from":[3.0,12.0,6.0],"to":[13.0,18.0,6.0],"rotation":{"angle":45.0,"axis":"x","origin":[8.0,12.0,6.0]},"faces":{"north":{"uv":[11.375,0.0,12.625,0.75],"texture":"#0"},"east":{"uv":[7.125,5.5,7.125,6.25],"texture":"#0"},"south":{"uv":[12.625,0.0,11.375,0.75],"texture":"#0"},"west":{"uv":[7.25,5.5,7.25,6.25],"texture":"#0"},"up":{"uv":[8.625,5.5,7.375,5.5],"texture":"#0"},"down":{"uv":[13.0,1.75,11.75,1.75],"texture":"#0"}}},{"from":[12.0,2.0,6.0],"to":[23.0,15.0,6.0],"rotation":{"angle":-22.5,"axis":"y","origin":[12.0,10.0,6.0]},"faces":{"north":{"uv":[7.625,3.75,6.25,5.375],"texture":"#0"},"east":{"uv":[11.5,1.75,11.5,3.375],"texture":"#0"},"south":{"uv":[6.25,3.75,7.625,5.375],"texture":"#0"},"west":{"uv":[11.375,1.75,11.375,3.375],"texture":"#0"},"up":{"uv":[11.375,3.5,12.75,3.5],"texture":"#0"},"down":{"uv":[11.375,3.625,12.75,3.625],"texture":"#0"}}},{"from":[12.0,4.0,10.0],"to":[12.0,17.0,21.0],"rotation":{"angle":22.5,"axis":"y","origin":[12.0,12.0,10.0]},"faces":{"north":{"uv":[11.625,1.75,11.625,3.375],"texture":"#0"},"east":{"uv":[12.125,3.75,10.75,5.375],"texture":"#0"},"south":{"uv":[6.25,5.5,6.25,7.125],"texture":"#0"},"west":{"uv":[10.75,3.75,12.125,5.375],"texture":"#0"},"up":{"uv":[6.375,6.875,6.375,5.5],"texture":"#0"},"down":{"uv":[6.5,5.5,6.5,6.875],"texture":"#0"}}},{"from":[8.0,5.0,3.0],"to":[8.0,19.0,20.0],"rotation":{"angle":0.0,"axis":"y","origin":[7.0,2.0,7.0]},"faces":{"north":{"uv":[6.625,5.5,6.625,7.25],"texture":"#0"},"east":{"uv":[11.25,1.875,9.125,3.625],"texture":"#0"},"south":{"uv":[6.75,5.5,6.75,7.25],"texture":"#0"},"west":{"uv":[9.125,1.875,11.25,3.625],"texture":"#0"},"up":{"uv":[6.875,7.625,6.875,5.5],"texture":"#0"},"down":{"uv":[7.0,5.5,7.0,7.625],"texture":"#0"}}},{"from":[4.0,4.0,10.0],"to":[4.0,17.0,21.0],"rotation":{"angle":-22.5,"axis":"y","origin":[4.0,12.0,10.0]},"faces":{"north":{"uv":[11.625,1.75,11.625,3.375],"texture":"#0"},"east":{"uv":[12.125,3.75,10.75,5.375],"texture":"#0"},"south":{"uv":[6.25,5.5,6.25,7.125],"texture":"#0"},"west":{"uv":[10.75,3.75,12.125,5.375],"texture":"#0"},"up":{"uv":[6.375,6.875,6.375,5.5],"texture":"#0"},"down":{"uv":[6.5,5.5,6.5,6.875],"texture":"#0"}}},{"from":[-7.0,2.0,6.0],"to":[4.0,15.0,6.0],"rotation":{"angle":22.5,"axis":"y","origin":[4.0,10.0,6.0]},"faces":{"north":{"uv":[6.25,3.75,7.625,5.375],"texture":"#0"},"east":{"uv":[11.375,1.75,11.375,3.375],"texture":"#0"},"south":{"uv":[7.625,3.75,6.25,5.375],"texture":"#0"},"west":{"uv":[11.5,1.75,11.5,3.375],"texture":"#0"},"up":{"uv":[12.75,3.5,11.375,3.5],"texture":"#0"},"down":{"uv":[12.75,3.625,11.375,3.625],"texture":"#0"}}},{"from":[3.0,12.0,6.0],"to":[13.0,18.0,6.0],"rotation":{"angle":45.0,"axis":"x","origin":[8.0,12.0,6.0]},"faces":{"north":{"uv":[12.625,0.0,11.375,0.75],"texture":"#0"},"east":{"uv":[7.25,5.5,7.25,6.25],"texture":"#0"},"south":{"uv":[11.375,0.0,12.625,0.75],"texture":"#0"},"west":{"uv":[7.125,5.5,7.125,6.25],"texture":"#0"},"up":{"uv":[7.375,5.5,8.625,5.5],"texture":"#0"},"down":{"uv":[11.75,1.75,13.0,1.75],"texture":"#0"}}},{"from":[8.0,5.0,3.0],"to":[8.0,19.0,20.0],"rotation":{"angle":0.0,"axis":"y","origin":[9.0,2.0,7.0]},"faces":{"north":{"uv":[6.625,5.5,6.625,7.25],"texture":"#0"},"east":{"uv":[11.25,1.875,9.125,3.625],"texture":"#0"},"south":{"uv":[6.75,5.5,6.75,7.25],"texture":"#0"},"west":{"uv":[9.125,1.875,11.25,3.625],"texture":"#0"},"up":{"uv":[6.875,7.625,6.875,5.5],"texture":"#0"},"down":{"uv":[7.0,5.5,7.0,7.625],"texture":"#0"}}}],"display":{"thirdperson_righthand":{"translation":[0.0,-2.5,1.5],"scale":[0.5,0.5,0.5]},"thirdperson_lefthand":{"translation":[0.0,-2.5,1.5],"scale":[0.5,0.5,0.5]},"firstperson_righthand":{"translation":[0.0,0.0,-1.0],"rotation":[-5.9,52.5,1.72],"scale":[0.5,0.5,0.5]},"firstperson_lefthand":{"translation":[0.0,0.0,-1.0],"rotation":[-5.9,52.5,1.72],"scale":[0.5,0.5,0.5]},"ground":{"scale":[0.5,0.5,0.5]},"gui":{"translation":[-1.75,-2.5,0.0],"rotation":[-173.82,40.74,-179.99],"scale":[0.65,0.65,0.65]},"head":{"scale":[1.6,1.6,1.6]},"fixed":{"rotation":[-28.75,0.0,0.0]}},"gui_light":"front"}