{"textures":{"0":"mcc:island_cosmetics/general/hat/sprouted/sprouted","particle":"mcc:island_cosmetics/general/hat/sprouted/sprouted"},"elements":[{"from":[7.0,7.0,7.0],"to":[9.0,13.0,9.0],"rotation":{"angle":0.0,"axis":"x","origin":[8.0,9.5,4.0]},"faces":{"north":{"uv":[2.0,0.0,4.0,6.0],"texture":"#0"},"east":{"uv":[4.0,0.0,2.0,6.0],"texture":"#0"},"south":{"uv":[2.0,0.0,4.0,6.0],"texture":"#0"},"west":{"uv":[4.0,0.0,2.0,6.0],"texture":"#0"},"up":{"uv":[2.0,6.0,4.0,8.0],"texture":"#0"},"down":{"uv":[0.0,6.0,2.0,8.0],"texture":"#0"}}},{"from":[8.09221,11.9064,8.65638],"to":[15.09221,16.9064,8.65638],"rotation":{"angle":22.5,"axis":"z","origin":[11.59221,14.4064,8.65638]},"faces":{"north":{"uv":[11.0,6.0,4.0,11.0],"texture":"#0","rotation":180},"south":{"uv":[4.0,6.0,11.0,11.0],"texture":"#0","rotation":180}}},{"from":[1.07508,12.87745,8.5],"to":[8.07508,17.87745,8.5],"rotation":{"angle":-45.0,"axis":"z","origin":[4.57508,14.87745,8.5]},"faces":{"north":{"uv":[4.0,0.0,11.0,5.0],"texture":"#0","rotation":180},"south":{"uv":[11.0,0.0,4.0,5.0],"texture":"#0","rotation":180}}}],"display":{"thirdperson_righthand":{"translation":[0.0,1.0,0.75],"rotation":[55.5,34.0,0.0],"scale":[0.52539,0.52539,0.52539]},"thirdperson_lefthand":{"translation":[0.0,1.0,0.75],"rotation":[55.5,34.0,0.0],"scale":[0.52539,0.52539,0.52539]},"firstperson_righthand":{"translation":[9.5,0.0,-5.75],"rotation":[21.0,114.5,-13.75],"scale":[0.41992,0.41992,0.41992]},"firstperson_lefthand":{"translation":[9.5,0.0,-5.75],"rotation":[21.0,114.5,-13.75],"scale":[0.41992,0.41992,0.41992]},"gui":{"translation":[-0.5,-5.5,0.0],"rotation":[-149.61,-31.92,-180.0],"scale":[1.20507,1.20507,1.20507]},"head":{"translation":[-0.25,5.75,-0.5],"rotation":[0.36,9.02,-4.2],"scale":[1.6,1.6,1.6]}},"credit":"Made with Blockbench","gui_light":"front"}