{"textures":{"0":"mcc:island_cosmetics/head_variant/head_8_extra","1":"mcc:island_cosmetics/head_variant/gold_shine","particle":"mcc:island_cosmetics/head_variant/head_8_extra"},"credit":"Made with Blockbench","elements":[{"from":[2.5,-1.0,3.0],"to":[13.5,12.0,14.0],"rotation":{"angle":0.0,"axis":"y","origin":[0.5,0.0,0.0]},"faces":{"north":{"uv":[4.875,3.125,6.25,4.75],"texture":"#0"},"east":{"uv":[6.25,3.125,7.625,4.75],"texture":"#0"},"south":{"uv":[9.75,3.875,11.125,5.5],"texture":"#0"},"west":{"uv":[7.625,3.125,6.25,4.75],"texture":"#0"},"up":{"uv":[5.625,4.75,7.0,6.125],"texture":"#0"}}},{"from":[14.0731,-3.8862,3.0],"to":[14.0731,-0.8862,14.0],"rotation":{"angle":22.5,"axis":"z","origin":[14.0731,-2.3862,8.5]},"faces":{"north":{"uv":[3.5,3.625,4.75,5.125],"texture":"#missing"},"east":{"uv":[7.0,4.75,8.375,5.125],"texture":"#0"},"south":{"uv":[5.375,6.25,6.625,7.75],"texture":"#missing"},"west":{"uv":[7.0,4.75,8.375,5.125],"texture":"#0"},"up":{"uv":[6.0,4.375,7.25,3.125],"texture":"#missing"},"down":{"uv":[7.25,3.125,8.5,4.375],"texture":"#missing"}}},{"from":[1.9269,-3.8862,3.0],"to":[1.9269,-0.8862,14.0],"rotation":{"angle":-22.5,"axis":"z","origin":[1.9269,-2.3862,8.5]},"faces":{"north":{"uv":[4.75,3.625,3.5,5.125],"texture":"#missing"},"east":{"uv":[7.0,4.75,8.375,5.125],"texture":"#0"},"south":{"uv":[6.625,6.25,5.375,7.75],"texture":"#missing"},"west":{"uv":[7.0,4.75,8.375,5.125],"texture":"#0"},"up":{"uv":[7.25,4.375,6.0,3.125],"texture":"#missing"},"down":{"uv":[8.5,3.125,7.25,4.375],"texture":"#missing"}}},{"from":[2.5,-6.21028,2.88919],"to":[13.5,-3.21028,2.88919],"rotation":{"angle":22.5,"axis":"x","origin":[8.0,-2.3862,8.5]},"faces":{"north":{"uv":[7.0,4.75,8.375,5.125],"texture":"#0"},"east":{"uv":[4.75,3.625,3.5,5.125],"texture":"#missing"},"south":{"uv":[7.0,4.75,8.375,5.125],"texture":"#0"},"west":{"uv":[6.625,6.25,5.375,7.75],"texture":"#missing"},"up":{"uv":[7.25,4.375,6.0,3.125],"rotation":90.0,"texture":"#missing"},"down":{"uv":[8.5,3.125,7.25,4.375],"rotation":270.0,"texture":"#missing"}}},{"from":[2.5,-6.21028,14.11081],"to":[13.5,-3.21028,14.11081],"rotation":{"angle":-22.5,"axis":"x","origin":[8.0,-2.3862,8.5]},"faces":{"north":{"uv":[7.0,4.75,8.375,5.125],"texture":"#0"},"east":{"uv":[3.5,3.625,4.75,5.125],"texture":"#missing"},"south":{"uv":[7.0,4.75,8.375,5.125],"texture":"#0"},"west":{"uv":[5.375,6.25,6.625,7.75],"texture":"#missing"},"up":{"uv":[6.0,4.375,7.25,3.125],"rotation":90.0,"texture":"#missing"},"down":{"uv":[7.25,3.125,8.5,4.375],"rotation":270.0,"texture":"#missing"}}},{"from":[0.5,5.0,1.0],"to":[5.5,10.0,6.0],"rotation":{"angle":0.0,"axis":"y","origin":[2.5,7.5,4.5]},"faces":{"north":{"uv":[8.375,3.125,7.75,3.75],"texture":"#0"},"east":{"uv":[7.75,3.75,8.375,4.375],"texture":"#0"},"south":{"uv":[7.75,3.75,8.375,4.375],"texture":"#0"},"west":{"uv":[7.75,3.125,8.375,3.75],"texture":"#0"},"up":{"uv":[8.375,3.875,9.0,4.5],"texture":"#0"},"down":{"uv":[9.0,3.875,9.625,4.5],"texture":"#0"}}},{"from":[10.5,5.0,1.0],"to":[15.5,10.0,6.0],"rotation":{"angle":0.0,"axis":"y","origin":[13.0,7.5,3.5]},"faces":{"north":{"uv":[7.75,3.125,8.375,3.75],"texture":"#0"},"east":{"uv":[8.375,3.125,7.75,3.75],"texture":"#0"},"south":{"uv":[8.375,3.75,7.75,4.375],"texture":"#0"},"west":{"uv":[8.375,3.75,7.75,4.375],"texture":"#0"},"up":{"uv":[9.0,3.875,8.375,4.5],"texture":"#0"},"down":{"uv":[9.625,3.875,9.0,4.5],"texture":"#0"}}},{"from":[4.0,3.0,-2.0],"to":[12.0,6.0,3.0],"faces":{"north":{"uv":[8.375,3.125,9.375,3.5],"texture":"#0"},"east":{"uv":[9.0,3.5,8.375,3.875],"texture":"#0"},"west":{"uv":[8.375,3.5,9.0,3.875],"texture":"#0"},"up":{"uv":[10.375,3.125,9.375,3.75],"texture":"#0"},"down":{"uv":[10.375,3.125,11.375,3.75],"texture":"#0"}}},{"from":[5.5,0.0,0.0],"to":[10.5,4.0,3.0],"rotation":{"angle":0.0,"axis":"y","origin":[-0.5,0.0,0.0]},"faces":{"north":{"uv":[8.625,5.375,8.0,5.875],"texture":"#0"},"east":{"uv":[8.375,5.875,8.0,6.375],"texture":"#0"},"west":{"uv":[8.0,5.875,8.375,6.375],"texture":"#0"},"down":{"uv":[9.0,5.875,8.375,6.25],"texture":"#0"}}},{"from":[7.0,9.99889,2.85275],"to":[9.0,14.99889,7.85275],"rotation":{"angle":22.5,"axis":"x","origin":[8.0,12.49889,5.35275]},"faces":{"north":{"uv":[6.75,6.25,6.5,6.875],"texture":"#0"},"east":{"uv":[6.25,6.25,5.625,6.875],"texture":"#0"},"south":{"uv":[7.0,6.25,6.75,6.875],"texture":"#0"},"west":{"uv":[5.625,6.25,6.25,6.875],"texture":"#0"},"up":{"uv":[6.25,6.25,6.5,6.875],"texture":"#0"},"down":{"uv":[7.25,6.25,7.0,6.875],"texture":"#0"}}},{"from":[8.0,9.73528,-1.84619],"to":[8.0,18.73528,9.15381],"rotation":{"angle":-22.5,"axis":"x","origin":[8.0,13.24784,4.58058]},"faces":{"east":{"uv":[5.75,8.0,7.125,6.875],"rotation":180.0,"texture":"#0"},"west":{"uv":[7.125,8.0,5.75,6.875],"rotation":180.0,"texture":"#0"}}},{"from":[-3.0,10.0,7.0],"to":[4.0,17.0,7.0],"rotation":{"angle":45.0,"axis":"y","origin":[0.5,13.5,7.0]},"faces":{"north":{"uv":[0.0,1.0,7.0,8.0],"texture":"#1"},"east":{"uv":[0.0,0.0,1.0,1.0],"texture":"#1"},"south":{"uv":[0.0,1.0,7.0,8.0],"texture":"#1"},"west":{"uv":[0.0,0.0,1.0,1.0],"texture":"#1"},"up":{"uv":[0.0,0.0,1.0,1.0],"texture":"#1"},"down":{"uv":[0.0,0.0,1.0,1.0],"texture":"#1"}}},{"from":[-3.0,10.0,7.0],"to":[4.0,17.0,7.0],"rotation":{"angle":-45.0,"axis":"y","origin":[0.5,13.5,7.0]},"faces":{"north":{"uv":[0.0,1.0,7.0,8.0],"texture":"#1"},"east":{"uv":[0.0,0.0,1.0,1.0],"texture":"#1"},"south":{"uv":[0.0,1.0,7.0,8.0],"texture":"#1"},"west":{"uv":[0.0,0.0,1.0,1.0],"texture":"#1"},"up":{"uv":[0.0,0.0,1.0,1.0],"texture":"#1"},"down":{"uv":[0.0,0.0,1.0,1.0],"texture":"#1"}}},{"from":[14.0,0.0,7.75],"to":[21.0,7.0,7.75],"rotation":{"angle":0.0,"axis":"y","origin":[15.5,5.5,7.0]},"faces":{"north":{"uv":[8.0,9.0,15.0,16.0],"texture":"#1"},"east":{"uv":[0.0,0.0,1.0,1.0],"texture":"#1"},"south":{"uv":[8.0,9.0,15.0,16.0],"texture":"#1"},"west":{"uv":[0.0,0.0,1.0,1.0],"texture":"#1"},"up":{"uv":[0.0,0.0,1.0,1.0],"texture":"#1"},"down":{"uv":[0.0,0.0,1.0,1.0],"texture":"#1"}}},{"from":[17.34776,0.0,4.26537],"to":[17.34776,7.0,11.26537],"rotation":{"angle":0.0,"axis":"y","origin":[17.34776,5.5,7.76537]},"faces":{"north":{"uv":[0.0,0.0,1.0,1.0],"texture":"#1"},"east":{"uv":[8.0,9.0,15.0,16.0],"texture":"#1"},"south":{"uv":[0.0,0.0,1.0,1.0],"texture":"#1"},"west":{"uv":[8.0,9.0,15.0,16.0],"texture":"#1"},"up":{"uv":[0.0,0.0,1.0,1.0],"rotation":90.0,"texture":"#1"},"down":{"uv":[0.0,0.0,1.0,1.0],"rotation":270.0,"texture":"#1"}}},{"from":[-6.0,-3.0,1.0],"to":[1.0,4.0,1.0],"rotation":{"angle":-22.5,"axis":"y","origin":[0.5,0.5,7.0]},"faces":{"north":{"uv":[8.0,1.0,15.0,8.0],"texture":"#1"},"east":{"uv":[0.0,0.0,1.0,1.0],"texture":"#1"},"south":{"uv":[8.0,1.0,15.0,8.0],"texture":"#1"},"west":{"uv":[0.0,0.0,1.0,1.0],"texture":"#1"},"up":{"uv":[0.0,0.0,1.0,1.0],"texture":"#1"},"down":{"uv":[0.0,0.0,1.0,1.0],"texture":"#1"}}},{"from":[-2.5,-3.0,-2.5],"to":[-2.5,4.0,4.5],"rotation":{"angle":-22.5,"axis":"y","origin":[0.5,0.5,7.0]},"faces":{"north":{"uv":[0.0,0.0,1.0,1.0],"texture":"#1"},"east":{"uv":[8.0,1.0,15.0,8.0],"texture":"#1"},"south":{"uv":[0.0,0.0,1.0,1.0],"texture":"#1"},"west":{"uv":[8.0,1.0,15.0,8.0],"texture":"#1"},"up":{"uv":[0.0,0.0,1.0,1.0],"rotation":270.0,"texture":"#1"},"down":{"uv":[0.0,0.0,1.0,1.0],"rotation":90.0,"texture":"#1"}}},{"from":[8.4797,6.0,17.6704],"to":[15.4797,13.0,17.6704],"rotation":{"angle":22.5,"axis":"y","origin":[10.9797,6.5,15.6704]},"faces":{"north":{"uv":[8.0,1.0,15.0,8.0],"texture":"#1"},"east":{"uv":[0.0,0.0,1.0,1.0],"texture":"#1"},"south":{"uv":[8.0,1.0,15.0,8.0],"texture":"#1"},"west":{"uv":[0.0,0.0,1.0,1.0],"texture":"#1"},"up":{"uv":[0.0,0.0,1.0,1.0],"texture":"#1"},"down":{"uv":[0.0,0.0,1.0,1.0],"texture":"#1"}}},{"from":[11.9797,6.0,14.1704],"to":[11.9797,13.0,21.1704],"rotation":{"angle":22.5,"axis":"y","origin":[10.9797,6.5,15.6704]},"faces":{"north":{"uv":[0.0,0.0,1.0,1.0],"texture":"#1"},"east":{"uv":[8.0,1.0,15.0,8.0],"texture":"#1"},"south":{"uv":[0.0,0.0,1.0,1.0],"texture":"#1"},"west":{"uv":[8.0,1.0,15.0,8.0],"texture":"#1"},"up":{"uv":[0.0,0.0,1.0,1.0],"rotation":90.0,"texture":"#1"},"down":{"uv":[0.0,0.0,1.0,1.0],"rotation":270.0,"texture":"#1"}}},{"name":"cube inverted","from":[13.5,12.0,14.0],"to":[2.5,-1.0,3.0],"rotation":{"angle":0.0,"axis":"y","origin":[0.5,0.0,0.0]},"faces":{"north":{"uv":[9.75,5.5,11.125,3.875],"texture":"#0"},"east":{"uv":[7.625,4.75,6.25,3.125],"texture":"#0"},"south":{"uv":[4.875,4.75,6.25,3.125],"texture":"#0"},"west":{"uv":[6.25,4.75,7.625,3.125],"texture":"#0"},"down":{"uv":[7.0,4.75,5.625,6.125],"texture":"#0"}}}],"gui_light":"front","display":{"thirdperson_righthand":{"rotation":[63.0,34.0,0.0],"translation":[0.0,1.0,-1.0],"scale":[0.52539,0.52539,0.52539]},"thirdperson_lefthand":{"rotation":[63.0,34.0,0.0],"translation":[0.0,1.0,-1.0],"scale":[0.52539,0.52539,0.52539]},"firstperson_righthand":{"rotation":[3.0,112.0,-13.0],"translation":[9.5,0.0,-5.75],"scale":[0.41992,0.41992,0.41992]},"firstperson_lefthand":{"rotation":[3.0,112.0,-13.0],"translation":[9.5,0.0,-5.75],"scale":[0.41992,0.41992,0.41992]},"ground":{"translation":[0.0,4.25,0.0],"scale":[0.28906,0.28906,0.28906]},"gui":{"rotation":[-149.61,-31.92,-180.0],"translation":[-0.5,2.0,0.0],"scale":[0.67968,0.67968,0.67968]},"head":{"translation":[0.0,4.75,0.0],"scale":[1.6,1.6,1.6]},"fixed":{"translation":[0.0,-3.25,-7.5]}}}