{"textures":{"0":"mcc:island_cosmetics/head/head_3","particle":"mcc:island_cosmetics/head/head_3"},"credit":"Made with Blockbench","texture_size":[128.0,128.0],"elements":[{"from":[3.0,5.0,3.0],"to":[13.0,10.0,13.0],"rotation":{"angle":0.0,"axis":"y","origin":[0.0,0.0,-1.0]},"faces":{"north":{"uv":[11.75,0.0,13.0,0.625],"texture":"#0"},"east":{"uv":[13.0,0.0,11.75,0.625],"texture":"#0"},"south":{"uv":[13.0,0.0,11.75,0.625],"texture":"#0"},"west":{"uv":[11.75,0.0,13.0,0.625],"texture":"#0"},"up":{"uv":[13.0,0.0,14.25,1.25],"texture":"#0"},"down":{"uv":[11.75,0.625,13.0,1.875],"texture":"#0"}}},{"from":[13.0,0.0,6.5],"to":[13.0,5.0,9.5],"rotation":{"angle":0.0,"axis":"x","origin":[8.0,2.0,8.0]},"faces":{"north":{"uv":[0.0,0.0,0.125,0.125],"texture":"#missing"},"east":{"uv":[11.75,0.0,11.375,0.625],"texture":"#0"},"south":{"uv":[11.75,0.0,11.375,0.75],"texture":"#0"},"west":{"uv":[11.75,0.0,11.375,0.625],"texture":"#0"},"up":{"uv":[0.0,0.0,0.125,0.125],"texture":"#missing"},"down":{"uv":[0.0,0.0,0.125,0.125],"texture":"#missing"}}},{"from":[3.0,0.0,6.5],"to":[3.0,5.0,9.5],"rotation":{"angle":0.0,"axis":"x","origin":[8.0,2.0,8.0]},"faces":{"north":{"uv":[0.125,0.0,0.0,0.125],"texture":"#missing"},"east":{"uv":[11.75,0.0,11.375,0.625],"texture":"#0"},"south":{"uv":[0.125,0.0,0.0,0.125],"texture":"#missing"},"west":{"uv":[11.75,0.0,11.375,0.625],"texture":"#0"},"up":{"uv":[0.125,0.0,0.0,0.125],"texture":"#missing"},"down":{"uv":[0.125,0.0,0.0,0.125],"texture":"#missing"}}},{"from":[1.0,5.0,1.0],"to":[15.0,5.0,15.0],"rotation":{"angle":0.0,"axis":"y","origin":[0.0,0.0,-1.0]},"faces":{"north":{"uv":[0.0,0.0,0.125,0.125],"texture":"#missing"},"east":{"uv":[0.0,0.0,0.125,0.125],"texture":"#missing"},"south":{"uv":[0.0,0.0,0.125,0.125],"texture":"#missing"},"west":{"uv":[0.0,0.0,0.125,0.125],"texture":"#missing"},"up":{"uv":[14.25,0.0,16.0,1.75],"texture":"#0"},"down":{"uv":[14.25,0.0,16.0,1.75],"texture":"#0"}}}],"gui_light":"front","display":{"thirdperson_righthand":{"rotation":[55.5,34.0,0.0],"translation":[0.0,1.0,0.75],"scale":[0.52539,0.52539,0.52539]},"thirdperson_lefthand":{"rotation":[55.5,34.0,0.0],"translation":[0.0,1.0,0.75],"scale":[0.52539,0.52539,0.52539]},"firstperson_righthand":{"rotation":[21.0,114.5,-13.75],"translation":[9.5,0.0,-5.75],"scale":[0.41992,0.41992,0.41992]},"firstperson_lefthand":{"rotation":[21.0,114.5,-13.75],"translation":[9.5,0.0,-5.75],"scale":[0.41992,0.41992,0.41992]},"gui":{"rotation":[-154.61,-31.92,-180.0],"translation":[0.0,2.0,0.0],"scale":[0.85351,0.85351,0.85351]},"head":{"rotation":[1.75,0.0,0.0],"translation":[0.0,6.25,0.0],"scale":[1.61172,1.61172,1.61172]}}}