{"textures":{"0":"mcc:island_cosmetics/head/head_6","particle":"mcc:island_cosmetics/head/head_6"},"credit":"Made with Blockbench","texture_size":[128.0,128.0],"elements":[{"from":[3.0,6.0,3.0],"to":[13.0,11.0,13.0],"rotation":{"angle":0.0,"axis":"x","origin":[8.0,9.5,7.0]},"faces":{"north":{"uv":[6.125,4.625,7.375,5.25],"texture":"#0","tintindex":0.0},"east":{"uv":[4.875,4.625,6.125,5.25],"texture":"#0","tintindex":0.0},"south":{"uv":[4.875,5.25,6.125,5.875],"texture":"#0","tintindex":0.0},"west":{"uv":[6.125,4.625,4.875,5.25],"texture":"#0","tintindex":0.0},"up":{"uv":[6.125,5.25,7.375,6.5],"texture":"#0","tintindex":0.0},"down":{"uv":[6.0,4.5,6.125,4.625],"texture":"#0","tintindex":0.0}}},{"from":[2.9,6.4,2.9],"to":[13.1,9.6,13.1],"rotation":{"angle":0.0,"axis":"x","origin":[8.0,9.5,7.0]},"faces":{"north":{"uv":[4.875,6.25,6.125,6.625],"texture":"#0"},"east":{"uv":[4.875,5.875,6.125,6.25],"texture":"#0"},"south":{"uv":[4.875,6.625,6.125,7.0],"texture":"#0"},"west":{"uv":[4.875,5.875,6.125,6.25],"texture":"#0"},"up":{"uv":[6.0,4.5,6.125,4.625],"texture":"#0"},"down":{"uv":[6.0,4.5,6.125,4.625],"texture":"#0"}}},{"from":[9.27477,5.5,1.89595],"to":[14.27477,10.5,3.89595],"rotation":{"angle":-22.5,"axis":"y","origin":[11.77477,7.5,2.89595]},"faces":{"north":{"uv":[4.875,12.875,5.5,13.5],"texture":"#0"},"east":{"uv":[5.5,12.875,5.75,13.5],"texture":"#0"},"south":{"uv":[6.75,6.5,6.875,7.0],"texture":"#0"},"west":{"uv":[5.75,12.875,5.5,13.5],"texture":"#0"},"up":{"uv":[7.0,6.5,7.625,6.75],"texture":"#0"},"down":{"uv":[7.0,6.75,7.625,7.0],"texture":"#0"}}},{"from":[1.0,5.5,0.25],"to":[6.0,10.5,2.25],"rotation":{"angle":22.5,"axis":"y","origin":[8.0,9.0,0.25]},"faces":{"north":{"uv":[5.5,12.875,4.875,13.5],"texture":"#0"},"east":{"uv":[5.5,12.875,5.75,13.5],"texture":"#0"},"south":{"uv":[6.875,6.5,6.75,7.0],"texture":"#0"},"west":{"uv":[5.75,12.875,5.5,13.5],"texture":"#0"},"up":{"uv":[7.625,6.5,7.0,6.75],"texture":"#0"},"down":{"uv":[7.625,6.75,7.0,7.0],"texture":"#0"}}},{"from":[13.0,2.0,5.5],"to":[15.0,7.0,10.5],"rotation":{"angle":0.0,"axis":"x","origin":[8.0,9.5,7.0]},"faces":{"north":{"uv":[8.0,4.25,8.25,4.875],"texture":"#0"},"east":{"uv":[7.375,4.25,8.0,4.875],"texture":"#0"},"south":{"uv":[8.25,4.25,8.0,4.875],"texture":"#0"},"west":{"uv":[6.0,4.5,6.125,4.625],"texture":"#0"},"up":{"uv":[7.375,4.875,7.625,5.5],"texture":"#0"},"down":{"uv":[7.375,4.875,7.625,5.5],"texture":"#0"}}},{"from":[1.0,2.0,5.5],"to":[3.0,7.0,10.5],"rotation":{"angle":0.0,"axis":"x","origin":[8.0,9.5,7.0]},"faces":{"north":{"uv":[8.25,4.25,8.0,4.875],"texture":"#0"},"east":{"uv":[6.0,4.5,6.125,4.625],"texture":"#0"},"south":{"uv":[8.0,4.25,8.25,4.875],"texture":"#0"},"west":{"uv":[8.0,4.25,7.375,4.875],"texture":"#0"},"up":{"uv":[7.625,4.875,7.375,5.5],"texture":"#0"},"down":{"uv":[7.625,4.875,7.375,5.5],"texture":"#0"}}},{"from":[3.0,0.0,3.0],"to":[13.0,6.0,13.0],"rotation":{"angle":0.0,"axis":"x","origin":[8.0,9.5,7.0]},"faces":{"north":{"uv":[5.625,3.625,5.75,3.75],"texture":"#0","tintindex":0.0},"east":{"uv":[4.875,3.875,6.125,4.625],"texture":"#0","tintindex":0.0},"south":{"uv":[6.125,3.875,7.375,4.625],"texture":"#0","tintindex":0.0},"west":{"uv":[6.125,3.875,4.875,4.625],"texture":"#0","tintindex":0.0},"up":{"uv":[6.0,4.5,6.125,4.625],"texture":"#0","tintindex":0.0},"down":{"uv":[6.0,4.5,6.125,4.625],"texture":"#0","tintindex":0.0}}},{"name":"cube inverted","from":[13.0,11.0,13.0],"to":[3.0,6.0,3.0],"rotation":{"angle":0.0,"axis":"x","origin":[8.0,9.5,7.0]},"faces":{"north":{"uv":[4.875,5.875,6.125,5.25],"texture":"#0","tintindex":0.0},"east":{"uv":[6.125,5.25,4.875,4.625],"texture":"#0","tintindex":0.0},"south":{"uv":[6.125,5.25,7.375,4.625],"texture":"#0","tintindex":0.0},"west":{"uv":[4.875,5.25,6.125,4.625],"texture":"#0","tintindex":0.0},"up":{"uv":[6.125,4.5,6.0,4.625],"texture":"#0","tintindex":0.0},"down":{"uv":[7.375,5.25,6.125,6.5],"texture":"#0","tintindex":0.0}}},{"name":"cube inverted","from":[13.0,6.0,13.0],"to":[3.0,0.0,3.0],"rotation":{"angle":0.0,"axis":"x","origin":[8.0,9.5,7.0]},"faces":{"north":{"uv":[8.25,5.75,9.5,5.0],"texture":"#0"},"east":{"uv":[9.5,5.0,8.25,4.25],"texture":"#0"},"south":{"uv":[5.625,3.75,5.75,3.625],"texture":"#0","tintindex":0.0},"west":{"uv":[8.25,5.0,9.5,4.25],"texture":"#0"},"up":{"uv":[6.125,4.5,6.0,4.625],"texture":"#0","tintindex":0.0},"down":{"uv":[6.125,4.5,6.0,4.625],"texture":"#0","tintindex":0.0}}}],"gui_light":"front","display":{"thirdperson_righthand":{"rotation":[55.5,34.0,0.0],"translation":[0.0,1.0,0.75],"scale":[0.52539,0.52539,0.52539]},"thirdperson_lefthand":{"rotation":[55.5,34.0,0.0],"translation":[0.0,1.0,0.75],"scale":[0.52539,0.52539,0.52539]},"firstperson_righthand":{"rotation":[21.0,114.5,-13.75],"translation":[9.5,0.0,-5.75],"scale":[0.41992,0.41992,0.41992]},"firstperson_lefthand":{"rotation":[21.0,114.5,-13.75],"translation":[9.5,0.0,-5.75],"scale":[0.41992,0.41992,0.41992]},"gui":{"rotation":[-149.61,-31.92,-180.0],"translation":[-0.25,1.75,0.0],"scale":[0.92187,0.92187,0.92187]},"head":{"translation":[0.0,4.5,0.0],"scale":[1.60781,1.60781,1.60781]}}}