{"textures":{"0":"mcc:island_cosmetics/general/hat/mascot_head/mascot_head","particle":"mcc:island_cosmetics/general/hat/mascot_head/mascot_head"},"elements":[{"from":[2.0,-0.5,2.0],"to":[14.0,11.5,14.0],"rotation":{"angle":0.0,"axis":"x","origin":[8.0,9.5,8.0]},"faces":{"north":{"uv":[0.0,0.0,4.0,4.0],"texture":"#0"},"east":{"uv":[4.0,0.0,8.0,4.0],"texture":"#0"},"south":{"uv":[4.0,0.0,8.0,4.0],"texture":"#0"},"west":{"uv":[4.0,0.0,8.0,4.0],"texture":"#0"},"up":{"uv":[4.0,6.33333,8.0,10.33333],"texture":"#0"},"down":{"uv":[0.0,4.0,4.0,8.0],"texture":"#0"}}},{"from":[1.0,6.5,1.0],"to":[15.0,13.5,15.0],"rotation":{"angle":0.0,"axis":"x","origin":[8.0,9.5,8.0]},"faces":{"north":{"uv":[4.0,4.0,8.66667,6.33333],"texture":"#0"},"east":{"uv":[4.0,4.0,8.66667,6.33333],"texture":"#0"},"south":{"uv":[4.0,4.0,8.66667,6.33333],"texture":"#0"},"west":{"uv":[4.0,4.0,8.66667,6.33333],"texture":"#0"},"down":{"uv":[8.66667,0.0,13.33333,4.66667],"texture":"#0"}}},{"from":[15.0,13.5,15.0],"to":[1.0,6.5,1.0],"rotation":{"angle":0.0,"axis":"x","origin":[8.0,9.5,8.0]},"faces":{"north":{"uv":[4.0,6.33333,8.66667,4.0],"texture":"#0"},"east":{"uv":[4.0,6.33333,8.66667,4.0],"texture":"#0"},"south":{"uv":[4.0,6.33333,8.66667,4.0],"texture":"#0"},"west":{"uv":[4.0,6.33333,8.66667,4.0],"texture":"#0"},"up":{"uv":[13.33333,0.0,8.66667,4.66667],"texture":"#0"}}},{"from":[9.25,-2.0,1.75],"to":[12.75,0.25,1.75],"rotation":{"angle":22.5,"axis":"z","origin":[1.0,1.0,2.75]},"faces":{"north":{"uv":[8.66667,4.66667,9.66667,5.33333],"texture":"#0"},"south":{"uv":[8.66667,4.66667,9.66667,5.33333],"texture":"#0"}}},{"from":[3.25,-2.0,1.75],"to":[6.75,0.25,1.75],"rotation":{"angle":-22.5,"axis":"z","origin":[15.0,1.0,2.75]},"faces":{"north":{"uv":[9.66667,4.66667,8.66667,5.33333],"texture":"#0"},"south":{"uv":[9.66667,4.66667,8.66667,5.33333],"texture":"#0"}}},{"from":[14.4,11.9,14.4],"to":[1.6,-0.9,1.6],"rotation":{"angle":0.0,"axis":"x","origin":[8.0,9.5,8.0]},"faces":{"north":{"uv":[3.0,8.33333,3.66667,9.0],"texture":"#0"},"east":{"uv":[3.0,8.33333,3.66667,9.0],"texture":"#0"},"south":{"uv":[3.0,8.33333,3.66667,9.0],"texture":"#0"},"west":{"uv":[3.0,8.33333,3.66667,9.0],"texture":"#0"},"up":{"uv":[3.0,8.33333,3.66667,9.0],"texture":"#0"},"down":{"uv":[3.0,8.33333,3.66667,9.0],"texture":"#0"}}},{"from":[15.4,12.9,15.4],"to":[0.6,6.1,0.6],"rotation":{"angle":0.0,"axis":"x","origin":[8.0,9.5,8.0]},"faces":{"north":{"uv":[2.0,8.33333,2.66667,9.0],"texture":"#0"},"east":{"uv":[2.0,8.33333,2.66667,9.0],"texture":"#0"},"south":{"uv":[2.0,8.33333,2.66667,9.0],"texture":"#0"},"west":{"uv":[2.0,8.33333,2.66667,9.0],"texture":"#0"},"up":{"uv":[2.0,8.33333,2.66667,9.0],"texture":"#0"}}}],"display":{"thirdperson_righthand":{"translation":[0.0,1.0,0.75],"rotation":[55.5,34.0,0.0],"scale":[0.52539,0.52539,0.52539]},"thirdperson_lefthand":{"translation":[0.0,1.0,0.75],"rotation":[55.5,34.0,0.0],"scale":[0.52539,0.52539,0.52539]},"firstperson_righthand":{"translation":[9.5,0.0,-5.75],"rotation":[21.0,114.5,-13.75],"scale":[0.41992,0.41992,0.41992]},"firstperson_lefthand":{"translation":[9.5,0.0,-5.75],"rotation":[21.0,114.5,-13.75],"scale":[0.41992,0.41992,0.41992]},"gui":{"translation":[0.0,1.0,0.0],"rotation":[-154.86,-32.04,175.65],"scale":[0.72265,0.72265,0.72265]},"head":{"translation":[0.0,6.25,0.0],"scale":[1.6,1.6,1.6]}},"credit":"Made with Blockbench","gui_light":"front"}