{"textures":{"0":"mcc:island_cosmetics/head_variant/variant_sun_visor","particle":"mcc:island_cosmetics/head_variant/variant_sun_visor"},"credit":"Made with Blockbench","texture_size":[128.0,128.0],"elements":[{"from":[4.0,0.0,4.0],"to":[12.0,4.0,12.0],"rotation":{"angle":0.0,"axis":"y","origin":[8.0,3.5,8.0]},"faces":{"north":{"uv":[0.125,2.0,1.125,2.5],"texture":"#0"},"east":{"uv":[0.125,2.5,1.125,3.0],"texture":"#0"},"south":{"uv":[2.125,1.5,1.125,2.0],"texture":"#0"},"west":{"uv":[1.125,2.5,0.125,3.0],"texture":"#0"},"up":{"uv":[0.5,1.0,0.625,1.125],"texture":"#0"},"down":{"uv":[1.125,1.125,1.25,1.25],"texture":"#0"}}},{"from":[4.0,0.0,12.0],"to":[12.0,2.0,12.0],"rotation":{"angle":0.0,"axis":"y","origin":[8.0,3.5,8.0]},"faces":{"north":{"uv":[3.125,0.0,2.125,0.25],"texture":"#0","tintindex":0.0},"south":{"uv":[3.125,0.0,2.125,0.25],"texture":"#0","tintindex":0.0}}},{"from":[4.0,0.0,0.0],"to":[12.0,1.0,4.0],"rotation":{"angle":0.0,"axis":"y","origin":[8.0,3.5,8.0]},"faces":{"north":{"uv":[1.125,1.0,2.125,1.25],"texture":"#0","tintindex":0.0},"east":{"uv":[1.125,1.25,1.625,1.375],"texture":"#0","tintindex":0.0},"south":{"uv":[0.625,1.125,0.75,1.25],"texture":"#0","tintindex":0.0},"west":{"uv":[1.625,1.25,1.125,1.375],"texture":"#0","tintindex":0.0},"up":{"uv":[1.125,0.5,2.125,1.0],"texture":"#0","tintindex":0.0},"down":{"uv":[1.125,1.125,1.25,1.25],"texture":"#0","tintindex":0.0}}},{"name":"cube inverted","from":[12.0,4.0,12.0],"to":[4.0,0.0,4.0],"rotation":{"angle":0.0,"axis":"y","origin":[8.0,3.5,8.0]},"faces":{"north":{"uv":[2.125,2.0,1.125,1.5],"texture":"#0"},"east":{"uv":[1.125,3.0,0.125,2.5],"texture":"#0"},"south":{"uv":[0.125,2.5,1.125,2.0],"texture":"#0"},"west":{"uv":[0.125,3.0,1.125,2.5],"texture":"#0"},"up":{"uv":[1.25,1.125,1.125,1.25],"texture":"#0"},"down":{"uv":[0.625,1.0,0.5,1.125],"texture":"#0"}}},{"name":"cube inverted","from":[12.0,2.0,12.0],"to":[4.0,0.0,12.0],"rotation":{"angle":0.0,"axis":"y","origin":[8.0,3.5,8.0]},"faces":{"north":{"uv":[3.125,0.25,2.125,0.0],"texture":"#0","tintindex":0.0},"south":{"uv":[3.125,0.25,2.125,0.0],"texture":"#0","tintindex":0.0}}},{"name":"cube inverted","from":[12.0,1.0,4.0],"to":[4.0,0.0,0.0],"rotation":{"angle":0.0,"axis":"y","origin":[8.0,3.5,8.0]},"faces":{"north":{"uv":[0.625,1.25,0.75,1.125],"texture":"#0","tintindex":0.0},"east":{"uv":[1.625,1.375,1.125,1.25],"texture":"#0","tintindex":0.0},"south":{"uv":[1.125,1.25,2.125,1.0],"texture":"#0","tintindex":0.0},"west":{"uv":[1.125,1.375,1.625,1.25],"texture":"#0","tintindex":0.0},"up":{"uv":[1.25,1.125,1.125,1.25],"texture":"#0","tintindex":0.0},"down":{"uv":[2.125,0.5,1.125,1.0],"texture":"#0","tintindex":0.0}}}],"gui_light":"front","display":{"thirdperson_righthand":{"rotation":[64.25,0.0,0.0],"scale":[0.44336,0.44336,0.44336]},"thirdperson_lefthand":{"rotation":[64.25,0.0,0.0],"scale":[0.44336,0.44336,0.44336]},"firstperson_righthand":{"scale":[0.0,0.0,0.0]},"firstperson_lefthand":{"scale":[0.0,0.0,0.0]},"ground":{"translation":[0.0,4.25,0.0],"scale":[0.43945,0.43945,0.43945]},"gui":{"rotation":[-151.14,-30.13,-178.48],"translation":[-0.75,7.75,0.0],"scale":[1.10742,1.10742,1.10742]},"head":{"rotation":[4.75,0.0,0.0],"translation":[0.0,15.0,1.0],"scale":[1.89688,1.89688,1.89688]}}}