{"textures":{"2":"mcc:island_cosmetics/general/accessory/candy_flow/anim2","3":"mcc:island_cosmetics/general/accessory/pumpkin_bucket/candy_flow","4":"mcc:island_cosmetics/general/accessory/candy_flow/anim3","particle":"mcc:island_cosmetics/general/accessory/candy_flow/anim3"},"elements":[{"from":[-1.5,16.5,-1.5],"to":[17.5,16.5,17.5],"rotation":{"angle":0.0,"axis":"y","origin":[8.0,16.5,8.0]},"faces":{"north":{"uv":[7.0,0.0,12.0,0.5],"texture":"#2","rotation":270},"east":{"uv":[7.0,0.0,12.0,5.0],"texture":"#2","rotation":270},"south":{"uv":[12.0,0.0,7.0,0.5],"texture":"#2","rotation":90},"west":{"uv":[12.0,0.0,7.0,5.0],"texture":"#2","rotation":90},"up":{"uv":[0.0,0.0,6.33333,6.33333],"texture":"#2","rotation":180},"down":{"uv":[0.0,0.0,6.33333,6.33333],"texture":"#2"}}},{"from":[-1.5,16.5,-1.5],"to":[17.5,16.5,17.5],"rotation":{"angle":-22.5,"axis":"y","origin":[8.0,16.5,8.0]},"faces":{"north":{"uv":[7.0,0.0,12.0,0.5],"texture":"#2","rotation":270},"east":{"uv":[7.0,0.0,12.0,5.0],"texture":"#2","rotation":270},"south":{"uv":[12.0,0.0,7.0,0.5],"texture":"#2","rotation":90},"west":{"uv":[12.0,0.0,7.0,5.0],"texture":"#2","rotation":90},"up":{"uv":[6.66667,0.0,13.0,6.33333],"texture":"#2","rotation":180},"down":{"uv":[6.66667,0.0,13.0,6.33333],"texture":"#2"}}},{"from":[-1.5,16.5,-1.5],"to":[17.5,16.5,17.5],"rotation":{"angle":-45.0,"axis":"y","origin":[8.0,16.5,8.0]},"faces":{"north":{"uv":[7.0,0.0,12.0,0.5],"texture":"#2","rotation":270},"east":{"uv":[7.0,0.0,12.0,5.0],"texture":"#2","rotation":270},"south":{"uv":[12.0,0.0,7.0,0.5],"texture":"#2","rotation":90},"west":{"uv":[12.0,0.0,7.0,5.0],"texture":"#2","rotation":90},"up":{"uv":[0.0,6.66667,6.33333,13.0],"texture":"#2","rotation":180},"down":{"uv":[0.0,6.66667,6.33333,13.0],"texture":"#2"}}},{"from":[-1.5,16.5,-1.5],"to":[17.5,16.5,17.5],"rotation":{"angle":22.5,"axis":"y","origin":[8.0,16.5,8.0]},"faces":{"north":{"uv":[12.0,0.0,7.0,5.0],"texture":"#2","rotation":90},"east":{"uv":[7.0,0.0,12.0,0.5],"texture":"#2","rotation":270},"south":{"uv":[7.0,0.0,12.0,5.0],"texture":"#2","rotation":270},"west":{"uv":[12.0,0.0,7.0,0.5],"texture":"#2","rotation":90},"up":{"uv":[6.66667,6.66667,13.0,13.0],"texture":"#2","rotation":270},"down":{"uv":[6.66667,6.66667,13.0,13.0],"texture":"#2","rotation":270}}},{"from":[-6.345,21.5,-6.345],"to":[22.345,21.5,22.345],"rotation":{"angle":0.0,"axis":"y","origin":[8.0,21.5,8.0]},"faces":{"north":{"uv":[7.0,0.5,12.0,0.0],"texture":"#4","rotation":270},"east":{"uv":[12.0,5.0,7.0,0.0],"texture":"#4","rotation":90},"south":{"uv":[12.0,0.5,7.0,0.0],"texture":"#4","rotation":90},"west":{"uv":[7.0,5.0,12.0,0.0],"texture":"#4","rotation":270},"up":{"uv":[6.33333,0.0,0.0,6.33333],"texture":"#4","rotation":180},"down":{"uv":[6.33333,0.0,0.0,6.33333],"texture":"#4"}}},{"from":[-6.345,21.5,-6.345],"to":[22.345,21.5,22.345],"rotation":{"angle":22.5,"axis":"y","origin":[8.0,21.5,8.0]},"faces":{"north":{"uv":[7.0,0.5,12.0,0.0],"texture":"#4","rotation":270},"east":{"uv":[12.0,5.0,7.0,0.0],"texture":"#4","rotation":90},"south":{"uv":[12.0,0.5,7.0,0.0],"texture":"#4","rotation":90},"west":{"uv":[7.0,5.0,12.0,0.0],"texture":"#4","rotation":270},"up":{"uv":[13.0,0.0,6.66667,6.33333],"texture":"#4","rotation":180},"down":{"uv":[13.0,0.0,6.66667,6.33333],"texture":"#4"}}},{"from":[-6.345,21.5,-6.345],"to":[22.345,21.5,22.345],"rotation":{"angle":45.0,"axis":"y","origin":[8.0,21.5,8.0]},"faces":{"north":{"uv":[7.0,0.5,12.0,0.0],"texture":"#4","rotation":270},"east":{"uv":[12.0,5.0,7.0,0.0],"texture":"#4","rotation":90},"south":{"uv":[12.0,0.5,7.0,0.0],"texture":"#4","rotation":90},"west":{"uv":[7.0,5.0,12.0,0.0],"texture":"#4","rotation":270},"up":{"uv":[6.33333,6.66667,0.0,13.0],"texture":"#4","rotation":180},"down":{"uv":[6.33333,6.66667,0.0,13.0],"texture":"#4"}}},{"from":[-6.345,21.5,-6.345],"to":[22.345,21.5,22.345],"rotation":{"angle":-22.5,"axis":"y","origin":[8.0,21.5,8.0]},"faces":{"north":{"uv":[12.0,5.0,7.0,0.0],"texture":"#4","rotation":90},"east":{"uv":[12.0,0.5,7.0,0.0],"texture":"#4","rotation":90},"south":{"uv":[7.0,5.0,12.0,0.0],"texture":"#4","rotation":270},"west":{"uv":[7.0,0.5,12.0,0.0],"texture":"#4","rotation":270},"up":{"uv":[6.66667,13.0,13.0,6.66667],"texture":"#4","rotation":270},"down":{"uv":[6.66667,13.0,13.0,6.66667],"texture":"#4","rotation":270}}},{"from":[4.8,12.3,4.8],"to":[11.2,27.7,11.2],"rotation":{"angle":0.0,"axis":"y","origin":[4.5,16.0,4.5]},"faces":{"north":{"uv":[16.0,1.0,0.0,8.0],"texture":"#3","rotation":90},"east":{"uv":[16.0,1.0,0.0,8.0],"texture":"#3","rotation":90},"south":{"uv":[16.0,1.0,0.0,8.0],"texture":"#3","rotation":90},"west":{"uv":[16.0,1.0,0.0,8.0],"texture":"#3","rotation":90}}}],"display":{"thirdperson_righthand":{"translation":[0.0,1.0,-1.0],"rotation":[63.0,34.0,0.0],"scale":[0.52539,0.52539,0.52539]},"thirdperson_lefthand":{"translation":[0.0,1.0,-1.0],"rotation":[63.0,34.0,0.0],"scale":[0.52539,0.52539,0.52539]},"firstperson_righthand":{"translation":[9.5,0.0,-5.75],"rotation":[3.0,112.0,-13.0],"scale":[0.41992,0.41992,0.41992]},"firstperson_lefthand":{"translation":[9.5,0.0,-5.75],"rotation":[3.0,112.0,-13.0],"scale":[0.41992,0.41992,0.41992]},"ground":{"translation":[0.0,4.25,0.0],"scale":[0.28906,0.28906,0.28906]},"gui":{"translation":[2.5,-4.0,0.0],"rotation":[-172.38,-35.8,152.21],"scale":[0.49217,0.49217,0.49217]},"head":{"translation":[0.0,0.25,0.0],"rotation":[55.0,0.0,0.0],"scale":[1.20351,1.20351,1.20351]},"fixed":{"translation":[0.0,-3.25,-7.5]}},"credit":"Made with Blockbench","ambientocclusion":false,"gui_light":"front"}