{"textures":{"2":"mcc:island_cosmetics/general/hat/halo/halo_anim","particle":"mcc:island_cosmetics/general/hat/halo/halo_anim"},"elements":[{"from":[0.0,17.0,1.0],"to":[16.0,17.0,17.0],"rotation":{"angle":22.5,"axis":"x","origin":[8.0,12.0,8.0]},"faces":{"up":{"uv":[0.0,0.0,16.0,16.0],"texture":"#2"},"down":{"uv":[0.0,0.0,16.0,16.0],"texture":"#2"}}}],"display":{"thirdperson_righthand":{"translation":[0.0,1.0,-1.0],"rotation":[63.0,34.0,0.0],"scale":[0.52539,0.52539,0.52539]},"thirdperson_lefthand":{"translation":[0.0,1.0,-1.0],"rotation":[63.0,34.0,0.0],"scale":[0.52539,0.52539,0.52539]},"firstperson_righthand":{"translation":[9.5,0.0,-5.75],"rotation":[3.0,112.0,-13.0],"scale":[0.41992,0.41992,0.41992]},"firstperson_lefthand":{"translation":[9.5,0.0,-5.75],"rotation":[3.0,112.0,-13.0],"scale":[0.41992,0.41992,0.41992]},"ground":{"translation":[0.0,4.25,0.0],"scale":[0.28906,0.28906,0.28906]},"gui":{"translation":[2.5,-5.0,0.0],"rotation":[-126.08,-36.49,170.62],"scale":[0.90624,0.90624,0.90624]},"head":{"translation":[0.0,2.75,0.0],"scale":[1.6,1.6,1.6]},"fixed":{"translation":[0.0,-3.25,-7.5]}},"credit":"Made with Blockbench","ambientocclusion":false,"gui_light":"front"}