{"textures":{"1":"mcc:island_cosmetics/general/hat/chefs_hat/chefs_hat"},"display":{"thirdperson_righthand":{"rotation":[64.25,0.0,0.0],"scale":[0.44336,0.44336,0.44336]},"thirdperson_lefthand":{"rotation":[64.25,0.0,0.0],"scale":[0.44336,0.44336,0.44336]},"firstperson_righthand":{"scale":[0.0,0.0,0.0]},"firstperson_lefthand":{"scale":[0.0,0.0,0.0]},"ground":{"translation":[0.0,4.25,0.0],"scale":[0.43945,0.43945,0.43945]},"gui":{"translation":[0.0,2.0,0.0],"rotation":[23.0,-153.0,0.0],"scale":[0.73828,0.73828,0.73828]},"head":{"translation":[0.0,13.75,0.99],"rotation":[5.25,0.0,0.0],"scale":[1.51992,1.51992,1.51992]}},"credit":"Made with Blockbench","texture_size":[32.0,32.0],"elements":[{"from":[3.0,0.0,3.0],"to":[13.0,2.0,13.0],"faces":{"north":{"uv":[0.0,4.0,5.0,5.0],"texture":"#1"},"east":{"uv":[0.0,4.0,5.0,5.0],"texture":"#1"},"south":{"uv":[0.0,4.0,5.0,5.0],"texture":"#1"},"west":{"uv":[0.0,4.0,5.0,5.0],"texture":"#1"},"down":{"uv":[11.0,7.0,16.0,12.0],"texture":"#1"}}},{"from":[3.0,2.0,3.0],"to":[13.0,4.0,13.0],"faces":{"north":{"uv":[0.0,3.0,5.0,4.0],"texture":"#1","tintindex":0.0},"east":{"uv":[0.0,3.0,5.0,4.0],"texture":"#1","tintindex":0.0},"south":{"uv":[0.0,3.0,5.0,4.0],"texture":"#1","tintindex":0.0},"west":{"uv":[0.0,3.0,5.0,4.0],"texture":"#1","tintindex":0.0}}},{"from":[1.0,4.0,1.0],"to":[15.0,10.0,15.0],"faces":{"north":{"uv":[0.0,0.0,7.0,3.0],"texture":"#1"},"east":{"uv":[0.0,0.0,7.0,3.0],"texture":"#1"},"south":{"uv":[0.0,0.0,7.0,3.0],"texture":"#1"},"west":{"uv":[0.0,0.0,7.0,3.0],"texture":"#1"},"up":{"uv":[7.0,0.0,14.0,7.0],"texture":"#1"},"down":{"uv":[4.0,7.0,11.0,14.0],"texture":"#1"}}}],"gui_light":"front"}