{"textures":{"1":"mcc:island_cosmetics/general/hat/archeologist_hat/archeologist_hat"},"elements":[{"from":[3.5,0.0,3.5],"to":[12.5,5.0,12.5],"rotation":{"angle":0.0,"axis":"y","origin":[3.5,0.0,3.5]},"faces":{"north":{"uv":[3.25,4.5,5.5,5.75],"texture":"#1"},"east":{"uv":[5.5,0.0,7.75,1.25],"texture":"#1"},"south":{"uv":[5.5,1.25,7.75,2.5],"texture":"#1"},"west":{"uv":[5.5,2.5,7.75,3.75],"texture":"#1"},"up":{"uv":[5.5,2.25,3.25,0.0],"texture":"#1"},"down":{"uv":[16.0,0.0,13.75,2.25],"texture":"#1"}}},{"from":[6.5,5.0,7.5],"to":[9.5,6.0,10.5],"rotation":{"angle":45.0,"axis":"y","origin":[8.0,6.0,9.0]},"faces":{"north":{"uv":[0.75,6.75,1.5,7.0],"texture":"#1"},"east":{"uv":[1.5,6.75,2.25,7.0],"texture":"#1"},"south":{"uv":[2.25,6.75,3.0,7.0],"texture":"#1"},"west":{"uv":[6.25,6.75,7.0,7.0],"texture":"#1"},"up":{"uv":[7.0,6.75,6.25,6.0],"texture":"#1"},"down":{"uv":[0.75,6.75,0.0,7.5],"texture":"#1"}}},{"from":[1.5,0.0,1.5],"to":[14.5,0.0,13.5],"rotation":{"angle":0.0,"axis":"y","origin":[4.5,0.0,-0.5]},"faces":{"north":{"uv":[0.0,0.0,3.25,0.0],"texture":"#1"},"east":{"uv":[0.0,0.0,3.0,0.0],"texture":"#1"},"south":{"uv":[0.0,0.0,3.25,0.0],"texture":"#1"},"west":{"uv":[0.0,0.0,3.0,0.0],"texture":"#1"},"up":{"uv":[3.25,6.0,0.0,3.0],"texture":"#1"},"down":{"uv":[3.25,0.0,0.0,3.0],"texture":"#1"}}},{"from":[-1.8041,1.53081,1.5],"to":[1.1959,1.53081,13.5],"rotation":{"angle":22.5,"axis":"z","origin":[5.1959,1.53081,-0.5]},"faces":{"north":{"uv":[0.0,0.0,0.75,0.0],"texture":"#1"},"east":{"uv":[0.0,0.0,3.0,0.0],"texture":"#1"},"south":{"uv":[0.0,0.0,0.75,0.0],"texture":"#1"},"west":{"uv":[0.0,0.0,3.0,0.0],"texture":"#1"},"up":{"uv":[4.0,8.75,3.25,5.75],"texture":"#1"},"down":{"uv":[4.75,5.75,5.5,8.75],"texture":"#1"}}},{"from":[14.8041,1.53081,1.5],"to":[17.8041,1.53081,13.5],"rotation":{"angle":-22.5,"axis":"z","origin":[10.8041,1.53081,-0.5]},"faces":{"north":{"uv":[0.0,0.0,0.75,0.0],"texture":"#1"},"east":{"uv":[0.0,0.0,3.0,0.0],"texture":"#1"},"south":{"uv":[0.0,0.0,0.75,0.0],"texture":"#1"},"west":{"uv":[0.0,0.0,3.0,0.0],"texture":"#1"},"up":{"uv":[3.25,8.75,4.0,5.75],"texture":"#1"},"down":{"uv":[5.5,5.75,4.75,8.75],"texture":"#1"}}},{"from":[1.5,-0.38261,-1.4235],"to":[14.5,-0.38261,1.5765],"rotation":{"angle":-22.5,"axis":"x","origin":[4.5,-0.38261,0.5765]},"faces":{"north":{"uv":[0.0,0.0,3.25,0.0],"texture":"#1"},"east":{"uv":[0.0,0.0,0.75,0.0],"texture":"#1"},"south":{"uv":[0.0,0.0,3.25,0.0],"texture":"#1"},"west":{"uv":[0.0,0.0,0.75,0.0],"texture":"#1"},"up":{"uv":[8.75,4.5,5.5,3.75],"texture":"#1"},"down":{"uv":[8.75,6.0,5.5,5.25],"texture":"#1"}}},{"from":[1.5,-0.38261,13.4235],"to":[14.5,-0.38261,16.4235],"rotation":{"angle":22.5,"axis":"x","origin":[11.5,-0.38261,14.4235]},"faces":{"north":{"uv":[0.0,0.0,3.25,0.0],"texture":"#1"},"east":{"uv":[0.0,0.0,0.75,0.0],"texture":"#1"},"south":{"uv":[0.0,0.0,3.25,0.0],"texture":"#1"},"west":{"uv":[0.0,0.0,0.75,0.0],"texture":"#1"},"up":{"uv":[8.75,6.0,5.5,5.25],"texture":"#1"},"down":{"uv":[8.75,5.25,5.5,6.0],"texture":"#1"}}},{"from":[10.0,0.05,0.0],"to":[14.0,0.05,4.0],"rotation":{"angle":-22.5,"axis":"y","origin":[12.5,0.05,2.5]},"faces":{"north":{"uv":[0.0,0.0,1.0,0.0],"texture":"#1"},"east":{"uv":[0.0,0.0,1.0,0.0],"texture":"#1"},"south":{"uv":[0.0,0.0,1.0,0.0],"texture":"#1"},"west":{"uv":[0.0,0.0,1.0,0.0],"texture":"#1"},"up":{"uv":[7.75,0.0,8.75,1.0],"texture":"#1"},"down":{"uv":[7.75,0.0,8.75,1.0],"texture":"#1"}}}],"display":{"thirdperson_righthand":{"translation":[-2.75,2.25,0.0],"rotation":[19.55,8.5,9.24],"scale":[0.5,0.5,0.5]},"thirdperson_lefthand":{"translation":[-2.75,2.25,0.0],"rotation":[19.55,8.5,9.24],"scale":[0.5,0.5,0.5]},"firstperson_righthand":{"translation":[-0.25,5.5,0.0],"rotation":[-180.0,69.0,-180.0],"scale":[0.5,0.5,0.5]},"firstperson_lefthand":{"translation":[-0.25,2.25,0.0],"rotation":[-180.0,69.0,-180.0],"scale":[0.5,0.5,0.5]},"ground":{"rotation":[-10.0,0.0,0.0],"scale":[0.5,0.5,0.5]},"gui":{"translation":[1.0,3.25,0.0],"rotation":[-137.23,-50.79,-161.6],"scale":[0.62695,0.62695,0.62695]},"head":{"translation":[0.0,13.75,0.75],"rotation":[6.25,0.0,0.0],"scale":[1.62,1.62,1.62]},"fixed":{"translation":[0.0,2.0,-2.5],"rotation":[-26.5,0.0,0.0]}},"credit":"Made with Blockbench","gui_light":"front"}