{"textures":{"0":"mcc:island_cosmetics/head/head_7","1":"mcc:island_cosmetics/head_variant/head_7_extra","2":"mcc:island_cosmetics/head_variant/skull_flaming_anim","particle":"mcc:island_cosmetics/head/head_7"},"credit":"Made with Blockbench","texture_size":[32.0,32.0],"elements":[{"from":[2.5,2.0,2.5],"to":[13.5,11.0,13.5],"rotation":{"angle":0.0,"axis":"x","origin":[8.5,9.5,7.5]},"faces":{"north":{"uv":[3.75,14.5,5.125,15.625],"texture":"#0"},"east":{"uv":[6.5,14.5,5.125,15.625],"texture":"#0"},"south":{"uv":[6.5,14.5,7.875,15.625],"texture":"#0"},"west":{"uv":[5.125,14.5,6.5,15.625],"texture":"#0"},"up":{"uv":[6.5,13.125,5.125,14.5],"texture":"#0"},"down":{"uv":[6.5,13.125,7.875,14.5],"texture":"#0"}}},{"from":[14.0,11.5,14.0],"to":[2.0,1.5,2.0],"rotation":{"angle":0.0,"axis":"x","origin":[20.0,9.5,19.0]},"faces":{"north":{"uv":[10.875,15.625,11.0,15.75],"texture":"#0","tintindex":0.0},"east":{"uv":[10.875,15.625,11.0,15.75],"texture":"#0","tintindex":0.0},"south":{"uv":[10.875,15.625,11.0,15.75],"texture":"#0","tintindex":0.0},"west":{"uv":[10.875,15.625,11.0,15.75],"texture":"#0","tintindex":0.0},"up":{"uv":[11.375,14.5,12.875,16.0],"texture":"#1","tintindex":0.0},"down":{"uv":[11.125,15.375,11.25,15.5],"texture":"#0","tintindex":0.0}}},{"from":[4.0,0.0,2.5],"to":[12.0,2.0,4.5],"rotation":{"angle":0.0,"axis":"x","origin":[8.0,0.5,4.5]},"faces":{"north":{"uv":[3.75,15.625,4.75,15.875],"texture":"#0"},"east":{"uv":[4.75,15.625,5.0,15.875],"texture":"#0"},"south":{"uv":[3.75,15.625,4.75,15.875],"texture":"#0"},"west":{"uv":[4.75,15.625,5.0,15.875],"texture":"#0"},"up":{"uv":[3.75,15.625,4.75,15.75],"texture":"#0"},"down":{"uv":[5.0,15.625,6.0,15.875],"texture":"#0"}}},{"from":[12.5,2.0,5.0],"to":[3.5,-1.0,2.0],"rotation":{"angle":0.0,"axis":"x","origin":[16.5,0.5,4.5]},"faces":{"north":{"uv":[10.875,15.625,11.0,15.75],"texture":"#0","tintindex":0.0},"east":{"uv":[10.875,15.625,11.0,15.75],"texture":"#0","tintindex":0.0},"south":{"uv":[10.875,15.625,11.0,15.75],"texture":"#0","tintindex":0.0},"west":{"uv":[10.875,15.625,11.0,15.75],"texture":"#0","tintindex":0.0},"up":{"uv":[10.875,15.625,11.0,15.75],"texture":"#0","tintindex":0.0},"down":{"uv":[10.875,15.25,11.0,15.375],"texture":"#0","tintindex":0.0}}},{"name":"cube inverted","from":[13.5,9.0,3.5],"to":[2.5,3.0,2.5],"rotation":{"angle":0.0,"axis":"y","origin":[8.5,9.5,7.5]},"faces":{"north":{"uv":[10.625,16.0,12.0,15.25],"texture":"#0","tintindex":0.0},"east":{"uv":[6.625,15.75,6.75,15.875],"texture":"#0"},"south":{"uv":[6.625,15.75,6.75,15.875],"texture":"#0"},"west":{"uv":[6.625,15.75,6.75,15.875],"texture":"#0"},"up":{"uv":[6.625,15.75,6.75,15.875],"texture":"#0"},"down":{"uv":[6.625,15.75,6.75,15.875],"texture":"#0"}}},{"name":"cube inverted","from":[13.5,9.0,3.5],"to":[2.5,3.0,2.5],"rotation":{"angle":0.0,"axis":"y","origin":[8.5,9.5,7.5]},"faces":{"north":{"uv":[12.0,16.0,13.375,15.25],"texture":"#0"},"east":{"uv":[10.375,16.0,10.5,15.25],"texture":"#0"},"south":{"uv":[4.75,15.125,4.875,15.25],"texture":"#0"},"west":{"uv":[10.375,16.0,10.5,15.25],"texture":"#0"},"up":{"uv":[9.125,14.875,10.5,15.0],"texture":"#0"},"down":{"uv":[9.125,14.875,10.5,15.0],"texture":"#0"}}},{"name":"cube inverted","from":[14.0,20.5,14.0],"to":[2.0,10.5,2.0],"rotation":{"angle":0.0,"axis":"x","origin":[8.0,9.5,7.0]},"faces":{"north":{"uv":[0.5,15.5,6.5,10.5],"texture":"#2","tintindex":0.0},"east":{"uv":[6.5,15.5,12.5,10.5],"texture":"#2","tintindex":0.0},"south":{"uv":[0.5,15.5,6.5,10.5],"texture":"#2","tintindex":0.0},"west":{"uv":[6.5,15.5,12.5,10.5],"texture":"#2","tintindex":0.0},"up":{"uv":[11.375,15.25,11.25,15.375],"texture":"#0","tintindex":0.0},"down":{"uv":[11.375,15.25,11.25,15.375],"texture":"#0","tintindex":0.0}}}],"gui_light":"front","display":{"thirdperson_righthand":{"rotation":[55.5,34.0,0.0],"translation":[0.0,1.0,0.75],"scale":[0.52539,0.52539,0.52539]},"thirdperson_lefthand":{"rotation":[55.5,34.0,0.0],"translation":[0.0,1.0,0.75],"scale":[0.52539,0.52539,0.52539]},"firstperson_righthand":{"rotation":[21.0,114.5,-13.75],"translation":[9.5,0.0,-5.75],"scale":[0.41992,0.41992,0.41992]},"firstperson_lefthand":{"rotation":[21.0,114.5,-13.75],"translation":[9.5,0.0,-5.75],"scale":[0.41992,0.41992,0.41992]},"gui":{"rotation":[-149.61,-31.92,-180.0],"translation":[0.0,-0.5,0.0],"scale":[0.61913,0.61913,0.61913]},"head":{"rotation":[3.45,0.0,0.0],"translation":[0.0,4.5,0.0],"scale":[1.62539,1.62539,1.62539]}}}