{"textures":{"0":"mcc:island_cosmetics/general/hat/rat_head/disguise","particle":"mcc:island_cosmetics/general/hat/rat_head/disguise"},"elements":[{"from":[2.8,-0.2,2.8],"to":[13.2,10.2,13.2],"rotation":{"angle":0.0,"axis":"y","origin":[0.0,-21.0,0.0]},"faces":{"north":{"uv":[0.0,0.0,2.5,2.5],"texture":"#0"},"east":{"uv":[4.0,2.5,1.5,5.0],"texture":"#0"},"south":{"uv":[1.5,5.0,4.0,7.5],"texture":"#0"},"west":{"uv":[2.5,0.0,5.0,2.5],"texture":"#0"},"up":{"uv":[5.0,0.0,7.5,2.5],"texture":"#0"}}},{"from":[2.6,-0.4,2.6],"to":[13.4,10.4,13.4],"rotation":{"angle":0.0,"axis":"y","origin":[0.0,-21.0,0.0]},"faces":{"north":{"uv":[5.75,7.5,8.25,10.0],"texture":"#0","tintindex":0},"east":{"uv":[11.0,4.5,8.5,7.0],"texture":"#0","tintindex":0},"south":{"uv":[8.5,7.0,11.0,9.5],"texture":"#0","tintindex":0},"up":{"uv":[7.75,0.0,10.25,2.5],"texture":"#0","tintindex":0}}},{"from":[3.3,-2.2,3.3],"to":[12.7,1.2,12.7],"rotation":{"angle":0.0,"axis":"y","origin":[-0.5,-21.0,0.5]},"faces":{"north":{"uv":[3.75,7.75,1.5,8.5],"texture":"#0"},"east":{"uv":[3.75,7.75,1.5,8.5],"texture":"#0"},"south":{"uv":[3.75,7.75,1.5,8.5],"texture":"#0"},"west":{"uv":[3.75,7.75,1.5,8.5],"texture":"#0"}}},{"from":[-1.0,4.0,1.0],"to":[4.0,9.0,2.0],"rotation":{"angle":22.5,"axis":"y","origin":[5.5,5.5,-4.0]},"faces":{"north":{"uv":[0.0,6.0,1.25,7.25],"texture":"#0"},"east":{"uv":[0.0,6.0,0.25,7.25],"texture":"#0"},"south":{"uv":[0.0,6.0,1.25,7.25],"texture":"#0"},"west":{"uv":[0.0,6.0,0.25,7.25],"texture":"#0"},"up":{"uv":[0.0,6.0,1.25,6.25],"texture":"#0"},"down":{"uv":[0.0,7.0,1.25,7.25],"texture":"#0"}}},{"from":[12.0,3.5,1.0],"to":[17.0,8.5,2.0],"rotation":{"angle":-22.5,"axis":"y","origin":[10.5,5.5,-4.0]},"faces":{"north":{"uv":[0.0,7.5,1.25,8.75],"texture":"#0"},"east":{"uv":[0.0,7.5,0.25,8.75],"texture":"#0"},"south":{"uv":[0.0,7.5,1.25,8.75],"texture":"#0"},"west":{"uv":[0.0,7.5,0.25,8.75],"texture":"#0"},"up":{"uv":[0.0,7.5,1.25,7.75],"texture":"#0"},"down":{"uv":[0.0,8.5,1.25,8.75],"texture":"#0"}}},{"from":[5.0,0.0,-2.0],"to":[11.0,4.0,3.0],"rotation":{"angle":0.0,"axis":"y","origin":[0.0,-21.0,0.0]},"faces":{"north":{"uv":[0.0,2.5,1.5,3.5],"texture":"#0","tintindex":0},"east":{"uv":[4.0,7.25,5.25,8.25],"texture":"#0","tintindex":0},"west":{"uv":[5.25,7.25,4.0,8.25],"texture":"#0","tintindex":0},"up":{"uv":[0.0,3.5,1.5,4.75],"texture":"#0","tintindex":0},"down":{"uv":[0.0,4.75,1.5,6.0],"texture":"#0","tintindex":0}}},{"from":[4.7,-0.3,-2.3],"to":[11.3,4.3,3.3],"rotation":{"angle":0.0,"axis":"y","origin":[0.0,-21.0,0.0]},"faces":{"north":{"uv":[10.5,2.25,12.0,3.25],"texture":"#0"},"up":{"uv":[10.5,3.25,12.0,4.5],"texture":"#0"}}},{"from":[8.0,5.5,11.0],"to":[10.0,13.5,19.0],"rotation":{"angle":-45.0,"axis":"y","origin":[8.0,6.0,6.0]},"faces":{"north":{"uv":[4.0,2.5,4.25,4.5],"texture":"#0","tintindex":0},"east":{"uv":[4.0,4.5,6.0,6.5],"texture":"#0","tintindex":0},"south":{"uv":[4.0,2.5,4.25,4.5],"texture":"#0","tintindex":0},"west":{"uv":[4.0,2.5,6.0,4.5],"texture":"#0","tintindex":0},"up":{"uv":[4.0,6.5,6.0,7.0],"texture":"#0","tintindex":0,"rotation":90},"down":{"uv":[4.0,7.25,6.0,7.0],"texture":"#0","tintindex":0,"rotation":90}}},{"from":[8.0,5.5,11.0],"to":[10.0,13.5,19.0],"rotation":{"angle":-45.0,"axis":"y","origin":[8.0,6.0,6.0]},"faces":{"west":{"uv":[8.25,2.5,10.25,4.5],"texture":"#0"}}},{"from":[6.0,6.0,11.0],"to":[8.0,14.0,19.0],"rotation":{"angle":45.0,"axis":"y","origin":[8.0,6.0,6.0]},"faces":{"north":{"uv":[6.5,2.5,6.25,4.5],"texture":"#0"},"east":{"uv":[8.25,2.5,6.25,4.5],"texture":"#0"},"south":{"uv":[6.5,2.5,6.25,4.5],"texture":"#0"},"west":{"uv":[8.25,4.5,6.25,6.5],"texture":"#0"},"up":{"uv":[6.25,7.0,8.25,6.5],"texture":"#0","rotation":90},"down":{"uv":[6.25,7.0,8.25,7.25],"texture":"#0","rotation":90}}},{"from":[-1.0,0.0,0.0],"to":[5.0,5.0,0.0],"rotation":{"angle":0.0,"axis":"y","origin":[16.0,0.0,0.0]},"faces":{"north":{"uv":[0.0,9.0,1.5,10.25],"texture":"#0"},"south":{"uv":[1.5,9.0,0.0,10.25],"texture":"#0"}}},{"from":[11.0,0.0,0.0],"to":[17.0,5.0,0.0],"faces":{"north":{"uv":[1.5,9.0,0.0,10.25],"texture":"#0"},"south":{"uv":[0.0,9.0,1.5,10.25],"texture":"#0"}}},{"from":[12.7,1.2,12.7],"to":[3.3,-2.2,3.3],"rotation":{"angle":0.0,"axis":"y","origin":[-0.5,-21.0,0.5]},"faces":{"north":{"uv":[3.75,8.5,1.5,7.75],"texture":"#0"},"east":{"uv":[3.75,8.5,1.5,7.75],"texture":"#0"},"south":{"uv":[3.75,8.5,1.5,7.75],"texture":"#0"},"west":{"uv":[3.75,8.5,1.5,7.75],"texture":"#0"}}}],"display":{"thirdperson_righthand":{"translation":[0.0,1.0,-1.0],"rotation":[63.0,34.0,0.0],"scale":[0.37891,0.37891,0.37891]},"thirdperson_lefthand":{"translation":[0.0,1.0,-1.0],"rotation":[63.0,34.0,0.0],"scale":[0.37891,0.37891,0.37891]},"firstperson_righthand":{"translation":[9.5,0.0,-5.75],"rotation":[3.0,112.0,-13.0],"scale":[0.35547,0.35547,0.35547]},"firstperson_lefthand":{"translation":[9.5,0.0,-5.75],"rotation":[3.0,112.0,-13.0],"scale":[0.35547,0.35547,0.35547]},"ground":{"translation":[0.0,4.25,0.0],"scale":[0.28906,0.28906,0.28906]},"gui":{"translation":[0.5,0.75,0.0],"rotation":[-150.49,-38.49,-179.03],"scale":[0.6793,0.6793,0.6793]},"head":{"translation":[0.0,5.25,-0.25],"scale":[1.64883,1.64883,1.64883]},"fixed":{"translation":[0.0,-3.25,-7.5]}},"credit":"Made with Blockbench","gui_light":"front"}