{"textures":{"0":"mcc:island_cosmetics/general/hat/waffle_stack/waffle_stack","particle":"mcc:island_cosmetics/general/hat/waffle_stack/waffle_stack"},"elements":[{"from":[2.0,1.0,2.0],"to":[14.0,2.0,14.0],"rotation":{"angle":0.0,"axis":"y","origin":[0.0,-31.0,0.0]},"faces":{"north":{"uv":[2.5,7.5,8.5,8.0],"texture":"#0"},"east":{"uv":[2.5,7.5,8.5,8.0],"texture":"#0"},"south":{"uv":[2.5,7.5,8.5,8.0],"texture":"#0"},"west":{"uv":[2.5,7.5,8.5,8.0],"texture":"#0"},"up":{"uv":[2.5,8.0,8.5,14.0],"texture":"#0"},"down":{"uv":[2.5,8.0,8.5,14.0],"texture":"#0"}}},{"from":[3.5,2.0,3.5],"to":[12.5,4.0,12.5],"rotation":{"angle":0.0,"axis":"y","origin":[0.0,-31.0,0.0]},"faces":{"north":{"uv":[0.0,0.0,5.5,1.0],"texture":"#0"},"east":{"uv":[0.0,0.0,5.5,1.0],"texture":"#0"},"south":{"uv":[0.0,0.0,5.5,1.0],"texture":"#0"},"west":{"uv":[0.0,0.0,5.5,1.0],"texture":"#0"},"up":{"uv":[0.0,1.0,5.5,6.5],"texture":"#0"},"down":{"uv":[0.0,1.0,5.5,6.5],"texture":"#0"}}},{"from":[3.75,4.0,2.8],"to":[12.75,6.0,11.8],"rotation":{"angle":-22.5,"axis":"y","origin":[8.25,5.0,7.3]},"faces":{"north":{"uv":[0.0,0.0,5.5,1.0],"texture":"#0"},"east":{"uv":[0.0,0.0,5.5,1.0],"texture":"#0"},"south":{"uv":[0.0,0.0,5.5,1.0],"texture":"#0"},"west":{"uv":[0.0,0.0,5.5,1.0],"texture":"#0"},"up":{"uv":[0.0,1.0,5.5,6.5],"texture":"#0"},"down":{"uv":[0.0,1.0,5.5,6.5],"texture":"#0"}}},{"from":[3.0,6.0,3.0],"to":[12.0,8.0,12.0],"rotation":{"angle":22.5,"axis":"y","origin":[7.5,7.0,7.5]},"faces":{"north":{"uv":[0.0,0.0,5.5,1.0],"texture":"#0"},"east":{"uv":[0.0,0.0,5.5,1.0],"texture":"#0"},"south":{"uv":[0.0,0.0,5.5,1.0],"texture":"#0"},"west":{"uv":[0.0,0.0,5.5,1.0],"texture":"#0"},"up":{"uv":[0.0,1.0,5.5,6.5],"texture":"#0"},"down":{"uv":[0.0,1.0,5.5,6.5],"texture":"#0"}}},{"from":[3.25,8.0,3.75],"to":[12.25,10.0,12.75],"rotation":{"angle":0.0,"axis":"y","origin":[8.0,7.0,7.5]},"faces":{"north":{"uv":[0.0,0.0,5.5,1.0],"texture":"#0"},"east":{"uv":[0.0,0.0,5.5,1.0],"texture":"#0"},"south":{"uv":[0.0,0.0,5.5,1.0],"texture":"#0"},"west":{"uv":[0.0,0.0,5.5,1.0],"texture":"#0"},"up":{"uv":[0.0,1.0,5.5,6.5],"texture":"#0"},"down":{"uv":[0.0,1.0,5.5,6.5],"texture":"#0"}}},{"from":[5.75,10.0,6.25],"to":[9.75,11.0,10.25],"rotation":{"angle":0.0,"axis":"y","origin":[8.0,7.0,7.5]},"faces":{"north":{"uv":[0.0,7.0,2.0,7.5],"texture":"#0"},"east":{"uv":[0.0,7.0,2.0,7.5],"texture":"#0"},"south":{"uv":[0.0,7.0,2.0,7.5],"texture":"#0"},"west":{"uv":[0.0,7.0,2.0,7.5],"texture":"#0"},"up":{"uv":[0.0,7.5,2.0,9.5],"texture":"#0"}}},{"from":[3.05,7.8,3.55],"to":[12.45,10.2,12.95],"rotation":{"angle":0.0,"axis":"y","origin":[8.0,7.0,7.5]},"faces":{"north":{"uv":[5.5,4.5,10.0,5.5],"texture":"#0"},"east":{"uv":[5.5,4.5,10.0,5.5],"texture":"#0"},"south":{"uv":[5.5,4.5,10.0,5.5],"texture":"#0"},"west":{"uv":[5.5,4.5,10.0,5.5],"texture":"#0"},"up":{"uv":[5.5,0.0,10.0,4.5],"texture":"#0"}}},{"from":[2.8,5.8,2.8],"to":[12.2,8.2,12.2],"rotation":{"angle":22.5,"axis":"y","origin":[7.5,7.0,7.5]},"faces":{"north":{"uv":[5.5,4.5,10.0,5.5],"texture":"#0"},"east":{"uv":[5.5,4.5,10.0,5.5],"texture":"#0"},"south":{"uv":[5.5,4.5,10.0,5.5],"texture":"#0"},"west":{"uv":[5.5,4.5,10.0,5.5],"texture":"#0"},"up":{"uv":[5.5,0.0,10.0,4.5],"texture":"#0"}}}],"display":{"thirdperson_righthand":{"translation":[0.0,1.0,-1.0],"rotation":[63.0,34.0,0.0],"scale":[0.52539,0.52539,0.52539]},"thirdperson_lefthand":{"translation":[0.0,1.0,-1.0],"rotation":[63.0,34.0,0.0],"scale":[0.52539,0.52539,0.52539]},"firstperson_righthand":{"translation":[9.5,0.0,-5.75],"rotation":[3.0,112.0,-13.0],"scale":[0.41992,0.41992,0.41992]},"firstperson_lefthand":{"translation":[9.5,0.0,-5.75],"rotation":[3.0,112.0,-13.0],"scale":[0.41992,0.41992,0.41992]},"ground":{"translation":[0.0,4.25,0.0],"scale":[0.28906,0.28906,0.28906]},"gui":{"translation":[-1.0,2.5,0.0],"rotation":[-162.76,-36.11,169.07],"scale":[0.93164,0.93164,0.93164]},"head":{"translation":[1.5,16.75,2.0],"rotation":[13.0,0.0,-6.5],"scale":[1.62735,1.62735,1.62735]},"fixed":{"translation":[0.0,-3.25,-7.5]}},"credit":"Made with Blockbench","gui_light":"front"}