{"textures":{"0":"mcc:island_cosmetics/general/hat/sunny/sunny","particle":"mcc:island_cosmetics/general/hat/sunny/sunny"},"display":{"thirdperson_righthand":{"translation":[0.0,1.0,0.75],"rotation":[55.5,34.0,0.0],"scale":[0.52539,0.52539,0.52539]},"thirdperson_lefthand":{"translation":[0.0,1.0,0.75],"rotation":[55.5,34.0,0.0],"scale":[0.52539,0.52539,0.52539]},"firstperson_righthand":{"translation":[9.5,0.0,-5.75],"rotation":[21.0,114.5,-13.75],"scale":[0.41992,0.41992,0.41992]},"firstperson_lefthand":{"translation":[9.5,0.0,-5.75],"rotation":[21.0,114.5,-13.75],"scale":[0.41992,0.41992,0.41992]},"ground":{"translation":[0.0,8.5,0.0],"scale":[0.95898,0.95898,0.95898]},"gui":{"translation":[0.0,0.5,0.0],"rotation":[-149.61,-31.92,-180.0],"scale":[0.76562,0.76562,0.76562]},"head":{"translation":[0.0,1.5,0.0],"scale":[1.61953,1.61953,1.61953]}},"credit":"Made with Blockbench","texture_size":[32.0,32.0],"elements":[{"from":[3.0,2.0,3.0],"to":[13.0,12.0,13.0],"rotation":{"angle":0.0,"axis":"x","origin":[8.0,9.5,8.0]},"faces":{"north":{"uv":[0.0,0.0,5.0,5.0],"texture":"#0"},"east":{"uv":[0.0,0.0,5.0,5.0],"texture":"#0"},"south":{"uv":[0.0,0.0,5.0,5.0],"texture":"#0"},"west":{"uv":[0.0,0.0,5.0,5.0],"texture":"#0"},"up":{"uv":[5.0,0.0,10.0,5.0],"texture":"#0"},"down":{"uv":[0.0,5.0,5.0,10.0],"texture":"#0"}}},{"from":[2.9,1.9,2.9],"to":[13.1,6.1,13.1],"rotation":{"angle":0.0,"axis":"x","origin":[8.0,9.5,8.0]},"faces":{"north":{"uv":[0.0,13.0,5.0,15.0],"texture":"#0"}}},{"from":[2.3,3.8,2.8],"to":[13.7,10.2,13.2],"rotation":{"angle":0.0,"axis":"x","origin":[8.5,9.5,8.0]},"faces":{"north":{"uv":[5.0,7.5,10.5,10.5],"texture":"#0","tintindex":0.0},"east":{"uv":[0.0,10.0,5.0,13.0],"texture":"#0","tintindex":0.0},"west":{"uv":[5.0,10.0,0.0,13.0],"texture":"#0","tintindex":0.0}}},{"from":[2.3,3.8,2.8],"to":[13.7,10.2,13.2],"rotation":{"angle":0.0,"axis":"x","origin":[8.5,9.5,8.0]},"faces":{"north":{"uv":[5.0,10.0,10.5,13.0],"texture":"#0"}}},{"name":"cube inverted","from":[13.7,10.2,13.2],"to":[2.3,3.8,2.8],"rotation":{"angle":0.0,"axis":"x","origin":[8.5,9.5,8.0]},"faces":{"east":{"uv":[5.0,13.0,0.0,10.0],"texture":"#0","tintindex":0.0},"south":{"uv":[5.0,10.5,10.5,7.5],"texture":"#0","tintindex":0.0},"west":{"uv":[0.0,13.0,5.0,10.0],"texture":"#0","tintindex":0.0}}},{"name":"cube inverted","from":[13.7,10.2,13.2],"to":[2.3,3.8,2.8],"rotation":{"angle":0.0,"axis":"x","origin":[8.5,9.5,8.0]},"faces":{"south":{"uv":[5.0,13.0,10.5,10.0],"texture":"#0"}}},{"from":[2.3,4.3,2.8],"to":[13.7,10.7,13.2],"rotation":{"angle":0.0,"axis":"x","origin":[8.5,9.5,8.0]},"faces":{"north":{"uv":[10.0,0.0,15.5,3.0],"texture":"#0","tintindex":0.0},"east":{"uv":[11.0,5.0,16.0,8.0],"texture":"#0","tintindex":0.0},"west":{"uv":[16.0,5.0,11.0,8.0],"texture":"#0","tintindex":0.0}}},{"from":[2.3,4.3,2.8],"to":[13.7,10.7,13.2],"rotation":{"angle":0.0,"axis":"x","origin":[8.5,9.5,8.0]},"faces":{"north":{"uv":[10.0,2.5,15.5,5.5],"texture":"#0"}}},{"name":"cube inverted","from":[13.7,10.7,13.2],"to":[2.3,4.3,2.8],"rotation":{"angle":0.0,"axis":"x","origin":[8.5,9.5,8.0]},"faces":{"south":{"uv":[10.0,5.5,15.5,2.5],"texture":"#0"}}},{"name":"cube inverted","from":[13.7,10.7,13.2],"to":[2.3,4.3,2.8],"rotation":{"angle":0.0,"axis":"x","origin":[8.5,9.5,8.0]},"faces":{"east":{"uv":[16.0,8.0,11.0,5.0],"texture":"#0","tintindex":0.0},"south":{"uv":[10.0,3.0,15.5,0.0],"texture":"#0","tintindex":0.0},"west":{"uv":[11.0,8.0,16.0,5.0],"texture":"#0","tintindex":0.0}}},{"from":[-4.0,4.5,8.0],"to":[1.0,9.5,8.0],"rotation":{"angle":-22.5,"axis":"z","origin":[8.0,7.0,8.0]},"faces":{"north":{"uv":[16.0,13.5,13.5,16.0],"texture":"#0"},"east":{"uv":[6.0,0.0,0.0,6.0],"texture":"#0"},"south":{"uv":[13.5,13.5,16.0,16.0],"texture":"#0"},"west":{"uv":[6.0,0.0,0.0,6.0],"texture":"#0"},"up":{"uv":[12.0,0.0,6.0,6.0],"texture":"#0"},"down":{"uv":[6.0,6.0,0.0,12.0],"texture":"#0"}}},{"from":[5.5,14.0,8.0],"to":[10.5,19.0,8.0],"rotation":{"angle":22.5,"axis":"z","origin":[8.0,7.0,8.0]},"faces":{"north":{"uv":[16.0,13.5,13.5,16.0],"rotation":270.0,"texture":"#0"},"east":{"uv":[12.0,0.0,6.0,6.0],"rotation":90.0,"texture":"#0"},"south":{"uv":[13.5,13.5,16.0,16.0],"rotation":90.0,"texture":"#0"},"west":{"uv":[6.0,6.0,0.0,12.0],"rotation":90.0,"texture":"#0"},"up":{"uv":[6.0,0.0,0.0,6.0],"rotation":90.0,"texture":"#0"},"down":{"uv":[6.0,0.0,0.0,6.0],"rotation":90.0,"texture":"#0"}}},{"from":[5.5,14.0,8.0],"to":[10.5,19.0,8.0],"rotation":{"angle":-22.5,"axis":"z","origin":[8.0,7.0,8.0]},"faces":{"north":{"uv":[13.5,13.5,16.0,16.0],"rotation":90.0,"texture":"#0"},"east":{"uv":[0.0,6.0,6.0,12.0],"rotation":270.0,"texture":"#0"},"south":{"uv":[16.0,13.5,13.5,16.0],"rotation":270.0,"texture":"#0"},"west":{"uv":[6.0,0.0,12.0,6.0],"rotation":270.0,"texture":"#0"},"up":{"uv":[0.0,0.0,6.0,6.0],"rotation":270.0,"texture":"#0"},"down":{"uv":[0.0,0.0,6.0,6.0],"rotation":270.0,"texture":"#0"}}},{"from":[15.0,4.5,8.0],"to":[20.0,9.5,8.0],"rotation":{"angle":22.5,"axis":"z","origin":[8.0,7.0,8.0]},"faces":{"north":{"uv":[13.5,13.5,16.0,16.0],"texture":"#0"},"east":{"uv":[0.0,0.0,6.0,6.0],"texture":"#0"},"south":{"uv":[16.0,13.5,13.5,16.0],"texture":"#0"},"west":{"uv":[0.0,0.0,6.0,6.0],"texture":"#0"},"up":{"uv":[6.0,0.0,12.0,6.0],"texture":"#0"},"down":{"uv":[0.0,6.0,6.0,12.0],"texture":"#0"}}},{"from":[15.0,4.5,8.0],"to":[20.0,9.5,8.0],"rotation":{"angle":-22.5,"axis":"z","origin":[8.0,7.0,8.0]},"faces":{"north":{"uv":[13.5,13.5,16.0,16.0],"texture":"#0"},"east":{"uv":[0.0,0.0,6.0,6.0],"texture":"#0"},"south":{"uv":[16.0,13.5,13.5,16.0],"texture":"#0"},"west":{"uv":[0.0,0.0,6.0,6.0],"texture":"#0"},"up":{"uv":[6.0,0.0,12.0,6.0],"texture":"#0"},"down":{"uv":[0.0,6.0,6.0,12.0],"texture":"#0"}}},{"from":[5.5,-5.0,8.0],"to":[10.5,0.0,8.0],"rotation":{"angle":22.5,"axis":"z","origin":[8.0,7.0,8.0]},"faces":{"north":{"uv":[13.5,13.5,16.0,16.0],"rotation":270.0,"texture":"#0"},"east":{"uv":[6.0,0.0,12.0,6.0],"rotation":90.0,"texture":"#0"},"south":{"uv":[16.0,13.5,13.5,16.0],"rotation":90.0,"texture":"#0"},"west":{"uv":[0.0,6.0,6.0,12.0],"rotation":90.0,"texture":"#0"},"up":{"uv":[0.0,0.0,6.0,6.0],"rotation":90.0,"texture":"#0"},"down":{"uv":[0.0,0.0,6.0,6.0],"rotation":90.0,"texture":"#0"}}},{"from":[5.5,-5.0,8.0],"to":[10.5,0.0,8.0],"rotation":{"angle":-22.5,"axis":"z","origin":[8.0,7.0,8.0]},"faces":{"north":{"uv":[16.0,13.5,13.5,16.0],"rotation":90.0,"texture":"#0"},"east":{"uv":[6.0,6.0,0.0,12.0],"rotation":270.0,"texture":"#0"},"south":{"uv":[13.5,13.5,16.0,16.0],"rotation":270.0,"texture":"#0"},"west":{"uv":[12.0,0.0,6.0,6.0],"rotation":270.0,"texture":"#0"},"up":{"uv":[6.0,0.0,0.0,6.0],"rotation":270.0,"texture":"#0"},"down":{"uv":[6.0,0.0,0.0,6.0],"rotation":270.0,"texture":"#0"}}},{"from":[-4.0,4.5,8.0],"to":[1.0,9.5,8.0],"rotation":{"angle":22.5,"axis":"z","origin":[8.0,7.0,8.0]},"faces":{"north":{"uv":[16.0,13.5,13.5,16.0],"texture":"#0"},"east":{"uv":[6.0,0.0,0.0,6.0],"texture":"#0"},"south":{"uv":[13.5,13.5,16.0,16.0],"texture":"#0"},"west":{"uv":[6.0,0.0,0.0,6.0],"texture":"#0"},"up":{"uv":[12.0,0.0,6.0,6.0],"texture":"#0"},"down":{"uv":[6.0,6.0,0.0,12.0],"texture":"#0"}}},{"from":[-5.0,4.5,8.0],"to":[0.0,9.5,8.0],"rotation":{"angle":0.0,"axis":"z","origin":[8.0,7.0,8.0]},"faces":{"north":{"uv":[13.0,13.5,10.5,16.0],"texture":"#0"},"east":{"uv":[6.0,0.0,0.0,6.0],"texture":"#0"},"south":{"uv":[10.5,13.5,13.0,16.0],"texture":"#0"},"west":{"uv":[6.0,0.0,0.0,6.0],"texture":"#0"},"up":{"uv":[12.0,0.0,6.0,6.0],"texture":"#0"},"down":{"uv":[6.0,6.0,0.0,12.0],"texture":"#0"}}},{"from":[5.5,15.0,8.0],"to":[10.5,20.0,8.0],"rotation":{"angle":45.0,"axis":"z","origin":[8.0,7.0,8.0]},"faces":{"north":{"uv":[13.0,13.5,10.5,16.0],"rotation":270.0,"texture":"#0"},"east":{"uv":[12.0,0.0,6.0,6.0],"rotation":90.0,"texture":"#0"},"south":{"uv":[10.5,13.5,13.0,16.0],"rotation":90.0,"texture":"#0"},"west":{"uv":[6.0,6.0,0.0,12.0],"rotation":90.0,"texture":"#0"},"up":{"uv":[6.0,0.0,0.0,6.0],"rotation":90.0,"texture":"#0"},"down":{"uv":[6.0,0.0,0.0,6.0],"rotation":90.0,"texture":"#0"}}},{"from":[5.5,15.0,8.0],"to":[10.5,20.0,8.0],"rotation":{"angle":0.0,"axis":"z","origin":[8.0,7.0,8.0]},"faces":{"north":{"uv":[10.5,13.5,13.0,16.0],"rotation":90.0,"texture":"#0"},"east":{"uv":[0.0,6.0,6.0,12.0],"rotation":270.0,"texture":"#0"},"south":{"uv":[13.0,13.5,10.5,16.0],"rotation":270.0,"texture":"#0"},"west":{"uv":[6.0,0.0,12.0,6.0],"rotation":270.0,"texture":"#0"},"up":{"uv":[0.0,0.0,6.0,6.0],"rotation":270.0,"texture":"#0"},"down":{"uv":[0.0,0.0,6.0,6.0],"rotation":270.0,"texture":"#0"}}},{"from":[16.0,4.5,8.0],"to":[21.0,9.5,8.0],"rotation":{"angle":45.0,"axis":"z","origin":[8.0,7.0,8.0]},"faces":{"north":{"uv":[10.5,13.5,13.0,16.0],"texture":"#0"},"east":{"uv":[0.0,0.0,6.0,6.0],"texture":"#0"},"south":{"uv":[13.0,13.5,10.5,16.0],"texture":"#0"},"west":{"uv":[0.0,0.0,6.0,6.0],"texture":"#0"},"up":{"uv":[6.0,0.0,12.0,6.0],"texture":"#0"},"down":{"uv":[0.0,6.0,6.0,12.0],"texture":"#0"}}},{"from":[16.0,4.5,8.0],"to":[21.0,9.5,8.0],"rotation":{"angle":0.0,"axis":"z","origin":[8.0,7.0,8.0]},"faces":{"north":{"uv":[10.5,13.5,13.0,16.0],"texture":"#0"},"east":{"uv":[0.0,0.0,6.0,6.0],"texture":"#0"},"south":{"uv":[13.0,13.5,10.5,16.0],"texture":"#0"},"west":{"uv":[0.0,0.0,6.0,6.0],"texture":"#0"},"up":{"uv":[6.0,0.0,12.0,6.0],"texture":"#0"},"down":{"uv":[0.0,6.0,6.0,12.0],"texture":"#0"}}},{"from":[5.5,-6.0,8.0],"to":[10.5,-1.0,8.0],"rotation":{"angle":45.0,"axis":"z","origin":[8.0,7.0,8.0]},"faces":{"north":{"uv":[10.5,13.5,13.0,16.0],"rotation":270.0,"texture":"#0"},"east":{"uv":[6.0,0.0,12.0,6.0],"rotation":90.0,"texture":"#0"},"south":{"uv":[13.0,13.5,10.5,16.0],"rotation":90.0,"texture":"#0"},"west":{"uv":[0.0,6.0,6.0,12.0],"rotation":90.0,"texture":"#0"},"up":{"uv":[0.0,0.0,6.0,6.0],"rotation":90.0,"texture":"#0"},"down":{"uv":[0.0,0.0,6.0,6.0],"rotation":90.0,"texture":"#0"}}},{"from":[5.5,-6.0,8.0],"to":[10.5,-1.0,8.0],"rotation":{"angle":0.0,"axis":"z","origin":[8.0,7.0,8.0]},"faces":{"north":{"uv":[13.0,13.5,10.5,16.0],"rotation":90.0,"texture":"#0"},"east":{"uv":[6.0,6.0,0.0,12.0],"rotation":270.0,"texture":"#0"},"south":{"uv":[10.5,13.5,13.0,16.0],"rotation":270.0,"texture":"#0"},"west":{"uv":[12.0,0.0,6.0,6.0],"rotation":270.0,"texture":"#0"},"up":{"uv":[6.0,0.0,0.0,6.0],"rotation":270.0,"texture":"#0"},"down":{"uv":[6.0,0.0,0.0,6.0],"rotation":270.0,"texture":"#0"}}},{"from":[-5.0,4.5,8.0],"to":[0.0,9.5,8.0],"rotation":{"angle":45.0,"axis":"z","origin":[8.0,7.0,8.0]},"faces":{"north":{"uv":[13.0,13.5,10.5,16.0],"texture":"#0"},"east":{"uv":[6.0,0.0,0.0,6.0],"texture":"#0"},"south":{"uv":[10.5,13.5,13.0,16.0],"texture":"#0"},"west":{"uv":[6.0,0.0,0.0,6.0],"texture":"#0"},"up":{"uv":[12.0,0.0,6.0,6.0],"texture":"#0"},"down":{"uv":[6.0,6.0,0.0,12.0],"texture":"#0"}}},{"from":[-4.0,4.5,8.0],"to":[1.0,9.5,8.0],"rotation":{"angle":0.0,"axis":"z","origin":[8.0,7.0,8.0]},"faces":{"north":{"uv":[7.5,5.0,5.0,7.5],"texture":"#0"},"east":{"uv":[6.0,0.0,0.0,6.0],"texture":"#0"},"south":{"uv":[5.0,5.0,7.5,7.5],"texture":"#0"},"west":{"uv":[6.0,0.0,0.0,6.0],"texture":"#0"},"up":{"uv":[12.0,0.0,6.0,6.0],"texture":"#0"},"down":{"uv":[6.0,6.0,0.0,12.0],"texture":"#0"}}},{"from":[5.5,14.0,8.0],"to":[10.5,19.0,8.0],"rotation":{"angle":45.0,"axis":"z","origin":[8.0,7.0,8.0]},"faces":{"north":{"uv":[7.5,5.0,5.0,7.5],"rotation":270.0,"texture":"#0"},"east":{"uv":[12.0,0.0,6.0,6.0],"rotation":90.0,"texture":"#0"},"south":{"uv":[5.0,5.0,7.5,7.5],"rotation":90.0,"texture":"#0"},"west":{"uv":[6.0,6.0,0.0,12.0],"rotation":90.0,"texture":"#0"},"up":{"uv":[6.0,0.0,0.0,6.0],"rotation":90.0,"texture":"#0"},"down":{"uv":[6.0,0.0,0.0,6.0],"rotation":90.0,"texture":"#0"}}},{"from":[5.5,14.0,8.0],"to":[10.5,19.0,8.0],"rotation":{"angle":0.0,"axis":"z","origin":[8.0,7.0,8.0]},"faces":{"north":{"uv":[5.0,5.0,7.5,7.5],"rotation":90.0,"texture":"#0"},"east":{"uv":[0.0,6.0,6.0,12.0],"rotation":270.0,"texture":"#0"},"south":{"uv":[7.5,5.0,5.0,7.5],"rotation":270.0,"texture":"#0"},"west":{"uv":[6.0,0.0,12.0,6.0],"rotation":270.0,"texture":"#0"},"up":{"uv":[0.0,0.0,6.0,6.0],"rotation":270.0,"texture":"#0"},"down":{"uv":[0.0,0.0,6.0,6.0],"rotation":270.0,"texture":"#0"}}},{"from":[15.0,4.5,8.0],"to":[20.0,9.5,8.0],"rotation":{"angle":45.0,"axis":"z","origin":[8.0,7.0,8.0]},"faces":{"north":{"uv":[5.0,5.0,7.5,7.5],"texture":"#0"},"east":{"uv":[0.0,0.0,6.0,6.0],"texture":"#0"},"south":{"uv":[7.5,5.0,5.0,7.5],"texture":"#0"},"west":{"uv":[0.0,0.0,6.0,6.0],"texture":"#0"},"up":{"uv":[6.0,0.0,12.0,6.0],"texture":"#0"},"down":{"uv":[0.0,6.0,6.0,12.0],"texture":"#0"}}},{"from":[15.0,4.5,8.0],"to":[20.0,9.5,8.0],"rotation":{"angle":0.0,"axis":"z","origin":[8.0,7.0,8.0]},"faces":{"north":{"uv":[5.0,5.0,7.5,7.5],"texture":"#0"},"east":{"uv":[0.0,0.0,6.0,6.0],"texture":"#0"},"south":{"uv":[7.5,5.0,5.0,7.5],"texture":"#0"},"west":{"uv":[0.0,0.0,6.0,6.0],"texture":"#0"},"up":{"uv":[6.0,0.0,12.0,6.0],"texture":"#0"},"down":{"uv":[0.0,6.0,6.0,12.0],"texture":"#0"}}},{"from":[5.5,-5.0,8.0],"to":[10.5,0.0,8.0],"rotation":{"angle":45.0,"axis":"z","origin":[8.0,7.0,8.0]},"faces":{"north":{"uv":[5.0,5.0,7.5,7.5],"rotation":270.0,"texture":"#0"},"east":{"uv":[6.0,0.0,12.0,6.0],"rotation":90.0,"texture":"#0"},"south":{"uv":[7.5,5.0,5.0,7.5],"rotation":90.0,"texture":"#0"},"west":{"uv":[0.0,6.0,6.0,12.0],"rotation":90.0,"texture":"#0"},"up":{"uv":[0.0,0.0,6.0,6.0],"rotation":90.0,"texture":"#0"},"down":{"uv":[0.0,0.0,6.0,6.0],"rotation":90.0,"texture":"#0"}}},{"from":[5.5,-5.0,8.0],"to":[10.5,0.0,8.0],"rotation":{"angle":0.0,"axis":"z","origin":[8.0,7.0,8.0]},"faces":{"north":{"uv":[7.5,5.0,5.0,7.5],"rotation":90.0,"texture":"#0"},"east":{"uv":[6.0,6.0,0.0,12.0],"rotation":270.0,"texture":"#0"},"south":{"uv":[5.0,5.0,7.5,7.5],"rotation":270.0,"texture":"#0"},"west":{"uv":[12.0,0.0,6.0,6.0],"rotation":270.0,"texture":"#0"},"up":{"uv":[6.0,0.0,0.0,6.0],"rotation":270.0,"texture":"#0"},"down":{"uv":[6.0,0.0,0.0,6.0],"rotation":270.0,"texture":"#0"}}},{"from":[-4.0,4.5,8.0],"to":[1.0,9.5,8.0],"rotation":{"angle":45.0,"axis":"z","origin":[8.0,7.0,8.0]},"faces":{"north":{"uv":[7.5,5.0,5.0,7.5],"texture":"#0"},"east":{"uv":[6.0,0.0,0.0,6.0],"texture":"#0"},"south":{"uv":[5.0,5.0,7.5,7.5],"texture":"#0"},"west":{"uv":[6.0,0.0,0.0,6.0],"texture":"#0"},"up":{"uv":[12.0,0.0,6.0,6.0],"texture":"#0"},"down":{"uv":[6.0,6.0,0.0,12.0],"texture":"#0"}}},{"name":"cube inverted","from":[13.6,12.6,13.6],"to":[2.4,1.4,2.4],"rotation":{"angle":0.0,"axis":"x","origin":[8.0,9.5,8.0]},"faces":{"north":{"uv":[8.0,5.0,8.5,5.5],"texture":"#0"},"east":{"uv":[8.0,5.0,8.5,5.5],"texture":"#0"},"south":{"uv":[8.0,5.0,8.5,5.5],"texture":"#0"},"west":{"uv":[8.0,5.0,8.5,5.5],"texture":"#0"},"up":{"uv":[8.0,5.0,8.5,5.5],"texture":"#0"},"down":{"uv":[8.0,5.0,8.5,5.5],"texture":"#0"}}},{"name":"cube inverted","from":[14.2,13.2,14.2],"to":[1.8,0.8,1.8],"rotation":{"angle":0.0,"axis":"x","origin":[8.0,9.5,8.0]},"faces":{"north":{"uv":[8.5,5.0,9.0,5.5],"texture":"#0"},"east":{"uv":[8.5,5.0,9.0,5.5],"texture":"#0"},"south":{"uv":[8.5,5.0,9.0,5.5],"texture":"#0"},"west":{"uv":[8.5,5.0,9.0,5.5],"texture":"#0"},"up":{"uv":[8.5,5.0,9.0,5.5],"texture":"#0"},"down":{"uv":[8.5,5.0,9.0,5.5],"texture":"#0"}}}],"gui_light":"front","groups":[0.0,1.0,{"name":"group","origin":[8.5,9.5,8.0],"color":0.0,"nbt":"{}","armAnimationEnabled":false,"children":[2.0,3.0,4.0,5.0]},{"name":"group","origin":[8.5,9.5,8.0],"color":0.0,"nbt":"{}","armAnimationEnabled":false,"children":[6.0,7.0,8.0,9.0]},{"name":"group","origin":[8.0,7.0,8.0],"color":0.0,"nbt":"{}","armAnimationEnabled":false,"children":[10.0,11.0,12.0,13.0,14.0,15.0,16.0,17.0]},{"name":"group","origin":[8.0,7.0,8.0],"color":0.0,"nbt":"{}","armAnimationEnabled":false,"children":[18.0,19.0,20.0,21.0,22.0,23.0,24.0,25.0]},{"name":"group","origin":[8.0,7.0,8.0],"color":0.0,"nbt":"{}","armAnimationEnabled":false,"children":[26.0,27.0,28.0,29.0,30.0,31.0,32.0,33.0]},34.0,35.0]}