{"textures":{"1":"mcc:island_cosmetics/general/hat/jungle_flower/jungle_flower"},"elements":[{"from":[7.0,8.0,7.0],"to":[9.0,14.0,9.0],"rotation":{"angle":45.0,"axis":"y","origin":[8.0,10.5,8.0]},"faces":{"north":{"uv":[0.0,0.0,2.0,6.0],"texture":"#1"},"east":{"uv":[2.0,0.0,0.0,6.0],"texture":"#1"},"south":{"uv":[0.0,0.0,2.0,6.0],"texture":"#1"},"west":{"uv":[2.0,0.0,0.0,6.0],"texture":"#1"},"up":{"uv":[14.0,2.0,12.0,0.0],"texture":"#1"},"down":{"uv":[14.0,2.0,12.0,4.0],"texture":"#1"}}},{"from":[8.0,9.0,3.5],"to":[8.0,17.0,12.5],"rotation":{"angle":0.0,"axis":"y","origin":[8.0,10.0,8.0]},"faces":{"north":{"uv":[18.0,21.0,18.0,41.0],"texture":"#1"},"east":{"uv":[2.0,0.0,11.0,8.0],"texture":"#1"},"south":{"uv":[19.0,21.0,19.0,41.0],"texture":"#1"},"west":{"uv":[2.0,0.0,11.0,8.0],"texture":"#1"},"up":{"uv":[20.0,40.0,20.0,21.0],"texture":"#1"},"down":{"uv":[21.0,21.0,21.0,40.0],"texture":"#1"}}},{"from":[8.0,9.0,3.5],"to":[8.0,17.0,12.5],"rotation":{"angle":0.0,"axis":"y","origin":[8.0,10.0,8.0]},"faces":{"north":{"uv":[18.0,21.0,18.0,41.0],"texture":"#1"},"east":{"uv":[2.0,0.0,11.0,8.0],"texture":"#1"},"south":{"uv":[19.0,21.0,19.0,41.0],"texture":"#1"},"west":{"uv":[2.0,0.0,11.0,8.0],"texture":"#1"},"up":{"uv":[20.0,40.0,20.0,21.0],"texture":"#1"},"down":{"uv":[21.0,21.0,21.0,40.0],"texture":"#1"}}},{"from":[8.0,0.0,7.0],"to":[8.0,8.0,9.0],"rotation":{"angle":0.0,"axis":"y","origin":[8.0,10.0,1.5]},"faces":{"north":{"uv":[18.0,21.0,18.0,41.0],"texture":"#1"},"east":{"uv":[0.0,6.0,2.0,14.0],"texture":"#1"},"south":{"uv":[19.0,21.0,19.0,41.0],"texture":"#1"},"west":{"uv":[0.0,6.0,2.0,14.0],"texture":"#1"},"up":{"uv":[20.0,40.0,20.0,21.0],"texture":"#1"},"down":{"uv":[21.0,21.0,21.0,40.0],"texture":"#1"}}},{"from":[7.0,0.0,8.0],"to":[9.0,8.0,8.0],"rotation":{"angle":0.0,"axis":"y","origin":[8.0,4.0,8.0]},"faces":{"north":{"uv":[0.0,6.0,2.0,14.0],"texture":"#1"},"east":{"uv":[19.0,21.0,19.0,41.0],"texture":"#1"},"south":{"uv":[0.0,6.0,2.0,14.0],"texture":"#1"},"west":{"uv":[18.0,21.0,18.0,41.0],"texture":"#1"},"up":{"uv":[20.0,40.0,20.0,21.0],"texture":"#1","rotation":270},"down":{"uv":[21.0,21.0,21.0,40.0],"texture":"#1","rotation":90}}},{"from":[6.0,5.0,8.0],"to":[10.0,5.0,12.0],"rotation":{"angle":-22.5,"axis":"x","origin":[6.0,5.0,8.0]},"faces":{"north":{"uv":[0.0,0.0,4.0,0.0],"texture":"#1"},"east":{"uv":[0.0,0.0,4.0,0.0],"texture":"#1"},"south":{"uv":[0.0,0.0,4.0,0.0],"texture":"#1"},"west":{"uv":[0.0,0.0,4.0,0.0],"texture":"#1"},"up":{"uv":[2.0,8.0,6.0,12.0],"texture":"#1"},"down":{"uv":[2.0,12.0,6.0,8.0],"texture":"#1"}}},{"from":[6.0,6.53073,11.69475],"to":[10.0,6.53073,15.69475],"rotation":{"angle":22.5,"axis":"x","origin":[6.0,6.53073,11.69475]},"faces":{"north":{"uv":[0.0,0.0,4.0,0.0],"texture":"#1"},"east":{"uv":[0.0,0.0,4.0,0.0],"texture":"#1"},"south":{"uv":[0.0,0.0,4.0,0.0],"texture":"#1"},"west":{"uv":[0.0,0.0,4.0,0.0],"texture":"#1"},"up":{"uv":[6.0,8.0,10.0,12.0],"texture":"#1"},"down":{"uv":[6.0,12.0,10.0,8.0],"texture":"#1"}}},{"from":[6.0,5.22233,4.01162],"to":[10.0,5.22233,8.01162],"rotation":{"angle":22.5,"axis":"x","origin":[8.0,4.51537,4.30486]},"faces":{"north":{"uv":[4.0,0.0,0.0,0.0],"texture":"#1"},"east":{"uv":[4.0,0.0,0.0,0.0],"texture":"#1"},"south":{"uv":[4.0,0.0,0.0,0.0],"texture":"#1"},"west":{"uv":[4.0,0.0,0.0,0.0],"texture":"#1"},"up":{"uv":[2.0,12.0,6.0,8.0],"texture":"#1"},"down":{"uv":[2.0,8.0,6.0,12.0],"texture":"#1"}}},{"from":[6.0,5.22233,0.59811],"to":[10.0,5.22233,4.59811],"rotation":{"angle":-22.5,"axis":"x","origin":[8.0,4.51537,4.30486]},"faces":{"north":{"uv":[4.0,0.0,0.0,0.0],"texture":"#1"},"east":{"uv":[4.0,0.0,0.0,0.0],"texture":"#1"},"south":{"uv":[4.0,0.0,0.0,0.0],"texture":"#1"},"west":{"uv":[4.0,0.0,0.0,0.0],"texture":"#1"},"up":{"uv":[6.0,12.0,10.0,8.0],"texture":"#1"},"down":{"uv":[6.0,8.0,10.0,12.0],"texture":"#1"}}},{"from":[0.59811,3.47233,6.0],"to":[4.59811,3.47233,10.0],"rotation":{"angle":22.5,"axis":"z","origin":[4.30486,2.76537,8.0]},"faces":{"north":{"uv":[4.0,0.0,0.0,0.0],"texture":"#1"},"east":{"uv":[4.0,0.0,0.0,0.0],"texture":"#1"},"south":{"uv":[4.0,0.0,0.0,0.0],"texture":"#1"},"west":{"uv":[4.0,0.0,0.0,0.0],"texture":"#1"},"up":{"uv":[6.0,12.0,10.0,8.0],"texture":"#1","rotation":270},"down":{"uv":[6.0,8.0,10.0,12.0],"texture":"#1","rotation":90}}},{"from":[4.0,2.0,6.0],"to":[8.0,2.0,10.0],"rotation":{"angle":-22.5,"axis":"z","origin":[8.0,2.0,8.0]},"faces":{"north":{"uv":[4.0,0.0,0.0,0.0],"texture":"#1"},"east":{"uv":[4.0,0.0,0.0,0.0],"texture":"#1"},"south":{"uv":[4.0,0.0,0.0,0.0],"texture":"#1"},"west":{"uv":[4.0,0.0,0.0,0.0],"texture":"#1"},"up":{"uv":[2.0,12.0,6.0,8.0],"texture":"#1","rotation":270},"down":{"uv":[2.0,8.0,6.0,12.0],"texture":"#1","rotation":90}}},{"from":[8.0,6.5,6.0],"to":[12.0,6.5,10.0],"rotation":{"angle":22.5,"axis":"z","origin":[8.0,6.5,8.0]},"faces":{"north":{"uv":[0.0,0.0,4.0,0.0],"texture":"#1"},"east":{"uv":[0.0,0.0,4.0,0.0],"texture":"#1"},"south":{"uv":[0.0,0.0,4.0,0.0],"texture":"#1"},"west":{"uv":[0.0,0.0,4.0,0.0],"texture":"#1"},"up":{"uv":[2.0,8.0,6.0,12.0],"texture":"#1","rotation":270},"down":{"uv":[2.0,12.0,6.0,8.0],"texture":"#1","rotation":90}}},{"from":[11.40189,7.97233,6.0],"to":[15.40189,7.97233,10.0],"rotation":{"angle":-22.5,"axis":"z","origin":[11.69514,7.26537,8.0]},"faces":{"north":{"uv":[0.0,0.0,4.0,0.0],"texture":"#1"},"east":{"uv":[0.0,0.0,4.0,0.0],"texture":"#1"},"south":{"uv":[0.0,0.0,4.0,0.0],"texture":"#1"},"west":{"uv":[0.0,0.0,4.0,0.0],"texture":"#1"},"up":{"uv":[6.0,8.0,10.0,12.0],"texture":"#1","rotation":270},"down":{"uv":[6.0,12.0,10.0,8.0],"texture":"#1","rotation":90}}}],"display":{"thirdperson_righthand":{"translation":[0.0,2.5,1.5],"rotation":[0.0,10.0,0.0]},"firstperson_righthand":{"scale":[0.8,0.8,0.8]},"firstperson_lefthand":{"scale":[0.8,0.8,0.8]},"ground":{"scale":[0.5,0.5,0.5]},"gui":{"translation":[0.0,-0.5,0.0],"rotation":[14.24,56.11,-0.01],"scale":[0.8,0.8,0.8]},"head":{"translation":[-3.25,14.75,1.5],"rotation":[173.12,-38.67,158.6],"scale":[1.6,1.6,1.6]},"fixed":{"translation":[0.0,0.0,-2.5],"rotation":[0.0,-66.0,0.0]}},"gui_light":"front"}