{"textures":{"1":"mcc:island_cosmetics/general/hat/wick/wick","2":"mcc:island_cosmetics/general/hat/wick/wick_anim","particle":"mcc:island_cosmetics/general/hat/8_ball/8_ball"},"elements":[{"from":[3.0,1.0,3.0],"to":[13.0,12.0,13.0],"faces":{"north":{"uv":[0.0,0.0,10.0,11.0],"texture":"#2"},"east":{"uv":[0.0,5.5,5.0,11.0],"texture":"#1"},"south":{"uv":[0.0,5.5,5.0,11.0],"texture":"#1"},"west":{"uv":[0.0,5.5,5.0,11.0],"texture":"#1"},"up":{"uv":[4.25,0.25,4.75,0.75],"texture":"#1"},"down":{"uv":[5.25,0.25,5.75,0.75],"texture":"#1"}}},{"from":[2.6,-2.4,2.6],"to":[13.4,1.4,13.4],"faces":{"north":{"uv":[0.0,12.0,10.0,15.0],"texture":"#2"},"east":{"uv":[0.0,13.5,5.0,15.0],"texture":"#1"},"south":{"uv":[10.0,12.0,0.0,15.0],"texture":"#2"},"west":{"uv":[0.0,13.5,5.0,15.0],"texture":"#1"},"up":{"uv":[1.0,10.0,1.5,10.5],"texture":"#1"}}},{"from":[2.8,-0.2,2.8],"to":[13.2,1.2,13.2],"faces":{"north":{"uv":[0.0,11.0,5.0,11.5],"texture":"#1"},"east":{"uv":[0.0,11.0,5.0,11.5],"texture":"#1"},"south":{"uv":[0.0,11.0,5.0,11.5],"texture":"#1"},"west":{"uv":[0.0,11.0,5.0,11.5],"texture":"#1"},"up":{"uv":[5.0,6.5,10.0,11.5],"texture":"#1"},"down":{"uv":[5.0,6.5,10.0,11.5],"texture":"#1"}}},{"from":[2.6,6.6,2.6],"to":[13.4,12.4,13.4],"faces":{"north":{"uv":[5.0,0.0,10.0,2.5],"texture":"#1"},"east":{"uv":[10.0,0.0,5.0,2.5],"texture":"#1"},"south":{"uv":[5.0,0.0,10.0,2.5],"texture":"#1"},"west":{"uv":[10.0,0.0,5.0,2.5],"texture":"#1"},"up":{"uv":[10.0,0.0,15.0,5.0],"texture":"#1"}}},{"from":[5.5,12.0,8.0],"to":[10.5,21.0,8.0],"rotation":{"angle":0.0,"axis":"y","origin":[-0.5,0.0,0.0]},"faces":{"north":{"uv":[10.0,0.0,15.0,9.0],"texture":"#2"},"east":{"uv":[0.0,0.0,0.0,9.0],"texture":"#2"},"south":{"uv":[10.0,0.0,15.0,9.0],"texture":"#2"},"west":{"uv":[0.0,0.0,0.0,9.0],"texture":"#2"},"up":{"uv":[0.0,0.0,1.0,1.0],"texture":"#2"},"down":{"uv":[0.0,0.0,1.0,1.0],"texture":"#2"}}},{"from":[8.0,12.0,5.5],"to":[8.0,21.0,10.5],"rotation":{"angle":0.0,"axis":"y","origin":[8.0,38.0,8.0]},"faces":{"north":{"uv":[0.0,0.0,0.0,9.0],"texture":"#2"},"east":{"uv":[10.0,0.0,15.0,9.0],"texture":"#2"},"south":{"uv":[0.0,0.0,0.0,9.0],"texture":"#2"},"west":{"uv":[10.0,0.0,15.0,9.0],"texture":"#2"},"up":{"uv":[0.0,0.0,1.0,1.0],"texture":"#2","rotation":90},"down":{"uv":[0.0,0.0,1.0,1.0],"texture":"#2","rotation":270}}},{"from":[13.4,1.4,13.4],"to":[2.6,-2.4,2.6],"faces":{"north":{"uv":[10.0,15.0,0.0,12.0],"texture":"#2"},"east":{"uv":[0.0,15.0,5.0,13.5],"texture":"#1"},"south":{"uv":[0.0,15.0,10.0,12.0],"texture":"#2"},"west":{"uv":[0.0,15.0,5.0,13.5],"texture":"#1"},"down":{"uv":[1.5,10.0,1.0,10.5],"texture":"#1"}}}],"display":{"thirdperson_righthand":{"translation":[0.0,1.0,-1.0],"rotation":[63.0,34.0,0.0],"scale":[0.52539,0.52539,0.52539]},"thirdperson_lefthand":{"translation":[0.0,1.0,-1.0],"rotation":[63.0,34.0,0.0],"scale":[0.52539,0.52539,0.52539]},"firstperson_righthand":{"translation":[9.5,0.0,-5.75],"rotation":[3.0,112.0,-13.0],"scale":[0.41992,0.41992,0.41992]},"firstperson_lefthand":{"translation":[9.5,0.0,-5.75],"rotation":[3.0,112.0,-13.0],"scale":[0.41992,0.41992,0.41992]},"ground":{"translation":[0.0,4.25,0.0],"scale":[0.28906,0.28906,0.28906]},"gui":{"translation":[0.0,0.25,0.0],"rotation":[-149.61,-31.92,-180.0],"scale":[0.71093,0.71093,0.71093]},"head":{"translation":[0.0,5.5,0.0],"scale":[1.65,1.65,1.65]},"fixed":{"translation":[0.0,-3.25,-7.5]}},"credit":"Made with Blockbench","gui_light":"front"}