{"textures":{"1":"mcc:island_cosmetics/general/hat/football_helmet/football_helmet"},"display":{"thirdperson_righthand":{"translation":[0.0,1.0,0.75],"rotation":[55.5,34.0,0.0],"scale":[0.52539,0.52539,0.52539]},"thirdperson_lefthand":{"translation":[0.0,1.0,0.75],"rotation":[55.5,34.0,0.0],"scale":[0.52539,0.52539,0.52539]},"firstperson_righthand":{"translation":[9.5,0.0,-5.75],"rotation":[21.0,114.5,-13.75],"scale":[0.41992,0.41992,0.41992]},"firstperson_lefthand":{"translation":[9.5,0.0,-5.75],"rotation":[21.0,114.5,-13.75],"scale":[0.41992,0.41992,0.41992]},"gui":{"translation":[-0.25,2.75,0.0],"rotation":[-149.61,-31.92,-180.0],"scale":[0.80664,0.80664,0.80664]},"head":{"translation":[0.0,5.25,0.0],"scale":[1.6586,1.6586,1.6586]}},"credit":"Made with Blockbench","texture_size":[32.0,32.0],"elements":[{"from":[3.0,0.0,3.0],"to":[13.0,10.0,13.0],"rotation":{"angle":0.0,"axis":"x","origin":[8.0,9.5,7.0]},"faces":{"north":{"uv":[0.0,0.0,5.0,5.0],"texture":"#1","tintindex":0.0},"east":{"uv":[5.0,0.0,10.0,5.0],"texture":"#1","tintindex":0.0},"south":{"uv":[0.0,5.0,5.0,10.0],"texture":"#1","tintindex":0.0},"west":{"uv":[10.0,0.0,5.0,5.0],"texture":"#1","tintindex":0.0},"up":{"uv":[10.0,0.0,15.0,5.0],"texture":"#1","tintindex":0.0}}},{"from":[3.0,0.0,3.0],"to":[13.0,10.0,13.0],"rotation":{"angle":0.0,"axis":"x","origin":[8.0,9.5,7.0]},"faces":{"north":{"uv":[10.5,5.5,15.5,10.5],"texture":"#1"},"east":{"uv":[0.0,11.0,5.0,16.0],"texture":"#1"},"south":{"uv":[10.0,11.0,15.0,16.0],"texture":"#1"},"west":{"uv":[5.0,11.0,0.0,16.0],"texture":"#1"},"up":{"uv":[5.0,11.0,10.0,16.0],"texture":"#1"}}},{"from":[2.75,1.0,-1.0],"to":[13.25,6.0,4.0],"rotation":{"angle":-22.5,"axis":"x","origin":[8.0,9.5,7.0]},"faces":{"north":{"uv":[5.0,5.0,10.0,7.5],"texture":"#1"},"east":{"uv":[5.0,7.5,7.5,10.0],"texture":"#1"},"west":{"uv":[7.5,7.5,5.0,10.0],"texture":"#1"}}},{"name":"cube inverted","from":[13.0,10.0,13.0],"to":[3.0,0.0,3.0],"rotation":{"angle":0.0,"axis":"x","origin":[8.0,9.5,7.0]},"faces":{"north":{"uv":[0.0,10.0,5.0,5.0],"texture":"#1","tintindex":0.0},"east":{"uv":[10.0,5.0,5.0,0.0],"texture":"#1","tintindex":0.0},"south":{"uv":[0.0,5.0,5.0,0.0],"texture":"#1","tintindex":0.0},"west":{"uv":[5.0,5.0,10.0,0.0],"texture":"#1","tintindex":0.0},"down":{"uv":[15.0,0.0,10.0,5.0],"texture":"#1","tintindex":0.0}}},{"name":"cube inverted","from":[13.0,10.0,13.0],"to":[3.0,0.0,3.0],"rotation":{"angle":0.0,"axis":"x","origin":[8.0,9.5,7.0]},"faces":{"north":{"uv":[10.0,16.0,15.0,11.0],"texture":"#1"},"east":{"uv":[5.0,16.0,0.0,11.0],"texture":"#1"},"south":{"uv":[10.5,10.5,15.5,5.5],"texture":"#1"},"west":{"uv":[0.0,16.0,5.0,11.0],"texture":"#1"},"down":{"uv":[10.0,11.0,5.0,16.0],"texture":"#1"}}},{"name":"cube inverted","from":[13.25,6.0,4.0],"to":[2.75,1.0,-1.0],"rotation":{"angle":-22.5,"axis":"x","origin":[8.0,9.5,7.0]},"faces":{"east":{"uv":[7.5,10.0,5.0,7.5],"texture":"#1"},"south":{"uv":[5.0,7.5,10.0,5.0],"texture":"#1"},"west":{"uv":[5.0,10.0,7.5,7.5],"texture":"#1"}}}],"gui_light":"front"}