{"textures":{"1":"mcc:island_cosmetics/general/hat/astronaut_helmet/open","2":"mcc:island_cosmetics/general/accessory/ray_blaster/glow","particle":"mcc:island_cosmetics/general/accessory/ray_blaster/glow"},"display":{"thirdperson_righthand":{"translation":[0.0,1.0,0.75],"rotation":[55.5,34.0,0.0],"scale":[0.52539,0.52539,0.52539]},"thirdperson_lefthand":{"translation":[0.0,1.0,0.75],"rotation":[55.5,34.0,0.0],"scale":[0.52539,0.52539,0.52539]},"firstperson_righthand":{"translation":[9.5,0.0,-5.75],"rotation":[21.0,114.5,-13.75],"scale":[0.41992,0.41992,0.41992]},"firstperson_lefthand":{"translation":[9.5,0.0,-5.75],"rotation":[21.0,114.5,-13.75],"scale":[0.41992,0.41992,0.41992]},"ground":{"translation":[0.0,15.0,0.0],"scale":[0.76367,0.76367,0.76367]},"gui":{"translation":[-0.25,0.0,0.0],"rotation":[-149.61,-31.92,-180.0],"scale":[0.60352,0.60352,0.60352]},"head":{"translation":[0.0,3.25,-1.0],"rotation":[-10.5,0.0,0.0],"scale":[1.6293,1.6293,1.6293]}},"credit":"Made with Blockbench","texture_size":[64.0,64.0],"elements":[{"from":[2.5,1.0,2.0],"to":[13.5,11.0,13.0],"rotation":{"angle":0.0,"axis":"x","origin":[7.5,12.5,8.0]},"faces":{"north":{"uv":[9.25,0.25,12.0,2.75],"texture":"#1","tintindex":0.0},"east":{"uv":[9.25,3.0,12.0,5.5],"texture":"#1","tintindex":0.0},"south":{"uv":[6.0,0.5,8.75,3.0],"texture":"#1","tintindex":0.0},"west":{"uv":[12.0,3.0,9.25,5.5],"texture":"#1","tintindex":0.0},"up":{"uv":[2.5,3.5,5.25,6.25],"texture":"#1","tintindex":0.0}}},{"from":[2.3,0.8,1.8],"to":[13.7,11.2,10.2],"rotation":{"angle":0.0,"axis":"x","origin":[7.5,12.5,8.0]},"faces":{"north":{"uv":[6.0,8.25,3.25,10.75],"texture":"#1"},"east":{"uv":[6.0,8.25,8.0,10.75],"texture":"#1"},"west":{"uv":[8.0,8.25,6.0,10.75],"texture":"#1"},"up":{"uv":[0.5,8.25,3.25,10.25],"texture":"#1"}}},{"from":[13.0,2.0,5.0],"to":[15.0,7.0,10.0],"rotation":{"angle":0.0,"axis":"x","origin":[8.5,12.5,7.5]},"faces":{"north":{"uv":[9.5,5.75,9.75,7.0],"texture":"#1"},"east":{"uv":[9.5,5.75,10.75,7.0],"texture":"#1"},"south":{"uv":[9.5,5.75,9.75,7.0],"texture":"#1"},"west":{"uv":[9.5,5.75,10.75,7.0],"texture":"#1"},"up":{"uv":[9.5,5.75,10.75,6.0],"rotation":90.0,"texture":"#1"},"down":{"uv":[9.5,5.75,10.75,6.0],"rotation":90.0,"texture":"#1"}}},{"from":[13.0,2.0,5.0],"to":[15.0,7.0,10.0],"rotation":{"angle":0.0,"axis":"x","origin":[8.5,12.5,7.5]},"faces":{"east":{"uv":[10.75,5.75,12.0,7.0],"texture":"#1","tintindex":0.0},"west":{"uv":[10.75,5.75,12.0,7.0],"texture":"#1","tintindex":0.0}}},{"from":[1.0,2.0,5.0],"to":[3.0,7.0,10.0],"rotation":{"angle":0.0,"axis":"x","origin":[7.5,12.5,7.5]},"faces":{"north":{"uv":[9.75,5.75,9.5,7.0],"texture":"#1"},"east":{"uv":[10.75,5.75,9.5,7.0],"texture":"#1"},"south":{"uv":[9.75,5.75,9.5,7.0],"texture":"#1"},"west":{"uv":[10.75,5.75,9.5,7.0],"texture":"#1"},"up":{"uv":[9.5,6.0,10.75,5.75],"rotation":90.0,"texture":"#1"},"down":{"uv":[9.5,6.0,10.75,5.75],"rotation":90.0,"texture":"#1"}}},{"from":[1.0,2.0,5.0],"to":[3.0,7.0,10.0],"rotation":{"angle":0.0,"axis":"x","origin":[7.5,12.5,7.5]},"faces":{"east":{"uv":[12.0,5.75,10.75,7.0],"texture":"#1","tintindex":0.0},"west":{"uv":[12.0,5.75,10.75,7.0],"texture":"#1","tintindex":0.0}}},{"from":[2.0,-1.0,1.5],"to":[14.0,2.0,13.5],"rotation":{"angle":0.0,"axis":"x","origin":[7.5,9.0,7.75]},"faces":{"north":{"uv":[9.0,7.0,12.0,7.75],"texture":"#1"},"east":{"uv":[9.0,7.0,12.0,7.75],"texture":"#1"},"south":{"uv":[9.0,7.0,12.0,7.75],"texture":"#1"},"west":{"uv":[9.0,7.0,12.0,7.75],"texture":"#1"},"up":{"uv":[9.0,8.5,12.0,11.5],"texture":"#1","tintindex":0.0},"down":{"uv":[9.0,8.5,12.0,11.5],"texture":"#1"}}},{"from":[6.0,4.0,17.5],"to":[7.0,14.0,18.5],"rotation":{"angle":22.5,"axis":"x","origin":[6.5,12.0,15.0]},"faces":{"north":{"uv":[15.75,6.5,16.0,9.0],"texture":"#1"},"east":{"uv":[15.75,6.5,16.0,9.0],"texture":"#1"},"south":{"uv":[15.75,6.5,16.0,9.0],"texture":"#1"},"west":{"uv":[15.75,6.5,16.0,9.0],"texture":"#1"},"up":{"uv":[15.75,6.5,16.0,6.75],"texture":"#1"},"down":{"uv":[15.75,6.5,16.0,6.75],"texture":"#1"}}},{"from":[4.0,0.0,12.5],"to":[12.0,4.0,16.5],"rotation":{"angle":-22.5,"axis":"x","origin":[8.0,0.5,15.0]},"faces":{"north":{"uv":[14.0,4.25,16.0,5.25],"texture":"#1","tintindex":0.0},"east":{"uv":[14.0,3.25,13.0,4.25],"texture":"#1","tintindex":0.0},"south":{"uv":[14.0,3.25,16.0,4.25],"texture":"#1","tintindex":0.0},"west":{"uv":[13.0,3.25,14.0,4.25],"texture":"#1","tintindex":0.0},"up":{"uv":[14.0,5.25,16.0,6.25],"texture":"#1","tintindex":0.0},"down":{"uv":[14.0,4.25,16.0,5.25],"texture":"#1","tintindex":0.0}}},{"from":[2.0,-1.0,1.5],"to":[14.0,2.0,13.5],"rotation":{"angle":0.0,"axis":"x","origin":[7.5,9.0,7.75]},"faces":{"north":{"uv":[5.0,11.25,8.0,12.0],"texture":"#1","tintindex":0.0},"east":{"uv":[5.0,11.25,8.0,12.0],"texture":"#1","tintindex":0.0},"south":{"uv":[5.0,11.25,8.0,12.0],"texture":"#1","tintindex":0.0},"west":{"uv":[5.0,11.25,8.0,12.0],"texture":"#1","tintindex":0.0}}},{"name":"cube inverted","from":[13.7,11.2,10.2],"to":[2.3,0.8,1.8],"rotation":{"angle":0.0,"axis":"x","origin":[7.5,12.5,8.0]},"faces":{"east":{"uv":[8.0,10.75,6.0,8.25],"texture":"#1"},"south":{"uv":[6.0,10.75,3.25,8.25],"texture":"#1"},"west":{"uv":[6.0,10.75,8.0,8.25],"texture":"#1"},"down":{"uv":[3.25,8.25,0.5,10.25],"texture":"#1"}}},{"name":"cube inverted","from":[13.5,11.0,13.0],"to":[2.5,1.0,2.0],"rotation":{"angle":0.0,"axis":"x","origin":[7.5,12.5,8.0]},"faces":{"north":{"uv":[6.0,3.0,8.75,0.5],"texture":"#1","tintindex":0.0},"east":{"uv":[12.0,5.5,9.25,3.0],"texture":"#1","tintindex":0.0},"south":{"uv":[9.25,2.75,12.0,0.25],"texture":"#1","tintindex":0.0},"west":{"uv":[9.25,5.5,12.0,3.0],"texture":"#1","tintindex":0.0},"down":{"uv":[5.25,3.5,2.5,6.25],"texture":"#1","tintindex":0.0}}},{"from":[5.5,14.0,17.0],"to":[7.5,16.0,19.0],"rotation":{"angle":22.5,"axis":"x","origin":[6.5,12.0,15.0]},"faces":{"north":{"uv":[15.0,6.5,15.5,7.0],"texture":"#1","tintindex":0.0},"east":{"uv":[15.0,6.5,15.5,7.0],"texture":"#1","tintindex":0.0},"south":{"uv":[15.0,6.5,15.5,7.0],"texture":"#1","tintindex":0.0},"west":{"uv":[15.0,6.5,15.5,7.0],"texture":"#1","tintindex":0.0},"up":{"uv":[15.0,6.5,15.5,6.75],"texture":"#1","tintindex":0.0},"down":{"uv":[15.0,6.75,15.5,7.0],"texture":"#1","tintindex":0.0}}},{"name":"cube inverted","from":[8.5,17.0,20.0],"to":[4.5,13.0,16.0],"rotation":{"angle":22.5,"axis":"x","origin":[6.5,12.0,15.0]},"faces":{"north":{"uv":[0.0,0.5,0.5,0.0],"texture":"#2","tintindex":0.0},"east":{"uv":[0.0,0.5,0.5,0.0],"texture":"#2","tintindex":0.0},"south":{"uv":[0.0,0.5,0.5,0.0],"texture":"#2","tintindex":0.0},"west":{"uv":[0.0,0.5,0.5,0.0],"texture":"#2","tintindex":0.0},"up":{"uv":[0.0,0.5,0.5,0.0],"texture":"#2","tintindex":0.0},"down":{"uv":[0.0,0.5,0.5,0.0],"texture":"#2","tintindex":0.0}}}],"gui_light":"front","groups":[{"name":"group","origin":[0.0,0.0,0.0],"color":0.0,"nbt":"{}","armAnimationEnabled":false,"children":[0.0,1.0,2.0,3.0,4.0,5.0,6.0,7.0,8.0,9.0,10.0,11.0]},12.0,13.0]}