{"textures":{"1":"mcc:island_cosmetics/general/hat/moai_head/grooving"},"elements":[{"from":[3.0,-1.5,3.0],"to":[13.0,15.5,13.0],"rotation":{"angle":0.0,"axis":"x","origin":[8.0,9.5,8.0]},"faces":{"north":{"uv":[0.0,6.5,1.66667,9.33334],"texture":"#1"},"east":{"uv":[1.66667,6.5,3.33334,9.33334],"texture":"#1"},"south":{"uv":[0.0,9.5,1.66667,12.33334],"texture":"#1"},"west":{"uv":[3.33334,6.5,1.66667,9.33334],"texture":"#1"},"up":{"uv":[3.33334,6.5,5.0,8.16667],"texture":"#1"},"down":{"uv":[3.33334,8.16667,5.0,9.83334],"texture":"#1"}}},{"from":[2.02,11.67224,2.25463],"to":[13.98,15.63224,5.21463],"rotation":{"angle":22.5,"axis":"x","origin":[9.0,13.65224,2.23463]},"faces":{"north":{"uv":[5.0,7.0,7.0,7.66666],"texture":"#1"},"east":{"uv":[5.5,7.66666,5.0,8.33334],"texture":"#1"},"south":{"uv":[4.83334,10.33334,6.83334,11.0],"texture":"#1"},"west":{"uv":[5.0,7.66666,5.5,8.33334],"texture":"#1"},"up":{"uv":[4.83334,9.83334,6.83334,10.33334],"texture":"#1"},"down":{"uv":[5.0,6.5,7.0,7.0],"texture":"#1"}}},{"from":[5.0,0.65224,-2.76537],"to":[11.0,3.65224,0.23463],"rotation":{"angle":-22.5,"axis":"x","origin":[8.0,12.65224,2.23463]},"faces":{"north":{"uv":[2.66667,9.33334,1.66667,9.83334],"texture":"#1"},"east":{"uv":[1.66667,10.33334,2.16667,10.83334],"texture":"#1"},"south":{"uv":[1.66667,11.66667,1.83333,11.83333],"texture":"#1"},"west":{"uv":[2.16667,10.33334,1.66667,10.83334],"texture":"#1"},"up":{"uv":[2.66667,9.83334,1.66667,10.33334],"texture":"#1"},"down":{"uv":[2.66667,10.83334,1.66667,11.33334],"texture":"#1"}}},{"from":[6.0,3.54121,1.32016],"to":[10.0,12.54121,5.32016],"rotation":{"angle":22.5,"axis":"x","origin":[8.0,6.54121,3.32016]},"faces":{"north":{"uv":[5.0,8.33333,5.66666,9.83333],"texture":"#1"},"east":{"uv":[6.33333,7.66667,5.66667,9.16667],"texture":"#1"},"south":{"uv":[4.0,9.0,4.16667,9.16667],"texture":"#1"},"west":{"uv":[5.66667,7.66667,6.33333,9.16667],"texture":"#1"},"up":{"uv":[6.44445,6.55555,6.66667,6.77777],"texture":"#1"},"down":{"uv":[5.66666,9.16667,6.33334,9.83334],"texture":"#1"}}},{"from":[3.0,-1.0,3.0],"to":[13.0,16.0,13.0],"rotation":{"angle":0.0,"axis":"x","origin":[8.0,10.0,8.0]},"faces":{"north":{"uv":[5.0,0.0,6.66666,2.83334],"texture":"#1"},"east":{"uv":[6.66666,0.0,8.33334,2.83334],"texture":"#1"},"south":{"uv":[5.0,3.0,6.66666,5.83334],"texture":"#1"},"west":{"uv":[8.33334,0.0,6.66666,2.83334],"texture":"#1"},"up":{"uv":[8.33334,0.0,10.0,1.66666],"texture":"#1"},"down":{"uv":[8.33334,1.66666,10.0,3.33334],"texture":"#1"}}},{"from":[2.02,12.17224,2.25463],"to":[13.98,16.13224,5.21463],"rotation":{"angle":22.5,"axis":"x","origin":[9.0,14.15224,2.23463]},"faces":{"north":{"uv":[10.0,0.5,12.0,1.16666],"texture":"#1"},"east":{"uv":[10.5,1.16666,10.0,1.83334],"texture":"#1"},"south":{"uv":[9.83334,3.83334,11.83334,4.5],"texture":"#1"},"west":{"uv":[10.0,1.16666,10.5,1.83334],"texture":"#1"},"up":{"uv":[9.83334,3.33334,11.83334,3.83334],"texture":"#1"},"down":{"uv":[10.0,0.0,12.0,0.5],"texture":"#1"}}},{"from":[5.0,1.15224,-2.76537],"to":[11.0,4.15224,0.23463],"rotation":{"angle":-22.5,"axis":"x","origin":[8.0,13.15224,2.23463]},"faces":{"north":{"uv":[7.66666,2.83334,6.66666,3.33334],"texture":"#1"},"east":{"uv":[6.66666,3.83334,7.16666,4.33334],"texture":"#1"},"south":{"uv":[6.66667,5.16667,6.83333,5.33333],"texture":"#1"},"west":{"uv":[7.16666,3.83334,6.66666,4.33334],"texture":"#1"},"up":{"uv":[7.66666,3.33334,6.66666,3.83334],"texture":"#1"},"down":{"uv":[7.66666,4.33334,6.66666,4.83334],"texture":"#1"}}},{"from":[6.0,4.04121,1.32016],"to":[10.0,13.04121,5.32016],"rotation":{"angle":22.5,"axis":"x","origin":[8.0,7.04121,3.32016]},"faces":{"north":{"uv":[10.0,1.83333,10.66667,3.33333],"texture":"#1"},"east":{"uv":[11.33333,1.16667,10.66667,2.66667],"texture":"#1"},"south":{"uv":[9.0,2.5,9.16667,2.66667],"texture":"#1"},"west":{"uv":[10.66667,1.16667,11.33333,2.66667],"texture":"#1"},"up":{"uv":[11.44445,0.05555,11.66667,0.27777],"texture":"#1"},"down":{"uv":[10.66667,2.66667,11.33334,3.33334],"texture":"#1"}}},{"from":[12.2,2.7,3.7],"to":[14.8,11.3,12.3],"rotation":{"angle":0.0,"axis":"x","origin":[8.0,6.0,8.0]},"faces":{"north":{"uv":[7.5,6.5,7.16667,7.83333],"texture":"#1"},"east":{"uv":[7.5,6.83333,8.83333,8.16667],"texture":"#1"},"south":{"uv":[7.16667,6.5,7.5,7.83333],"texture":"#1"},"west":{"uv":[7.5,6.83333,8.83333,8.16667],"texture":"#1"},"up":{"uv":[7.5,6.83333,8.83333,6.5],"texture":"#1","rotation":90},"down":{"uv":[7.5,6.83333,8.83333,6.5],"texture":"#1","rotation":90}}},{"from":[14.15,2.9,3.9],"to":[17.35,11.1,12.1],"rotation":{"angle":0.0,"axis":"x","origin":[8.0,6.0,8.0]},"faces":{"north":{"uv":[9.33333,6.5,8.83333,7.83333],"texture":"#1","tintindex":0},"east":{"uv":[9.33333,6.5,10.66667,7.83333],"texture":"#1","tintindex":0},"south":{"uv":[8.83333,6.5,9.33333,7.83333],"texture":"#1","tintindex":0},"up":{"uv":[8.83333,8.5,10.16667,8.0],"texture":"#1","tintindex":0,"rotation":90},"down":{"uv":[7.5,8.83333,8.83333,8.33333],"texture":"#1","tintindex":0,"rotation":90}}},{"from":[14.25,3.0,4.0],"to":[17.25,11.0,12.0],"rotation":{"angle":0.0,"axis":"x","origin":[8.0,6.0,8.0]},"faces":{"north":{"uv":[10.66667,7.16667,11.5,7.33333],"texture":"#1","tintindex":0},"east":{"uv":[10.66667,6.5,11.5,7.33333],"texture":"#1","tintindex":0},"south":{"uv":[10.66667,7.16667,11.5,7.33333],"texture":"#1","tintindex":0},"west":{"uv":[10.66667,6.5,11.5,7.33333],"texture":"#1","tintindex":0},"up":{"uv":[10.66667,7.16667,11.5,7.33333],"texture":"#1","tintindex":0},"down":{"uv":[10.66667,7.16667,11.5,7.33333],"texture":"#1","tintindex":0}}},{"from":[-1.35,2.9,3.9],"to":[1.85,11.1,12.1],"rotation":{"angle":0.0,"axis":"x","origin":[8.0,6.0,8.0]},"faces":{"north":{"uv":[8.83333,6.5,9.33333,7.83333],"texture":"#1","tintindex":0},"south":{"uv":[9.33333,6.5,8.83333,7.83333],"texture":"#1","tintindex":0},"west":{"uv":[10.66667,6.5,9.33333,7.83333],"texture":"#1","tintindex":0},"up":{"uv":[8.83333,8.0,10.16667,8.5],"texture":"#1","tintindex":0,"rotation":90},"down":{"uv":[7.5,8.33333,8.83333,8.83333],"texture":"#1","tintindex":0,"rotation":90}}},{"from":[1.2,2.7,3.7],"to":[3.8,11.3,12.3],"rotation":{"angle":0.0,"axis":"x","origin":[8.0,6.0,8.0]},"faces":{"north":{"uv":[7.16667,6.5,7.5,7.83333],"texture":"#1"},"east":{"uv":[8.83333,6.83333,7.5,8.16667],"texture":"#1"},"south":{"uv":[7.5,6.5,7.16667,7.83333],"texture":"#1"},"west":{"uv":[8.83333,6.83333,7.5,8.16667],"texture":"#1"},"up":{"uv":[7.5,6.5,8.83333,6.83333],"texture":"#1","rotation":90},"down":{"uv":[7.5,6.5,8.83333,6.83333],"texture":"#1","rotation":90}}},{"from":[-1.25,3.0,4.0],"to":[1.75,11.0,12.0],"rotation":{"angle":0.0,"axis":"x","origin":[8.0,6.0,8.0]},"faces":{"north":{"uv":[11.5,7.16667,10.66667,7.33333],"texture":"#1","tintindex":0},"east":{"uv":[11.5,6.5,10.66667,7.33333],"texture":"#1","tintindex":0},"south":{"uv":[11.5,7.16667,10.66667,7.33333],"texture":"#1","tintindex":0},"west":{"uv":[11.5,6.5,10.66667,7.33333],"texture":"#1","tintindex":0},"up":{"uv":[11.5,7.16667,10.66667,7.33333],"texture":"#1","tintindex":0},"down":{"uv":[11.5,7.16667,10.66667,7.33333],"texture":"#1","tintindex":0}}},{"from":[0.5,11.0,6.0],"to":[15.5,19.0,10.0],"rotation":{"angle":0.0,"axis":"x","origin":[8.0,6.0,8.0]},"faces":{"north":{"uv":[10.66667,7.33333,12.0,9.83333],"texture":"#1","tintindex":0,"rotation":90},"east":{"uv":[9.16667,8.5,9.83333,9.83333],"texture":"#1","tintindex":0},"south":{"uv":[10.66667,7.33333,12.0,9.83333],"texture":"#1","tintindex":0,"rotation":90},"west":{"uv":[9.16667,8.5,9.83333,9.83333],"texture":"#1","tintindex":0},"up":{"uv":[8.5,9.83333,11.0,10.5],"texture":"#1","tintindex":0}}},{"from":[15.5,19.0,10.0],"to":[0.5,11.0,6.0],"rotation":{"angle":0.0,"axis":"x","origin":[8.0,6.0,8.0]},"faces":{"north":{"uv":[12.0,7.33333,10.66667,9.83333],"texture":"#1","tintindex":0,"rotation":90},"east":{"uv":[9.16667,9.83333,9.83333,8.5],"texture":"#1","tintindex":0},"south":{"uv":[12.0,7.33333,10.66667,9.83333],"texture":"#1","tintindex":0,"rotation":90},"west":{"uv":[9.16667,9.83333,9.83333,8.5],"texture":"#1","tintindex":0},"down":{"uv":[11.0,9.83333,8.5,10.5],"texture":"#1","tintindex":0}}},{"from":[12.2,1.7,3.7],"to":[14.8,10.3,12.3],"rotation":{"angle":0.0,"axis":"x","origin":[8.0,6.0,8.0]},"faces":{"north":{"uv":[0.33333,0.0,0.0,1.33333],"texture":"#1"},"east":{"uv":[0.33333,0.33333,1.66667,1.66667],"texture":"#1"},"south":{"uv":[0.0,0.0,0.33333,1.33333],"texture":"#1"},"west":{"uv":[0.33333,0.33333,1.66667,1.66667],"texture":"#1"},"up":{"uv":[0.33333,0.33333,1.66667,0.0],"texture":"#1","rotation":90},"down":{"uv":[0.33333,0.33333,1.66667,0.0],"texture":"#1","rotation":90}}},{"from":[14.15,1.9,3.9],"to":[17.35,10.1,12.1],"rotation":{"angle":0.0,"axis":"x","origin":[8.0,6.0,8.0]},"faces":{"north":{"uv":[2.16667,0.0,1.66667,1.33333],"texture":"#1","tintindex":0},"east":{"uv":[2.16667,0.0,3.5,1.33333],"texture":"#1","tintindex":0},"south":{"uv":[1.66667,0.0,2.16667,1.33333],"texture":"#1","tintindex":0},"up":{"uv":[1.66667,2.0,3.0,1.5],"texture":"#1","tintindex":0,"rotation":90},"down":{"uv":[0.33333,2.33333,1.66667,1.83333],"texture":"#1","tintindex":0,"rotation":90}}},{"from":[14.25,2.0,4.0],"to":[17.25,10.0,12.0],"rotation":{"angle":0.0,"axis":"x","origin":[8.0,6.0,8.0]},"faces":{"north":{"uv":[3.5,0.66667,4.33333,0.83333],"texture":"#1","tintindex":0},"east":{"uv":[3.5,0.0,4.33333,0.83333],"texture":"#1","tintindex":0},"south":{"uv":[3.5,0.66667,4.33333,0.83333],"texture":"#1","tintindex":0},"west":{"uv":[3.5,0.0,4.33333,0.83333],"texture":"#1","tintindex":0},"up":{"uv":[3.5,0.66667,4.33333,0.83333],"texture":"#1","tintindex":0},"down":{"uv":[3.5,0.66667,4.33333,0.83333],"texture":"#1","tintindex":0}}},{"from":[-1.35,1.9,3.9],"to":[1.85,10.1,12.1],"rotation":{"angle":0.0,"axis":"x","origin":[8.0,6.0,8.0]},"faces":{"north":{"uv":[1.66667,0.0,2.16667,1.33333],"texture":"#1","tintindex":0},"south":{"uv":[2.16667,0.0,1.66667,1.33333],"texture":"#1","tintindex":0},"west":{"uv":[3.5,0.0,2.16667,1.33333],"texture":"#1","tintindex":0},"up":{"uv":[1.66667,1.5,3.0,2.0],"texture":"#1","tintindex":0,"rotation":90},"down":{"uv":[0.33333,1.83333,1.66667,2.33333],"texture":"#1","tintindex":0,"rotation":90}}},{"from":[1.2,1.7,3.7],"to":[3.8,10.3,12.3],"rotation":{"angle":0.0,"axis":"x","origin":[8.0,6.0,8.0]},"faces":{"north":{"uv":[0.0,0.0,0.33333,1.33333],"texture":"#1"},"east":{"uv":[1.66667,0.33333,0.33333,1.66667],"texture":"#1"},"south":{"uv":[0.33333,0.0,0.0,1.33333],"texture":"#1"},"west":{"uv":[1.66667,0.33333,0.33333,1.66667],"texture":"#1"},"up":{"uv":[0.33333,0.0,1.66667,0.33333],"texture":"#1","rotation":90},"down":{"uv":[0.33333,0.0,1.66667,0.33333],"texture":"#1","rotation":90}}},{"from":[-1.25,2.0,4.0],"to":[1.75,10.0,12.0],"rotation":{"angle":0.0,"axis":"x","origin":[8.0,6.0,8.0]},"faces":{"north":{"uv":[4.33333,0.66667,3.5,0.83333],"texture":"#1","tintindex":0},"east":{"uv":[4.33333,0.0,3.5,0.83333],"texture":"#1","tintindex":0},"south":{"uv":[4.33333,0.66667,3.5,0.83333],"texture":"#1","tintindex":0},"west":{"uv":[4.33333,0.0,3.5,0.83333],"texture":"#1","tintindex":0},"up":{"uv":[4.33333,0.66667,3.5,0.83333],"texture":"#1","tintindex":0},"down":{"uv":[4.33333,0.66667,3.5,0.83333],"texture":"#1","tintindex":0}}},{"from":[0.5,10.0,6.0],"to":[15.5,18.0,10.0],"rotation":{"angle":0.0,"axis":"x","origin":[8.0,6.0,8.0]},"faces":{"north":{"uv":[3.5,0.83333,4.83333,3.33333],"texture":"#1","tintindex":0,"rotation":90},"east":{"uv":[2.0,2.0,2.66667,3.33333],"texture":"#1","tintindex":0},"south":{"uv":[3.5,0.83333,4.83333,3.33333],"texture":"#1","tintindex":0,"rotation":90},"west":{"uv":[2.0,2.0,2.66667,3.33333],"texture":"#1","tintindex":0},"up":{"uv":[1.33333,3.33333,3.83333,4.0],"texture":"#1","tintindex":0}}},{"from":[15.5,18.0,10.0],"to":[0.5,10.0,6.0],"rotation":{"angle":0.0,"axis":"x","origin":[8.0,6.0,8.0]},"faces":{"north":{"uv":[4.83333,0.83333,3.5,3.33333],"texture":"#1","tintindex":0,"rotation":90},"east":{"uv":[2.0,3.33333,2.66667,2.0],"texture":"#1","tintindex":0},"south":{"uv":[4.83333,0.83333,3.5,3.33333],"texture":"#1","tintindex":0,"rotation":90},"west":{"uv":[2.0,3.33333,2.66667,2.0],"texture":"#1","tintindex":0},"down":{"uv":[3.83333,3.33333,1.33333,4.0],"texture":"#1","tintindex":0}}},{"from":[2.0,6.25,1.25],"to":[14.0,11.25,10.25],"rotation":{"angle":0.0,"axis":"y","origin":[8.0,5.75,5.75]},"faces":{"north":{"uv":[2.16667,4.0,0.0,4.83333],"texture":"#1","tintindex":0},"east":{"uv":[1.5,5.66667,0.0,6.5],"texture":"#1","tintindex":0},"west":{"uv":[0.0,5.66667,1.5,6.5],"texture":"#1","tintindex":0}}},{"from":[2.0,6.25,1.25],"to":[14.0,11.25,10.25],"rotation":{"angle":0.0,"axis":"y","origin":[8.0,5.75,5.75]},"faces":{"north":{"uv":[2.16667,4.83333,0.0,5.66667],"texture":"#1"}}},{"from":[2.0,7.0,1.25],"to":[14.0,12.0,10.25],"rotation":{"angle":0.0,"axis":"y","origin":[8.0,5.75,5.75]},"faces":{"north":{"uv":[4.5,4.0,2.33333,4.83333],"texture":"#1","tintindex":0},"east":{"uv":[3.83333,5.66667,2.33333,6.5],"texture":"#1","tintindex":0},"west":{"uv":[2.33333,5.66667,3.83333,6.5],"texture":"#1","tintindex":0}}},{"from":[2.0,7.0,1.25],"to":[14.0,12.0,10.25],"rotation":{"angle":0.0,"axis":"y","origin":[8.0,5.75,5.75]},"faces":{"north":{"uv":[4.5,4.83333,2.33333,5.66667],"texture":"#1"}}}],"display":{"thirdperson_righthand":{"translation":[0.0,1.0,0.75],"rotation":[55.5,34.0,0.0],"scale":[0.52539,0.52539,0.52539]},"thirdperson_lefthand":{"translation":[0.0,1.0,0.75],"rotation":[55.5,34.0,0.0],"scale":[0.52539,0.52539,0.52539]},"firstperson_righthand":{"translation":[9.5,0.0,-5.75],"rotation":[21.0,114.5,-13.75],"scale":[0.41992,0.41992,0.41992]},"firstperson_lefthand":{"translation":[9.5,0.0,-5.75],"rotation":[21.0,114.5,-13.75],"scale":[0.41992,0.41992,0.41992]},"ground":{"translation":[0.0,8.5,0.0],"scale":[0.92773,0.92773,0.92773]},"gui":{"rotation":[-149.61,-31.92,-180.0],"scale":[0.65624,0.65624,0.65624]},"head":{"translation":[0.0,4.75,0.0],"scale":[1.6,1.6,1.6]}},"credit":"Made with Blockbench","gui_light":"front"}