{"textures":{"1":"mcc:island_cosmetics/general/hat/zeus/zeus_marble","2":"mcc:island_cosmetics/general/hat/zeus/variant_zeus"},"elements":[{"from":[2.5,0.0,3.5],"to":[13.5,11.0,13.5],"rotation":{"angle":0.0,"axis":"y","origin":[3.5,3.5,3.5]},"faces":{"north":{"uv":[10.5,0.0,16.0,5.5],"texture":"#1"},"east":{"uv":[6.375,0.5,7.625,1.875],"texture":"#2"},"south":{"uv":[5.0,3.625,6.375,5.0],"texture":"#2"},"west":{"uv":[7.625,0.5,6.375,1.875],"texture":"#2"},"up":{"uv":[5.0,2.375,6.375,3.625],"texture":"#2"},"down":{"uv":[7.25,2.625,8.625,3.875],"texture":"#2"}}},{"from":[2.2,-0.3,3.2],"to":[13.8,11.3,4.8],"rotation":{"angle":0.0,"axis":"y","origin":[3.5,3.5,3.5]},"faces":{"north":{"uv":[5.0,5.75,6.375,7.125],"texture":"#2"},"east":{"uv":[5.0,5.75,5.125,7.125],"texture":"#2"},"south":{"uv":[5.0,5.75,6.375,7.125],"texture":"#2"},"west":{"uv":[5.0,5.75,5.125,7.125],"texture":"#2"},"up":{"uv":[5.0,5.75,6.375,5.875],"texture":"#2"}}},{"from":[8.5,5.75,3.25],"to":[14.5,9.75,3.25],"rotation":{"angle":0.0,"axis":"y","origin":[3.5,3.5,3.5]},"faces":{"north":{"uv":[10.5,5.5,13.5,7.5],"texture":"#1"},"south":{"uv":[13.5,5.5,10.5,7.5],"texture":"#1"}}},{"from":[8.5,5.25,3.25],"to":[14.5,9.25,3.25],"rotation":{"angle":0.0,"axis":"y","origin":[3.5,3.5,3.5]},"faces":{"north":{"uv":[10.5,7.5,13.5,9.5],"texture":"#1"},"south":{"uv":[13.5,7.5,10.5,9.5],"texture":"#1"}}},{"from":[8.5,4.75,3.25],"to":[14.5,8.75,3.25],"rotation":{"angle":0.0,"axis":"y","origin":[3.5,3.5,3.5]},"faces":{"north":{"uv":[10.5,9.5,13.5,11.5],"texture":"#1"},"south":{"uv":[13.5,9.5,10.5,11.5],"texture":"#1"}}},{"from":[1.5,5.75,3.25],"to":[7.5,9.75,3.25],"rotation":{"angle":0.0,"axis":"y","origin":[12.5,3.5,3.5]},"faces":{"north":{"uv":[13.5,5.5,10.5,7.5],"texture":"#1"},"south":{"uv":[10.5,5.5,13.5,7.5],"texture":"#1"}}},{"from":[1.5,5.25,3.25],"to":[7.5,9.25,3.25],"rotation":{"angle":0.0,"axis":"y","origin":[12.5,3.5,3.5]},"faces":{"north":{"uv":[13.5,7.5,10.5,9.5],"texture":"#1"},"south":{"uv":[10.5,7.5,13.5,9.5],"texture":"#1"}}},{"from":[1.5,4.75,3.25],"to":[7.5,8.75,3.25],"rotation":{"angle":0.0,"axis":"y","origin":[12.5,3.5,3.5]},"faces":{"north":{"uv":[13.5,9.5,10.5,11.5],"texture":"#1"},"south":{"uv":[10.5,9.5,13.5,11.5],"texture":"#1"}}},{"from":[7.5,5.0,8.5],"to":[14.5,12.0,15.5],"rotation":{"angle":0.0,"axis":"y","origin":[3.5,3.5,3.5]},"faces":{"north":{"uv":[8.5,0.0,7.625,0.875],"texture":"#2"},"east":{"uv":[7.625,0.0,8.5,0.875],"texture":"#2"},"south":{"uv":[8.5,0.0,7.625,0.875],"texture":"#2"},"west":{"uv":[7.625,0.0,8.5,0.875],"texture":"#2"},"up":{"uv":[6.375,1.875,7.25,2.75],"texture":"#2"},"down":{"uv":[7.25,3.5,6.375,4.375],"texture":"#2"}}},{"from":[14.5,5.0,15.5],"to":[14.5,12.0,24.5],"rotation":{"angle":0.0,"axis":"y","origin":[3.5,3.5,3.5]},"faces":{"east":{"uv":[0.5,4.0,5.0,7.5],"texture":"#1"},"west":{"uv":[5.0,4.0,0.5,7.5],"texture":"#1"}}},{"from":[1.5,5.0,15.5],"to":[1.5,12.0,24.5],"rotation":{"angle":0.0,"axis":"y","origin":[12.5,3.5,3.5]},"faces":{"east":{"uv":[0.5,4.0,5.0,7.5],"texture":"#1"},"west":{"uv":[5.0,4.0,0.5,7.5],"texture":"#1"}}},{"from":[8.5,9.0,15.5],"to":[8.5,16.0,24.5],"rotation":{"angle":0.0,"axis":"y","origin":[3.5,3.5,3.5]},"faces":{"east":{"uv":[0.5,8.0,5.0,11.5],"texture":"#1"},"west":{"uv":[5.0,8.0,0.5,11.5],"texture":"#1"}}},{"from":[0.5,4.0,9.5],"to":[6.5,10.0,15.5],"rotation":{"angle":0.0,"axis":"y","origin":[3.5,3.5,3.5]},"faces":{"north":{"uv":[7.625,0.875,8.375,1.625],"texture":"#2"},"east":{"uv":[8.375,0.875,7.625,1.625],"texture":"#2"},"south":{"uv":[7.625,0.875,8.375,1.625],"texture":"#2"},"west":{"uv":[8.375,0.875,7.625,1.625],"texture":"#2"},"up":{"uv":[7.25,1.875,8.0,2.625],"texture":"#2"},"down":{"uv":[7.125,2.75,6.375,3.5],"texture":"#2"}}},{"from":[3.5,1.0,11.5],"to":[9.5,7.0,17.5],"rotation":{"angle":0.0,"axis":"y","origin":[3.5,3.5,3.5]},"faces":{"north":{"uv":[7.625,0.875,8.375,1.625],"texture":"#2"},"east":{"uv":[8.375,0.875,7.625,1.625],"texture":"#2"},"south":{"uv":[7.625,0.875,8.375,1.625],"texture":"#2"},"west":{"uv":[8.375,0.875,7.625,1.625],"texture":"#2"},"up":{"uv":[8.0,1.625,8.75,2.375],"texture":"#2"},"down":{"uv":[7.125,2.75,6.375,3.5],"texture":"#2"}}},{"from":[6.5,9.0,12.5],"to":[11.5,14.0,17.5],"rotation":{"angle":0.0,"axis":"y","origin":[3.5,3.5,3.5]},"faces":{"north":{"uv":[9.125,0.0,8.5,0.625],"texture":"#2"},"east":{"uv":[9.125,0.0,8.5,0.625],"texture":"#2"},"south":{"uv":[9.125,0.0,8.5,0.625],"texture":"#2"},"west":{"uv":[9.125,0.0,8.5,0.625],"texture":"#2"},"up":{"uv":[9.125,0.625,8.5,1.25],"texture":"#2"},"down":{"uv":[9.75,0.0,9.125,0.625],"texture":"#2"}}},{"from":[3.5,-2.0,2.5],"to":[12.5,3.0,8.5],"rotation":{"angle":0.0,"axis":"y","origin":[3.5,3.5,3.5]},"faces":{"north":{"uv":[5.0,1.75,6.125,2.375],"texture":"#2"},"east":{"uv":[7.125,4.375,6.375,5.0],"texture":"#2"},"south":{"uv":[5.0,5.0,6.125,5.625],"texture":"#2"},"west":{"uv":[6.375,4.375,7.125,5.0],"texture":"#2"},"up":{"uv":[5.0,1.75,6.125,1.875],"texture":"#2"},"down":{"uv":[7.25,3.875,8.375,4.625],"texture":"#2"}}},{"from":[2.5,-8.0,2.5],"to":[11.5,-2.0,2.5],"rotation":{"angle":0.0,"axis":"y","origin":[7.0,-5.0,2.5]},"faces":{"north":{"uv":[0.5,0.5,5.0,3.5],"texture":"#1"},"south":{"uv":[5.0,0.5,0.5,3.5],"texture":"#1"}}},{"from":[1.48,5.98,2.48],"to":[14.52,10.02,13.52],"rotation":{"angle":22.5,"axis":"x","origin":[8.0,9.0,8.0]},"faces":{"north":{"uv":[3.0,1.875,4.625,2.375],"texture":"#2"},"east":{"uv":[2.875,1.375,4.25,1.875],"texture":"#2"},"west":{"uv":[4.25,1.375,2.875,1.875],"texture":"#2"}}},{"from":[14.52,10.02,13.52],"to":[1.48,5.98,2.48],"rotation":{"angle":22.5,"axis":"x","origin":[8.0,9.0,8.0]},"faces":{"east":{"uv":[4.25,1.875,2.875,1.375],"texture":"#2"},"south":{"uv":[3.0,2.375,4.625,1.875],"texture":"#2"},"west":{"uv":[2.875,1.875,4.25,1.375],"texture":"#2"}}}],"display":{"thirdperson_righthand":{"translation":[0.0,1.0,-1.0],"rotation":[63.0,34.0,0.0],"scale":[0.37891,0.37891,0.37891]},"thirdperson_lefthand":{"translation":[0.0,1.0,-1.0],"rotation":[63.0,34.0,0.0],"scale":[0.37891,0.37891,0.37891]},"firstperson_righthand":{"translation":[9.5,0.0,-5.75],"rotation":[3.0,112.0,-13.0],"scale":[0.35547,0.35547,0.35547]},"firstperson_lefthand":{"translation":[9.5,0.0,-5.75],"rotation":[3.0,112.0,-13.0],"scale":[0.35547,0.35547,0.35547]},"ground":{"translation":[0.0,4.25,0.0],"scale":[0.28906,0.28906,0.28906]},"gui":{"translation":[1.5,1.25,0.0],"rotation":[-149.61,-31.92,-180.0],"scale":[0.65429,0.65429,0.65429]},"head":{"translation":[0.0,5.75,-1.75],"rotation":[-2.25,0.0,0.0],"scale":[1.61758,1.61758,1.61758]},"fixed":{"translation":[0.0,-3.25,-7.5]}},"credit":"Made with Blockbench","gui_light":"front"}