{"textures":{"2":"mcc:island_cosmetics/general/hat/gearhead/gearhead","particle":"mcc:island_cosmetics/general/hat/gearhead/gearhead"},"display":{"thirdperson_righthand":{"translation":[0.0,1.0,0.75],"rotation":[55.5,34.0,0.0],"scale":[0.52539,0.52539,0.52539]},"thirdperson_lefthand":{"translation":[0.0,1.0,0.75],"rotation":[55.5,34.0,0.0],"scale":[0.52539,0.52539,0.52539]},"firstperson_righthand":{"translation":[9.5,0.0,-5.75],"rotation":[21.0,114.5,-13.75],"scale":[0.41992,0.41992,0.41992]},"firstperson_lefthand":{"translation":[9.5,0.0,-5.75],"rotation":[21.0,114.5,-13.75],"scale":[0.41992,0.41992,0.41992]},"gui":{"translation":[0.25,2.25,0.0],"rotation":[-149.61,-31.92,-180.0],"scale":[0.84374,0.84374,0.84374]},"head":{"translation":[0.0,6.5,-0.25],"rotation":[1.75,0.0,0.0],"scale":[1.54922,1.54922,1.54922]}},"credit":"Made with Blockbench","texture_size":[48.0,48.0],"elements":[{"from":[0.0,2.0,7.5],"to":[10.0,12.0,7.5],"rotation":{"angle":0.0,"axis":"z","origin":[5.0,7.0,8.0]},"faces":{"north":{"uv":[3.33333,0.0,7.33333,4.0],"texture":"#2"},"east":{"uv":[0.0,0.0,0.33333,0.33333],"texture":"#2"},"south":{"uv":[3.33333,0.0,7.33333,4.0],"texture":"#2"},"west":{"uv":[0.0,0.0,0.33333,0.33333],"texture":"#2"},"up":{"uv":[0.0,0.0,0.33333,0.33333],"texture":"#2"},"down":{"uv":[0.0,0.0,0.33333,0.33333],"texture":"#2"}}},{"from":[0.0,2.0,7.5],"to":[10.0,12.0,7.5],"rotation":{"angle":22.5,"axis":"z","origin":[5.0,7.0,7.5]},"faces":{"north":{"uv":[11.0,0.0,15.0,4.0],"texture":"#2"},"east":{"uv":[0.0,0.0,0.33333,0.33333],"texture":"#2"},"south":{"uv":[11.0,0.0,15.0,4.0],"texture":"#2"},"west":{"uv":[0.0,0.0,0.33333,0.33333],"texture":"#2"},"up":{"uv":[0.0,0.0,0.33333,0.33333],"texture":"#2"},"down":{"uv":[0.0,0.0,0.33333,0.33333],"texture":"#2"}}},{"from":[0.0,2.0,7.5],"to":[10.0,12.0,7.5],"rotation":{"angle":45.0,"axis":"z","origin":[5.0,7.0,7.5]},"faces":{"north":{"uv":[3.33333,4.33333,7.33333,8.33333],"texture":"#2"},"east":{"uv":[0.0,0.0,0.33333,0.33333],"texture":"#2"},"south":{"uv":[3.33333,4.33333,7.33333,8.33333],"texture":"#2"},"west":{"uv":[0.0,0.0,0.33333,0.33333],"texture":"#2"},"up":{"uv":[0.0,0.0,0.33333,0.33333],"texture":"#2"},"down":{"uv":[0.0,0.0,0.33333,0.33333],"texture":"#2"}}},{"from":[0.0,2.0,7.5],"to":[10.0,12.0,7.5],"rotation":{"angle":-22.5,"axis":"z","origin":[5.0,7.0,7.5]},"faces":{"north":{"uv":[11.0,4.33333,15.0,8.33333],"rotation":90.0,"texture":"#2"},"east":{"uv":[0.0,0.0,0.33333,0.33333],"rotation":270.0,"texture":"#2"},"south":{"uv":[11.0,4.33333,15.0,8.33333],"rotation":270.0,"texture":"#2"},"west":{"uv":[0.0,0.0,0.33333,0.33333],"rotation":270.0,"texture":"#2"},"up":{"uv":[0.0,0.0,0.33333,0.33333],"rotation":270.0,"texture":"#2"},"down":{"uv":[0.0,0.0,0.33333,0.33333],"rotation":270.0,"texture":"#2"}}},{"from":[8.25,-1.75,7.5],"to":[16.25,6.25,7.5],"rotation":{"angle":0.0,"axis":"z","origin":[12.25,2.25,7.5]},"faces":{"north":{"uv":[0.0,3.33333,3.33333,0.0],"rotation":270.0,"texture":"#2"},"east":{"uv":[0.0,0.33333,0.33333,0.0],"rotation":90.0,"texture":"#2"},"south":{"uv":[0.0,3.33333,3.33333,0.0],"rotation":90.0,"texture":"#2"},"west":{"uv":[0.0,0.33333,0.33333,0.0],"rotation":90.0,"texture":"#2"},"up":{"uv":[0.0,0.33333,0.33333,0.0],"rotation":90.0,"texture":"#2"},"down":{"uv":[0.0,0.33333,0.33333,0.0],"rotation":90.0,"texture":"#2"}}},{"from":[8.25,-1.75,7.5],"to":[16.25,6.25,7.5],"rotation":{"angle":-45.0,"axis":"z","origin":[12.25,2.25,7.5]},"faces":{"north":{"uv":[0.0,7.66667,3.33333,4.33333],"rotation":270.0,"texture":"#2"},"east":{"uv":[0.0,0.33333,0.33333,0.0],"rotation":90.0,"texture":"#2"},"south":{"uv":[0.0,7.66667,3.33333,4.33333],"rotation":90.0,"texture":"#2"},"west":{"uv":[0.0,0.33333,0.33333,0.0],"rotation":90.0,"texture":"#2"},"up":{"uv":[0.0,0.33333,0.33333,0.0],"rotation":90.0,"texture":"#2"},"down":{"uv":[0.0,0.33333,0.33333,0.0],"rotation":90.0,"texture":"#2"}}},{"from":[8.25,-1.75,7.5],"to":[16.25,6.25,7.5],"rotation":{"angle":-22.5,"axis":"z","origin":[12.25,2.25,7.5]},"faces":{"north":{"uv":[7.66667,3.33333,11.0,0.0],"rotation":270.0,"texture":"#2"},"east":{"uv":[0.0,0.33333,0.33333,0.0],"rotation":90.0,"texture":"#2"},"south":{"uv":[7.66667,3.33333,11.0,0.0],"rotation":90.0,"texture":"#2"},"west":{"uv":[0.0,0.33333,0.33333,0.0],"rotation":90.0,"texture":"#2"},"up":{"uv":[0.0,0.33333,0.33333,0.0],"rotation":90.0,"texture":"#2"},"down":{"uv":[0.0,0.33333,0.33333,0.0],"rotation":90.0,"texture":"#2"}}},{"from":[8.25,-1.75,7.5],"to":[16.25,6.25,7.5],"rotation":{"angle":22.5,"axis":"z","origin":[12.25,2.25,7.5]},"faces":{"north":{"uv":[11.0,4.33333,7.66667,7.66667],"texture":"#2"},"east":{"uv":[0.33333,0.0,0.0,0.33333],"texture":"#2"},"south":{"uv":[11.0,4.33333,7.66667,7.66667],"texture":"#2"},"west":{"uv":[0.33333,0.0,0.0,0.33333],"texture":"#2"},"up":{"uv":[0.33333,0.0,0.0,0.33333],"texture":"#2"},"down":{"uv":[0.33333,0.0,0.0,0.33333],"texture":"#2"}}},{"from":[0.0,2.0,8.5],"to":[10.0,12.0,8.5],"rotation":{"angle":0.0,"axis":"z","origin":[5.0,7.0,9.0]},"faces":{"north":{"uv":[3.33333,0.0,7.33333,4.0],"texture":"#2"},"east":{"uv":[0.0,0.0,0.33333,0.33333],"texture":"#2"},"south":{"uv":[3.33333,0.0,7.33333,4.0],"texture":"#2"},"west":{"uv":[0.0,0.0,0.33333,0.33333],"texture":"#2"},"up":{"uv":[0.0,0.0,0.33333,0.33333],"texture":"#2"},"down":{"uv":[0.0,0.0,0.33333,0.33333],"texture":"#2"}}},{"from":[8.25,-1.75,8.5],"to":[16.25,6.25,8.5],"rotation":{"angle":0.0,"axis":"z","origin":[12.25,2.25,8.5]},"faces":{"north":{"uv":[0.0,3.33333,3.33333,0.0],"rotation":270.0,"texture":"#2"},"east":{"uv":[0.0,0.33333,0.33333,0.0],"rotation":90.0,"texture":"#2"},"south":{"uv":[0.0,3.33333,3.33333,0.0],"rotation":90.0,"texture":"#2"},"west":{"uv":[0.0,0.33333,0.33333,0.0],"rotation":90.0,"texture":"#2"},"up":{"uv":[0.0,0.33333,0.33333,0.0],"rotation":90.0,"texture":"#2"},"down":{"uv":[0.0,0.33333,0.33333,0.0],"rotation":90.0,"texture":"#2"}}},{"from":[0.0,2.0,8.5],"to":[10.0,12.0,8.5],"rotation":{"angle":22.5,"axis":"z","origin":[5.0,7.0,8.5]},"faces":{"north":{"uv":[11.0,0.0,15.0,4.0],"texture":"#2"},"east":{"uv":[0.0,0.0,0.33333,0.33333],"texture":"#2"},"south":{"uv":[11.0,0.0,15.0,4.0],"texture":"#2"},"west":{"uv":[0.0,0.0,0.33333,0.33333],"texture":"#2"},"up":{"uv":[0.0,0.0,0.33333,0.33333],"texture":"#2"},"down":{"uv":[0.0,0.0,0.33333,0.33333],"texture":"#2"}}},{"from":[0.0,2.0,8.5],"to":[10.0,12.0,8.5],"rotation":{"angle":45.0,"axis":"z","origin":[5.0,7.0,8.5]},"faces":{"north":{"uv":[3.33333,4.33333,7.33333,8.33333],"texture":"#2"},"east":{"uv":[0.0,0.0,0.33333,0.33333],"texture":"#2"},"south":{"uv":[3.33333,4.33333,7.33333,8.33333],"texture":"#2"},"west":{"uv":[0.0,0.0,0.33333,0.33333],"texture":"#2"},"up":{"uv":[0.0,0.0,0.33333,0.33333],"texture":"#2"},"down":{"uv":[0.0,0.0,0.33333,0.33333],"texture":"#2"}}},{"from":[0.0,2.0,8.5],"to":[10.0,12.0,8.5],"rotation":{"angle":-22.5,"axis":"z","origin":[5.0,7.0,8.5]},"faces":{"north":{"uv":[11.0,4.33333,15.0,8.33333],"rotation":90.0,"texture":"#2"},"east":{"uv":[0.0,0.0,0.33333,0.33333],"rotation":270.0,"texture":"#2"},"south":{"uv":[11.0,4.33333,15.0,8.33333],"rotation":270.0,"texture":"#2"},"west":{"uv":[0.0,0.0,0.33333,0.33333],"rotation":270.0,"texture":"#2"},"up":{"uv":[0.0,0.0,0.33333,0.33333],"rotation":270.0,"texture":"#2"},"down":{"uv":[0.0,0.0,0.33333,0.33333],"rotation":270.0,"texture":"#2"}}},{"from":[8.25,-1.75,8.5],"to":[16.25,6.25,8.5],"rotation":{"angle":22.5,"axis":"z","origin":[12.25,2.25,8.5]},"faces":{"north":{"uv":[11.0,4.33333,7.66667,7.66667],"texture":"#2"},"east":{"uv":[0.33333,0.0,0.0,0.33333],"texture":"#2"},"south":{"uv":[11.0,4.33333,7.66667,7.66667],"texture":"#2"},"west":{"uv":[0.33333,0.0,0.0,0.33333],"texture":"#2"},"up":{"uv":[0.33333,0.0,0.0,0.33333],"texture":"#2"},"down":{"uv":[0.33333,0.0,0.0,0.33333],"texture":"#2"}}},{"from":[8.25,-1.75,8.5],"to":[16.25,6.25,8.5],"rotation":{"angle":-45.0,"axis":"z","origin":[12.25,2.25,8.5]},"faces":{"north":{"uv":[0.0,7.66667,3.33333,4.33333],"rotation":270.0,"texture":"#2"},"east":{"uv":[0.0,0.33333,0.33333,0.0],"rotation":90.0,"texture":"#2"},"south":{"uv":[0.0,7.66667,3.33333,4.33333],"rotation":90.0,"texture":"#2"},"west":{"uv":[0.0,0.33333,0.33333,0.0],"rotation":90.0,"texture":"#2"},"up":{"uv":[0.0,0.33333,0.33333,0.0],"rotation":90.0,"texture":"#2"},"down":{"uv":[0.0,0.33333,0.33333,0.0],"rotation":90.0,"texture":"#2"}}},{"from":[8.25,-1.75,8.5],"to":[16.25,6.25,8.5],"rotation":{"angle":-22.5,"axis":"z","origin":[12.25,2.25,8.5]},"faces":{"north":{"uv":[7.66667,3.33333,11.0,0.0],"rotation":270.0,"texture":"#2"},"east":{"uv":[0.0,0.33333,0.33333,0.0],"rotation":90.0,"texture":"#2"},"south":{"uv":[7.66667,3.33333,11.0,0.0],"rotation":90.0,"texture":"#2"},"west":{"uv":[0.0,0.33333,0.33333,0.0],"rotation":90.0,"texture":"#2"},"up":{"uv":[0.0,0.33333,0.33333,0.0],"rotation":90.0,"texture":"#2"},"down":{"uv":[0.0,0.33333,0.33333,0.0],"rotation":90.0,"texture":"#2"}}}],"gui_light":"front"}