{"textures":{"0":"mcc:island_cosmetics/general/hat/welding_mask/welding_mask","particle":"mcc:island_cosmetics/general/hat/welding_mask/welding_mask"},"display":{"thirdperson_righthand":{"translation":[0.0,1.0,-1.0],"rotation":[63.0,34.0,0.0],"scale":[0.37891,0.37891,0.37891]},"thirdperson_lefthand":{"translation":[0.0,1.0,-1.0],"rotation":[63.0,34.0,0.0],"scale":[0.37891,0.37891,0.37891]},"firstperson_righthand":{"translation":[9.5,0.0,-5.75],"rotation":[3.0,112.0,-13.0],"scale":[0.35547,0.35547,0.35547]},"firstperson_lefthand":{"translation":[9.5,0.0,-5.75],"rotation":[3.0,112.0,-13.0],"scale":[0.35547,0.35547,0.35547]},"ground":{"translation":[0.0,4.25,0.0],"scale":[0.28906,0.28906,0.28906]},"gui":{"translation":[-1.25,1.75,0.0],"rotation":[146.48,-20.81,157.44],"scale":[0.84179,0.84179,0.84179]},"head":{"translation":[0.0,5.0,1.25],"rotation":[59.25,0.0,0.0],"scale":[1.53359,1.53359,1.53359]},"fixed":{"translation":[0.0,-3.25,-7.5]}},"credit":"Made with Blockbench","texture_size":[32.0,32.0],"elements":[{"from":[2.5,-2.0,3.0],"to":[13.5,10.0,12.0],"rotation":{"angle":0.0,"axis":"y","origin":[-0.5,0.0,0.0]},"faces":{"north":{"uv":[0.0,0.0,5.5,6.0],"texture":"#0","tintindex":0.0},"east":{"uv":[6.0,0.0,10.5,6.0],"texture":"#0","tintindex":0.0},"west":{"uv":[10.5,0.0,6.0,6.0],"texture":"#0","tintindex":0.0},"up":{"uv":[0.0,6.0,5.5,10.5],"texture":"#0","tintindex":0.0}}},{"from":[2.5,-2.0,3.0],"to":[13.5,10.0,3.0],"rotation":{"angle":0.0,"axis":"y","origin":[-0.5,0.0,0.0]},"faces":{"north":{"uv":[10.5,0.0,16.0,6.0],"texture":"#0"},"east":{"uv":[6.0,0.0,10.5,6.0],"texture":"#0"},"south":{"uv":[10.5,0.0,16.0,6.0],"texture":"#0"},"west":{"uv":[10.5,0.0,6.0,6.0],"texture":"#0"},"up":{"uv":[0.0,6.0,5.5,10.5],"texture":"#0"}}},{"from":[3.1,1.6,2.1],"to":[12.9,7.4,3.9],"rotation":{"angle":0.0,"axis":"y","origin":[-0.5,0.0,0.0]},"faces":{"north":{"uv":[6.0,8.5,10.5,11.0],"texture":"#0"},"east":{"uv":[6.0,8.5,6.5,11.0],"texture":"#0"},"west":{"uv":[6.0,8.5,6.5,11.0],"texture":"#0"},"up":{"uv":[6.0,8.5,10.5,9.0],"texture":"#0"},"down":{"uv":[6.0,10.5,10.5,11.0],"texture":"#0"}}},{"from":[12.5,3.0,8.0],"to":[14.5,7.0,12.0],"rotation":{"angle":0.0,"axis":"y","origin":[-0.5,0.0,0.0]},"faces":{"north":{"uv":[7.0,6.0,7.5,8.0],"texture":"#0"},"east":{"uv":[7.5,6.0,5.5,8.0],"texture":"#0"},"south":{"uv":[7.0,6.0,7.5,8.0],"texture":"#0"},"west":{"uv":[7.5,6.0,5.5,8.0],"texture":"#0"},"up":{"uv":[5.5,6.0,7.5,6.5],"rotation":90.0,"texture":"#0"},"down":{"uv":[5.5,7.5,7.5,8.0],"rotation":90.0,"texture":"#0"}}},{"from":[1.5,3.0,8.0],"to":[3.5,7.0,12.0],"rotation":{"angle":0.0,"axis":"y","origin":[16.5,0.0,0.0]},"faces":{"north":{"uv":[7.5,6.0,7.0,8.0],"texture":"#0"},"east":{"uv":[5.5,6.0,7.5,8.0],"texture":"#0"},"south":{"uv":[7.5,6.0,7.0,8.0],"texture":"#0"},"west":{"uv":[5.5,6.0,7.5,8.0],"texture":"#0"},"up":{"uv":[5.5,6.5,7.5,6.0],"rotation":90.0,"texture":"#0"},"down":{"uv":[5.5,8.0,7.5,7.5],"rotation":90.0,"texture":"#0"}}},{"name":"cube inverted","from":[13.5,10.0,12.0],"to":[2.5,-2.0,3.0],"rotation":{"angle":0.0,"axis":"y","origin":[-0.5,0.0,0.0]},"faces":{"east":{"uv":[10.5,6.0,6.0,0.0],"texture":"#0","tintindex":0.0},"south":{"uv":[0.0,6.0,5.5,0.0],"texture":"#0","tintindex":0.0},"west":{"uv":[6.0,6.0,10.5,0.0],"texture":"#0","tintindex":0.0},"down":{"uv":[5.5,6.0,0.0,10.5],"texture":"#0","tintindex":0.0}}}],"gui_light":"front"}