{"textures":{"0":"mcc:island_cosmetics/general/hat/knight_helmet/knight_helmet","particle":"mcc:island_cosmetics/general/hat/knight_helmet/knight_helmet"},"display":{"thirdperson_righthand":{"translation":[0.0,1.0,0.75],"rotation":[55.5,34.0,0.0],"scale":[0.52539,0.52539,0.52539]},"thirdperson_lefthand":{"translation":[0.0,1.0,0.75],"rotation":[55.5,34.0,0.0],"scale":[0.52539,0.52539,0.52539]},"firstperson_righthand":{"translation":[9.5,0.0,-5.75],"rotation":[21.0,114.5,-13.75],"scale":[0.41992,0.41992,0.41992]},"firstperson_lefthand":{"translation":[9.5,0.0,-5.75],"rotation":[21.0,114.5,-13.75],"scale":[0.41992,0.41992,0.41992]},"gui":{"translation":[0.25,0.0,0.0],"rotation":[-149.61,-31.92,-180.0],"scale":[0.66211,0.66211,0.66211]},"head":{"translation":[0.0,4.5,-0.25],"scale":[1.66446,1.66446,1.66446]}},"credit":"Made with Blockbench","texture_size":[48.0,48.0],"elements":[{"from":[3.5,0.0,3.5],"to":[12.5,10.0,12.5],"rotation":{"angle":0.0,"axis":"x","origin":[7.5,9.5,7.5]},"faces":{"north":{"uv":[0.0,2.0,3.0,5.33333],"texture":"#0"},"east":{"uv":[3.0,2.0,6.0,5.33333],"texture":"#0"},"south":{"uv":[3.0,8.0,0.0,11.33333],"texture":"#0"},"west":{"uv":[6.0,2.0,3.0,5.33333],"texture":"#0"},"up":{"uv":[6.66667,5.33333,3.66667,8.33333],"texture":"#0"},"down":{"uv":[3.0,8.33333,6.0,11.33333],"texture":"#0"}}},{"from":[6.5,2.0,4.5],"to":[9.5,12.0,14.5],"rotation":{"angle":0.0,"axis":"x","origin":[7.5,9.5,7.5]},"faces":{"north":{"uv":[10.0,0.0,11.0,3.33333],"texture":"#0"},"east":{"uv":[6.66667,0.0,10.0,3.33333],"texture":"#0"},"south":{"uv":[7.66667,3.66667,8.66667,7.0],"texture":"#0"},"west":{"uv":[10.0,0.0,6.66667,3.33333],"texture":"#0"},"up":{"uv":[6.66667,3.66667,7.66667,7.0],"texture":"#0"},"down":{"uv":[8.66667,3.66667,9.66667,7.0],"texture":"#0"}}},{"from":[8.0,-2.0,7.5],"to":[8.0,17.0,20.5],"rotation":{"angle":22.5,"axis":"y","origin":[8.0,7.5,14.0]},"faces":{"north":{"uv":[0.0,37.66667,3.33333,41.0],"texture":"#0","tintindex":0.0},"east":{"uv":[11.0,0.0,15.33333,6.33333],"texture":"#0","tintindex":0.0},"south":{"uv":[10.0,37.66667,13.33333,41.0],"texture":"#0","tintindex":0.0},"west":{"uv":[15.33333,0.0,11.0,6.33333],"texture":"#0","tintindex":0.0},"up":{"uv":[6.66667,37.66667,10.0,41.0],"texture":"#0","tintindex":0.0},"down":{"uv":[5.66667,39.33333,6.0,39.66667],"texture":"#0","tintindex":0.0}}},{"from":[8.0,-2.0,7.5],"to":[8.0,17.0,20.5],"rotation":{"angle":-22.5,"axis":"y","origin":[8.0,7.5,14.0]},"faces":{"north":{"uv":[3.33333,37.66667,0.0,41.0],"texture":"#0","tintindex":0.0},"east":{"uv":[11.0,0.0,15.33333,6.33333],"texture":"#0","tintindex":0.0},"south":{"uv":[13.33333,37.66667,10.0,41.0],"texture":"#0","tintindex":0.0},"west":{"uv":[15.33333,0.0,11.0,6.33333],"texture":"#0","tintindex":0.0},"up":{"uv":[10.0,37.66667,6.66667,41.0],"texture":"#0","tintindex":0.0},"down":{"uv":[6.0,39.33333,5.66667,39.66667],"texture":"#0","tintindex":0.0}}},{"from":[6.51,10.01,8.51],"to":[9.49,15.99,18.49],"rotation":{"angle":0.0,"axis":"x","origin":[7.0,9.5,7.5]},"faces":{"north":{"uv":[6.66667,9.33333,7.66667,7.33333],"texture":"#0","tintindex":0.0},"east":{"uv":[11.66667,0.33333,15.0,2.33333],"texture":"#0","tintindex":0.0},"south":{"uv":[6.66667,7.33333,7.66667,9.33333],"texture":"#0","tintindex":0.0},"west":{"uv":[15.0,0.33333,11.66667,2.33333],"texture":"#0","tintindex":0.0},"up":{"uv":[7.66667,7.0,8.66667,10.33333],"texture":"#0","tintindex":0.0}}},{"from":[2.8,5.61876,2.79578],"to":[13.0,9.81876,9.99578],"rotation":{"angle":22.5,"axis":"x","origin":[7.4,9.67337,6.58295]},"faces":{"north":{"uv":[2.33333,0.0,5.66667,1.33333],"texture":"#0"},"east":{"uv":[0.0,0.0,2.33333,1.33333],"texture":"#0"},"south":{"uv":[0.0,11.33333,3.33333,12.66667],"texture":"#0"},"west":{"uv":[2.33333,0.0,0.0,1.33333],"texture":"#0"},"up":{"uv":[0.0,8.0,3.33333,5.66667],"texture":"#0"},"down":{"uv":[0.0,5.66667,3.33333,8.0],"texture":"#0"}}},{"from":[3.0,-2.74321,3.7125],"to":[13.0,0.25679,10.7125],"rotation":{"angle":-22.5,"axis":"x","origin":[8.1,0.35679,3.0625]},"faces":{"north":{"uv":[13.0,8.0,9.66667,9.0],"texture":"#0"},"east":{"uv":[10.66667,7.0,13.0,8.0],"texture":"#0"},"south":{"uv":[8.66667,8.0,9.66667,11.33333],"rotation":90.0,"texture":"#0"},"west":{"uv":[13.0,7.0,10.66667,8.0],"texture":"#0"},"up":{"uv":[0.0,8.0,3.33333,5.66667],"texture":"#0"},"down":{"uv":[9.66667,9.0,13.0,11.33333],"texture":"#0"}}},{"name":"cube inverted","from":[12.5,10.0,12.5],"to":[3.5,0.0,3.5],"rotation":{"angle":0.0,"axis":"x","origin":[7.5,9.5,7.5]},"faces":{"north":{"uv":[3.0,11.33333,0.0,8.0],"texture":"#0"},"east":{"uv":[6.0,5.33333,3.0,2.0],"texture":"#0"},"south":{"uv":[0.0,5.33333,3.0,2.0],"texture":"#0"},"west":{"uv":[3.0,5.33333,6.0,2.0],"texture":"#0"},"up":{"uv":[6.0,8.33333,3.0,11.33333],"texture":"#0"},"down":{"uv":[3.66667,5.33333,6.66667,8.33333],"texture":"#0"}}},{"name":"cube inverted","from":[13.0,9.81876,9.99578],"to":[2.8,5.61876,2.79578],"rotation":{"angle":22.5,"axis":"x","origin":[7.4,9.67337,6.58295]},"faces":{"north":{"uv":[0.0,12.66667,3.33333,11.33333],"texture":"#0"},"east":{"uv":[2.33333,1.33333,0.0,0.0],"texture":"#0"},"south":{"uv":[2.33333,1.33333,5.66667,0.0],"texture":"#0"},"west":{"uv":[0.0,1.33333,2.33333,0.0],"texture":"#0"},"up":{"uv":[3.33333,5.66667,0.0,8.0],"texture":"#0"},"down":{"uv":[3.33333,8.0,0.0,5.66667],"texture":"#0"}}},{"name":"cube inverted","from":[13.0,0.25679,10.7125],"to":[3.0,-2.74321,3.7125],"rotation":{"angle":-22.5,"axis":"x","origin":[8.1,0.35679,3.0625]},"faces":{"north":{"uv":[9.66667,8.0,8.66667,11.33333],"rotation":90.0,"texture":"#0"},"east":{"uv":[13.0,8.0,10.66667,7.0],"texture":"#0"},"south":{"uv":[13.0,9.0,9.66667,8.0],"texture":"#0"},"west":{"uv":[10.66667,8.0,13.0,7.0],"texture":"#0"},"up":{"uv":[13.0,9.0,9.66667,11.33333],"texture":"#0"},"down":{"uv":[3.33333,8.0,0.0,5.66667],"texture":"#0"}}}],"gui_light":"front"}