{"textures":{"0":"mcc:island_cosmetics/general/hat/cowboy_hat/cowboy_hat","particle":"mcc:island_cosmetics/general/hat/cowboy_hat/cowboy_hat"},"elements":[{"from":[1.0,-0.27,1.0],"to":[15.0,3.73,15.0],"rotation":{"angle":0.0,"axis":"y","origin":[0.02,0.0,0.02]},"faces":{"north":{"uv":[7.0,0.0,14.0,2.0],"texture":"#0","tintindex":0},"east":{"uv":[7.0,2.0,14.0,4.0],"texture":"#0","tintindex":0},"south":{"uv":[7.0,0.0,14.0,2.0],"texture":"#0","tintindex":0},"west":{"uv":[7.0,2.0,14.0,4.0],"texture":"#0","tintindex":0},"down":{"uv":[0.0,0.0,7.0,7.0],"texture":"#0","tintindex":0}}},{"from":[4.0,-0.26,4.0],"to":[12.0,4.74,12.0],"rotation":{"angle":0.0,"axis":"y","origin":[0.01,0.0,0.01]},"faces":{"north":{"uv":[4.0,10.0,8.0,12.5],"texture":"#0","tintindex":0},"east":{"uv":[0.0,10.0,4.0,12.5],"texture":"#0","tintindex":0},"south":{"uv":[4.0,10.0,8.0,12.5],"texture":"#0","tintindex":0},"west":{"uv":[0.0,10.0,4.0,12.5],"texture":"#0","tintindex":0},"up":{"uv":[7.0,4.0,11.0,8.0],"texture":"#0","tintindex":0}}},{"from":[4.0,4.74,4.0],"to":[12.0,5.74,12.0],"rotation":{"angle":0.0,"axis":"y","origin":[0.01,0.0,0.01]},"faces":{"north":{"uv":[4.0,9.5,8.0,10.0],"texture":"#0","tintindex":0},"east":{"uv":[8.0,9.5,12.0,10.0],"texture":"#0","tintindex":0},"south":{"uv":[4.0,9.5,8.0,10.0],"texture":"#0","tintindex":0},"west":{"uv":[8.0,9.5,12.0,10.0],"texture":"#0","tintindex":0}}},{"from":[3.95,-0.05,3.95],"to":[12.05,4.05,12.05],"rotation":{"angle":0.0,"axis":"y","origin":[0.21,0.0,0.21]},"faces":{"north":{"uv":[8.0,10.5,12.0,12.5],"texture":"#0"},"east":{"uv":[0.0,8.0,4.0,10.0],"texture":"#0"},"south":{"uv":[0.0,8.0,4.0,10.0],"texture":"#0"},"west":{"uv":[0.0,8.0,4.0,10.0],"texture":"#0"}}},{"from":[12.0,5.74,12.0],"to":[4.0,4.74,4.0],"rotation":{"angle":0.0,"axis":"y","origin":[0.01,0.0,0.01]},"faces":{"north":{"uv":[4.0,10.0,8.0,9.5],"texture":"#0","tintindex":0},"east":{"uv":[8.0,10.0,12.0,9.5],"texture":"#0","tintindex":0},"south":{"uv":[4.0,10.0,8.0,9.5],"texture":"#0","tintindex":0},"west":{"uv":[8.0,10.0,12.0,9.5],"texture":"#0","tintindex":0}}},{"from":[15.0,3.73,15.0],"to":[1.0,-0.27,1.0],"rotation":{"angle":0.0,"axis":"y","origin":[0.02,0.0,0.02]},"faces":{"north":{"uv":[7.0,2.0,14.0,0.0],"texture":"#0","tintindex":0},"east":{"uv":[7.0,4.0,14.0,2.0],"texture":"#0","tintindex":0},"south":{"uv":[7.0,2.0,14.0,0.0],"texture":"#0","tintindex":0},"west":{"uv":[7.0,4.0,14.0,2.0],"texture":"#0","tintindex":0},"up":{"uv":[7.0,0.0,0.0,7.0],"texture":"#0","tintindex":0}}}],"display":{"thirdperson_righthand":{"rotation":[64.25,0.0,0.0],"scale":[0.44336,0.44336,0.44336]},"thirdperson_lefthand":{"rotation":[64.25,0.0,0.0],"scale":[0.44336,0.44336,0.44336]},"firstperson_righthand":{"scale":[0.0,0.0,0.0]},"firstperson_lefthand":{"scale":[0.0,0.0,0.0]},"ground":{"translation":[0.0,4.25,0.0],"scale":[0.43945,0.43945,0.43945]},"gui":{"translation":[0.0,4.75,0.0],"rotation":[-149.61,-31.92,-180.0],"scale":[0.77538,0.77538,0.77538]},"head":{"translation":[0.0,18.0,0.0],"scale":[1.80509,1.80509,1.80509]}},"credit":"Made with Blockbench","gui_light":"front"}