{"textures":{"0":"mcc:island_cosmetics/general/hat/cowboy_hat/outlaw","1":"mcc:island_cosmetics/general/hat/cowboy_hat/neckerchief","particle":"mcc:island_cosmetics/general/hat/cowboy_hat/outlaw"},"elements":[{"from":[1.0,-0.27,1.0],"to":[15.0,3.73,15.0],"rotation":{"angle":0.0,"axis":"y","origin":[0.02,0.0,0.02]},"faces":{"north":{"uv":[7.0,0.0,14.0,2.0],"texture":"#0"},"east":{"uv":[7.0,2.0,14.0,4.0],"texture":"#0"},"south":{"uv":[7.0,0.0,14.0,2.0],"texture":"#0"},"west":{"uv":[7.0,2.0,14.0,4.0],"texture":"#0"},"down":{"uv":[0.0,0.0,7.0,7.0],"texture":"#0"}}},{"from":[4.0,-0.26,4.0],"to":[12.0,4.74,12.0],"rotation":{"angle":0.0,"axis":"y","origin":[0.01,0.0,0.01]},"faces":{"north":{"uv":[4.0,10.0,8.0,12.5],"texture":"#0"},"east":{"uv":[0.0,10.0,4.0,12.5],"texture":"#0"},"south":{"uv":[4.0,10.0,8.0,12.5],"texture":"#0"},"west":{"uv":[0.0,10.0,4.0,12.5],"texture":"#0"},"up":{"uv":[7.0,4.0,11.0,8.0],"texture":"#0"}}},{"from":[4.0,4.74,4.0],"to":[12.0,5.74,12.0],"rotation":{"angle":0.0,"axis":"y","origin":[0.01,0.0,0.01]},"faces":{"north":{"uv":[4.0,9.5,8.0,10.0],"texture":"#0"},"east":{"uv":[8.0,9.5,12.0,10.0],"texture":"#0"},"south":{"uv":[4.0,9.5,8.0,10.0],"texture":"#0"},"west":{"uv":[8.0,9.5,12.0,10.0],"texture":"#0"}}},{"from":[3.95,-0.05,3.95],"to":[12.05,4.05,12.05],"rotation":{"angle":0.0,"axis":"y","origin":[0.21,0.0,0.21]},"faces":{"north":{"uv":[8.0,10.5,12.0,12.5],"texture":"#0"},"east":{"uv":[0.0,8.0,4.0,10.0],"texture":"#0"},"south":{"uv":[0.0,8.0,4.0,10.0],"texture":"#0"},"west":{"uv":[0.0,8.0,4.0,10.0],"texture":"#0"}}},{"from":[4.7,0.45,3.7],"to":[11.3,4.55,3.7],"rotation":{"angle":0.0,"axis":"y","origin":[-0.04,0.0,0.21]},"faces":{"north":{"uv":[1.0,13.0,5.0,15.5],"texture":"#0"},"east":{"uv":[0.0,8.0,4.0,10.0],"texture":"#0"},"south":{"uv":[1.0,13.0,5.0,15.5],"texture":"#0"},"west":{"uv":[0.0,8.0,4.0,10.0],"texture":"#0"}}},{"from":[12.0,5.74,12.0],"to":[4.0,4.74,4.0],"rotation":{"angle":0.0,"axis":"y","origin":[0.01,0.0,0.01]},"faces":{"north":{"uv":[4.0,10.0,8.0,9.5],"texture":"#0"},"east":{"uv":[8.0,10.0,12.0,9.5],"texture":"#0"},"south":{"uv":[4.0,10.0,8.0,9.5],"texture":"#0"},"west":{"uv":[8.0,10.0,12.0,9.5],"texture":"#0"}}},{"from":[4.3528,-9.17267,13.94713],"to":[11.6472,-2.72147,13.94713],"rotation":{"angle":-45.0,"axis":"x","origin":[8.5,-4.37658,10.56803]},"faces":{"north":{"uv":[0.0,0.0,3.5,3.0],"texture":"#1","tintindex":0},"south":{"uv":[0.0,0.0,3.5,3.0],"texture":"#1","tintindex":0}}},{"from":[3.8528,-8.0444,3.8528],"to":[12.1472,-1.4364,13.1472],"rotation":{"angle":-22.5,"axis":"x","origin":[8.0,-4.37658,10.56803]},"faces":{"north":{"uv":[3.5,0.0,7.5,3.0],"texture":"#1","tintindex":0},"east":{"uv":[7.5,0.0,11.5,3.0],"texture":"#1","tintindex":0},"south":{"uv":[0.0,3.0,4.0,6.0],"texture":"#1","tintindex":0},"west":{"uv":[11.5,0.0,7.5,3.0],"texture":"#1","tintindex":0}}},{"from":[12.1472,-1.4364,13.1472],"to":[3.8528,-8.0444,3.8528],"rotation":{"angle":-22.5,"axis":"x","origin":[8.0,-4.37658,10.56803]},"faces":{"north":{"uv":[0.0,6.0,4.0,3.0],"texture":"#1","tintindex":0},"east":{"uv":[11.5,3.0,7.5,0.0],"texture":"#1","tintindex":0},"south":{"uv":[3.5,3.0,7.5,0.0],"texture":"#1","tintindex":0},"west":{"uv":[7.5,3.0,11.5,0.0],"texture":"#1","tintindex":0}}},{"from":[15.0,3.73,15.0],"to":[1.0,-0.27,1.0],"rotation":{"angle":0.0,"axis":"y","origin":[0.02,0.0,0.02]},"faces":{"north":{"uv":[7.0,2.0,14.0,0.0],"texture":"#0"},"east":{"uv":[7.0,4.0,14.0,2.0],"texture":"#0"},"south":{"uv":[7.0,2.0,14.0,0.0],"texture":"#0"},"west":{"uv":[7.0,4.0,14.0,2.0],"texture":"#0"},"up":{"uv":[7.0,0.0,0.0,7.0],"texture":"#0"}}}],"display":{"thirdperson_righthand":{"rotation":[64.25,0.0,0.0],"scale":[0.44336,0.44336,0.44336]},"thirdperson_lefthand":{"rotation":[64.25,0.0,0.0],"scale":[0.44336,0.44336,0.44336]},"firstperson_righthand":{"scale":[0.0,0.0,0.0]},"firstperson_lefthand":{"scale":[0.0,0.0,0.0]},"ground":{"translation":[0.0,4.25,0.0],"scale":[0.43945,0.43945,0.43945]},"gui":{"translation":[0.0,6.0,0.0],"rotation":[-149.61,-31.92,-180.0],"scale":[0.77538,0.77538,0.77538]},"head":{"translation":[0.0,18.0,0.0],"scale":[1.80509,1.80509,1.80509]}},"credit":"Made with Blockbench","gui_light":"front"}