{"textures":{"1":"mcc:island_cosmetics/general/hat/top_hat/top_hat"},"elements":[{"from":[-1.0,1.0,-1.0],"to":[17.0,1.0,17.0],"rotation":{"angle":0.0,"axis":"y","origin":[0.0,0.0,1.0]},"faces":{"up":{"uv":[0.0,0.0,9.0,9.0],"texture":"#1"},"down":{"uv":[0.0,0.0,9.0,9.0],"texture":"#1"}}},{"from":[3.5,1.0,3.5],"to":[12.5,11.0,12.5],"rotation":{"angle":0.0,"axis":"y","origin":[-0.5,0.0,-0.5]},"faces":{"north":{"uv":[9.0,1.0,13.5,6.0],"texture":"#1"},"east":{"uv":[9.0,1.0,13.5,6.0],"texture":"#1"},"south":{"uv":[9.0,1.0,13.5,6.0],"texture":"#1"},"west":{"uv":[9.0,1.0,13.5,6.0],"texture":"#1"},"up":{"uv":[9.0,6.0,13.5,10.5],"texture":"#1"}}},{"from":[3.3,1.8,3.3],"to":[12.7,4.2,12.7],"rotation":{"angle":0.0,"axis":"y","origin":[-0.5,0.0,-0.5]},"faces":{"north":{"uv":[4.5,9.0,9.0,10.0],"texture":"#1","tintindex":0},"east":{"uv":[4.5,9.0,9.0,10.0],"texture":"#1","tintindex":0},"south":{"uv":[4.5,9.0,9.0,10.0],"texture":"#1","tintindex":0},"west":{"uv":[4.5,9.0,9.0,10.0],"texture":"#1","tintindex":0}}}],"display":{"thirdperson_righthand":{"translation":[0.0,1.0,0.75],"rotation":[55.5,34.0,0.0],"scale":[0.52539,0.52539,0.52539]},"thirdperson_lefthand":{"translation":[0.0,1.0,0.75],"rotation":[55.5,34.0,0.0],"scale":[0.52539,0.52539,0.52539]},"firstperson_righthand":{"translation":[9.5,0.0,-5.75],"rotation":[21.0,114.5,-13.75],"scale":[0.41992,0.41992,0.41992]},"firstperson_lefthand":{"translation":[9.5,0.0,-5.75],"rotation":[21.0,114.5,-13.75],"scale":[0.41992,0.41992,0.41992]},"gui":{"translation":[0.0,2.25,0.0],"rotation":[-149.61,-31.92,-180.0],"scale":[0.75195,0.75195,0.75195]},"head":{"translation":[0.0,16.5,0.5],"rotation":[2.75,0.0,0.0],"scale":[1.61172,1.61172,1.61172]}},"credit":"Made with Blockbench","gui_light":"front"}