{"textures":{"0":"mcc:island_cosmetics/general/hat/munchflower_sprout/munchflower_sprout_ashen","2":"mcc:island_cosmetics/general/hat/munchflower_sprout/munchflower_ashen_anim","3":"mcc:island_cosmetics/general/hat/munchflower_sprout/munchflower_sprout_ashen2","particle":"mcc:island_cosmetics/general/hat/munchflower_sprout/munchflower_sprout_ashen"},"elements":[{"from":[2.5,-5.65195,4.1951],"to":[13.5,3.34805,4.1951],"rotation":{"angle":22.5,"axis":"x","origin":[8.0,5.92127,8.0]},"faces":{"north":{"uv":[0.0,4.0,3.66667,7.0],"texture":"#0"},"south":{"uv":[0.0,4.0,3.66667,7.0],"texture":"#0"}}},{"from":[2.5,-5.65195,11.8049],"to":[13.5,3.34805,11.8049],"rotation":{"angle":-22.5,"axis":"x","origin":[8.0,5.92127,8.0]},"faces":{"north":{"uv":[3.66667,4.0,0.0,7.0],"texture":"#0"},"south":{"uv":[3.66667,4.0,0.0,7.0],"texture":"#0"}}},{"from":[4.1951,-5.65195,2.5],"to":[4.1951,3.34805,13.5],"rotation":{"angle":-22.5,"axis":"z","origin":[8.0,5.92127,8.0]},"faces":{"east":{"uv":[3.66667,4.0,0.0,7.0],"texture":"#0"},"west":{"uv":[3.66667,4.0,0.0,7.0],"texture":"#0"}}},{"from":[11.8049,-5.65195,2.5],"to":[11.8049,3.34805,13.5],"rotation":{"angle":22.5,"axis":"z","origin":[8.0,5.92127,8.0]},"faces":{"east":{"uv":[0.0,4.0,3.66667,7.0],"texture":"#0"},"west":{"uv":[0.0,4.0,3.66667,7.0],"texture":"#0"}}},{"from":[9.46988,0.14851,3.0],"to":[16.46988,3.14851,13.0],"rotation":{"angle":45.0,"axis":"z","origin":[8.0,5.92127,8.0]},"faces":{"east":{"uv":[5.0,2.66667,8.33333,3.66667],"texture":"#0","tintindex":0},"up":{"uv":[5.0,0.0,8.33333,2.33333],"texture":"#0","tintindex":0,"rotation":90}}},{"from":[16.46988,3.14851,13.0],"to":[9.46988,0.14851,3.0],"rotation":{"angle":45.0,"axis":"z","origin":[8.0,5.92127,8.0]},"faces":{"west":{"uv":[5.0,3.66667,8.33333,2.66667],"texture":"#0","tintindex":0},"down":{"uv":[5.0,2.33333,8.33333,0.0],"texture":"#0","tintindex":0,"rotation":90}}},{"from":[6.53012,3.14851,13.0],"to":[-0.46988,0.14851,3.0],"rotation":{"angle":-45.0,"axis":"z","origin":[8.0,5.92127,8.0]},"faces":{"east":{"uv":[8.33333,3.66667,5.0,2.66667],"texture":"#0","tintindex":0},"down":{"uv":[5.0,0.0,8.33333,2.33333],"texture":"#0","tintindex":0,"rotation":90}}},{"from":[-0.46988,0.14851,3.0],"to":[6.53012,3.14851,13.0],"rotation":{"angle":-45.0,"axis":"z","origin":[8.0,5.92127,8.0]},"faces":{"west":{"uv":[8.33333,2.66667,5.0,3.66667],"texture":"#0","tintindex":0},"up":{"uv":[5.0,2.33333,8.33333,0.0],"texture":"#0","tintindex":0,"rotation":90}}},{"from":[3.0,0.14851,-0.46988],"to":[13.0,3.14851,6.53012],"rotation":{"angle":45.0,"axis":"x","origin":[8.0,5.92127,8.0]},"faces":{"north":{"uv":[8.33333,2.66667,5.0,3.66667],"texture":"#0","tintindex":0},"up":{"uv":[5.0,2.33333,8.33333,0.0],"texture":"#0","tintindex":0,"rotation":180}}},{"from":[13.0,3.14851,6.53012],"to":[3.0,0.14851,-0.46988],"rotation":{"angle":45.0,"axis":"x","origin":[8.0,5.92127,8.0]},"faces":{"south":{"uv":[8.33333,3.66667,5.0,2.66667],"texture":"#0","tintindex":0},"down":{"uv":[5.0,0.0,8.33333,2.33333],"texture":"#0","tintindex":0}}},{"from":[13.0,3.14851,16.46988],"to":[3.0,0.14851,9.46988],"rotation":{"angle":-45.0,"axis":"x","origin":[8.0,5.92127,8.0]},"faces":{"north":{"uv":[5.0,3.66667,8.33333,2.66667],"texture":"#0","tintindex":0},"down":{"uv":[5.0,2.33333,8.33333,0.0],"texture":"#0","tintindex":0}}},{"from":[3.0,0.14851,9.46988],"to":[13.0,3.14851,16.46988],"rotation":{"angle":-45.0,"axis":"x","origin":[8.0,5.92127,8.0]},"faces":{"south":{"uv":[5.0,2.66667,8.33333,3.66667],"texture":"#0","tintindex":0},"up":{"uv":[5.0,0.0,8.33333,2.33333],"texture":"#0","tintindex":0,"rotation":180}}},{"from":[-3.12132,2.25,3.12132],"to":[3.87868,5.25,13.12132],"rotation":{"angle":45.0,"axis":"y","origin":[8.0,5.92127,8.0]},"faces":{"west":{"uv":[5.0,2.66667,8.33333,3.66667],"texture":"#0","tintindex":0},"up":{"uv":[3.66667,3.66667,7.0,6.0],"texture":"#0","tintindex":0,"rotation":270}}},{"from":[3.87868,5.25,13.12132],"to":[-3.12132,2.25,3.12132],"rotation":{"angle":45.0,"axis":"y","origin":[8.0,5.92127,8.0]},"faces":{"east":{"uv":[5.0,3.66667,8.33333,2.66667],"texture":"#0","tintindex":0},"down":{"uv":[3.66667,6.0,7.0,3.66667],"texture":"#0","tintindex":0,"rotation":270}}},{"from":[19.12132,5.25,13.12132],"to":[12.12132,2.25,3.12132],"rotation":{"angle":-45.0,"axis":"y","origin":[8.0,5.92127,8.0]},"faces":{"west":{"uv":[8.33333,3.66667,5.0,2.66667],"texture":"#0","tintindex":0},"down":{"uv":[3.66667,3.66667,7.0,6.0],"texture":"#0","tintindex":0,"rotation":270}}},{"from":[12.12132,2.25,3.12132],"to":[19.12132,5.25,13.12132],"rotation":{"angle":-45.0,"axis":"y","origin":[8.0,5.92127,8.0]},"faces":{"east":{"uv":[8.33333,2.66667,5.0,3.66667],"texture":"#0","tintindex":0},"up":{"uv":[3.66667,6.0,7.0,3.66667],"texture":"#0","tintindex":0,"rotation":270}}},{"from":[3.87868,5.25,12.87868],"to":[-3.12132,2.25,2.87868],"rotation":{"angle":-45.0,"axis":"y","origin":[8.0,5.92127,8.0]},"faces":{"east":{"uv":[8.33333,3.66667,5.0,2.66667],"texture":"#0","tintindex":0},"down":{"uv":[7.0,6.0,3.66667,3.66667],"texture":"#0","tintindex":0,"rotation":270}}},{"from":[-3.12132,2.25,2.87868],"to":[3.87868,5.25,12.87868],"rotation":{"angle":-45.0,"axis":"y","origin":[8.0,5.92127,8.0]},"faces":{"west":{"uv":[8.33333,2.66667,5.0,3.66667],"texture":"#0","tintindex":0},"up":{"uv":[7.0,3.66667,3.66667,6.0],"texture":"#0","tintindex":0,"rotation":270}}},{"from":[19.12132,5.25,12.87868],"to":[12.12132,2.25,2.87868],"rotation":{"angle":45.0,"axis":"y","origin":[8.0,5.92127,8.0]},"faces":{"west":{"uv":[5.0,3.66667,8.33333,2.66667],"texture":"#0","tintindex":0},"down":{"uv":[7.0,3.66667,3.66667,6.0],"texture":"#0","tintindex":0,"rotation":270}}},{"from":[12.12132,2.25,2.87868],"to":[19.12132,5.25,12.87868],"rotation":{"angle":45.0,"axis":"y","origin":[8.0,5.92127,8.0]},"faces":{"east":{"uv":[5.0,2.66667,8.33333,3.66667],"texture":"#0","tintindex":0},"up":{"uv":[7.0,6.0,3.66667,3.66667],"texture":"#0","tintindex":0,"rotation":270}}},{"from":[5.0,5.0,5.0],"to":[11.0,7.0,11.0],"rotation":{"angle":0.0,"axis":"y","origin":[7.0,5.0,7.0]},"faces":{"north":{"uv":[5.25,3.0,6.75,3.5],"texture":"#3"},"east":{"uv":[5.25,3.75,6.75,4.25],"texture":"#3"},"south":{"uv":[3.5,6.0,5.0,6.5],"texture":"#3"},"west":{"uv":[6.0,4.5,7.5,5.0],"texture":"#3"},"up":{"uv":[1.5,6.5,0.0,5.0],"texture":"#3"},"down":{"uv":[3.25,5.0,1.75,6.5],"texture":"#3"}}},{"from":[3.5,2.0,3.5],"to":[12.5,5.0,12.5],"rotation":{"angle":0.0,"axis":"y","origin":[3.5,2.0,3.5]},"faces":{"north":{"uv":[3.5,5.0,5.75,5.75],"texture":"#3"},"east":{"uv":[5.25,0.0,7.5,0.75],"texture":"#3"},"south":{"uv":[5.25,1.0,7.5,1.75],"texture":"#3"},"west":{"uv":[5.25,2.0,7.5,2.75],"texture":"#3"},"up":{"uv":[5.0,2.25,2.75,0.0],"texture":"#3"},"down":{"uv":[5.0,2.5,2.75,4.75],"texture":"#3"}}},{"from":[3.0,7.0,8.0],"to":[13.0,16.0,8.0],"rotation":{"angle":0.0,"axis":"y","origin":[7.0,7.0,7.0]},"faces":{"north":{"uv":[0.0,0.0,2.5,2.25],"texture":"#3"},"east":{"uv":[5.25,6.0,5.25,8.25],"texture":"#3"},"south":{"uv":[0.0,0.0,2.5,2.25],"texture":"#3"},"west":{"uv":[6.0,5.25,6.0,7.5],"texture":"#3"},"up":{"uv":[8.75,5.25,6.25,5.25],"texture":"#3"},"down":{"uv":[8.75,5.5,6.25,5.5],"texture":"#3"}}},{"from":[8.0,7.0,3.0],"to":[8.0,16.0,13.0],"rotation":{"angle":0.0,"axis":"y","origin":[8.0,11.5,8.0]},"faces":{"north":{"uv":[6.0,5.25,6.0,7.5],"texture":"#3"},"east":{"uv":[0.0,0.0,2.5,2.25],"texture":"#3"},"south":{"uv":[5.25,6.0,5.25,8.25],"texture":"#3"},"west":{"uv":[0.0,0.0,2.5,2.25],"texture":"#3"},"up":{"uv":[8.75,5.25,6.25,5.25],"texture":"#3","rotation":90},"down":{"uv":[8.75,5.5,6.25,5.5],"texture":"#3","rotation":270}}},{"from":[7.975,7.0,-8.0],"to":[8.025,32.0,24.0],"rotation":{"angle":0.0,"axis":"y","origin":[-8.0,17.0,-8.0]},"faces":{"north":{"uv":[0.0,0.0,0.0,8.0],"texture":"#2"},"east":{"uv":[0.0,3.5,16.0,16.0],"texture":"#2"},"south":{"uv":[0.0,0.0,0.0,8.0],"texture":"#2"},"west":{"uv":[16.0,3.5,0.0,16.0],"texture":"#2"},"up":{"uv":[0.0,0.0,0.0,8.0],"texture":"#2"},"down":{"uv":[0.0,0.0,0.0,8.0],"texture":"#2"}}},{"from":[-8.0,7.0,7.975],"to":[24.0,32.0,8.025],"rotation":{"angle":0.0,"axis":"y","origin":[8.0,19.5,8.0]},"faces":{"north":{"uv":[16.0,3.5,0.0,16.0],"texture":"#2"},"east":{"uv":[0.0,0.0,0.0,8.0],"texture":"#2"},"south":{"uv":[0.0,3.5,16.0,16.0],"texture":"#2"},"west":{"uv":[0.0,0.0,0.0,8.0],"texture":"#2"},"up":{"uv":[0.0,0.0,0.0,8.0],"texture":"#2","rotation":90},"down":{"uv":[0.0,0.0,0.0,8.0],"texture":"#2","rotation":270}}}],"display":{"thirdperson_righthand":{"translation":[0.0,3.25,0.0],"rotation":[22.0,22.0,0.0],"scale":[0.8,0.8,0.8]},"thirdperson_lefthand":{"translation":[0.0,3.25,0.0],"rotation":[22.0,22.0,0.0],"scale":[0.8,0.8,0.8]},"firstperson_righthand":{"translation":[0.0,1.75,0.0],"rotation":[0.89,24.01,7.12],"scale":[0.5,0.5,0.5]},"firstperson_lefthand":{"translation":[0.0,1.75,0.0],"rotation":[0.89,24.01,7.12],"scale":[0.5,0.5,0.5]},"ground":{"translation":[0.0,2.25,0.0],"scale":[0.5,0.5,0.5]},"gui":{"translation":[0.0,1.5,0.0],"rotation":[25.5,34.0,-2.0],"scale":[0.68,0.68,0.68]},"head":{"translation":[0.0,12.25,0.0],"scale":[1.61,1.61,1.61]}},"credit":"Made with Blockbench","gui_light":"front"}