{"textures":{"1":"mcc:island_cosmetics/general/hat/cowboy_hat/cactus_ranger","particle":"mcc:island_cosmetics/general/hat/cowboy_hat/cowboy_hat"},"display":{"thirdperson_righthand":{"rotation":[64.25,0.0,0.0],"scale":[0.44336,0.44336,0.44336]},"thirdperson_lefthand":{"rotation":[64.25,0.0,0.0],"scale":[0.44336,0.44336,0.44336]},"firstperson_righthand":{"scale":[0.0,0.0,0.0]},"firstperson_lefthand":{"scale":[0.0,0.0,0.0]},"ground":{"translation":[0.0,4.25,0.0],"scale":[0.43945,0.43945,0.43945]},"gui":{"translation":[0.0,4.75,0.0],"rotation":[-149.61,-31.92,-180.0],"scale":[0.77538,0.77538,0.77538]},"head":{"translation":[0.0,16.25,0.0],"scale":[1.6,1.6,1.6]}},"credit":"Made with Blockbench","texture_size":[32.0,32.0],"elements":[{"from":[0.02,-0.2957,0.02],"to":[15.98,4.2643,15.98],"rotation":{"angle":0.0,"axis":"y","origin":[-1.0972,-34.3279,-1.0972]},"faces":{"north":{"uv":[7.0,0.0,14.0,2.0],"texture":"#1"},"east":{"uv":[7.0,2.0,14.0,4.0],"texture":"#1"},"south":{"uv":[7.0,0.0,14.0,2.0],"texture":"#1"},"west":{"uv":[7.0,2.0,14.0,4.0],"texture":"#1"},"down":{"uv":[0.0,0.0,7.0,7.0],"texture":"#1"}}},{"from":[3.44,-0.2843,3.44],"to":[12.56,5.4157,12.56],"rotation":{"angle":0.0,"axis":"y","origin":[-1.1086,-34.3279,-1.1086]},"faces":{"north":{"uv":[4.0,10.0,8.0,12.5],"texture":"#1"},"east":{"uv":[0.0,10.0,4.0,12.5],"texture":"#1"},"south":{"uv":[4.0,10.0,8.0,12.5],"texture":"#1"},"west":{"uv":[0.0,10.0,4.0,12.5],"texture":"#1"},"up":{"uv":[7.0,4.0,11.0,8.0],"texture":"#1"},"down":{"uv":[0.0,0.0,0.0,0.0],"texture":"#1"}}},{"from":[3.44,5.4157,3.44],"to":[12.56,6.5557,12.56],"rotation":{"angle":0.0,"axis":"y","origin":[-1.1086,-34.3279,-1.1086]},"faces":{"north":{"uv":[4.0,9.5,8.0,10.0],"texture":"#1"},"east":{"uv":[8.0,9.5,12.0,10.0],"texture":"#1"},"south":{"uv":[4.0,9.5,8.0,10.0],"texture":"#1"},"west":{"uv":[8.0,9.5,12.0,10.0],"texture":"#1"}}},{"name":"cube inverted","from":[12.56,6.5557,12.56],"to":[3.44,5.4157,3.44],"rotation":{"angle":0.0,"axis":"y","origin":[-1.1086,-34.3279,-1.1086]},"faces":{"north":{"uv":[4.0,10.0,8.0,9.5],"texture":"#1"},"east":{"uv":[8.0,10.0,12.0,9.5],"texture":"#1"},"south":{"uv":[4.0,10.0,8.0,9.5],"texture":"#1"},"west":{"uv":[8.0,10.0,12.0,9.5],"texture":"#1"}}},{"from":[3.383,-0.0449,3.383],"to":[12.617,4.6291,12.617],"rotation":{"angle":0.0,"axis":"y","origin":[-0.8806,-34.3279,-0.8806]},"faces":{"north":{"uv":[8.0,10.5,12.0,12.5],"texture":"#1"},"east":{"uv":[0.0,8.0,4.0,10.0],"texture":"#1"},"south":{"uv":[0.0,8.0,4.0,10.0],"texture":"#1"},"west":{"uv":[0.0,8.0,4.0,10.0],"texture":"#1"}}},{"name":"cube inverted","from":[15.0,6.5,2.25],"to":[9.0,0.5,1.25],"rotation":{"angle":-22.5,"axis":"y","origin":[11.0,3.5,1.0]},"faces":{"north":{"uv":[3.0,16.0,0.0,13.0],"texture":"#1","tintindex":0.0},"east":{"uv":[2.5,16.0,3.0,13.0],"texture":"#1","tintindex":0.0},"west":{"uv":[0.0,16.0,0.5,13.0],"texture":"#1","tintindex":0.0},"up":{"uv":[0.0,15.5,3.0,16.0],"texture":"#1","tintindex":0.0},"down":{"uv":[0.0,13.0,3.0,13.5],"texture":"#1","tintindex":0.0}}},{"name":"cube inverted inverted","from":[9.0,0.5,1.25],"to":[15.0,6.5,2.25],"rotation":{"angle":-22.5,"axis":"y","origin":[11.0,3.5,1.0]},"faces":{"east":{"uv":[0.0,13.0,0.5,16.0],"texture":"#1","tintindex":0.0},"south":{"uv":[3.0,13.0,0.0,16.0],"texture":"#1","tintindex":0.0},"west":{"uv":[2.5,13.0,3.0,16.0],"texture":"#1","tintindex":0.0},"up":{"uv":[3.0,13.0,0.0,13.5],"texture":"#1","tintindex":0.0},"down":{"uv":[3.0,15.5,0.0,16.0],"texture":"#1","tintindex":0.0}}},{"name":"cube inverted","from":[9.0,0.5,2.25],"to":[15.0,6.5,2.25],"rotation":{"angle":-22.5,"axis":"y","origin":[11.0,3.5,1.0]},"faces":{"north":{"uv":[3.0,13.0,6.0,16.0],"texture":"#1"},"east":{"uv":[2.5,16.0,3.0,13.0],"texture":"#1"},"south":{"uv":[3.0,13.0,6.0,16.0],"texture":"#1"},"west":{"uv":[0.0,16.0,0.5,13.0],"texture":"#1"},"up":{"uv":[0.0,15.5,3.0,16.0],"texture":"#1"},"down":{"uv":[0.0,13.0,3.0,13.5],"texture":"#1"}}},{"from":[2.5,-5.25,3.0],"to":[13.5,-0.25,10.0],"rotation":{"angle":0.0,"axis":"y","origin":[-0.5,-29.5,0.0]},"faces":{"north":{"uv":[10.5,13.5,16.0,16.0],"texture":"#1","tintindex":0.0},"east":{"uv":[12.5,11.0,16.0,13.5],"texture":"#1","tintindex":0.0},"west":{"uv":[16.0,11.0,12.5,13.5],"texture":"#1","tintindex":0.0}}},{"from":[2.5,-5.25,3.0],"to":[13.5,-0.25,3.0],"rotation":{"angle":0.0,"axis":"y","origin":[-0.5,-29.5,0.0]},"faces":{"north":{"uv":[13.0,6.0,15.5,11.5],"rotation":90.0,"texture":"#1"},"east":{"uv":[12.5,12.0,16.0,14.0],"texture":"#1"},"south":{"uv":[13.0,6.0,15.5,11.5],"rotation":90.0,"texture":"#1"},"west":{"uv":[16.0,12.0,12.5,14.0],"texture":"#1"},"up":{"uv":[0.0,0.0,0.5,0.5],"texture":"#1"},"down":{"uv":[0.0,0.0,0.5,0.5],"texture":"#1"}}},{"from":[2.0,0.5,3.0],"to":[6.0,4.5,3.0],"rotation":{"angle":0.0,"axis":"y","origin":[0.0,-29.5,0.0]},"faces":{"north":{"uv":[8.0,14.0,10.0,16.0],"texture":"#1","tintindex":0.0},"east":{"uv":[0.0,0.0,0.5,0.5],"texture":"#1"},"south":{"uv":[10.0,14.0,8.0,16.0],"texture":"#1","tintindex":0.0},"west":{"uv":[0.0,0.0,0.5,0.5],"texture":"#1"},"up":{"uv":[0.0,0.0,0.5,0.5],"texture":"#1"},"down":{"uv":[0.0,0.0,0.5,0.5],"texture":"#1"}}},{"from":[2.0,0.5,3.0],"to":[6.0,4.5,3.0],"rotation":{"angle":0.0,"axis":"y","origin":[0.0,-29.5,0.0]},"faces":{"north":{"uv":[3.5,13.5,5.5,15.5],"texture":"#1"},"east":{"uv":[0.0,0.0,0.5,0.5],"texture":"#1"},"south":{"uv":[5.5,13.5,3.5,15.5],"texture":"#1"},"west":{"uv":[0.0,0.0,0.5,0.5],"texture":"#1"},"up":{"uv":[0.0,0.0,0.5,0.5],"texture":"#1"},"down":{"uv":[0.0,0.0,0.5,0.5],"texture":"#1"}}},{"name":"cube inverted","from":[13.5,-0.25,10.0],"to":[2.5,-5.25,3.0],"rotation":{"angle":0.0,"axis":"y","origin":[-0.5,-29.5,0.0]},"faces":{"east":{"uv":[16.0,13.5,12.5,11.0],"texture":"#1","tintindex":0.0},"south":{"uv":[10.5,16.0,16.0,13.5],"texture":"#1","tintindex":0.0},"west":{"uv":[12.5,13.5,16.0,11.0],"texture":"#1","tintindex":0.0}}},{"name":"cube inverted","from":[13.5,-0.25,3.0],"to":[2.5,-5.25,3.0],"rotation":{"angle":0.0,"axis":"y","origin":[-0.5,-29.5,0.0]},"faces":{"north":{"uv":[15.5,6.0,13.0,11.5],"rotation":90.0,"texture":"#1"},"east":{"uv":[16.0,14.0,12.5,12.0],"texture":"#1"},"south":{"uv":[15.5,6.0,13.0,11.5],"rotation":90.0,"texture":"#1"},"west":{"uv":[12.5,14.0,16.0,12.0],"texture":"#1"},"up":{"uv":[0.5,0.0,0.0,0.5],"texture":"#1"},"down":{"uv":[0.5,0.0,0.0,0.5],"texture":"#1"}}},{"name":"cube inverted","from":[15.98,4.2643,15.98],"to":[0.02,-0.2957,0.02],"rotation":{"angle":0.0,"axis":"y","origin":[-1.0972,-34.3279,-1.0972]},"faces":{"north":{"uv":[7.0,2.0,14.0,0.0],"texture":"#1"},"east":{"uv":[7.0,4.0,14.0,2.0],"texture":"#1"},"south":{"uv":[7.0,2.0,14.0,0.0],"texture":"#1"},"west":{"uv":[7.0,4.0,14.0,2.0],"texture":"#1"},"up":{"uv":[7.0,0.0,0.0,7.0],"texture":"#1"}}}],"gui_light":"front","groups":[{"name":"hat","origin":[-1.0972,-4.8279,-1.0972],"color":0.0,"nbt":"{}","armAnimationEnabled":false,"children":[0.0,1.0,2.0,3.0,4.0,5.0,6.0,7.0,8.0,9.0,10.0,11.0,12.0,13.0,14.0]}]}