{
    "parent": "item/generated",
    "textures": {
        "layer0": "item/potion_overlay",
        "layer1": "item/potion"
    },
 
 "overrides": [
  {"predicate": {"custom_model_data":1}, "model": "item/custom/potion1"},
  {"predicate": {"custom_model_data":2}, "model": "item/custom/potion2"},
  {"predicate": {"custom_model_data":3}, "model": "item/custom/potion3"},
  {"predicate": {"custom_model_data":4}, "model": "item/custom/potion4"},
  {"predicate": {"custom_model_data":5}, "model": "item/custom/potion5"}



 ]
}
