{
  "parent": "minecraft:item/generated",
  "textures": {
    "layer0": "minecraft:item/writable_book"
  },
  "overrides": [

	{
		
		"predicate": {
			"custom_model_data": 19
		},
		"model": "item/custom/dark_book_writable"
	},
	{
		
		"predicate": {
			"custom_model_data": 20
		},
		"model": "item/custom/diamond_book_writable"
	},
	{
		
		"predicate": {
			"custom_model_data": 21
		},
		"model": "item/custom/magic_book_writable"
	},
	{
		
		"predicate": {
			"custom_model_data": 22
		},
		"model": "item/custom/nature_book_writable"
	},
	{
		
		"predicate": {
			"custom_model_data": 23
		},
		"model": "item/custom/redstone_book_writable"
	},
  {"predicate": {"custom_model_data":24}, "model": "item/custom/alarm_letter_writable"},
  {"predicate": {"custom_model_data":25}, "model": "item/custom/blank_letter_writable"},
  {"predicate": {"custom_model_data":26}, "model": "item/custom/cash_letter_writable"},
  {"predicate": {"custom_model_data":27}, "model": "item/custom/clover_letter_writable"},
  {"predicate": {"custom_model_data":28}, "model": "item/custom/death_letter_writable"},
  {"predicate": {"custom_model_data":29}, "model": "item/custom/earth_letter_writable"},
  {"predicate": {"custom_model_data":30}, "model": "item/custom/ender_letter_writable"},
  {"predicate": {"custom_model_data":31}, "model": "item/custom/flag_letter_writable"},
  {"predicate": {"custom_model_data":32}, "model": "item/custom/fox_letter_writable"},
  {"predicate": {"custom_model_data":33}, "model": "item/custom/frog_letter_writable"},
  {"predicate": {"custom_model_data":34}, "model": "item/custom/love_letter_writable"},
  {"predicate": {"custom_model_data":35}, "model": "item/custom/modern_letter_writable"},
  {"predicate": {"custom_model_data":36}, "model": "item/custom/mushroom_letter_writable"},
  {"predicate": {"custom_model_data":37}, "model": "item/custom/old_letter_writable"},
  {"predicate": {"custom_model_data":38}, "model": "item/custom/pumpkin_letter_writable"},
  {"predicate": {"custom_model_data":39}, "model": "item/custom/rainbow_letter_writable"},
  {"predicate": {"custom_model_data":40}, "model": "item/custom/star_letter_writable"},
  {"predicate": {"custom_model_data":41}, "model": "item/custom/trident_letter_writable"}
  ]
}