{"textures":{"0":"mcc:island_cosmetics/general/hat/traffic_cone/traffic_cone","2":"mcc:island_cosmetics/general/hat/traffic_cone/roadwork_anim","particle":"mcc:island_cosmetics/general/hat/traffic_cone/traffic_cone"},"display":{"thirdperson_righthand":{"rotation":[64.25,0.0,0.0],"scale":[0.44336,0.44336,0.44336]},"thirdperson_lefthand":{"rotation":[64.25,0.0,0.0],"scale":[0.44336,0.44336,0.44336]},"firstperson_righthand":{"scale":[0.0,0.0,0.0]},"firstperson_lefthand":{"scale":[0.0,0.0,0.0]},"ground":{"translation":[0.0,4.25,0.0],"scale":[0.43945,0.43945,0.43945]},"gui":{"translation":[0.0,2.25,0.0],"rotation":[-149.61,-31.92,-180.0],"scale":[0.79687,0.79687,0.79687]},"head":{"translation":[2.25,20.25,0.0],"rotation":[0.0,0.0,-9.25],"scale":[1.65861,1.65861,1.65861]}},"credit":"Made with Blockbench","texture_size":[32.0,32.0],"elements":[{"from":[2.0,-1.27,2.0],"to":[14.0,0.73,14.0],"rotation":{"angle":0.0,"axis":"y","origin":[0.02,0.0,0.02]},"faces":{"north":{"uv":[0.0,6.0,6.0,7.0],"texture":"#0"},"east":{"uv":[0.0,6.0,6.0,7.0],"texture":"#0"},"south":{"uv":[0.0,6.0,6.0,7.0],"texture":"#0"},"west":{"uv":[0.0,6.0,6.0,7.0],"texture":"#0"},"up":{"uv":[6.0,0.0,12.0,6.0],"texture":"#0"},"down":{"uv":[0.0,0.0,6.0,6.0],"texture":"#0"}}},{"from":[4.5,-0.27,4.5],"to":[11.5,5.73,11.5],"rotation":{"angle":0.0,"axis":"y","origin":[0.52,0.0,0.52]},"faces":{"north":{"uv":[0.0,7.0,3.5,10.0],"texture":"#0","tintindex":0.0},"east":{"uv":[0.0,7.0,3.5,10.0],"texture":"#0","tintindex":0.0},"south":{"uv":[0.0,7.0,3.5,10.0],"texture":"#0","tintindex":0.0},"west":{"uv":[0.0,7.0,3.5,10.0],"texture":"#0","tintindex":0.0},"up":{"uv":[6.0,6.0,9.5,9.5],"texture":"#0","tintindex":0.0}}},{"from":[5.5,4.73,5.5],"to":[10.5,9.73,10.5],"rotation":{"angle":0.0,"axis":"y","origin":[0.52,0.0,0.52]},"faces":{"north":{"uv":[0.0,10.5,2.5,13.0],"texture":"#0","tintindex":0.0},"east":{"uv":[0.0,10.5,2.5,13.0],"texture":"#0","tintindex":0.0},"south":{"uv":[0.0,10.5,2.5,13.0],"texture":"#0","tintindex":0.0},"west":{"uv":[0.0,10.5,2.5,13.0],"texture":"#0","tintindex":0.0},"up":{"uv":[3.5,7.0,6.0,9.5],"texture":"#0","tintindex":0.0}}},{"from":[5.5,4.73,5.5],"to":[10.5,10.73,10.5],"rotation":{"angle":0.0,"axis":"y","origin":[0.52,0.0,0.52]},"faces":{"north":{"uv":[12.0,3.0,14.5,6.0],"texture":"#0"},"east":{"uv":[12.0,3.0,14.5,6.0],"texture":"#0"},"south":{"uv":[12.0,3.0,14.5,6.0],"texture":"#0"},"west":{"uv":[12.0,3.0,14.5,6.0],"texture":"#0"}}},{"from":[4.5,-0.27,4.5],"to":[11.5,5.73,11.5],"rotation":{"angle":0.0,"axis":"y","origin":[0.52,0.0,0.52]},"faces":{"north":{"uv":[12.0,0.0,15.5,3.0],"texture":"#0"},"east":{"uv":[12.0,0.0,15.5,3.0],"texture":"#0"},"south":{"uv":[12.0,0.0,15.5,3.0],"texture":"#0"},"west":{"uv":[12.0,0.0,15.5,3.0],"texture":"#0"}}},{"from":[6.0,9.75,6.0],"to":[10.0,13.75,10.0],"rotation":{"angle":0.0,"axis":"y","origin":[-0.5,0.0,0.5]},"faces":{"north":{"uv":[0.5,13.5,2.5,15.5],"texture":"#2"},"east":{"uv":[0.5,13.5,2.5,15.5],"texture":"#2"},"south":{"uv":[0.5,13.5,2.5,15.5],"texture":"#2"},"west":{"uv":[0.5,13.5,2.5,15.5],"texture":"#2"},"up":{"uv":[2.5,13.5,4.5,15.5],"texture":"#2"},"down":{"uv":[0.0,0.0,0.5,0.5],"texture":"#missing"}}},{"from":[1.0,9.75,8.0],"to":[15.0,13.75,8.0],"rotation":{"angle":0.0,"axis":"y","origin":[8.0,3.25,5.0]},"faces":{"north":{"uv":[0.0,0.0,7.0,2.0],"texture":"#2","tintindex":0.0},"east":{"uv":[10.0,0.0,11.0,1.0],"texture":"#2","tintindex":0.0},"south":{"uv":[0.0,0.0,7.0,2.0],"texture":"#2","tintindex":0.0},"west":{"uv":[10.0,0.0,11.0,1.0],"texture":"#2","tintindex":0.0},"up":{"uv":[11.0,0.0,12.0,1.0],"texture":"#2","tintindex":0.0},"down":{"uv":[9.0,0.0,10.0,1.0],"texture":"#2","tintindex":0.0}}},{"from":[1.0,9.75,8.0],"to":[15.0,13.75,8.0],"rotation":{"angle":-22.5,"axis":"y","origin":[8.0,11.75,8.0]},"faces":{"north":{"uv":[0.0,2.5,7.0,4.5],"texture":"#2","tintindex":0.0},"east":{"uv":[10.0,0.0,11.0,1.0],"texture":"#2","tintindex":0.0},"south":{"uv":[0.0,2.5,7.0,4.5],"texture":"#2","tintindex":0.0},"west":{"uv":[10.0,0.0,11.0,1.0],"texture":"#2","tintindex":0.0},"up":{"uv":[11.0,0.0,12.0,1.0],"texture":"#2","tintindex":0.0},"down":{"uv":[9.0,0.0,10.0,1.0],"texture":"#2","tintindex":0.0}}},{"from":[8.0,9.75,1.0],"to":[8.0,13.75,15.0],"rotation":{"angle":22.5,"axis":"y","origin":[8.0,11.75,8.0]},"faces":{"north":{"uv":[10.0,0.0,11.0,1.0],"texture":"#2","tintindex":0.0},"east":{"uv":[0.0,7.5,7.0,9.5],"texture":"#2","tintindex":0.0},"south":{"uv":[10.0,0.0,11.0,1.0],"texture":"#2","tintindex":0.0},"west":{"uv":[0.0,7.5,7.0,9.5],"texture":"#2","tintindex":0.0},"up":{"uv":[11.0,0.0,12.0,1.0],"rotation":90.0,"texture":"#2","tintindex":0.0},"down":{"uv":[9.0,0.0,10.0,1.0],"rotation":270.0,"texture":"#2","tintindex":0.0}}},{"from":[8.0,9.75,1.0],"to":[8.0,13.75,15.0],"rotation":{"angle":45.0,"axis":"y","origin":[8.0,11.75,8.0]},"faces":{"north":{"uv":[10.0,0.0,11.0,1.0],"texture":"#2","tintindex":0.0},"east":{"uv":[0.0,5.0,7.0,7.0],"texture":"#2","tintindex":0.0},"south":{"uv":[10.0,0.0,11.0,1.0],"texture":"#2","tintindex":0.0},"west":{"uv":[0.0,5.0,7.0,7.0],"texture":"#2","tintindex":0.0},"up":{"uv":[11.0,0.0,12.0,1.0],"rotation":90.0,"texture":"#2","tintindex":0.0},"down":{"uv":[9.0,0.0,10.0,1.0],"rotation":270.0,"texture":"#2","tintindex":0.0}}},{"from":[8.0,9.75,1.0],"to":[8.0,13.75,15.0],"rotation":{"angle":-22.5,"axis":"y","origin":[8.0,11.75,8.0]},"faces":{"north":{"uv":[10.0,0.0,11.0,1.0],"texture":"#2","tintindex":0.0},"east":{"uv":[9.0,2.5,16.0,4.5],"texture":"#2","tintindex":0.0},"south":{"uv":[10.0,0.0,11.0,1.0],"texture":"#2","tintindex":0.0},"west":{"uv":[9.0,2.5,16.0,4.5],"texture":"#2","tintindex":0.0},"up":{"uv":[11.0,0.0,12.0,1.0],"rotation":270.0,"texture":"#2","tintindex":0.0},"down":{"uv":[9.0,0.0,10.0,1.0],"rotation":90.0,"texture":"#2","tintindex":0.0}}},{"from":[1.0,9.75,8.0],"to":[15.0,13.75,8.0],"rotation":{"angle":45.0,"axis":"y","origin":[8.0,11.75,8.0]},"faces":{"north":{"uv":[9.0,5.0,16.0,7.0],"texture":"#2","tintindex":0.0},"east":{"uv":[10.0,0.0,11.0,1.0],"texture":"#2","tintindex":0.0},"south":{"uv":[9.0,5.0,16.0,7.0],"texture":"#2","tintindex":0.0},"west":{"uv":[10.0,0.0,11.0,1.0],"texture":"#2","tintindex":0.0},"up":{"uv":[11.0,0.0,12.0,1.0],"texture":"#2","tintindex":0.0},"down":{"uv":[9.0,0.0,10.0,1.0],"texture":"#2","tintindex":0.0}}},{"from":[1.0,9.75,8.0],"to":[15.0,13.75,8.0],"rotation":{"angle":22.5,"axis":"y","origin":[8.0,11.75,8.0]},"faces":{"north":{"uv":[9.0,7.5,16.0,9.5],"texture":"#2","tintindex":0.0},"east":{"uv":[10.0,0.0,11.0,1.0],"texture":"#2","tintindex":0.0},"south":{"uv":[9.0,7.5,16.0,9.5],"texture":"#2","tintindex":0.0},"west":{"uv":[10.0,0.0,11.0,1.0],"texture":"#2","tintindex":0.0},"up":{"uv":[11.0,0.0,12.0,1.0],"texture":"#2","tintindex":0.0},"down":{"uv":[9.0,0.0,10.0,1.0],"texture":"#2","tintindex":0.0}}},{"from":[8.0,9.75,1.0],"to":[8.0,13.75,15.0],"rotation":{"angle":0.0,"axis":"y","origin":[8.0,11.75,8.0]},"faces":{"north":{"uv":[10.0,0.0,11.0,1.0],"texture":"#2","tintindex":0.0},"east":{"uv":[9.0,0.0,16.0,2.0],"texture":"#2","tintindex":0.0},"south":{"uv":[10.0,0.0,11.0,1.0],"texture":"#2","tintindex":0.0},"west":{"uv":[9.0,0.0,16.0,2.0],"texture":"#2","tintindex":0.0},"up":{"uv":[11.0,0.0,12.0,1.0],"rotation":90.0,"texture":"#2","tintindex":0.0},"down":{"uv":[9.0,0.0,10.0,1.0],"rotation":270.0,"texture":"#2","tintindex":0.0}}}],"gui_light":"front"}