{"textures":{"2":"mcc:island_cosmetics/general/hat/hard_hat/construction","3":"mcc:island_cosmetics/general/hat/hard_hat/hard_hat","particle":"mcc:island_cosmetics/general/hat/hard_hat/construction"},"elements":[{"from":[3.5,5.0,3.5],"to":[12.5,10.0,12.5],"rotation":{"angle":0.0,"axis":"y","origin":[-0.5,0.0,-1.5]},"faces":{"north":{"uv":[6.0,0.0,1.5,2.5],"texture":"#3"},"east":{"uv":[6.0,5.0,1.5,7.5],"texture":"#3"},"south":{"uv":[6.0,2.5,1.5,5.0],"texture":"#3"},"west":{"uv":[6.0,5.0,1.5,7.5],"texture":"#3"},"up":{"uv":[11.0,0.0,6.5,4.5],"texture":"#3"}}},{"from":[2.5,5.0,-1.5],"to":[13.5,5.0,14.5],"rotation":{"angle":0.0,"axis":"y","origin":[-0.5,0.0,-1.5]},"faces":{"north":{"uv":[2.125,5.25,3.25,5.875],"texture":"#3"},"east":{"uv":[2.125,7.625,3.25,8.25],"texture":"#3"},"south":{"uv":[2.125,5.25,3.25,5.875],"texture":"#3"},"west":{"uv":[2.125,7.0,3.25,7.625],"texture":"#3"},"up":{"uv":[10.0,13.5,2.0,8.0],"texture":"#3","rotation":90},"down":{"uv":[2.0,8.0,10.0,13.5],"texture":"#3","rotation":90}}},{"from":[6.5,5.0,2.5],"to":[9.5,11.0,13.5],"rotation":{"angle":0.0,"axis":"y","origin":[-0.5,0.0,-1.5]},"faces":{"north":{"uv":[1.5,0.0,0.0,3.0],"texture":"#3"},"east":{"uv":[12.0,4.5,6.5,7.5],"texture":"#3"},"south":{"uv":[1.5,0.0,0.0,3.0],"texture":"#3"},"west":{"uv":[12.0,4.5,6.5,7.5],"texture":"#3"},"up":{"uv":[1.5,3.0,0.0,8.5],"texture":"#3"}}},{"from":[13.0,1.0,5.5],"to":[15.0,6.0,10.5],"faces":{"north":{"uv":[8.0,5.0,6.0,10.0],"texture":"#2","tintindex":0},"east":{"uv":[5.0,5.0,0.0,10.0],"texture":"#2","tintindex":0},"south":{"uv":[6.0,5.0,8.0,10.0],"texture":"#2","tintindex":0},"west":{"uv":[0.0,0.0,0.0,0.0],"texture":"#2"},"up":{"uv":[10.0,5.0,8.0,10.0],"texture":"#2","tintindex":0},"down":{"uv":[2.0,10.0,0.0,15.0],"texture":"#2","tintindex":0}}},{"from":[2.5,5.5,6.0],"to":[13.5,11.5,10.0],"rotation":{"angle":0.0,"axis":"y","origin":[0.5,0.0,0.5]},"faces":{"east":{"uv":[16.0,0.0,12.0,6.0],"texture":"#2"},"west":{"uv":[16.0,0.0,12.0,6.0],"texture":"#2"},"up":{"uv":[10.0,16.0,14.0,6.0],"texture":"#2","rotation":90}}},{"from":[3.5,1.0,3.5],"to":[12.5,5.0,5.5],"rotation":{"angle":0.0,"axis":"y","origin":[0.5,0.0,0.0]},"faces":{"north":{"uv":[0.0,0.0,9.0,4.0],"texture":"#2"},"east":{"uv":[11.0,0.0,9.0,4.0],"texture":"#2"},"west":{"uv":[9.0,0.0,11.0,4.0],"texture":"#2"}}},{"from":[11.9,0.9,5.4],"to":[13.1,6.1,10.6],"faces":{"north":{"uv":[4.0,10.0,3.0,15.0],"texture":"#2"},"east":{"uv":[9.0,10.0,4.0,15.0],"texture":"#2"},"south":{"uv":[4.0,10.0,3.0,15.0],"texture":"#2"},"west":{"uv":[9.0,10.0,4.0,15.0],"texture":"#2"},"up":{"uv":[4.0,10.0,3.0,15.0],"texture":"#2"},"down":{"uv":[4.0,10.0,3.0,15.0],"texture":"#2"}}},{"from":[2.9,0.9,5.4],"to":[4.1,6.1,10.6],"rotation":{"angle":0.0,"axis":"y","origin":[16.0,0.0,0.0]},"faces":{"north":{"uv":[3.0,10.0,4.0,15.0],"texture":"#2"},"east":{"uv":[4.0,10.0,9.0,15.0],"texture":"#2"},"south":{"uv":[3.0,10.0,4.0,15.0],"texture":"#2"},"west":{"uv":[4.0,10.0,9.0,15.0],"texture":"#2"},"up":{"uv":[3.0,10.0,4.0,15.0],"texture":"#2"},"down":{"uv":[3.0,10.0,4.0,15.0],"texture":"#2"}}},{"from":[1.0,1.0,5.5],"to":[3.0,6.0,10.5],"rotation":{"angle":0.0,"axis":"y","origin":[16.0,0.0,0.0]},"faces":{"north":{"uv":[6.0,5.0,8.0,10.0],"texture":"#2","tintindex":0},"east":{"uv":[0.0,0.0,0.0,0.0],"texture":"#2"},"south":{"uv":[8.0,5.0,6.0,10.0],"texture":"#2","tintindex":0},"west":{"uv":[0.0,5.0,5.0,10.0],"texture":"#2","tintindex":0},"up":{"uv":[8.0,5.0,10.0,10.0],"texture":"#2","tintindex":0},"down":{"uv":[0.0,10.0,2.0,15.0],"texture":"#2","tintindex":0}}},{"from":[13.5,11.5,10.0],"to":[2.5,5.5,6.0],"rotation":{"angle":0.0,"axis":"y","origin":[0.5,0.0,0.5]},"faces":{"east":{"uv":[16.0,6.0,12.0,0.0],"texture":"#2"},"west":{"uv":[16.0,6.0,12.0,0.0],"texture":"#2"},"down":{"uv":[10.0,6.0,14.0,16.0],"texture":"#2","rotation":90}}},{"from":[12.5,5.0,5.5],"to":[3.5,1.0,3.5],"rotation":{"angle":0.0,"axis":"y","origin":[0.5,0.0,0.0]},"faces":{"east":{"uv":[9.0,4.0,11.0,0.0],"texture":"#2"},"south":{"uv":[0.0,4.0,9.0,0.0],"texture":"#2"},"west":{"uv":[11.0,4.0,9.0,0.0],"texture":"#2"}}}],"display":{"thirdperson_righthand":{"translation":[0.0,1.0,0.75],"rotation":[55.5,34.0,0.0],"scale":[0.52539,0.52539,0.52539]},"thirdperson_lefthand":{"translation":[0.0,1.0,0.75],"rotation":[55.5,34.0,0.0],"scale":[0.52539,0.52539,0.52539]},"firstperson_righthand":{"translation":[9.5,0.0,-5.75],"rotation":[21.0,114.5,-13.75],"scale":[0.41992,0.41992,0.41992]},"firstperson_lefthand":{"translation":[9.5,0.0,-5.75],"rotation":[21.0,114.5,-13.75],"scale":[0.41992,0.41992,0.41992]},"gui":{"translation":[-0.25,1.5,0.0],"rotation":[-149.61,-31.92,-180.0],"scale":[0.94335,0.94335,0.94335]},"head":{"translation":[0.0,6.5,0.25],"rotation":[3.25,0.0,0.0],"scale":[1.70938,1.70938,1.70938]}},"credit":"Made with Blockbench","gui_light":"front"}