{"textures":{"1":"mcc:island_cosmetics/general/hat/witch_hat/striped"},"display":{"thirdperson_righthand":{"translation":[0.0,1.0,0.75],"rotation":[55.5,34.0,0.0],"scale":[0.52539,0.52539,0.52539]},"thirdperson_lefthand":{"translation":[0.0,1.0,0.75],"rotation":[55.5,34.0,0.0],"scale":[0.52539,0.52539,0.52539]},"firstperson_righthand":{"translation":[9.5,0.0,-5.75],"rotation":[21.0,114.5,-13.75],"scale":[0.41992,0.41992,0.41992]},"firstperson_lefthand":{"translation":[9.5,0.0,-5.75],"rotation":[21.0,114.5,-13.75],"scale":[0.41992,0.41992,0.41992]},"gui":{"translation":[0.5,-0.5,0.0],"rotation":[-137.23,-50.79,-161.6],"scale":[0.62695,0.62695,0.62695]},"head":{"translation":[0.0,8.25,0.25],"rotation":[8.0,0.0,0.0],"scale":[1.67227,1.67227,1.67227]}},"credit":"Made with Blockbench","texture_size":[64.0,64.0],"elements":[{"from":[3.5,5.0,3.5],"to":[12.5,10.0,12.5],"rotation":{"angle":0.0,"axis":"y","origin":[-0.5,0.0,-1.5]},"faces":{"north":{"uv":[2.25,0.0,4.5,1.25],"texture":"#1","tintindex":0.0},"east":{"uv":[2.25,0.0,4.5,1.25],"texture":"#1","tintindex":0.0},"south":{"uv":[2.25,0.0,4.5,1.25],"texture":"#1","tintindex":0.0},"west":{"uv":[2.25,0.0,4.5,1.25],"texture":"#1","tintindex":0.0},"up":{"uv":[0.0,2.5,2.25,4.75],"texture":"#1","tintindex":0.0}}},{"from":[4.5,9.0,4.5],"to":[11.5,15.0,11.5],"rotation":{"angle":0.0,"axis":"x","origin":[8.0,9.25,7.75]},"faces":{"north":{"uv":[4.5,0.0,6.25,1.5],"texture":"#1","tintindex":0.0},"east":{"uv":[4.5,0.0,6.25,1.5],"texture":"#1","tintindex":0.0},"south":{"uv":[4.5,0.0,6.25,1.5],"texture":"#1","tintindex":0.0},"west":{"uv":[4.5,0.0,6.25,1.5],"texture":"#1","tintindex":0.0},"up":{"uv":[0.5,0.75,2.25,2.5],"texture":"#1","tintindex":0.0}}},{"from":[8.07727,12.75,4.5],"to":[8.07727,19.75,14.5],"rotation":{"angle":22.5,"axis":"x","origin":[8.57727,9.25,7.75]},"faces":{"east":{"uv":[2.0,7.25,0.25,4.75],"rotation":90.0,"texture":"#1","tintindex":0.0},"west":{"uv":[2.0,4.75,0.25,7.25],"rotation":90.0,"texture":"#1","tintindex":0.0}}},{"from":[-0.5,5.0,-0.5],"to":[16.5,5.0,16.5],"rotation":{"angle":0.0,"axis":"y","origin":[0.5,0.0,-1.5]},"faces":{"up":{"uv":[2.25,1.5,6.5,5.75],"texture":"#1","tintindex":0.0},"down":{"uv":[2.25,1.5,6.5,5.75],"texture":"#1","tintindex":0.0}}},{"from":[-0.5,-2.27299,-0.06379],"to":[16.5,-2.27299,2.93621],"rotation":{"angle":-22.5,"axis":"x","origin":[-2.5,-7.27299,-17.06379]},"faces":{"up":{"uv":[2.25,5.75,6.5,6.5],"texture":"#1","tintindex":0.0},"down":{"uv":[2.25,6.5,6.5,5.75],"texture":"#1","tintindex":0.0}}},{"from":[-0.5,-2.27299,13.06379],"to":[16.5,-2.27299,16.06379],"rotation":{"angle":22.5,"axis":"x","origin":[-2.5,-7.27299,33.06379]},"faces":{"up":{"uv":[2.25,5.75,6.5,6.5],"rotation":180.0,"texture":"#1","tintindex":0.0},"down":{"uv":[2.25,6.5,6.5,5.75],"rotation":180.0,"texture":"#1","tintindex":0.0}}},{"from":[-2.70907,7.82636,-0.5],"to":[0.29093,7.82636,16.5],"rotation":{"angle":22.5,"axis":"z","origin":[7.0,4.42605,8.0]},"faces":{"up":{"uv":[2.25,5.75,6.5,6.5],"rotation":270.0,"texture":"#1","tintindex":0.0},"down":{"uv":[2.25,5.75,6.5,6.5],"rotation":270.0,"texture":"#1","tintindex":0.0}}},{"from":[15.70907,7.82636,-0.5],"to":[18.70907,7.82636,16.5],"rotation":{"angle":-22.5,"axis":"z","origin":[9.0,4.42605,8.0]},"faces":{"up":{"uv":[2.25,5.75,6.5,6.5],"rotation":90.0,"texture":"#1","tintindex":0.0},"down":{"uv":[2.25,5.75,6.5,6.5],"rotation":90.0,"texture":"#1","tintindex":0.0}}},{"from":[6.07727,13.75,4.5],"to":[10.07727,18.75,8.5],"rotation":{"angle":22.5,"axis":"x","origin":[8.57727,9.25,7.75]},"faces":{"north":{"uv":[6.25,0.0,7.25,1.25],"texture":"#1","tintindex":0.0},"east":{"uv":[6.25,0.0,7.25,1.25],"texture":"#1","tintindex":0.0},"south":{"uv":[6.25,0.0,7.25,1.25],"texture":"#1","tintindex":0.0},"west":{"uv":[6.25,0.0,7.25,1.25],"texture":"#1","tintindex":0.0},"up":{"uv":[6.5,1.25,7.5,2.25],"texture":"#1","tintindex":0.0}}},{"from":[3.5,5.0,3.5],"to":[12.5,10.0,12.5],"rotation":{"angle":0.0,"axis":"y","origin":[-0.5,0.0,-1.5]},"faces":{"north":{"uv":[10.25,0.0,12.5,1.25],"texture":"#1"},"east":{"uv":[10.25,0.0,12.5,1.25],"texture":"#1"},"south":{"uv":[10.25,0.0,12.5,1.25],"texture":"#1"},"west":{"uv":[10.25,0.0,12.5,1.25],"texture":"#1"},"up":{"uv":[8.0,2.5,10.25,4.75],"texture":"#1"}}},{"from":[4.5,9.0,4.5],"to":[11.5,15.0,11.5],"rotation":{"angle":0.0,"axis":"x","origin":[8.0,9.25,7.75]},"faces":{"north":{"uv":[12.5,0.0,14.25,1.5],"texture":"#1"},"east":{"uv":[12.5,0.0,14.25,1.5],"texture":"#1"},"south":{"uv":[12.5,0.0,14.25,1.5],"texture":"#1"},"west":{"uv":[12.5,0.0,14.25,1.5],"texture":"#1"},"up":{"uv":[8.5,0.75,10.25,2.5],"texture":"#1"}}},{"from":[8.07727,12.75,4.5],"to":[8.07727,19.75,14.5],"rotation":{"angle":22.5,"axis":"x","origin":[8.57727,9.25,7.75]},"faces":{"east":{"uv":[10.0,7.25,8.25,4.75],"rotation":90.0,"texture":"#1"},"west":{"uv":[10.0,4.75,8.25,7.25],"rotation":90.0,"texture":"#1"}}},{"from":[-0.5,5.0,-0.5],"to":[16.5,5.0,16.5],"rotation":{"angle":0.0,"axis":"y","origin":[0.5,0.0,-1.5]},"faces":{"up":{"uv":[10.25,1.5,14.5,5.75],"texture":"#1"},"down":{"uv":[10.25,1.5,14.5,5.75],"texture":"#1"}}},{"from":[-0.5,-2.27299,-0.06379],"to":[16.5,-2.27299,2.93621],"rotation":{"angle":-22.5,"axis":"x","origin":[-2.5,-7.27299,-17.06379]},"faces":{"up":{"uv":[10.25,5.75,14.5,6.5],"texture":"#1"},"down":{"uv":[10.25,6.5,14.5,5.75],"texture":"#1"}}},{"from":[-0.5,-2.27299,13.06379],"to":[16.5,-2.27299,16.06379],"rotation":{"angle":22.5,"axis":"x","origin":[-2.5,-7.27299,33.06379]},"faces":{"up":{"uv":[10.25,5.75,14.5,6.5],"rotation":180.0,"texture":"#1"},"down":{"uv":[10.25,6.5,14.5,5.75],"rotation":180.0,"texture":"#1"}}},{"from":[-2.70907,7.82636,-0.5],"to":[0.29093,7.82636,16.5],"rotation":{"angle":22.5,"axis":"z","origin":[7.0,4.42605,8.0]},"faces":{"up":{"uv":[10.25,5.75,14.5,6.5],"rotation":270.0,"texture":"#1"},"down":{"uv":[10.25,5.75,14.5,6.5],"rotation":270.0,"texture":"#1"}}},{"from":[15.70907,7.82636,-0.5],"to":[18.70907,7.82636,16.5],"rotation":{"angle":-22.5,"axis":"z","origin":[9.0,4.42605,8.0]},"faces":{"up":{"uv":[10.25,5.75,14.5,6.5],"rotation":90.0,"texture":"#1"},"down":{"uv":[10.25,5.75,14.5,6.5],"rotation":90.0,"texture":"#1"}}},{"from":[6.07727,13.75,4.5],"to":[10.07727,18.75,8.5],"rotation":{"angle":22.5,"axis":"x","origin":[8.57727,9.25,7.75]},"faces":{"north":{"uv":[14.25,0.0,15.25,1.25],"texture":"#1"},"east":{"uv":[14.25,0.0,15.25,1.25],"texture":"#1"},"south":{"uv":[14.25,0.0,15.25,1.25],"texture":"#1"},"west":{"uv":[14.25,0.0,15.25,1.25],"texture":"#1"},"up":{"uv":[14.5,1.25,15.5,2.25],"texture":"#1"}}}],"gui_light":"front"}