{"textures":{"0":"mcc:island_cosmetics/head/head_2","1":"mcc:island_cosmetics/head_variant/head_2_extra","2":"mcc:island_cosmetics/head_variant/banana_hat_crazy_nana","particle":"mcc:island_cosmetics/head/head_2"},"credit":"Made with Blockbench","texture_size":[128.0,128.0],"elements":[{"from":[3.5,-1.0,3.5],"to":[12.5,9.0,12.5],"rotation":{"angle":0.0,"axis":"y","origin":[10.0,6.24,8.5]},"faces":{"north":{"uv":[6.25,3.25,7.375,4.5],"texture":"#1"},"east":{"uv":[7.375,3.25,8.5,4.5],"texture":"#1"},"south":{"uv":[0.0,6.375,1.125,7.625],"texture":"#1"},"west":{"uv":[8.5,3.25,7.375,4.5],"texture":"#1"},"up":{"uv":[0.0,5.25,1.125,6.375],"texture":"#1"},"down":{"uv":[1.125,5.25,2.25,6.375],"texture":"#1"}}},{"from":[2.5,3.0,2.5],"to":[6.5,7.0,6.5],"rotation":{"angle":0.0,"axis":"y","origin":[6.0,6.24,8.5]},"faces":{"north":{"uv":[5.0,1.0,1.0,5.0],"texture":"#2"},"east":{"uv":[1.0,1.0,5.0,5.0],"texture":"#2"},"south":{"uv":[5.0,1.0,1.0,5.0],"texture":"#2"},"west":{"uv":[1.0,1.0,5.0,5.0],"texture":"#2"},"up":{"uv":[6.25,2.75,6.75,3.25],"texture":"#1"},"down":{"uv":[7.25,2.25,7.75,2.75],"rotation":270.0,"texture":"#1"}}},{"from":[14.0,7.5,7.0],"to":[9.0,2.5,2.0],"rotation":{"angle":0.0,"axis":"y","origin":[10.0,6.24,8.5]},"faces":{"north":{"uv":[6.375,2.5,6.5,2.625],"texture":"#1"},"east":{"uv":[7.0,2.5,7.125,2.625],"texture":"#1"},"south":{"uv":[6.375,2.5,6.5,2.625],"texture":"#1"},"west":{"uv":[6.375,2.5,6.5,2.625],"texture":"#1"},"up":{"uv":[7.0,2.375,6.875,2.5],"texture":"#1"},"down":{"uv":[7.0,2.375,6.875,2.5],"texture":"#1"}}},{"from":[13.0,9.5,13.0],"to":[3.0,-1.5,3.0],"rotation":{"angle":0.0,"axis":"y","origin":[10.0,6.24,8.5]},"faces":{"north":{"uv":[6.375,2.5,6.5,2.625],"texture":"#1"},"east":{"uv":[6.375,2.5,6.5,2.625],"texture":"#1"},"south":{"uv":[6.375,2.5,6.5,2.625],"texture":"#1"},"west":{"uv":[6.375,2.5,6.5,2.625],"texture":"#1"},"up":{"uv":[7.0,2.375,6.875,2.5],"texture":"#1"},"down":{"uv":[7.0,2.375,6.875,2.5],"texture":"#1"}}},{"from":[12.0,14.5,12.5],"to":[4.0,7.5,4.5],"rotation":{"angle":-22.5,"axis":"x","origin":[10.0,6.24,8.5]},"faces":{"north":{"uv":[6.375,2.5,6.5,2.625],"texture":"#1"},"east":{"uv":[6.375,2.5,6.5,2.625],"texture":"#1"},"south":{"uv":[6.375,2.5,6.5,2.625],"texture":"#1"},"west":{"uv":[6.375,2.5,6.5,2.625],"texture":"#1"},"up":{"uv":[7.0,2.375,6.875,2.5],"texture":"#1"},"down":{"uv":[6.375,2.5,6.5,2.625],"texture":"#1"}}},{"from":[7.0,7.5,7.0],"to":[2.0,2.5,2.0],"rotation":{"angle":0.0,"axis":"y","origin":[6.0,6.24,8.5]},"faces":{"north":{"uv":[6.5,2.5,6.375,2.625],"texture":"#1"},"east":{"uv":[6.5,2.5,6.375,2.625],"texture":"#1"},"south":{"uv":[6.5,2.5,6.375,2.625],"texture":"#1"},"west":{"uv":[7.125,2.5,7.0,2.625],"texture":"#1"},"up":{"uv":[7.0,2.375,6.875,2.5],"texture":"#1"},"down":{"uv":[7.0,2.375,6.875,2.5],"texture":"#1"}}},{"from":[9.5,3.0,2.5],"to":[13.5,7.0,6.5],"rotation":{"angle":0.0,"axis":"y","origin":[11.5,5.0,4.5]},"faces":{"north":{"uv":[7.75,2.25,8.25,2.75],"texture":"#1"},"east":{"uv":[8.25,2.25,7.75,2.75],"texture":"#1"},"south":{"uv":[7.75,2.25,8.25,2.75],"texture":"#1"},"west":{"uv":[8.25,2.25,7.75,2.75],"texture":"#1"},"up":{"uv":[6.75,2.75,6.25,3.25],"texture":"#1"},"down":{"uv":[7.25,2.75,7.75,2.25],"rotation":270.0,"texture":"#1"}}},{"from":[4.5,8.0,5.0],"to":[11.5,14.0,12.0],"rotation":{"angle":-22.5,"axis":"x","origin":[10.0,6.24,9.0]},"faces":{"north":{"uv":[2.0,8.125,2.875,8.875],"texture":"#1"},"east":{"uv":[2.875,8.125,3.75,8.875],"texture":"#1"},"south":{"uv":[2.0,7.375,2.875,8.125],"texture":"#1"},"west":{"uv":[3.75,8.125,2.875,8.875],"texture":"#1"},"up":{"uv":[2.875,7.25,3.75,8.125],"texture":"#1"},"down":{"uv":[6.5,6.875,6.625,7.0],"texture":"#1"}}},{"from":[6.0,13.0,9.0],"to":[10.0,17.0,13.0],"rotation":{"angle":-45.0,"axis":"x","origin":[9.5,6.24,9.0]},"faces":{"north":{"uv":[5.0,8.0,5.5,8.5],"texture":"#0"},"east":{"uv":[5.0,8.0,5.5,8.5],"texture":"#0"},"south":{"uv":[5.0,8.0,5.5,8.5],"texture":"#0"},"west":{"uv":[5.0,8.0,5.5,8.5],"texture":"#0"},"up":{"uv":[5.5,8.0,6.0,8.5],"texture":"#0"},"down":{"uv":[11.0,13.25,12.25,13.5],"texture":"#missing"}}},{"from":[10.5,17.60828,11.03521],"to":[5.5,12.60828,6.03521],"rotation":{"angle":45.0,"axis":"x","origin":[8.0,19.76119,4.96581]},"faces":{"north":{"uv":[6.375,2.5,6.5,2.625],"texture":"#1"},"east":{"uv":[6.375,2.5,6.5,2.625],"texture":"#1"},"south":{"uv":[6.375,2.5,6.5,2.625],"texture":"#1"},"west":{"uv":[6.375,2.5,6.5,2.625],"texture":"#1"},"up":{"uv":[6.375,2.5,6.5,2.625],"texture":"#1"},"down":{"uv":[6.375,2.5,6.5,2.625],"texture":"#1"}}},{"from":[12.0,0.5,12.5],"to":[4.0,-6.5,4.5],"rotation":{"angle":22.5,"axis":"x","origin":[10.0,1.76,8.5]},"faces":{"north":{"uv":[6.375,2.625,6.5,2.5],"texture":"#1"},"east":{"uv":[6.375,2.625,6.5,2.5],"texture":"#1"},"south":{"uv":[6.375,2.625,6.5,2.5],"texture":"#1"},"west":{"uv":[6.375,2.625,6.5,2.5],"texture":"#1"},"up":{"uv":[6.375,2.625,6.5,2.5],"texture":"#1"},"down":{"uv":[7.0,2.5,6.875,2.375],"texture":"#1"}}},{"from":[4.5,-6.0,5.0],"to":[11.5,0.0,12.0],"rotation":{"angle":22.5,"axis":"x","origin":[10.0,1.76,9.0]},"faces":{"north":{"uv":[2.0,8.875,2.875,8.125],"texture":"#1"},"east":{"uv":[2.875,8.875,3.75,8.125],"texture":"#1"},"south":{"uv":[2.0,8.125,2.875,7.375],"texture":"#1"},"west":{"uv":[3.75,8.875,2.875,8.125],"texture":"#1"},"up":{"uv":[6.5,7.0,6.625,6.875],"texture":"#1"},"down":{"uv":[2.875,8.125,3.75,7.25],"texture":"#1"}}},{"from":[10.5,-4.60828,11.03521],"to":[5.5,-9.60828,6.03521],"rotation":{"angle":-45.0,"axis":"x","origin":[8.0,-11.76119,4.96581]},"faces":{"north":{"uv":[6.375,2.625,6.5,2.5],"texture":"#1"},"east":{"uv":[6.375,2.625,6.5,2.5],"texture":"#1"},"south":{"uv":[6.375,2.625,6.5,2.5],"texture":"#1"},"west":{"uv":[6.375,2.625,6.5,2.5],"texture":"#1"},"up":{"uv":[6.375,2.625,6.5,2.5],"texture":"#1"},"down":{"uv":[6.375,2.625,6.5,2.5],"texture":"#1"}}},{"from":[6.0,-9.0,9.0],"to":[10.0,-5.0,13.0],"rotation":{"angle":45.0,"axis":"x","origin":[9.5,1.76,9.0]},"faces":{"north":{"uv":[5.0,8.5,5.5,8.0],"texture":"#0"},"east":{"uv":[5.0,8.5,5.5,8.0],"texture":"#0"},"south":{"uv":[5.0,8.5,5.5,8.0],"texture":"#0"},"west":{"uv":[5.0,8.5,5.5,8.0],"texture":"#0"},"up":{"uv":[11.0,13.5,12.25,13.25],"texture":"#missing"},"down":{"uv":[5.5,8.5,6.0,8.0],"texture":"#0"}}}],"gui_light":"front","display":{"thirdperson_righthand":{"rotation":[64.25,0.0,0.0],"scale":[0.44336,0.44336,0.44336]},"thirdperson_lefthand":{"rotation":[64.25,0.0,0.0],"scale":[0.44336,0.44336,0.44336]},"firstperson_righthand":{"scale":[0.0,0.0,0.0]},"firstperson_lefthand":{"scale":[0.0,0.0,0.0]},"ground":{"translation":[0.0,4.25,0.0],"scale":[0.43945,0.43945,0.43945]},"gui":{"rotation":[-149.61,-31.92,-180.0],"translation":[-0.25,3.25,0.0],"scale":[0.625,0.625,0.625]},"head":{"translation":[0.0,8.5,0.0],"scale":[1.70352,1.70352,1.70352]}}}