{"textures":{"0":"mcc:island_cosmetics/head/head_3","1":"mcc:island_cosmetics/head_variant/head_3_extra","particle":"mcc:island_cosmetics/head/head_3"},"credit":"Made with Blockbench","texture_size":[128.0,128.0],"elements":[{"from":[3.5,-1.0,3.5],"to":[12.5,9.0,8.5],"rotation":{"angle":0.0,"axis":"x","origin":[7.5,9.5,7.5]},"faces":{"north":{"uv":[0.5,7.125,1.625,8.375],"texture":"#1","tintindex":0.0},"east":{"uv":[2.25,7.125,1.625,8.375],"texture":"#1","tintindex":0.0},"south":{"uv":[5.125,3.0,5.25,3.125],"texture":"#1","tintindex":0.0},"west":{"uv":[1.625,7.125,2.25,8.375],"texture":"#1","tintindex":0.0},"up":{"uv":[1.25,6.375,2.375,7.0],"texture":"#1","tintindex":0.0},"down":{"uv":[0.0,8.375,1.125,9.0],"texture":"#1","tintindex":0.0}}},{"from":[3.4,7.34818,4.1742],"to":[12.6,12.54818,13.3742],"rotation":{"angle":22.5,"axis":"x","origin":[8.0,8.65651,8.7742]},"faces":{"north":{"uv":[1.125,14.375,2.25,15.0],"texture":"#0"},"east":{"uv":[1.125,14.375,2.25,15.0],"texture":"#0"},"south":{"uv":[1.125,14.375,2.25,15.0],"texture":"#0"},"west":{"uv":[1.125,14.375,2.25,15.0],"texture":"#0"},"up":{"uv":[2.375,11.375,3.5,12.5],"texture":"#0"},"down":{"uv":[0.0,10.5,0.125,10.625],"rotation":90.0,"texture":"#0"}}},{"from":[3.3,8.49818,4.0742],"to":[12.7,9.64818,13.4742],"rotation":{"angle":22.5,"axis":"x","origin":[8.0,8.65651,8.7742]},"faces":{"north":{"uv":[1.125,15.125,2.25,15.25],"texture":"#0","tintindex":0.0},"east":{"uv":[1.125,15.125,2.25,15.25],"texture":"#0","tintindex":0.0},"south":{"uv":[1.125,15.125,2.25,15.25],"texture":"#0","tintindex":0.0},"west":{"uv":[1.125,15.125,2.25,15.25],"texture":"#0","tintindex":0.0},"up":{"uv":[0.0,13.75,0.125,13.875],"texture":"#0","tintindex":0.0},"down":{"uv":[0.0,13.75,0.125,13.875],"texture":"#0","tintindex":0.0}}},{"from":[-1.5,7.44818,-0.7258],"to":[17.5,7.44818,18.2742],"rotation":{"angle":22.5,"axis":"x","origin":[8.0,8.65651,8.7742]},"faces":{"north":{"uv":[1.125,14.375,2.25,15.0],"texture":"#0"},"east":{"uv":[1.125,14.375,2.25,15.0],"texture":"#0"},"south":{"uv":[1.125,14.375,2.25,15.0],"texture":"#0"},"west":{"uv":[1.125,14.375,3.25,14.375],"texture":"#0"},"up":{"uv":[2.625,13.625,5.0,16.0],"texture":"#0"},"down":{"uv":[2.625,16.0,5.0,13.625],"texture":"#0"}}},{"from":[3.5,-1.0,8.5],"to":[12.5,9.0,12.5],"rotation":{"angle":0.0,"axis":"x","origin":[7.5,9.5,7.5]},"faces":{"north":{"uv":[0.25,7.125,0.375,7.25],"texture":"#1"},"east":{"uv":[2.875,7.125,2.375,8.375],"texture":"#1"},"south":{"uv":[0.0,9.0,1.125,10.25],"texture":"#1"},"west":{"uv":[2.375,7.125,2.875,8.375],"texture":"#1"},"up":{"uv":[2.375,7.125,2.875,8.25],"rotation":90.0,"texture":"#1"},"down":{"uv":[0.25,7.125,0.375,7.25],"texture":"#1"}}},{"from":[5.5,-0.25,-5.0],"to":[10.5,3.75,0.0],"rotation":{"angle":-22.5,"axis":"x","origin":[5.5,2.25,-0.5]},"faces":{"north":{"uv":[0.625,6.5,1.25,7.0],"rotation":180.0,"texture":"#1","tintindex":0.0},"east":{"uv":[1.5,5.25,0.875,5.75],"rotation":180.0,"texture":"#1","tintindex":0.0},"south":{"uv":[4.625,2.625,4.75,2.75],"texture":"#1","tintindex":0.0},"west":{"uv":[0.875,5.25,1.5,5.75],"rotation":180.0,"texture":"#1","tintindex":0.0},"up":{"uv":[0.0,6.5,0.625,7.125],"rotation":180.0,"texture":"#1","tintindex":0.0},"down":{"uv":[2.0,8.375,2.625,9.0],"texture":"#1","tintindex":0.0}}},{"from":[8.0,1.25,-9.0],"to":[8.0,5.25,-4.0],"rotation":{"angle":-45.0,"axis":"x","origin":[5.5,2.25,-0.5]},"faces":{"north":{"uv":[0.625,11.875,1.25,12.375],"rotation":180.0,"texture":"#1","tintindex":0.0},"east":{"uv":[2.25,5.25,1.625,5.75],"rotation":180.0,"texture":"#1","tintindex":0.0},"south":{"uv":[4.625,2.625,4.75,2.75],"texture":"#1","tintindex":0.0},"west":{"uv":[1.625,5.25,2.25,5.75],"rotation":180.0,"texture":"#1","tintindex":0.0},"up":{"uv":[0.0,11.875,0.625,12.625],"rotation":180.0,"texture":"#1","tintindex":0.0},"down":{"uv":[4.125,3.25,4.75,3.75],"rotation":90.0,"texture":"#1","tintindex":0.0}}},{"from":[4.49,-1.01,-1.51],"to":[11.51,4.01,3.51],"rotation":{"angle":0.0,"axis":"x","origin":[8.0,2.0,0.0]},"faces":{"north":{"uv":[0.0,5.875,0.875,6.5],"rotation":180.0,"texture":"#1","tintindex":0.0},"east":{"uv":[0.625,5.25,0.0,5.875],"rotation":180.0,"texture":"#1","tintindex":0.0},"south":{"uv":[0.0,8.375,0.125,8.5],"rotation":90.0,"texture":"#1","tintindex":0.0},"west":{"uv":[0.0,5.25,0.625,5.875],"rotation":180.0,"texture":"#1","tintindex":0.0},"up":{"uv":[0.875,5.75,1.75,6.375],"rotation":180.0,"texture":"#1","tintindex":0.0},"down":{"uv":[1.125,8.375,2.0,9.0],"texture":"#1","tintindex":0.0}}},{"from":[9.36194,3.4,2.09134],"to":[13.56194,7.6,3.29134],"rotation":{"angle":-45.0,"axis":"y","origin":[10.96194,5.5,3.19134]},"faces":{"north":{"uv":[0.0,7.25,0.5,7.75],"texture":"#1"},"east":{"uv":[0.375,7.25,0.5,7.75],"texture":"#1"},"south":{"uv":[1.875,4.75,1.375,5.25],"texture":"#1"},"west":{"uv":[0.375,7.25,0.5,7.75],"texture":"#1"},"up":{"uv":[0.0,7.25,0.5,7.375],"texture":"#1"},"down":{"uv":[0.0,7.625,0.5,7.75],"texture":"#1"}}},{"from":[9.46194,3.5,2.19134],"to":[13.46194,7.5,5.19134],"rotation":{"angle":-45.0,"axis":"y","origin":[10.96194,5.5,3.19134]},"faces":{"north":{"uv":[0.5,7.75,0.0,8.25],"texture":"#1","tintindex":0.0},"east":{"uv":[3.875,6.625,3.5,7.125],"texture":"#1","tintindex":0.0},"south":{"uv":[3.5,6.875,3.625,7.0],"texture":"#1","tintindex":0.0},"west":{"uv":[3.5,6.625,3.875,7.125],"texture":"#1","tintindex":0.0},"up":{"uv":[3.875,7.125,3.5,6.625],"rotation":270.0,"texture":"#1","tintindex":0.0},"down":{"uv":[3.5,6.625,3.875,7.125],"rotation":270.0,"texture":"#1","tintindex":0.0}}},{"from":[2.53806,3.5,2.19134],"to":[6.53806,7.5,5.19134],"rotation":{"angle":45.0,"axis":"y","origin":[5.03806,5.5,3.19134]},"faces":{"north":{"uv":[0.0,7.75,0.5,8.25],"texture":"#1","tintindex":0.0},"east":{"uv":[3.875,6.625,3.5,7.125],"texture":"#1","tintindex":0.0},"south":{"uv":[3.625,6.875,3.5,7.0],"texture":"#1","tintindex":0.0},"west":{"uv":[3.5,6.625,3.875,7.125],"texture":"#1","tintindex":0.0},"up":{"uv":[3.875,6.625,3.5,7.125],"rotation":270.0,"texture":"#1","tintindex":0.0},"down":{"uv":[3.5,7.125,3.875,6.625],"rotation":270.0,"texture":"#1","tintindex":0.0}}},{"from":[2.43806,3.4,2.09134],"to":[6.63806,7.6,3.29134],"rotation":{"angle":45.0,"axis":"y","origin":[5.03806,5.5,3.19134]},"faces":{"north":{"uv":[0.5,7.25,0.0,7.75],"texture":"#1"},"east":{"uv":[0.5,7.25,0.375,7.75],"texture":"#1"},"south":{"uv":[1.375,4.75,1.875,5.25],"texture":"#1"},"west":{"uv":[0.5,7.25,0.375,7.75],"texture":"#1"},"up":{"uv":[0.5,7.25,0.0,7.375],"texture":"#1"},"down":{"uv":[0.5,7.625,0.0,7.75],"texture":"#1"}}},{"name":"cube inverted","from":[12.5,9.0,12.5],"to":[3.5,-1.0,8.5],"rotation":{"angle":0.0,"axis":"x","origin":[7.5,9.5,7.5]},"faces":{"north":{"uv":[0.0,10.25,1.125,9.0],"texture":"#1"},"east":{"uv":[2.375,8.375,2.875,7.125],"texture":"#1"},"south":{"uv":[0.25,7.25,0.375,7.125],"texture":"#1"},"west":{"uv":[2.875,8.375,2.375,7.125],"texture":"#1"},"up":{"uv":[0.375,7.125,0.25,7.25],"texture":"#1"},"down":{"uv":[2.375,8.25,2.875,7.125],"rotation":90.0,"texture":"#1"}}},{"name":"cube inverted","from":[12.5,9.0,8.5],"to":[3.5,-1.0,3.5],"rotation":{"angle":0.0,"axis":"x","origin":[7.5,9.5,7.5]},"faces":{"north":{"uv":[5.125,3.125,5.25,3.0],"texture":"#1","tintindex":0.0},"east":{"uv":[1.625,8.375,2.25,7.125],"texture":"#1","tintindex":0.0},"south":{"uv":[0.5,8.375,1.625,7.125],"texture":"#1","tintindex":0.0},"west":{"uv":[2.25,8.375,1.625,7.125],"texture":"#1","tintindex":0.0},"up":{"uv":[1.125,8.375,0.0,9.0],"texture":"#1","tintindex":0.0},"down":{"uv":[2.375,6.375,1.25,7.0],"texture":"#1","tintindex":0.0}}}],"gui_light":"front","display":{"thirdperson_righthand":{"rotation":[55.5,34.0,0.0],"translation":[0.0,1.0,0.75],"scale":[0.52539,0.52539,0.52539]},"thirdperson_lefthand":{"rotation":[55.5,34.0,0.0],"translation":[0.0,1.0,0.75],"scale":[0.52539,0.52539,0.52539]},"firstperson_righthand":{"rotation":[21.0,114.5,-13.75],"translation":[9.5,0.0,-5.75],"scale":[0.41992,0.41992,0.41992]},"firstperson_lefthand":{"rotation":[21.0,114.5,-13.75],"translation":[9.5,0.0,-5.75],"scale":[0.41992,0.41992,0.41992]},"gui":{"rotation":[-156.2,-35.14,-178.33],"translation":[-0.75,3.25,0.0],"scale":[0.65624,0.65624,0.65624]},"head":{"translation":[0.0,6.0,0.0],"scale":[1.62734,1.62734,1.62734]}}}