{"textures":{"0":"mcc:island_cosmetics/general/hat/desert_turban/desert_turban","particle":"mcc:island_cosmetics/general/hat/desert_turban/desert_turban"},"elements":[{"from":[3.5,9.5,3.5],"to":[12.5,12.5,12.5],"rotation":{"angle":0.0,"axis":"y","origin":[4.0,0.0,4.0]},"faces":{"north":{"uv":[6.5,2.5,8.75,3.25],"texture":"#0"},"east":{"uv":[2.75,6.5,5.0,7.25],"texture":"#0"},"south":{"uv":[6.5,3.5,8.75,4.25],"texture":"#0"},"west":{"uv":[6.5,4.5,8.75,5.25],"texture":"#0"},"up":{"uv":[5.0,2.25,2.75,0.0],"texture":"#0"},"down":{"uv":[5.0,2.5,2.75,4.75],"texture":"#0"}}},{"from":[3.5,3.5,9.5],"to":[12.5,8.5,12.5],"rotation":{"angle":0.0,"axis":"y","origin":[4.0,0.0,4.0]},"faces":{"north":{"uv":[2.75,5.0,5.0,6.25],"texture":"#0"},"east":{"uv":[2.5,7.5,3.25,8.75],"texture":"#0"},"south":{"uv":[5.25,0.0,7.5,1.25],"texture":"#0"},"west":{"uv":[3.5,7.5,4.25,8.75],"texture":"#0"},"up":{"uv":[7.5,7.75,5.25,7.0],"texture":"#0"},"down":{"uv":[2.25,7.5,0.0,8.25],"texture":"#0"}}},{"from":[3.5,3.5,9.5],"to":[12.5,8.5,12.5],"rotation":{"angle":0.0,"axis":"y","origin":[4.0,0.0,4.0]},"faces":{"north":{"uv":[8.5,11.0,10.75,12.25],"texture":"#0","tintindex":0},"east":{"uv":[8.25,13.5,9.0,14.75],"texture":"#0","tintindex":0},"south":{"uv":[11.0,6.0,13.25,7.25],"texture":"#0","tintindex":0},"west":{"uv":[9.25,13.5,10.0,14.75],"texture":"#0","tintindex":0},"up":{"uv":[13.25,13.75,11.0,13.0],"texture":"#0","tintindex":0},"down":{"uv":[8.0,13.5,5.75,14.25],"texture":"#0","tintindex":0}}},{"from":[11.5,0.5,3.5],"to":[12.5,8.5,7.5],"rotation":{"angle":0.0,"axis":"y","origin":[4.0,0.0,4.0]},"faces":{"north":{"uv":[4.5,7.5,4.75,9.5],"texture":"#0"},"east":{"uv":[5.25,1.5,6.25,3.5],"texture":"#0"},"south":{"uv":[7.75,7.0,8.0,9.0],"texture":"#0"},"west":{"uv":[5.25,3.75,6.25,5.75],"texture":"#0"},"up":{"uv":[8.0,1.0,7.75,0.0],"texture":"#0"},"down":{"uv":[5.25,8.0,5.0,9.0],"texture":"#0"}}},{"from":[11.5,0.5,3.5],"to":[12.5,8.5,7.5],"rotation":{"angle":0.0,"axis":"y","origin":[4.0,0.0,4.0]},"faces":{"north":{"uv":[6.75,8.75,7.0,10.75],"texture":"#0","tintindex":0},"east":{"uv":[11.0,7.5,12.0,9.5],"texture":"#0","tintindex":0},"south":{"uv":[13.5,13.0,13.75,15.0],"texture":"#0","tintindex":0},"west":{"uv":[11.0,9.75,12.0,11.75],"texture":"#0","tintindex":0},"up":{"uv":[10.75,2.75,10.5,1.75],"texture":"#0","tintindex":0},"down":{"uv":[11.0,14.0,10.75,15.0],"texture":"#0","tintindex":0}}},{"from":[3.0,8.0,3.0],"to":[13.0,11.0,13.0],"rotation":{"angle":0.0,"axis":"y","origin":[7.0,0.0,7.0]},"faces":{"north":{"uv":[0.0,5.5,2.5,6.25],"texture":"#0"},"east":{"uv":[5.25,6.0,7.75,6.75],"texture":"#0"},"south":{"uv":[0.0,6.5,2.5,7.25],"texture":"#0"},"west":{"uv":[6.5,1.5,9.0,2.25],"texture":"#0"},"up":{"uv":[2.5,2.5,0.0,0.0],"texture":"#0"},"down":{"uv":[2.5,2.75,0.0,5.25],"texture":"#0"}}},{"from":[3.0,8.0,3.0],"to":[13.0,11.0,13.0],"rotation":{"angle":0.0,"axis":"y","origin":[7.0,0.0,7.0]},"faces":{"north":{"uv":[5.75,11.5,8.25,12.25],"texture":"#0","tintindex":0},"east":{"uv":[11.0,12.0,13.5,12.75],"texture":"#0","tintindex":0},"south":{"uv":[5.75,12.5,8.25,13.25],"texture":"#0","tintindex":0},"west":{"uv":[12.25,7.5,14.75,8.25],"texture":"#0","tintindex":0},"up":{"uv":[2.5,11.0,0.0,8.5],"texture":"#0","tintindex":0},"down":{"uv":[2.5,8.5,0.0,11.0],"texture":"#0","tintindex":0}}}],"display":{"thirdperson_righthand":{"translation":[-0.75,0.0,-0.5],"rotation":[44.46,-11.98,1.12],"scale":[0.5,0.5,0.5]},"thirdperson_lefthand":{"translation":[-0.75,0.0,-0.5],"rotation":[44.46,-11.98,1.12],"scale":[0.5,0.5,0.5]},"firstperson_righthand":{"translation":[0.0,2.0,0.0],"rotation":[-180.0,61.5,-180.0],"scale":[0.5,0.5,0.5]},"firstperson_lefthand":{"translation":[0.0,2.0,0.0],"rotation":[-180.0,61.5,-180.0],"scale":[0.5,0.5,0.5]},"ground":{"rotation":[-15.0,0.0,0.0],"scale":[0.5,0.5,0.5]},"gui":{"translation":[0.0,1.25,0.0],"rotation":[-162.75,-47.0,-180.0],"scale":[0.87109,0.87109,0.87109]},"head":{"scale":[1.61,1.61,1.61]}},"gui_light":"front"}