{"textures":{"1":"mcc:island_cosmetics/general/hat/wicked_horns/curved"},"elements":[{"from":[9.48,6.98,2.48],"to":[12.52,10.02,7.52],"rotation":{"angle":22.5,"axis":"x","origin":[11.0,8.56066,4.60355]},"faces":{"north":{"uv":[2.5,1.5,4.0,3.0],"texture":"#1","tintindex":0},"east":{"uv":[2.0,0.0,4.5,1.5],"texture":"#1","tintindex":0},"south":{"uv":[2.5,1.0,3.0,1.5],"texture":"#1","tintindex":0,"rotation":90},"west":{"uv":[2.0,0.0,4.5,1.5],"texture":"#1","tintindex":0,"rotation":180},"up":{"uv":[2.0,0.0,4.5,1.5],"texture":"#1","tintindex":0,"rotation":270},"down":{"uv":[2.0,0.0,4.5,1.5],"texture":"#1","tintindex":0,"rotation":90}}},{"from":[9.4,6.9,6.4],"to":[12.6,10.1,7.6],"rotation":{"angle":22.5,"axis":"x","origin":[11.0,8.56066,4.60355]},"faces":{"east":{"uv":[4.0,0.0,4.5,1.5],"texture":"#1","tintindex":0},"west":{"uv":[4.0,0.0,4.5,1.5],"texture":"#1","tintindex":0,"rotation":180},"up":{"uv":[4.0,0.0,4.5,1.5],"texture":"#1","tintindex":0,"rotation":90},"down":{"uv":[4.0,0.0,4.5,1.5],"texture":"#1","tintindex":0,"rotation":90}}},{"from":[9.5,8.98772,2.29028],"to":[12.5,13.98772,5.29028],"rotation":{"angle":-22.5,"axis":"x","origin":[11.0,7.88417,4.85094]},"faces":{"north":{"uv":[0.0,1.5,2.5,3.0],"texture":"#1","tintindex":0,"rotation":270},"east":{"uv":[0.0,1.5,2.5,3.0],"texture":"#1","tintindex":0,"rotation":270},"south":{"uv":[2.5,3.0,0.0,1.5],"texture":"#1","tintindex":0,"rotation":90},"west":{"uv":[0.0,1.5,2.5,3.0],"texture":"#1","tintindex":0,"rotation":270},"up":{"uv":[2.5,1.5,4.0,3.0],"texture":"#1","tintindex":0,"rotation":180},"down":{"uv":[1.5,5.0,2.0,5.5],"texture":"#1","tintindex":0,"rotation":90}}},{"from":[11.0,8.58065,-0.06579],"to":[11.0,21.58065,6.93421],"rotation":{"angle":45.0,"axis":"x","origin":[9.5,13.58065,4.18421]},"faces":{"east":{"uv":[4.5,0.0,8.0,6.5],"texture":"#1","tintindex":0},"west":{"uv":[8.0,0.0,4.5,6.5],"texture":"#1","tintindex":0}}},{"from":[5.29645,6.9,10.50355],"to":[6.49645,10.1,13.70355],"rotation":{"angle":-22.5,"axis":"z","origin":[3.5,8.56066,12.10355]},"faces":{"north":{"uv":[4.5,0.0,4.0,1.5],"texture":"#1","tintindex":0,"rotation":180},"south":{"uv":[4.5,0.0,4.0,1.5],"texture":"#1","tintindex":0,"rotation":180},"up":{"uv":[4.5,0.0,4.0,1.5],"texture":"#1","tintindex":0,"rotation":180},"down":{"uv":[4.5,0.0,4.0,1.5],"texture":"#1","tintindex":0}}},{"from":[1.37645,6.98,10.58355],"to":[6.41645,10.02,13.62355],"rotation":{"angle":-22.5,"axis":"z","origin":[3.5,8.56066,12.10355]},"faces":{"north":{"uv":[4.5,0.0,2.0,1.5],"texture":"#1","tintindex":0,"rotation":180},"east":{"uv":[2.5,1.5,3.0,1.0],"texture":"#1","tintindex":0,"rotation":90},"south":{"uv":[4.5,0.0,2.0,1.5],"texture":"#1","tintindex":0},"west":{"uv":[4.0,1.5,2.5,3.0],"texture":"#1","tintindex":0},"up":{"uv":[4.5,0.0,2.0,1.5],"texture":"#1","tintindex":0},"down":{"uv":[4.5,0.0,2.0,1.5],"texture":"#1","tintindex":0}}},{"from":[-1.16934,8.58065,12.10355],"to":[5.83066,21.58065,12.10355],"rotation":{"angle":-45.0,"axis":"z","origin":[3.08066,13.58065,10.60355]},"faces":{"north":{"uv":[4.5,0.0,8.0,6.5],"texture":"#1","tintindex":0},"south":{"uv":[8.0,0.0,4.5,6.5],"texture":"#1","tintindex":0},"west":{"uv":[5.0,45.5,0.0,50.5],"texture":"#1","tintindex":0}}},{"from":[1.18673,8.98772,10.60355],"to":[4.18673,13.98772,13.60355],"rotation":{"angle":22.5,"axis":"z","origin":[3.74739,7.88417,12.10355]},"faces":{"north":{"uv":[0.0,3.0,2.5,1.5],"texture":"#1","tintindex":0,"rotation":270},"east":{"uv":[2.5,1.5,0.0,3.0],"texture":"#1","tintindex":0,"rotation":90},"south":{"uv":[0.0,3.0,2.5,1.5],"texture":"#1","tintindex":0,"rotation":270},"west":{"uv":[0.0,3.0,2.5,1.5],"texture":"#1","tintindex":0,"rotation":270},"up":{"uv":[2.5,3.0,4.0,1.5],"texture":"#1","tintindex":0,"rotation":270},"down":{"uv":[2.0,5.0,1.5,5.5],"texture":"#1","tintindex":0}}},{"from":[6.49645,10.1,13.70355],"to":[5.29645,6.9,10.50355],"rotation":{"angle":-22.5,"axis":"z","origin":[3.5,8.56066,12.10355]},"faces":{"north":{"uv":[4.5,1.5,4.0,0.0],"texture":"#1","tintindex":0,"rotation":180},"south":{"uv":[4.5,1.5,4.0,0.0],"texture":"#1","tintindex":0,"rotation":180},"up":{"uv":[4.0,0.0,4.5,1.5],"texture":"#1","tintindex":0},"down":{"uv":[4.0,0.0,4.5,1.5],"texture":"#1","tintindex":0,"rotation":180}}},{"from":[12.6,10.1,7.6],"to":[9.4,6.9,6.4],"rotation":{"angle":22.5,"axis":"x","origin":[11.0,8.56066,4.60355]},"faces":{"east":{"uv":[4.0,1.5,4.5,0.0],"texture":"#1","tintindex":0,"rotation":180},"west":{"uv":[4.0,1.5,4.5,0.0],"texture":"#1","tintindex":0},"up":{"uv":[4.0,1.5,4.5,0.0],"texture":"#1","tintindex":0,"rotation":90},"down":{"uv":[4.0,1.5,4.5,0.0],"texture":"#1","tintindex":0,"rotation":90}}}],"display":{"thirdperson_righthand":{"translation":[0.0,1.0,0.75],"rotation":[55.5,34.0,0.0],"scale":[0.52539,0.52539,0.52539]},"thirdperson_lefthand":{"translation":[0.0,1.0,0.75],"rotation":[55.5,34.0,0.0],"scale":[0.52539,0.52539,0.52539]},"firstperson_righthand":{"translation":[9.5,0.0,-5.75],"rotation":[21.0,114.5,-13.75],"scale":[0.41992,0.41992,0.41992]},"firstperson_lefthand":{"translation":[9.5,0.0,-5.75],"rotation":[21.0,114.5,-13.75],"scale":[0.41992,0.41992,0.41992]},"gui":{"translation":[-1.0,-3.75,0.0],"rotation":[-155.13,25.99,179.92],"scale":[0.80663,0.80663,0.80663]},"head":{"translation":[1.25,5.25,-7.0],"rotation":[0.0,-45.0,0.0],"scale":[1.66641,1.66641,1.66641]}},"credit":"Made with Blockbench","gui_light":"front"}