{"textures":{"0":"mcc:island_cosmetics/general/hat/cyclops_head/cyclops_head","1":"mcc:island_cosmetics/general/hat/cyclops_head/cyclops_head_anim","particle":"mcc:island_cosmetics/general/hat/cyclops_head/cyclops_head"},"elements":[{"from":[3.5,0.0,3.5],"to":[12.5,10.0,12.5],"rotation":{"angle":0.0,"axis":"y","origin":[3.5,0.0,3.5]},"faces":{"north":{"uv":[0.0,0.0,2.25,2.5],"texture":"#0"},"east":{"uv":[2.25,0.0,4.5,2.5],"texture":"#0"},"south":{"uv":[0.0,2.5,2.25,5.0],"texture":"#0"},"west":{"uv":[2.25,2.5,4.5,5.0],"texture":"#0"},"up":{"uv":[6.75,2.25,4.5,0.0],"texture":"#0"},"down":{"uv":[6.75,2.25,4.5,4.5],"texture":"#0"}}},{"from":[5.25,2.75,1.25],"to":[10.75,8.25,3.75],"rotation":{"angle":0.0,"axis":"y","origin":[3.5,-1.0,3.5]},"faces":{"north":{"uv":[0.0,0.0,5.0,5.0],"texture":"#1"},"east":{"uv":[5.0,0.0,7.0,5.0],"texture":"#1"},"south":{"uv":[0.0,5.0,5.0,10.0],"texture":"#1"},"west":{"uv":[5.0,0.0,7.0,5.0],"texture":"#1"},"up":{"uv":[12.0,2.0,7.0,0.0],"texture":"#1"},"down":{"uv":[12.0,2.0,7.0,4.0],"texture":"#1"}}},{"from":[5.5,3.0,1.5],"to":[10.5,8.0,3.5],"rotation":{"angle":0.0,"axis":"y","origin":[3.5,-1.0,3.5]},"faces":{"north":{"uv":[6.25,6.75,7.5,8.0],"texture":"#0"},"east":{"uv":[4.0,5.0,4.5,6.25],"texture":"#0"},"south":{"uv":[2.25,7.0,3.5,8.25],"texture":"#0"},"west":{"uv":[1.25,7.25,1.75,8.5],"texture":"#0"},"up":{"uv":[7.0,8.5,5.75,8.0],"texture":"#0"},"down":{"uv":[3.0,8.25,1.75,8.75],"texture":"#0"}}},{"from":[3.51,-2.0,1.15],"to":[12.49,2.0,10.15],"rotation":{"angle":-22.5,"axis":"x","origin":[8.01,0.5,4.65]},"faces":{"north":{"uv":[6.75,2.0,9.0,3.0],"texture":"#0"},"east":{"uv":[6.75,3.0,9.0,4.0],"texture":"#0"},"south":{"uv":[4.0,6.75,6.25,7.75],"texture":"#0"},"west":{"uv":[6.75,4.0,9.0,5.0],"texture":"#0"},"up":{"uv":[6.75,6.75,4.5,4.5],"texture":"#0"},"down":{"uv":[2.25,5.0,0.0,7.25],"texture":"#0"}}},{"from":[3.5,2.0,2.15],"to":[12.5,5.0,5.15],"rotation":{"angle":-22.5,"axis":"x","origin":[8.0,0.5,4.65]},"faces":{"north":{"uv":[3.5,9.0,5.75,9.75],"texture":"#0"},"east":{"uv":[0.75,8.5,0.0,9.25],"texture":"#0"},"south":{"uv":[7.5,7.75,9.75,8.5],"texture":"#0"},"west":{"uv":[0.0,8.5,0.75,9.25],"texture":"#0"},"up":{"uv":[9.0,5.75,6.75,5.0],"texture":"#0"},"down":{"uv":[9.0,5.75,6.75,6.5],"texture":"#0"}}}],"display":{"thirdperson_righthand":{"translation":[0.0,1.0,0.75],"rotation":[55.5,34.0,0.0],"scale":[0.52539,0.52539,0.52539]},"thirdperson_lefthand":{"translation":[0.0,1.0,0.75],"rotation":[55.5,34.0,0.0],"scale":[0.52539,0.52539,0.52539]},"firstperson_righthand":{"translation":[9.5,0.0,-5.75],"rotation":[21.0,114.5,-13.75],"scale":[0.41992,0.41992,0.41992]},"firstperson_lefthand":{"translation":[9.5,0.0,-5.75],"rotation":[21.0,114.5,-13.75],"scale":[0.41992,0.41992,0.41992]},"gui":{"translation":[0.0,3.25,0.0],"rotation":[-149.61,-31.92,-180.0],"scale":[0.83007,0.83007,0.83007]},"head":{"translation":[0.0,6.25,-0.25],"scale":[1.61,1.61,1.61]}},"gui_light":"front"}