{"textures":{"0":"mcc:island_cosmetics/general/hat/squidtek_visor/squidtek_visor","1":"mcc:island_cosmetics/general/hat/squidtek_visor/visor_anim","particle":"mcc:island_cosmetics/general/hat/squidtek_visor/squidtek_visor"},"elements":[{"from":[2.6,4.6,6.1],"to":[13.4,9.4,9.9],"rotation":{"angle":0.0,"axis":"y","origin":[0.5,-19.0,-0.5]},"faces":{"north":{"uv":[0.0,0.0,5.5,2.5],"texture":"#0","tintindex":0},"east":{"uv":[5.5,0.0,7.5,2.5],"texture":"#0","tintindex":0},"west":{"uv":[7.5,0.0,5.5,2.5],"texture":"#0","tintindex":0}}},{"from":[2.4,4.4,5.9],"to":[13.6,9.6,11.1],"rotation":{"angle":0.0,"axis":"y","origin":[0.5,-19.0,-0.5]},"faces":{"north":{"uv":[1.5,5.0,7.0,7.5],"texture":"#0"},"east":{"uv":[7.0,5.0,9.5,7.5],"texture":"#0"},"west":{"uv":[9.5,5.0,7.0,7.5],"texture":"#0"},"up":{"uv":[5.5,2.5,0.0,5.0],"texture":"#0"},"down":{"uv":[5.5,5.0,0.0,2.5],"texture":"#0"}}},{"from":[11.3,4.42132,8.09289],"to":[14.7,9.82132,13.49289],"rotation":{"angle":0.0,"axis":"x","origin":[8.0,10.12132,12.66789]},"faces":{"north":{"uv":[9.5,2.5,8.0,5.0],"texture":"#0"},"east":{"uv":[5.5,2.5,8.0,5.0],"texture":"#0"},"south":{"uv":[9.5,2.5,8.0,5.0],"texture":"#0"},"west":{"uv":[5.5,2.5,8.0,5.0],"texture":"#0"},"up":{"uv":[9.5,2.5,8.0,5.0],"texture":"#0"},"down":{"uv":[9.5,2.5,8.0,5.0],"texture":"#0"}}},{"from":[13.0,5.62132,13.54289],"to":[13.0,8.62132,19.54289],"rotation":{"angle":0.0,"axis":"x","origin":[8.0,10.12132,12.66789]},"faces":{"east":{"uv":[0.0,0.0,7.0,3.0],"texture":"#1","tintindex":0},"west":{"uv":[7.0,0.0,0.0,3.0],"texture":"#1","tintindex":0}}},{"from":[3.0,5.62132,13.54289],"to":[3.0,8.62132,19.54289],"rotation":{"angle":0.0,"axis":"x","origin":[8.0,10.12132,12.66789]},"faces":{"east":{"uv":[0.0,0.0,7.0,3.0],"texture":"#1","tintindex":0},"west":{"uv":[7.0,0.0,0.0,3.0],"texture":"#1","tintindex":0}}},{"from":[1.3,4.42132,8.09289],"to":[4.7,9.82132,13.49289],"rotation":{"angle":0.0,"axis":"x","origin":[8.0,10.12132,12.66789]},"faces":{"north":{"uv":[9.5,2.5,8.0,5.0],"texture":"#0"},"east":{"uv":[8.0,2.5,5.5,5.0],"texture":"#0"},"south":{"uv":[9.5,2.5,8.0,5.0],"texture":"#0"},"west":{"uv":[8.0,2.5,5.5,5.0],"texture":"#0"},"up":{"uv":[9.5,2.5,8.0,5.0],"texture":"#0"},"down":{"uv":[9.5,2.5,8.0,5.0],"texture":"#0"}}},{"from":[11.3,4.42132,8.09289],"to":[14.7,9.82132,13.49289],"rotation":{"angle":0.0,"axis":"x","origin":[8.0,10.12132,12.66789]},"faces":{"east":{"uv":[9.5,0.0,12.0,2.5],"texture":"#0","tintindex":0},"west":{"uv":[9.5,0.0,12.0,2.5],"texture":"#0","tintindex":0}}},{"from":[1.3,4.42132,8.09289],"to":[4.7,9.82132,13.49289],"rotation":{"angle":0.0,"axis":"x","origin":[8.0,10.12132,12.66789]},"faces":{"east":{"uv":[12.0,0.0,9.5,2.5],"texture":"#0","tintindex":0},"west":{"uv":[12.0,0.0,9.5,2.5],"texture":"#0","tintindex":0}}},{"from":[15.1,10.22132,13.89289],"to":[10.9,4.02132,7.69289],"rotation":{"angle":0.0,"axis":"x","origin":[8.0,10.12132,12.66789]},"faces":{"north":{"uv":[2.0,0.0,3.0,1.0],"texture":"#1","tintindex":0},"east":{"uv":[2.0,0.0,3.0,1.0],"texture":"#1","tintindex":0},"south":{"uv":[2.0,0.0,3.0,1.0],"texture":"#1","tintindex":0},"west":{"uv":[2.0,0.0,3.0,1.0],"texture":"#1","tintindex":0},"up":{"uv":[2.0,0.0,3.0,1.0],"texture":"#1","tintindex":0},"down":{"uv":[2.0,0.0,3.0,1.0],"texture":"#1","tintindex":0}}},{"from":[5.1,10.22132,13.89289],"to":[0.9,4.02132,7.69289],"rotation":{"angle":0.0,"axis":"x","origin":[8.0,10.12132,12.66789]},"faces":{"north":{"uv":[2.0,0.0,3.0,1.0],"texture":"#1","tintindex":0},"east":{"uv":[2.0,0.0,3.0,1.0],"texture":"#1","tintindex":0},"south":{"uv":[2.0,0.0,3.0,1.0],"texture":"#1","tintindex":0},"west":{"uv":[2.0,0.0,3.0,1.0],"texture":"#1","tintindex":0},"up":{"uv":[2.0,0.0,3.0,1.0],"texture":"#1","tintindex":0},"down":{"uv":[2.0,0.0,3.0,1.0],"texture":"#1","tintindex":0}}},{"from":[13.4,9.4,9.9],"to":[2.6,4.6,6.1],"rotation":{"angle":0.0,"axis":"y","origin":[0.5,-19.0,-0.5]},"faces":{"east":{"uv":[7.5,2.5,5.5,0.0],"texture":"#0","tintindex":0},"south":{"uv":[0.0,2.5,5.5,0.0],"texture":"#0","tintindex":0},"west":{"uv":[5.5,2.5,7.5,0.0],"texture":"#0","tintindex":0}}},{"from":[13.6,9.6,11.1],"to":[2.4,4.4,5.9],"rotation":{"angle":0.0,"axis":"y","origin":[0.5,-19.0,-0.5]},"faces":{"east":{"uv":[9.5,7.5,7.0,5.0],"texture":"#0"},"south":{"uv":[1.5,7.5,7.0,5.0],"texture":"#0"},"west":{"uv":[7.0,7.5,9.5,5.0],"texture":"#0"},"up":{"uv":[0.0,5.0,5.5,2.5],"texture":"#0"},"down":{"uv":[0.0,2.5,5.5,5.0],"texture":"#0"}}}],"display":{"thirdperson_righthand":{"translation":[0.0,1.0,-1.0],"rotation":[63.0,34.0,0.0],"scale":[0.37891,0.37891,0.37891]},"thirdperson_lefthand":{"translation":[0.0,1.0,-1.0],"rotation":[63.0,34.0,0.0],"scale":[0.37891,0.37891,0.37891]},"firstperson_righthand":{"translation":[9.5,0.0,-5.75],"rotation":[3.0,112.0,-13.0],"scale":[0.35547,0.35547,0.35547]},"firstperson_lefthand":{"translation":[9.5,0.0,-5.75],"rotation":[3.0,112.0,-13.0],"scale":[0.35547,0.35547,0.35547]},"ground":{"translation":[0.0,12.75,-4.25],"scale":[0.93555,0.93555,0.93555]},"gui":{"translation":[2.5,-0.25,0.0],"rotation":[-147.15,-37.65,-175.72],"scale":[0.92968,0.92577,0.92577]},"head":{"translation":[0.0,-1.0,-4.25],"scale":[1.6,1.6,1.6]},"fixed":{"translation":[0.0,-3.25,-7.5]}},"credit":"Made with Blockbench","gui_light":"front"}