{"textures":{"0":"mcc:island_cosmetics/general/hat/star_sailors_tiara/tiara","3":"mcc:island_cosmetics/general/hat/star_sailors_tiara/star_sailor_tutu","particle":"mcc:island_cosmetics/general/back/star_sailor_tutu/star_sailor_tutu"},"display":{"thirdperson_righthand":{"translation":[0.0,1.0,-1.0],"rotation":[63.0,34.0,0.0],"scale":[0.52539,0.52539,0.52539]},"thirdperson_lefthand":{"translation":[0.0,1.0,-1.0],"rotation":[63.0,34.0,0.0],"scale":[0.52539,0.52539,0.52539]},"firstperson_righthand":{"translation":[9.5,0.0,-5.75],"rotation":[3.0,112.0,-13.0],"scale":[0.41992,0.41992,0.41992]},"firstperson_lefthand":{"translation":[9.5,0.0,-5.75],"rotation":[3.0,112.0,-13.0],"scale":[0.41992,0.41992,0.41992]},"ground":{"translation":[0.0,4.25,0.0],"scale":[0.28906,0.28906,0.28906]},"gui":{"translation":[1.0,0.0,0.0],"rotation":[-149.61,-31.92,-180.0],"scale":[0.93164,0.93164,0.93164]},"head":{"translation":[0.0,5.0,0.25],"scale":[1.61172,1.61172,1.61172]},"fixed":{"translation":[0.0,-3.25,-7.5]}},"credit":"Made with Blockbench","texture_size":[48.0,48.0],"elements":[{"from":[6.0,4.25,17.25],"to":[10.0,8.25,20.25],"rotation":{"angle":-22.5,"axis":"x","origin":[8.0,-11.75,13.25]},"faces":{"north":{"uv":[7.33333,2.0,8.66667,3.33333],"texture":"#3"},"east":{"uv":[7.33333,3.33333,8.33333,4.66667],"texture":"#3"},"south":{"uv":[7.33333,2.0,8.66667,3.33333],"texture":"#3"},"west":{"uv":[7.33333,3.33333,8.33333,4.66667],"texture":"#3"},"up":{"uv":[8.33333,3.33333,9.66667,4.33333],"texture":"#3"},"down":{"uv":[8.33333,4.33333,9.66667,5.33333],"texture":"#3"}}},{"from":[0.99,3.24,19.24],"to":[6.01,9.26,21.26],"rotation":{"angle":-22.5,"axis":"x","origin":[8.0,-11.75,13.25]},"faces":{"north":{"uv":[9.0,0.0,7.33333,2.0],"texture":"#3"},"east":{"uv":[10.66667,0.0,11.33333,2.0],"texture":"#3"},"south":{"uv":[7.33333,0.0,9.0,2.0],"texture":"#3"},"west":{"uv":[10.0,0.0,10.66667,2.0],"texture":"#3"},"up":{"uv":[9.66667,3.33333,11.33333,4.0],"texture":"#3"},"down":{"uv":[10.33333,2.66667,8.66667,3.33333],"texture":"#3"}}},{"from":[9.99,3.24,19.24],"to":[15.01,9.26,21.26],"rotation":{"angle":-22.5,"axis":"x","origin":[8.0,-11.75,13.25]},"faces":{"north":{"uv":[7.33333,0.0,9.0,2.0],"texture":"#3"},"east":{"uv":[10.0,0.0,10.66667,2.0],"texture":"#3"},"south":{"uv":[9.0,0.0,7.33333,2.0],"texture":"#3"},"west":{"uv":[10.66667,0.0,11.33333,2.0],"texture":"#3"},"up":{"uv":[9.66667,3.33333,11.33333,4.0],"texture":"#3"},"down":{"uv":[10.33333,2.66667,8.66667,3.33333],"texture":"#3"}}},{"from":[4.0,-2.75,20.25],"to":[7.0,4.25,20.25],"rotation":{"angle":-22.5,"axis":"x","origin":[8.0,-11.75,13.25]},"faces":{"north":{"uv":[10.0,0.0,9.0,2.33333],"texture":"#3"},"east":{"uv":[0.0,0.0,1.0,1.0],"texture":"#3"},"south":{"uv":[10.0,0.0,9.0,2.33333],"texture":"#3"},"west":{"uv":[0.0,0.0,1.0,1.0],"texture":"#3"},"up":{"uv":[0.0,0.0,1.0,1.0],"texture":"#3"},"down":{"uv":[0.0,0.0,1.0,1.0],"texture":"#3"}}},{"from":[9.0,-2.75,20.25],"to":[12.0,4.25,20.25],"rotation":{"angle":-22.5,"axis":"x","origin":[8.0,-11.75,13.25]},"faces":{"north":{"uv":[10.0,0.0,9.0,2.33333],"texture":"#3"},"east":{"uv":[1.0,0.0,0.0,1.0],"texture":"#3"},"south":{"uv":[10.0,0.0,9.0,2.33333],"texture":"#3"},"west":{"uv":[1.0,0.0,0.0,1.0],"texture":"#3"},"up":{"uv":[1.0,0.0,0.0,1.0],"texture":"#3"},"down":{"uv":[1.0,0.0,0.0,1.0],"texture":"#3"}}},{"name":"head","from":[3.0,6.5,3.0],"to":[13.0,11.5,13.0],"rotation":{"angle":0.0,"axis":"y","origin":[0.0,-23.0,0.0]},"faces":{"north":{"uv":[0.0,0.0,5.0,2.5],"texture":"#0"},"east":{"uv":[0.0,2.5,5.0,5.0],"texture":"#0"},"west":{"uv":[5.0,2.5,0.0,5.0],"texture":"#0"},"down":{"uv":[5.0,0.0,10.0,5.0],"texture":"#0"}}},{"name":"head","from":[8.75,5.5,2.0],"to":[10.75,9.5,4.0],"rotation":{"angle":-45.0,"axis":"z","origin":[11.0,9.5,1.0]},"faces":{"north":{"uv":[0.0,5.5,1.0,7.5],"texture":"#0","tintindex":0.0},"east":{"uv":[1.0,6.0,1.5,6.5],"texture":"#0","tintindex":0.0},"south":{"uv":[0.0,5.5,1.0,7.5],"texture":"#0","tintindex":0.0},"west":{"uv":[1.0,6.0,1.5,6.5],"texture":"#0","tintindex":0.0},"up":{"uv":[1.0,6.0,1.5,6.5],"texture":"#0","tintindex":0.0},"down":{"uv":[1.0,6.0,1.5,6.5],"texture":"#0","tintindex":0.0}}},{"name":"head","from":[6.75,5.5,2.0],"to":[8.75,7.5,4.0],"rotation":{"angle":-45.0,"axis":"z","origin":[11.0,9.5,1.0]},"faces":{"north":{"uv":[1.0,6.5,2.0,7.5],"texture":"#0","tintindex":0.0},"east":{"uv":[1.0,6.0,1.5,6.5],"texture":"#0","tintindex":0.0},"south":{"uv":[1.0,6.5,2.0,7.5],"rotation":180.0,"texture":"#0","tintindex":0.0},"west":{"uv":[1.0,6.0,1.5,6.5],"texture":"#0","tintindex":0.0},"up":{"uv":[1.0,6.0,1.5,6.5],"texture":"#0","tintindex":0.0},"down":{"uv":[1.0,6.0,1.5,6.5],"texture":"#0","tintindex":0.0}}},{"name":"head inverted","from":[13.0,11.5,13.0],"to":[3.0,6.5,3.0],"rotation":{"angle":0.0,"axis":"y","origin":[0.0,-23.0,0.0]},"faces":{"east":{"uv":[5.0,5.0,0.0,2.5],"texture":"#0"},"south":{"uv":[0.0,2.5,5.0,0.0],"texture":"#0"},"west":{"uv":[0.0,5.0,5.0,2.5],"texture":"#0"},"up":{"uv":[10.0,0.0,5.0,5.0],"texture":"#0"}}}],"gui_light":"front","groups":[{"name":"group","origin":[0.0,0.0,0.0],"color":0.0,"nbt":"{}","armAnimationEnabled":false,"children":[0.0,1.0,2.0,3.0,4.0,5.0,6.0,7.0,8.0]}]}