{"textures":{"1":"mcc:island_cosmetics/general/hat/firefighter_helmet/firefighter_helmet"},"display":{"thirdperson_righthand":{"translation":[0.0,1.0,-1.0],"rotation":[63.0,34.0,0.0],"scale":[0.37891,0.37891,0.37891]},"thirdperson_lefthand":{"translation":[0.0,1.0,-1.0],"rotation":[63.0,34.0,0.0],"scale":[0.37891,0.37891,0.37891]},"firstperson_righthand":{"translation":[9.5,0.0,-5.75],"rotation":[3.0,112.0,-13.0],"scale":[0.35547,0.35547,0.35547]},"firstperson_lefthand":{"translation":[9.5,0.0,-5.75],"rotation":[3.0,112.0,-13.0],"scale":[0.35547,0.35547,0.35547]},"ground":{"translation":[0.0,4.25,0.0],"scale":[0.28906,0.28906,0.28906]},"gui":{"translation":[0.0,-2.0,0.0],"rotation":[-149.61,-31.92,-180.0],"scale":[0.81054,0.81054,0.81054]},"head":{"rotation":[9.5,0.0,0.0],"scale":[1.56875,1.56875,1.56875]},"fixed":{"translation":[0.0,-3.25,-7.5]}},"credit":"Made with Blockbench","texture_size":[32.0,32.0],"elements":[{"from":[2.5,9.0,2.5],"to":[13.5,15.0,13.5],"rotation":{"angle":0.0,"axis":"y","origin":[3.5,3.5,3.5]},"faces":{"north":{"uv":[10.5,0.0,16.0,3.0],"texture":"#1"},"east":{"uv":[10.5,0.0,16.0,3.0],"texture":"#1"},"south":{"uv":[10.5,0.0,16.0,3.0],"texture":"#1"},"west":{"uv":[10.5,0.0,16.0,3.0],"texture":"#1"},"up":{"uv":[10.5,3.0,16.0,8.5],"texture":"#1"}}},{"from":[2.3,9.05,2.3],"to":[13.7,11.45,13.7],"rotation":{"angle":0.0,"axis":"y","origin":[3.5,3.5,3.5]},"faces":{"north":{"uv":[10.0,9.0,15.5,10.0],"texture":"#1","tintindex":0.0},"east":{"uv":[10.0,10.5,15.5,11.5],"texture":"#1","tintindex":0.0},"south":{"uv":[10.0,10.5,15.5,11.5],"texture":"#1","tintindex":0.0},"west":{"uv":[10.0,10.5,15.5,11.5],"texture":"#1","tintindex":0.0}}},{"from":[5.5,9.0,1.5],"to":[10.5,16.0,10.5],"rotation":{"angle":0.0,"axis":"y","origin":[3.5,3.5,3.5]},"faces":{"north":{"uv":[8.0,0.0,10.5,3.5],"texture":"#1"},"east":{"uv":[0.5,9.0,5.0,12.5],"texture":"#1"},"south":{"uv":[8.0,0.0,10.5,3.5],"texture":"#1"},"west":{"uv":[5.0,9.0,0.5,12.5],"texture":"#1"},"up":{"uv":[8.0,3.5,10.5,8.0],"texture":"#1"}}},{"from":[5.3,9.05,1.4],"to":[10.7,11.45,2.3],"rotation":{"angle":0.0,"axis":"y","origin":[3.5,3.5,3.6]},"faces":{"north":{"uv":[10.0,12.0,12.5,13.0],"texture":"#1","tintindex":0.0},"east":{"uv":[10.0,12.0,10.5,13.0],"texture":"#1","tintindex":0.0},"west":{"uv":[10.0,12.0,10.5,13.0],"texture":"#1","tintindex":0.0}}},{"from":[4.5,9.0,1.0],"to":[11.5,16.0,1.0],"rotation":{"angle":0.0,"axis":"y","origin":[3.5,3.5,3.5]},"faces":{"north":{"uv":[5.5,9.0,9.0,12.5],"texture":"#1"},"south":{"uv":[5.5,9.0,9.0,12.5],"texture":"#1"}}},{"from":[0.5,9.0,-0.5],"to":[15.5,9.0,17.5],"rotation":{"angle":0.0,"axis":"y","origin":[3.5,3.5,3.5]},"faces":{"north":{"uv":[0.0,0.0,4.0,4.0],"texture":"#1"},"east":{"uv":[0.0,0.0,4.0,4.0],"texture":"#1"},"south":{"uv":[0.0,0.0,4.0,4.0],"texture":"#1"},"west":{"uv":[0.0,0.0,4.0,4.0],"texture":"#1"},"up":{"uv":[0.0,0.0,7.5,9.0],"texture":"#1"},"down":{"uv":[0.0,9.0,7.5,0.0],"texture":"#1"}}},{"name":"cube inverted","from":[13.7,11.45,13.7],"to":[2.3,9.05,2.3],"rotation":{"angle":0.0,"axis":"y","origin":[3.5,3.5,3.5]},"faces":{"north":{"uv":[10.0,11.5,15.5,10.5],"texture":"#1","tintindex":0.0},"east":{"uv":[10.0,11.5,15.5,10.5],"texture":"#1","tintindex":0.0},"south":{"uv":[10.0,10.0,15.5,9.0],"texture":"#1","tintindex":0.0},"west":{"uv":[10.0,11.5,15.5,10.5],"texture":"#1","tintindex":0.0}}},{"name":"cube inverted","from":[10.7,11.45,2.3],"to":[5.3,9.05,1.4],"rotation":{"angle":0.0,"axis":"y","origin":[3.5,3.5,3.6]},"faces":{"east":{"uv":[10.0,13.0,10.5,12.0],"texture":"#1","tintindex":0.0},"south":{"uv":[10.0,13.0,12.5,12.0],"texture":"#1","tintindex":0.0},"west":{"uv":[10.0,13.0,10.5,12.0],"texture":"#1","tintindex":0.0}}}],"gui_light":"front"}