{"textures":{"0":"mcc:island_cosmetics/general/hat/beta_crown/head_beta","particle":"mcc:island_cosmetics/general/hat/beta_crown/head_beta"},"elements":[{"from":[2.0,6.0,11.0],"to":[14.0,9.0,14.0],"rotation":{"angle":0.0,"axis":"x","origin":[8.0,9.5,8.0]},"faces":{"north":{"uv":[0.0,1.125,1.5,1.5],"texture":"#0"},"east":{"uv":[0.0,2.25,0.375,2.625],"texture":"#0"},"south":{"uv":[0.0,2.25,1.5,2.625],"texture":"#0"},"west":{"uv":[0.375,2.25,0.0,2.625],"texture":"#0"},"up":{"uv":[1.5,1.875,0.0,2.25],"texture":"#0"},"down":{"uv":[1.5,1.875,0.0,1.5],"texture":"#0"}}},{"from":[2.0,6.0,5.0],"to":[5.0,9.0,11.0],"rotation":{"angle":0.0,"axis":"x","origin":[8.0,9.5,8.0]},"faces":{"east":{"uv":[0.375,1.125,1.125,1.5],"texture":"#0"},"west":{"uv":[0.375,2.25,1.125,2.625],"texture":"#0"},"up":{"uv":[1.125,1.875,0.375,2.25],"texture":"#0","rotation":90},"down":{"uv":[0.375,1.5,1.125,1.875],"texture":"#0","rotation":90}}},{"from":[11.0,6.0,5.0],"to":[14.0,9.0,11.0],"rotation":{"angle":0.0,"axis":"x","origin":[8.0,9.5,8.0]},"faces":{"east":{"uv":[0.375,2.25,1.125,2.625],"texture":"#0"},"west":{"uv":[0.375,1.125,1.125,1.5],"texture":"#0"},"up":{"uv":[0.375,2.25,1.125,1.875],"texture":"#0","rotation":90},"down":{"uv":[0.375,1.875,1.125,1.5],"texture":"#0","rotation":90}}},{"from":[2.0,6.0,2.0],"to":[14.0,9.0,5.0],"rotation":{"angle":0.0,"axis":"x","origin":[8.0,9.5,8.0]},"faces":{"north":{"uv":[0.0,2.25,1.5,2.625],"texture":"#0"},"east":{"uv":[0.375,2.25,0.0,2.625],"texture":"#0"},"south":{"uv":[0.0,1.125,1.5,1.5],"texture":"#0"},"west":{"uv":[0.0,2.25,0.375,2.625],"texture":"#0"},"up":{"uv":[1.5,2.25,0.0,1.875],"texture":"#0"},"down":{"uv":[1.5,1.5,0.0,1.875],"texture":"#0"}}},{"from":[2.0,6.0,11.0],"to":[14.0,9.0,14.0],"rotation":{"angle":0.0,"axis":"x","origin":[8.0,9.5,8.0]},"faces":{"north":{"uv":[0.0,5.25,1.5,5.625],"texture":"#0","tintindex":0},"east":{"uv":[0.0,6.375,0.375,6.75],"texture":"#0","tintindex":0},"south":{"uv":[0.0,6.375,1.5,6.75],"texture":"#0","tintindex":0},"west":{"uv":[0.375,6.375,0.0,6.75],"texture":"#0","tintindex":0},"up":{"uv":[1.5,6.0,0.0,6.375],"texture":"#0","tintindex":0},"down":{"uv":[1.5,6.0,0.0,5.625],"texture":"#0","tintindex":0}}},{"from":[2.0,6.0,2.0],"to":[14.0,9.0,5.0],"rotation":{"angle":0.0,"axis":"x","origin":[8.0,9.5,8.0]},"faces":{"north":{"uv":[0.0,6.375,1.5,6.75],"texture":"#0","tintindex":0},"east":{"uv":[0.375,6.375,0.0,6.75],"texture":"#0","tintindex":0},"south":{"uv":[0.0,5.25,1.5,5.625],"texture":"#0","tintindex":0},"west":{"uv":[0.0,6.375,0.375,6.75],"texture":"#0","tintindex":0},"up":{"uv":[1.5,6.375,0.0,6.0],"texture":"#0","tintindex":0},"down":{"uv":[1.5,5.625,0.0,6.0],"texture":"#0","tintindex":0}}},{"from":[2.0,6.0,5.0],"to":[5.0,9.0,11.0],"rotation":{"angle":0.0,"axis":"x","origin":[8.0,9.5,8.0]},"faces":{"east":{"uv":[0.375,5.25,1.125,5.625],"texture":"#0","tintindex":0},"west":{"uv":[0.375,6.375,1.125,6.75],"texture":"#0","tintindex":0},"up":{"uv":[1.125,6.0,0.375,6.375],"texture":"#0","tintindex":0,"rotation":90},"down":{"uv":[0.375,5.625,1.125,6.0],"texture":"#0","tintindex":0,"rotation":90}}},{"from":[11.0,6.0,5.0],"to":[14.0,9.0,11.0],"rotation":{"angle":0.0,"axis":"x","origin":[8.0,9.5,8.0]},"faces":{"east":{"uv":[0.375,6.375,1.125,6.75],"texture":"#0","tintindex":0},"west":{"uv":[0.375,5.25,1.125,5.625],"texture":"#0","tintindex":0},"up":{"uv":[0.375,6.375,1.125,6.0],"texture":"#0","tintindex":0,"rotation":90},"down":{"uv":[0.375,6.0,1.125,5.625],"texture":"#0","tintindex":0,"rotation":90}}},{"from":[1.9,1.9,1.9],"to":[14.1,9.1,14.1],"rotation":{"angle":0.0,"axis":"x","origin":[8.0,9.5,8.0]},"faces":{"north":{"uv":[0.0,2.75,1.5,3.625],"texture":"#0"},"east":{"uv":[4.5,2.75,6.0,3.625],"texture":"#0"},"south":{"uv":[3.0,2.75,4.5,3.625],"texture":"#0"},"west":{"uv":[1.5,2.75,3.0,3.625],"texture":"#0"},"up":{"uv":[0.0,3.625,1.5,5.125],"texture":"#0"},"down":{"uv":[0.625,1.0,0.75,1.125],"texture":"#0"}}},{"from":[2.0,5.5,2.25],"to":[14.0,8.5,2.25],"rotation":{"angle":22.5,"axis":"x","origin":[8.0,8.5,0.5]},"faces":{"north":{"uv":[3.125,2.0,1.625,1.625],"texture":"#0","rotation":180},"south":{"uv":[1.625,1.625,3.125,2.0],"texture":"#0"}}},{"from":[2.0,5.5,13.75],"to":[14.0,8.5,13.75],"rotation":{"angle":-22.5,"axis":"x","origin":[8.0,8.5,15.5]},"faces":{"north":{"uv":[3.125,1.625,1.625,2.0],"texture":"#0"},"south":{"uv":[1.625,2.0,3.125,1.625],"texture":"#0","rotation":180}}},{"from":[2.03429,2.47341,2.0],"to":[2.03429,5.47341,14.0],"rotation":{"angle":-22.5,"axis":"z","origin":[8.0,6.44448,8.0]},"faces":{"east":{"uv":[3.125,1.625,1.625,2.0],"texture":"#0"},"west":{"uv":[1.625,2.0,3.125,1.625],"texture":"#0","rotation":180}}},{"from":[13.96571,2.47341,2.0],"to":[13.96571,5.47341,14.0],"rotation":{"angle":22.5,"axis":"z","origin":[8.0,6.44448,8.0]},"faces":{"east":{"uv":[3.125,2.0,1.625,1.625],"texture":"#0","rotation":180},"west":{"uv":[1.625,1.625,3.125,2.0],"texture":"#0"}}},{"from":[3.0,8.75,3.0],"to":[13.0,15.75,13.0],"rotation":{"angle":0.0,"axis":"x","origin":[8.0,11.5,8.0]},"faces":{"north":{"uv":[0.0,0.0,1.25,0.875],"texture":"#0"},"east":{"uv":[0.0,0.0,1.25,0.875],"texture":"#0"},"south":{"uv":[0.0,0.0,1.25,0.875],"texture":"#0"},"west":{"uv":[0.0,0.0,1.25,0.875],"texture":"#0"},"up":{"uv":[0.0,0.875,0.125,1.0],"texture":"#0"},"down":{"uv":[0.0,0.875,0.125,1.0],"texture":"#0"}}},{"from":[10.21447,7.79289,10.0],"to":[18.21447,12.79289,10.0],"rotation":{"angle":45.0,"axis":"z","origin":[14.21447,10.29289,10.0]},"faces":{"north":{"uv":[1.5,0.0,2.5,0.625],"texture":"#0"},"east":{"uv":[0.0,0.0,1.25,0.75],"texture":"#0"},"south":{"uv":[2.5,0.0,1.5,0.625],"texture":"#0"},"west":{"uv":[0.0,0.0,1.25,0.75],"texture":"#0"},"up":{"uv":[0.0,0.75,0.125,0.875],"texture":"#0"},"down":{"uv":[0.0,0.75,0.125,0.875],"texture":"#0"}}},{"from":[9.6718,5.96927,11.17388],"to":[17.6718,10.96927,11.17388],"rotation":{"angle":45.0,"axis":"x","origin":[13.6718,8.46927,11.92388]},"faces":{"north":{"uv":[1.5,0.0,2.5,0.625],"texture":"#0"},"east":{"uv":[0.0,0.0,1.25,0.75],"texture":"#0"},"south":{"uv":[2.5,0.0,1.5,0.625],"texture":"#0"},"west":{"uv":[0.0,0.0,1.25,0.75],"texture":"#0"},"up":{"uv":[0.0,0.75,0.125,0.875],"texture":"#0"},"down":{"uv":[0.0,0.75,0.125,0.875],"texture":"#0"}}},{"from":[13.0,15.75,13.0],"to":[3.0,8.75,3.0],"rotation":{"angle":0.0,"axis":"x","origin":[8.0,11.5,8.0]},"faces":{"north":{"uv":[0.0,0.875,1.25,0.0],"texture":"#0"},"east":{"uv":[0.0,0.875,1.25,0.0],"texture":"#0"},"south":{"uv":[0.0,0.875,1.25,0.0],"texture":"#0"},"west":{"uv":[0.0,0.875,1.25,0.0],"texture":"#0"},"up":{"uv":[0.625,1.0,0.5,1.125],"texture":"#0"},"down":{"uv":[0.125,0.875,0.0,1.0],"texture":"#0"}}},{"from":[14.1,9.1,14.1],"to":[1.9,1.9,1.9],"rotation":{"angle":0.0,"axis":"x","origin":[8.0,9.5,8.0]},"faces":{"north":{"uv":[3.0,3.625,4.5,2.75],"texture":"#0"},"east":{"uv":[1.5,3.625,3.0,2.75],"texture":"#0"},"south":{"uv":[0.0,3.625,1.5,2.75],"texture":"#0"},"west":{"uv":[4.5,3.625,6.0,2.75],"texture":"#0"},"up":{"uv":[0.75,1.0,0.625,1.125],"texture":"#0"},"down":{"uv":[1.5,3.625,0.0,5.125],"texture":"#0"}}}],"display":{"thirdperson_righthand":{"translation":[0.0,1.0,0.75],"rotation":[55.5,34.0,0.0],"scale":[0.52539,0.52539,0.52539]},"thirdperson_lefthand":{"translation":[0.0,1.0,0.75],"rotation":[55.5,34.0,0.0],"scale":[0.52539,0.52539,0.52539]},"firstperson_righthand":{"translation":[9.5,0.0,-5.75],"rotation":[21.0,114.5,-13.75],"scale":[0.41992,0.41992,0.41992]},"firstperson_lefthand":{"translation":[9.5,0.0,-5.75],"rotation":[21.0,114.5,-13.75],"scale":[0.41992,0.41992,0.41992]},"gui":{"translation":[0.25,-0.75,0.0],"rotation":[-151.87,-33.88,175.84],"scale":[0.80663,0.80663,0.80663]},"head":{"translation":[0.0,4.5,0.0],"rotation":[9.5,0.0,-5.5],"scale":[1.64102,1.64102,1.64102]}},"credit":"Made with Blockbench","gui_light":"front"}