{"textures":{"0":"mcc:island_cosmetics/head/head_6","particle":"mcc:island_cosmetics/head/head_6"},"credit":"Made with Blockbench","texture_size":[128.0,128.0],"elements":[{"from":[-1.0,5.0,-1.0],"to":[17.0,5.0,17.0],"rotation":{"angle":0.0,"axis":"x","origin":[7.0,9.5,8.0]},"faces":{"north":{"uv":[5.125,7.0,6.5,8.375],"texture":"#missing"},"east":{"uv":[5.125,7.0,6.5,8.375],"texture":"#missing"},"south":{"uv":[5.125,7.0,6.5,8.375],"texture":"#missing"},"west":{"uv":[5.125,7.0,6.5,8.375],"texture":"#missing"},"up":{"uv":[13.75,13.5,16.0,15.75],"texture":"#0"},"down":{"uv":[13.75,15.75,16.0,13.5],"texture":"#0"}}},{"from":[3.0,5.0,3.0],"to":[13.0,9.0,13.0],"rotation":{"angle":0.0,"axis":"x","origin":[7.0,9.5,8.0]},"faces":{"north":{"uv":[14.75,13.0,16.0,13.5],"texture":"#0"},"east":{"uv":[14.75,13.0,16.0,13.5],"texture":"#0"},"south":{"uv":[14.75,13.0,16.0,13.5],"texture":"#0"},"west":{"uv":[14.75,13.0,16.0,13.5],"texture":"#0"},"up":{"uv":[14.75,11.75,16.0,13.0],"texture":"#0"},"down":{"uv":[15.875,15.625,16.0,15.75],"texture":"#0"}}},{"from":[3.0,-3.0,6.0],"to":[13.0,5.0,7.0],"rotation":{"angle":22.5,"axis":"x","origin":[8.0,1.5,8.0]},"faces":{"north":{"uv":[15.875,15.625,16.0,15.75],"texture":"#0"},"east":{"uv":[13.625,15.0,13.75,16.0],"texture":"#0"},"south":{"uv":[15.875,15.625,16.0,15.75],"texture":"#0"},"west":{"uv":[13.625,15.0,13.75,16.0],"texture":"#0"},"up":{"uv":[14.75,15.75,16.0,15.875],"texture":"#0"},"down":{"uv":[14.75,15.75,16.0,15.875],"texture":"#0"}}},{"from":[5.0,-5.89209,4.43017],"to":[11.0,-1.89209,4.43017],"rotation":{"angle":0.0,"axis":"x","origin":[8.0,-5.89209,4.93017]},"faces":{"north":{"uv":[12.875,15.5,13.625,16.0],"texture":"#0"},"east":{"uv":[13.625,15.0,13.75,16.0],"texture":"#0"},"south":{"uv":[12.875,15.5,13.625,16.0],"texture":"#0"},"west":{"uv":[13.625,15.0,13.75,16.0],"texture":"#0"},"up":{"uv":[14.75,11.75,16.0,13.0],"rotation":90.0,"texture":"#0"},"down":{"uv":[14.75,15.75,16.0,15.875],"texture":"#0"}}},{"from":[2.9,5.15,2.9],"to":[13.1,6.35,13.1],"rotation":{"angle":0.0,"axis":"x","origin":[7.0,9.5,8.0]},"faces":{"north":{"uv":[14.75,15.875,16.0,16.0],"texture":"#0","tintindex":0.0},"east":{"uv":[14.75,15.875,16.0,16.0],"texture":"#0","tintindex":0.0},"south":{"uv":[14.75,15.875,16.0,16.0],"texture":"#0","tintindex":0.0},"west":{"uv":[14.75,15.875,16.0,16.0],"texture":"#0","tintindex":0.0},"up":{"uv":[15.875,15.625,16.0,15.75],"texture":"#0","tintindex":0.0},"down":{"uv":[15.875,15.625,16.0,15.75],"texture":"#0","tintindex":0.0}}},{"from":[7.0,9.25,7.0],"to":[9.0,9.25,9.0],"rotation":{"angle":0.0,"axis":"x","origin":[11.0,9.5,4.0]},"faces":{"north":{"uv":[5.125,7.0,6.5,8.375],"texture":"#missing"},"east":{"uv":[5.125,7.0,6.5,8.375],"texture":"#missing"},"south":{"uv":[5.125,7.0,6.5,8.375],"texture":"#missing"},"west":{"uv":[5.125,7.0,6.5,8.375],"texture":"#missing"},"up":{"uv":[14.5,13.25,14.75,13.5],"texture":"#0"},"down":{"uv":[14.5,13.25,14.75,13.5],"texture":"#0"}}},{"name":"cube inverted","from":[13.0,9.0,13.0],"to":[3.0,5.0,3.0],"rotation":{"angle":0.0,"axis":"x","origin":[7.0,9.5,8.0]},"faces":{"north":{"uv":[14.75,13.5,16.0,13.0],"texture":"#0"},"east":{"uv":[14.75,13.5,16.0,13.0],"texture":"#0"},"south":{"uv":[14.75,13.5,16.0,13.0],"texture":"#0"},"west":{"uv":[14.75,13.5,16.0,13.0],"texture":"#0"},"up":{"uv":[16.0,15.625,15.875,15.75],"texture":"#0"},"down":{"uv":[16.0,11.75,14.75,13.0],"texture":"#0"}}},{"name":"cube inverted","from":[13.0,5.0,7.0],"to":[3.0,-3.0,6.0],"rotation":{"angle":22.5,"axis":"x","origin":[8.0,1.5,8.0]},"faces":{"north":{"uv":[15.875,15.75,16.0,15.625],"texture":"#0"},"east":{"uv":[13.625,16.0,13.75,15.0],"texture":"#0"},"south":{"uv":[15.875,15.75,16.0,15.625],"texture":"#0"},"west":{"uv":[13.625,16.0,13.75,15.0],"texture":"#0"},"up":{"uv":[16.0,15.75,14.75,15.875],"texture":"#0"},"down":{"uv":[16.0,15.75,14.75,15.875],"texture":"#0"}}}],"gui_light":"front","display":{"thirdperson_righthand":{"rotation":[55.5,34.0,0.0],"translation":[0.0,1.0,0.75],"scale":[0.52539,0.52539,0.52539]},"thirdperson_lefthand":{"rotation":[55.5,34.0,0.0],"translation":[0.0,1.0,0.75],"scale":[0.52539,0.52539,0.52539]},"firstperson_righthand":{"rotation":[21.0,114.5,-13.75],"translation":[9.5,0.0,-5.75],"scale":[0.41992,0.41992,0.41992]},"firstperson_lefthand":{"rotation":[21.0,114.5,-13.75],"translation":[9.5,0.0,-5.75],"scale":[0.41992,0.41992,0.41992]},"gui":{"rotation":[-149.61,-31.92,-180.0],"translation":[0.0,4.0,0.0],"scale":[0.78515,0.78515,0.78515]},"head":{"translation":[0.0,8.5,0.0],"scale":[1.61953,1.61953,1.61953]}}}