{"textures":{"1":"mcc:island_cosmetics/head/head_8"},"credit":"Made with Blockbench","texture_size":[128.0,128.0],"elements":[{"from":[2.0,7.0,0.5],"to":[14.0,13.0,16.5],"rotation":{"angle":0.0,"axis":"x","origin":[20.5,10.0,6.0]},"faces":{"north":{"uv":[6.375,9.625,7.875,10.375],"texture":"#1","tintindex":0.0},"east":{"uv":[8.375,10.5,6.375,11.25],"texture":"#1","tintindex":0.0},"south":{"uv":[12.25,9.0,13.75,9.75],"texture":"#1","tintindex":0.0},"west":{"uv":[6.375,10.5,8.375,11.25],"texture":"#1","tintindex":0.0},"up":{"uv":[8.625,8.875,10.125,10.875],"texture":"#1","tintindex":0.0},"down":{"uv":[11.25,8.0,13.25,6.5],"rotation":90.0,"texture":"#1"}}},{"from":[2.0,7.0,6.5],"to":[2.0,11.0,10.5],"rotation":{"angle":0.0,"axis":"x","origin":[20.5,10.0,6.0]},"faces":{"east":{"uv":[8.125,9.875,8.625,10.375],"texture":"#1"},"west":{"uv":[8.125,9.875,8.625,10.375],"texture":"#1"}}},{"from":[14.0,7.0,6.5],"to":[14.0,11.0,10.5],"rotation":{"angle":0.0,"axis":"x","origin":[-4.5,10.0,6.0]},"faces":{"east":{"uv":[8.625,9.875,8.125,10.375],"texture":"#1"},"west":{"uv":[8.625,9.875,8.125,10.375],"texture":"#1"}}},{"from":[2.0,7.0,0.5],"to":[14.0,13.0,16.5],"rotation":{"angle":0.0,"axis":"x","origin":[20.5,10.0,6.0]},"faces":{"north":{"uv":[6.375,6.625,7.875,7.375],"texture":"#1"},"east":{"uv":[8.375,7.5,6.375,8.25],"texture":"#1"},"west":{"uv":[6.375,7.5,8.375,8.25],"texture":"#1"}}},{"from":[7.0,8.37868,15.07107],"to":[9.0,18.37868,22.07107],"rotation":{"angle":45.0,"axis":"x","origin":[8.0,14.87868,17.57107]},"faces":{"north":{"uv":[10.75,9.625,11.0,10.875],"texture":"#1","tintindex":0.0},"east":{"uv":[12.125,9.625,11.25,10.875],"texture":"#1","tintindex":0.0},"south":{"uv":[10.5,9.625,10.75,10.875],"texture":"#1","tintindex":0.0},"west":{"uv":[11.25,9.625,12.125,10.875],"texture":"#1","tintindex":0.0},"up":{"uv":[11.0,9.625,11.25,10.5],"texture":"#1","tintindex":0.0}}},{"from":[2.0,4.0,0.5],"to":[14.0,7.0,11.5],"rotation":{"angle":0.0,"axis":"x","origin":[-4.5,10.0,6.0]},"faces":{"north":{"uv":[6.375,8.875,7.875,9.25],"texture":"#1"},"east":{"uv":[7.75,9.25,6.375,9.625],"texture":"#1"},"west":{"uv":[6.375,9.25,7.75,9.625],"texture":"#1"}}},{"from":[2.0,4.0,11.5],"to":[14.0,7.0,16.5],"rotation":{"angle":0.0,"axis":"x","origin":[-4.5,10.0,6.0]},"faces":{"east":{"uv":[8.375,9.25,7.75,9.625],"texture":"#1","tintindex":0.0},"south":{"uv":[12.25,8.625,13.75,9.0],"texture":"#1","tintindex":0.0},"west":{"uv":[7.75,9.25,8.375,9.625],"texture":"#1","tintindex":0.0}}},{"from":[1.95,-1.05,0.95],"to":[14.05,2.05,14.05],"rotation":{"angle":-22.5,"axis":"x","origin":[20.5,10.0,6.0]},"faces":{"north":{"uv":[10.25,10.875,11.75,11.25],"texture":"#1"},"east":{"uv":[10.25,10.875,8.625,11.25],"texture":"#1"},"south":{"uv":[8.625,8.5,10.125,8.875],"texture":"#1"},"west":{"uv":[8.625,10.875,10.25,11.25],"texture":"#1"},"up":{"uv":[13.25,8.0,11.625,6.5],"rotation":90.0,"texture":"#1"},"down":{"uv":[10.75,8.0,12.25,9.625],"texture":"#1"}}},{"from":[2.01,2.01,1.01],"to":[13.99,3.99,13.99],"rotation":{"angle":-22.5,"axis":"x","origin":[7.5,10.0,6.0]},"faces":{"north":{"uv":[6.375,8.25,7.875,8.5],"texture":"#1"},"east":{"uv":[8.0,8.625,6.375,8.875],"texture":"#1"},"west":{"uv":[6.375,8.625,8.0,8.875],"texture":"#1"},"down":{"uv":[3.75,10.875,3.875,11.0],"texture":"#missing"}}},{"name":"cube inverted","from":[14.0,7.0,11.5],"to":[2.0,4.0,0.5],"rotation":{"angle":0.0,"axis":"x","origin":[-4.5,10.0,6.0]},"faces":{"east":{"uv":[6.375,9.625,7.75,9.25],"texture":"#1"},"south":{"uv":[6.375,9.25,7.875,8.875],"texture":"#1"},"west":{"uv":[7.75,9.625,6.375,9.25],"texture":"#1"}}},{"name":"cube inverted","from":[13.99,3.99,13.99],"to":[2.01,2.01,1.01],"rotation":{"angle":-22.5,"axis":"x","origin":[7.5,10.0,6.0]},"faces":{"east":{"uv":[6.375,8.875,8.0,8.625],"texture":"#1"},"south":{"uv":[6.375,8.5,7.875,8.25],"texture":"#1"},"west":{"uv":[8.0,8.875,6.375,8.625],"texture":"#1"},"up":{"uv":[3.875,10.875,3.75,11.0],"texture":"#missing"}}},{"name":"cube inverted","from":[14.0,7.0,16.5],"to":[2.0,4.0,11.5],"rotation":{"angle":0.0,"axis":"x","origin":[-4.5,10.0,6.0]},"faces":{"north":{"uv":[12.25,9.0,13.75,8.625],"texture":"#1","tintindex":0.0},"east":{"uv":[7.75,9.625,8.375,9.25],"texture":"#1","tintindex":0.0},"west":{"uv":[8.375,9.625,7.75,9.25],"texture":"#1","tintindex":0.0}}}],"gui_light":"front","display":{"thirdperson_righthand":{"rotation":[63.0,34.0,0.0],"translation":[0.0,1.0,-1.0],"scale":[0.52539,0.52539,0.52539]},"thirdperson_lefthand":{"rotation":[63.0,34.0,0.0],"translation":[0.0,1.0,-1.0],"scale":[0.52539,0.52539,0.52539]},"firstperson_righthand":{"rotation":[3.0,112.0,-13.0],"translation":[9.5,0.0,-5.75],"scale":[0.41992,0.41992,0.41992]},"firstperson_lefthand":{"rotation":[3.0,112.0,-13.0],"translation":[9.5,0.0,-5.75],"scale":[0.41992,0.41992,0.41992]},"ground":{"translation":[0.0,4.25,0.0],"scale":[0.28906,0.28906,0.28906]},"gui":{"rotation":[-142.13,-45.65,-168.14],"translation":[0.5,-0.75,0.0],"scale":[0.60741,0.60741,0.60741]},"head":{"rotation":[11.75,0.0,0.0],"translation":[0.0,2.0,-3.0],"scale":[1.6,1.6,1.6]},"fixed":{"translation":[0.0,-3.25,-7.5]}}}