{"textures":{"1":"mcc:island_cosmetics/general/hat/surgical_mask/surgical_mask"},"display":{"thirdperson_righthand":{"translation":[0.0,1.0,-1.0],"rotation":[63.0,34.0,0.0],"scale":[0.37891,0.37891,0.37891]},"thirdperson_lefthand":{"translation":[0.0,1.0,-1.0],"rotation":[63.0,34.0,0.0],"scale":[0.37891,0.37891,0.37891]},"firstperson_righthand":{"translation":[9.5,0.0,-5.75],"rotation":[3.0,112.0,-13.0],"scale":[0.35547,0.35547,0.35547]},"firstperson_lefthand":{"translation":[9.5,0.0,-5.75],"rotation":[3.0,112.0,-13.0],"scale":[0.35547,0.35547,0.35547]},"ground":{"translation":[0.0,4.25,0.0],"scale":[0.28906,0.28906,0.28906]},"gui":{"translation":[-0.25,5.75,0.0],"rotation":[-149.61,-31.92,-180.0],"scale":[1.11327,1.11327,1.11327]},"head":{"translation":[0.0,6.25,-0.5],"rotation":[-2.75,0.0,0.0],"scale":[1.65665,1.65665,1.65665]},"fixed":{"translation":[0.0,-3.25,-7.5]}},"credit":"Made with Blockbench","texture_size":[32.0,32.0],"elements":[{"from":[3.5,0.0,3.5],"to":[12.5,4.0,12.5],"rotation":{"angle":0.0,"axis":"y","origin":[3.5,3.5,3.5]},"faces":{"north":{"uv":[11.5,3.0,16.0,5.0],"texture":"#1","tintindex":0.0},"east":{"uv":[7.0,3.0,11.5,5.0],"texture":"#1","tintindex":0.0},"south":{"uv":[16.0,1.0,11.5,3.0],"texture":"#1","tintindex":0.0},"west":{"uv":[11.5,3.0,7.0,5.0],"texture":"#1","tintindex":0.0},"down":{"uv":[16.0,5.0,11.5,9.5],"texture":"#1","tintindex":0.0}}},{"name":"cube inverted","from":[12.5,4.0,12.5],"to":[3.5,0.0,3.5],"rotation":{"angle":0.0,"axis":"y","origin":[3.5,3.5,3.5]},"faces":{"north":{"uv":[16.0,3.0,11.5,1.0],"texture":"#1","tintindex":0.0},"east":{"uv":[11.5,5.0,7.0,3.0],"texture":"#1","tintindex":0.0},"south":{"uv":[11.5,5.0,16.0,3.0],"texture":"#1","tintindex":0.0},"west":{"uv":[7.0,5.0,11.5,3.0],"texture":"#1","tintindex":0.0},"up":{"uv":[11.5,5.0,16.0,9.5],"texture":"#1","tintindex":0.0}}},{"from":[5.5,5.0,3.25],"to":[10.5,10.0,3.25],"rotation":{"angle":0.0,"axis":"y","origin":[3.5,3.5,3.5]},"faces":{"north":{"uv":[4.0,0.0,6.5,2.5],"texture":"#1"},"east":{"uv":[55.0,9.5,59.5,10.5],"texture":"#missing"},"south":{"uv":[4.0,0.0,6.5,2.5],"texture":"#1"},"west":{"uv":[55.0,9.5,59.5,10.5],"texture":"#missing"}}},{"from":[3.5,6.0,3.75],"to":[12.5,8.0,12.75],"rotation":{"angle":0.0,"axis":"y","origin":[4.0,3.5,3.5]},"faces":{"north":{"uv":[7.0,0.5,11.5,1.5],"texture":"#1"},"east":{"uv":[7.0,0.5,11.5,1.5],"texture":"#1"},"south":{"uv":[7.0,0.5,11.5,1.5],"texture":"#1"},"west":{"uv":[7.0,0.5,11.5,1.5],"texture":"#1"}}},{"name":"cube inverted","from":[12.5,8.0,12.75],"to":[3.5,6.0,3.75],"rotation":{"angle":0.0,"axis":"y","origin":[4.0,3.5,3.5]},"faces":{"north":{"uv":[7.0,1.5,11.5,0.5],"texture":"#1"},"east":{"uv":[7.0,1.5,11.5,0.5],"texture":"#1"},"south":{"uv":[7.0,1.5,11.5,0.5],"texture":"#1"},"west":{"uv":[7.0,1.5,11.5,0.5],"texture":"#1"}}}],"gui_light":"front"}