{"textures":{"0":"mcc:island_cosmetics/head/head_6","1":"mcc:island_cosmetics/head/head_7","particle":"mcc:island_cosmetics/head/head_6"},"credit":"Made with Blockbench","texture_size":[128.0,128.0],"elements":[{"from":[-1.0,5.0,-1.0],"to":[17.0,5.0,17.0],"rotation":{"angle":0.0,"axis":"x","origin":[7.0,9.5,8.0]},"faces":{"north":{"uv":[5.125,7.0,6.5,8.375],"texture":"#missing"},"east":{"uv":[5.125,7.0,6.5,8.375],"texture":"#missing"},"south":{"uv":[5.125,7.0,6.5,8.375],"texture":"#missing"},"west":{"uv":[5.125,7.0,6.5,8.375],"texture":"#missing"},"up":{"uv":[0.0,8.75,2.25,11.0],"texture":"#1"},"down":{"uv":[0.0,8.75,2.25,11.0],"texture":"#1"}}},{"from":[-1.0,5.0,-4.0],"to":[17.0,5.0,-1.0],"rotation":{"angle":22.5,"axis":"x","origin":[8.0,5.0,-1.0]},"faces":{"north":{"uv":[5.125,7.0,6.5,8.375],"texture":"#missing"},"east":{"uv":[5.125,7.0,6.5,8.375],"texture":"#missing"},"south":{"uv":[5.125,7.0,6.5,8.375],"texture":"#missing"},"west":{"uv":[5.125,7.0,6.5,8.375],"texture":"#missing"},"up":{"uv":[0.0,11.0,2.25,11.375],"texture":"#1"},"down":{"uv":[2.25,11.375,0.0,11.0],"texture":"#1"}}},{"from":[-1.0,5.0,17.0],"to":[17.0,5.0,20.0],"rotation":{"angle":-22.5,"axis":"x","origin":[8.0,5.0,17.0]},"faces":{"north":{"uv":[6.5,7.0,5.125,8.375],"texture":"#missing"},"east":{"uv":[6.5,7.0,5.125,8.375],"texture":"#missing"},"south":{"uv":[6.5,7.0,5.125,8.375],"texture":"#missing"},"west":{"uv":[6.5,7.0,5.125,8.375],"texture":"#missing"},"up":{"uv":[0.0,11.375,2.25,11.0],"texture":"#1"},"down":{"uv":[2.25,11.0,0.0,11.375],"texture":"#1"}}},{"from":[-3.09525,1.59954,-1.0],"to":[-0.09525,1.59954,17.0],"rotation":{"angle":-22.5,"axis":"z","origin":[8.0,5.57403,8.0]},"faces":{"north":{"uv":[6.5,7.0,5.125,8.375],"texture":"#missing"},"east":{"uv":[6.5,7.0,5.125,8.375],"texture":"#missing"},"south":{"uv":[6.5,7.0,5.125,8.375],"texture":"#missing"},"west":{"uv":[6.5,7.0,5.125,8.375],"texture":"#missing"},"up":{"uv":[0.0,11.375,2.25,11.0],"rotation":90.0,"texture":"#1"},"down":{"uv":[2.25,11.0,0.0,11.375],"rotation":270.0,"texture":"#1"}}},{"from":[16.09525,1.59954,-1.0],"to":[19.09525,1.59954,17.0],"rotation":{"angle":22.5,"axis":"z","origin":[8.0,5.57403,8.0]},"faces":{"north":{"uv":[5.125,7.0,6.5,8.375],"texture":"#missing"},"east":{"uv":[5.125,7.0,6.5,8.375],"texture":"#missing"},"south":{"uv":[5.125,7.0,6.5,8.375],"texture":"#missing"},"west":{"uv":[5.125,7.0,6.5,8.375],"texture":"#missing"},"up":{"uv":[0.0,11.0,2.25,11.375],"rotation":90.0,"texture":"#1"},"down":{"uv":[2.25,11.375,0.0,11.0],"rotation":270.0,"texture":"#1"}}},{"from":[3.0,5.0,3.0],"to":[13.0,9.0,13.0],"rotation":{"angle":0.0,"axis":"x","origin":[7.0,9.5,8.0]},"faces":{"north":{"uv":[1.25,8.125,2.5,8.625],"texture":"#1"},"east":{"uv":[1.25,8.125,2.5,8.625],"texture":"#1"},"south":{"uv":[1.25,8.125,2.5,8.625],"texture":"#1"},"west":{"uv":[1.25,8.125,2.5,8.625],"texture":"#1"},"up":{"uv":[2.25,8.625,3.5,9.875],"texture":"#1"},"down":{"uv":[15.875,15.625,16.0,15.75],"texture":"#0"}}},{"from":[2.9,5.15,2.9],"to":[13.1,6.35,13.1],"rotation":{"angle":0.0,"axis":"x","origin":[7.0,9.5,8.0]},"faces":{"north":{"uv":[14.75,15.875,16.0,16.0],"texture":"#0","tintindex":0.0},"east":{"uv":[14.75,15.875,16.0,16.0],"texture":"#0","tintindex":0.0},"south":{"uv":[14.75,15.875,16.0,16.0],"texture":"#0","tintindex":0.0},"west":{"uv":[14.75,15.875,16.0,16.0],"texture":"#0","tintindex":0.0},"up":{"uv":[15.875,15.625,16.0,15.75],"texture":"#0","tintindex":0.0},"down":{"uv":[15.875,15.625,16.0,15.75],"texture":"#0","tintindex":0.0}}}],"gui_light":"front","display":{"thirdperson_righthand":{"rotation":[55.5,34.0,0.0],"translation":[0.0,1.0,0.75],"scale":[0.52539,0.52539,0.52539]},"thirdperson_lefthand":{"rotation":[55.5,34.0,0.0],"translation":[0.0,1.0,0.75],"scale":[0.52539,0.52539,0.52539]},"firstperson_righthand":{"rotation":[21.0,114.5,-13.75],"translation":[9.5,0.0,-5.75],"scale":[0.41992,0.41992,0.41992]},"firstperson_lefthand":{"rotation":[21.0,114.5,-13.75],"translation":[9.5,0.0,-5.75],"scale":[0.41992,0.41992,0.41992]},"gui":{"rotation":[-149.61,-31.92,-180.0],"translation":[0.0,1.75,0.0],"scale":[0.60742,0.60742,0.60742]},"head":{"translation":[0.0,8.5,0.0],"scale":[1.61953,1.61953,1.61953]}}}