{"textures":{"1":"mcc:island_cosmetics/general/hat/climbers_hood/climbers_hood","4":"mcc:island_cosmetics/general/hat/climbers_hood/climber_snow"},"display":{"thirdperson_righthand":{"translation":[0.0,1.0,-1.0],"rotation":[63.0,34.0,0.0],"scale":[0.52539,0.52539,0.52539]},"thirdperson_lefthand":{"translation":[0.0,1.0,-1.0],"rotation":[63.0,34.0,0.0],"scale":[0.52539,0.52539,0.52539]},"firstperson_righthand":{"translation":[9.5,0.0,-5.75],"rotation":[3.0,112.0,-13.0],"scale":[0.41992,0.41992,0.41992]},"firstperson_lefthand":{"translation":[9.5,0.0,-5.75],"rotation":[3.0,112.0,-13.0],"scale":[0.41992,0.41992,0.41992]},"ground":{"translation":[0.0,4.25,0.0],"scale":[0.28906,0.28906,0.28906]},"gui":{"translation":[0.0,1.5,0.0],"rotation":[-149.61,-31.92,-180.0],"scale":[0.77148,0.77148,0.77148]},"head":{"translation":[0.0,5.25,0.0],"scale":[1.62735,1.62735,1.62735]},"fixed":{"translation":[0.0,-3.25,-7.5]}},"credit":"Made with Blockbench","texture_size":[32.0,32.0],"elements":[{"from":[0.0,-2.0,1.0],"to":[3.0,5.0,1.0],"rotation":{"angle":0.0,"axis":"y","origin":[16.0,0.0,0.0]},"faces":{"north":{"uv":[7.5,0.0,6.0,3.5],"texture":"#4"},"south":{"uv":[7.5,0.0,6.0,3.5],"texture":"#4"}}},{"from":[-2.0,4.0,5.0],"to":[1.0,11.0,5.0],"rotation":{"angle":0.0,"axis":"y","origin":[16.0,0.0,0.0]},"faces":{"north":{"uv":[13.5,0.0,12.0,3.5],"texture":"#4"},"south":{"uv":[13.5,0.0,12.0,3.5],"texture":"#4"}}},{"name":"head","from":[2.5,0.0,4.5],"to":[13.5,10.0,12.5],"rotation":{"angle":0.0,"axis":"y","origin":[-0.5,0.0,0.0]},"faces":{"east":{"uv":[3.66667,7.33333,6.33333,10.66667],"texture":"#1","tintindex":0.0},"south":{"uv":[10.0,7.66667,6.33333,11.0],"texture":"#1","tintindex":0.0},"west":{"uv":[6.33333,7.33333,3.66667,10.66667],"texture":"#1","tintindex":0.0},"up":{"uv":[10.33333,5.0,6.66667,7.66667],"texture":"#1","tintindex":0.0},"down":{"uv":[3.66667,10.0,0.0,12.66667],"texture":"#1","tintindex":0.0}}},{"name":"head","from":[1.98,-0.02,3.48],"to":[14.02,11.02,7.52],"faces":{"north":{"uv":[4.0,0.0,0.0,3.66667],"texture":"#1"},"east":{"uv":[0.0,3.66667,1.33333,7.33333],"texture":"#1"},"south":{"uv":[8.0,1.33333,12.0,5.0],"texture":"#1"},"west":{"uv":[1.33333,3.66667,0.0,7.33333],"texture":"#1"},"up":{"uv":[5.33333,3.66667,1.33333,5.0],"texture":"#1"},"down":{"uv":[8.0,0.0,12.0,1.33333],"texture":"#1"}}},{"name":"head","from":[1.7,-0.3,3.2],"to":[14.3,11.3,7.8],"faces":{"north":{"uv":[4.0,0.0,8.0,3.66667],"texture":"#1"},"east":{"uv":[5.33333,3.66667,6.66667,7.33333],"texture":"#1"},"west":{"uv":[6.66667,3.66667,5.33333,7.33333],"texture":"#1"},"up":{"uv":[1.33333,5.0,5.33333,6.33333],"texture":"#1"}}},{"name":"head inverted","from":[14.02,11.02,7.52],"to":[1.98,-0.02,3.48],"faces":{"north":{"uv":[8.0,5.0,12.0,1.33333],"texture":"#1"},"east":{"uv":[1.33333,7.33333,0.0,3.66667],"texture":"#1"},"south":{"uv":[4.0,3.66667,0.0,0.0],"texture":"#1"},"west":{"uv":[0.0,7.33333,1.33333,3.66667],"texture":"#1"},"up":{"uv":[12.0,0.0,8.0,1.33333],"texture":"#1"},"down":{"uv":[1.33333,3.66667,5.33333,5.0],"texture":"#1"}}},{"name":"head inverted","from":[14.3,11.3,7.8],"to":[1.7,-0.3,3.2],"faces":{"east":{"uv":[6.66667,7.33333,5.33333,3.66667],"texture":"#1"},"south":{"uv":[4.0,3.66667,8.0,0.0],"texture":"#1"},"west":{"uv":[5.33333,7.33333,6.66667,3.66667],"texture":"#1"},"down":{"uv":[5.33333,5.0,1.33333,6.33333],"texture":"#1"}}},{"name":"head","from":[3.3,1.8,2.3],"to":[12.7,6.2,4.7],"rotation":{"angle":0.0,"axis":"y","origin":[-0.5,0.0,0.0]},"faces":{"east":{"uv":[3.0,7.33333,3.66667,8.66667],"texture":"#1"},"west":{"uv":[3.66667,7.33333,3.0,8.66667],"texture":"#1"},"up":{"uv":[0.0,8.66667,3.0,9.33333],"texture":"#1"},"down":{"uv":[0.0,9.33333,3.0,10.0],"texture":"#1"}}},{"name":"head","from":[3.5,2.0,2.5],"to":[12.5,6.0,4.5],"rotation":{"angle":0.0,"axis":"y","origin":[-0.5,0.0,0.0]},"faces":{"north":{"uv":[0.0,7.33333,3.0,8.66667],"texture":"#1"},"east":{"uv":[3.0,7.33333,3.66667,8.66667],"texture":"#1"},"south":{"uv":[2.0,0.66667,2.66667,1.33333],"texture":"#missing"},"west":{"uv":[3.66667,7.33333,3.0,8.66667],"texture":"#1"},"up":{"uv":[0.0,8.66667,3.0,9.33333],"texture":"#1"},"down":{"uv":[0.0,9.33333,3.0,10.0],"texture":"#1"}}},{"name":"head inverted","from":[12.7,6.2,4.7],"to":[3.3,1.8,2.3],"rotation":{"angle":0.0,"axis":"y","origin":[-0.5,0.0,0.0]},"faces":{"east":{"uv":[3.66667,8.66667,3.0,7.33333],"texture":"#1"},"west":{"uv":[3.0,8.66667,3.66667,7.33333],"texture":"#1"},"up":{"uv":[3.0,9.33333,0.0,10.0],"texture":"#1"},"down":{"uv":[3.0,8.66667,0.0,9.33333],"texture":"#1"}}},{"name":"head inverted","from":[13.9,10.4,12.9],"to":[2.1,-0.4,4.1],"rotation":{"angle":0.0,"axis":"y","origin":[-0.5,0.0,0.0]},"faces":{"north":{"uv":[15.5,0.0,16.0,0.5],"texture":"#4"},"east":{"uv":[15.5,0.0,16.0,0.5],"texture":"#4"},"south":{"uv":[15.5,0.0,16.0,0.5],"texture":"#4"},"west":{"uv":[15.5,0.0,16.0,0.5],"texture":"#4"},"up":{"uv":[15.5,0.0,16.0,0.5],"texture":"#4"},"down":{"uv":[15.5,0.0,16.0,0.5],"texture":"#4"}}},{"name":"head inverted","from":[14.6,11.6,8.1],"to":[1.4,-0.6,2.9],"faces":{"east":{"uv":[15.5,0.0,16.0,0.5],"texture":"#4"},"south":{"uv":[15.5,0.0,16.0,0.5],"texture":"#4"},"west":{"uv":[15.5,0.0,16.0,0.5],"texture":"#4"},"up":{"uv":[15.5,0.0,16.0,0.5],"texture":"#4"},"down":{"uv":[15.5,0.0,16.0,0.5],"texture":"#4"}}},{"from":[14.0,4.0,1.0],"to":[17.0,11.0,1.0],"faces":{"north":{"uv":[3.0,0.0,4.5,3.5],"texture":"#4"},"south":{"uv":[3.0,0.0,4.5,3.5],"texture":"#4"}}},{"from":[16.0,-1.0,5.0],"to":[19.0,6.0,5.0],"faces":{"north":{"uv":[9.0,0.0,10.5,3.5],"texture":"#4"},"south":{"uv":[9.0,0.0,10.5,3.5],"texture":"#4"}}}],"groups":[{"name":"group","origin":[0.0,0.0,0.0],"color":0.0,"nbt":"{}","armAnimationEnabled":false,"children":[0.0,1.0,2.0,3.0,4.0,5.0,6.0,7.0,8.0,9.0,10.0,11.0,12.0,13.0]}]}