{"textures":{"1":"mcc:island_cosmetics/general/hat/sun_hat/sun_hat","2":"mcc:island_cosmetics/general/hat/sun_hat/outline","particle":"mcc:island_cosmetics/general/hat/sun_hat/outline"},"display":{"thirdperson_righthand":{"rotation":[64.25,0.0,0.0],"scale":[0.44336,0.44336,0.44336]},"thirdperson_lefthand":{"rotation":[64.25,0.0,0.0],"scale":[0.44336,0.44336,0.44336]},"firstperson_righthand":{"scale":[0.0,0.0,0.0]},"firstperson_lefthand":{"scale":[0.0,0.0,0.0]},"ground":{"translation":[0.0,4.25,0.0],"scale":[0.43945,0.43945,0.43945]},"gui":{"translation":[0.0,4.5,0.0],"rotation":[-149.61,-31.92,-180.0],"scale":[0.64452,0.64452,0.64452]},"head":{"translation":[0.0,16.75,1.25],"rotation":[6.0,0.0,0.0],"scale":[1.84415,1.84415,1.84415]}},"credit":"Made with Blockbench","texture_size":[48.0,48.0],"elements":[{"from":[-1.0,0.75,-1.0],"to":[17.0,0.75,17.0],"faces":{"north":{"uv":[3.875,0.75,5.125,1.25],"texture":"#missing"},"east":{"uv":[3.875,0.75,5.125,1.25],"texture":"#missing"},"south":{"uv":[3.875,0.75,5.125,1.25],"texture":"#missing"},"west":{"uv":[3.875,0.75,5.125,1.25],"texture":"#missing"},"up":{"uv":[0.0,0.0,6.0,6.0],"texture":"#2"},"down":{"uv":[0.0,0.0,6.0,6.0],"texture":"#2"}}},{"from":[-1.0,0.75,-1.0],"to":[17.0,0.75,17.0],"faces":{"up":{"uv":[6.0,0.0,12.0,6.0],"texture":"#2","tintindex":0.0},"down":{"uv":[6.0,0.0,12.0,6.0],"texture":"#2","tintindex":0.0}}},{"from":[-1.0,1.18985,16.78873],"to":[17.0,1.18985,19.78873],"rotation":{"angle":22.5,"axis":"x","origin":[0.0,0.43985,15.78873]},"faces":{"up":{"uv":[6.0,6.33333,12.0,7.33333],"texture":"#2","tintindex":0.0},"down":{"uv":[6.0,7.33333,12.0,6.33333],"texture":"#2","tintindex":0.0}}},{"from":[-1.0,1.18985,-3.78873],"to":[17.0,1.18985,-0.78873],"rotation":{"angle":-22.5,"axis":"x","origin":[0.0,0.43985,0.21127]},"faces":{"up":{"uv":[6.0,7.33333,12.0,6.33333],"texture":"#2","tintindex":0.0},"down":{"uv":[6.0,6.33333,12.0,7.33333],"texture":"#2","tintindex":0.0}}},{"from":[16.0949,4.15039,-1.0],"to":[19.0949,4.15039,17.0],"rotation":{"angle":-22.5,"axis":"z","origin":[8.0,0.17605,8.0]},"faces":{"up":{"uv":[6.0,7.33333,12.0,6.33333],"rotation":90.0,"texture":"#2","tintindex":0.0},"down":{"uv":[6.0,6.33333,12.0,7.33333],"rotation":270.0,"texture":"#2","tintindex":0.0}}},{"from":[-3.0949,4.15039,-1.0],"to":[-0.0949,4.15039,17.0],"rotation":{"angle":22.5,"axis":"z","origin":[8.0,0.17605,8.0]},"faces":{"up":{"uv":[6.0,6.33333,12.0,7.33333],"rotation":90.0,"texture":"#2","tintindex":0.0},"down":{"uv":[6.0,7.33333,12.0,6.33333],"rotation":270.0,"texture":"#2","tintindex":0.0}}},{"from":[4.0,0.74,4.0],"to":[12.0,4.74,12.0],"rotation":{"angle":0.0,"axis":"y","origin":[0.01,0.0,0.01]},"faces":{"north":{"uv":[10.5,0.0,14.5,2.0],"texture":"#1"},"east":{"uv":[10.5,0.0,14.5,2.0],"texture":"#1"},"south":{"uv":[10.5,0.0,14.5,2.0],"texture":"#1"},"west":{"uv":[10.5,0.0,14.5,2.0],"texture":"#1"},"up":{"uv":[10.5,2.5,14.5,6.5],"texture":"#1"},"down":{"uv":[10.5,6.5,14.5,10.5],"texture":"#1"}}},{"from":[3.98,0.88,3.98],"to":[12.02,2.92,12.02],"faces":{"north":{"uv":[10.5,10.5,14.5,11.5],"texture":"#1","tintindex":0.0},"east":{"uv":[10.5,10.5,14.5,11.5],"texture":"#1","tintindex":0.0},"south":{"uv":[10.5,10.5,14.5,11.5],"texture":"#1","tintindex":0.0},"west":{"uv":[10.5,10.5,14.5,11.5],"texture":"#1","tintindex":0.0},"up":{"uv":[6.75,10.625,6.875,10.75],"texture":"#missing","tintindex":0.0},"down":{"uv":[6.75,10.625,6.875,10.75],"texture":"#missing","tintindex":0.0}}}],"gui_light":"front"}