{"textures":{"0":"mcc:island_cosmetics/head_variant/head_4_extra","1":"mcc:island_cosmetics/head_variant/8_ball_glow","particle":"mcc:island_cosmetics/head_variant/head_4_extra"},"credit":"Made with Blockbench","texture_size":[128.0,128.0],"elements":[{"from":[2.5,0.0,2.5],"to":[13.5,11.0,13.5],"rotation":{"angle":0.0,"axis":"x","origin":[8.0,5.5,8.0]},"faces":{"north":{"uv":[14.625,11.75,16.0,13.125],"texture":"#0"},"east":{"uv":[13.25,12.125,14.625,13.5],"texture":"#0"},"south":{"uv":[13.25,12.125,14.625,13.5],"texture":"#0"},"west":{"uv":[13.25,12.125,14.625,13.5],"texture":"#0"},"up":{"uv":[13.25,10.75,14.625,12.125],"texture":"#0"},"down":{"uv":[14.625,10.375,16.0,11.75],"texture":"#0"}}},{"from":[2.5,0.0,2.5],"to":[13.5,11.0,13.5],"rotation":{"angle":0.0,"axis":"x","origin":[8.0,5.5,8.0]},"faces":{"north":{"uv":[13.25,9.375,14.625,10.75],"texture":"#0","tintindex":0.0},"east":{"uv":[13.75,10.0,13.875,10.125],"texture":"#0","tintindex":0.0},"south":{"uv":[13.75,10.0,13.875,10.125],"texture":"#0","tintindex":0.0},"west":{"uv":[13.75,10.0,13.875,10.125],"texture":"#0","tintindex":0.0},"up":{"uv":[13.75,10.0,13.875,10.125],"texture":"#0","tintindex":0.0},"down":{"uv":[13.75,10.0,13.875,10.125],"texture":"#0","tintindex":0.0}}},{"from":[14.0,11.75,14.0],"to":[2.0,-0.25,2.0],"rotation":{"angle":0.0,"axis":"x","origin":[19.5,5.5,19.5]},"faces":{"north":{"uv":[1.0,2.0,2.0,3.0],"texture":"#1","tintindex":0.0},"east":{"uv":[1.0,2.0,2.0,3.0],"texture":"#1","tintindex":0.0},"south":{"uv":[1.0,2.0,2.0,3.0],"texture":"#1","tintindex":0.0},"west":{"uv":[1.0,2.0,2.0,3.0],"texture":"#1","tintindex":0.0},"up":{"uv":[1.0,2.0,2.0,3.0],"texture":"#1","tintindex":0.0},"down":{"uv":[1.0,2.0,2.0,3.0],"texture":"#1","tintindex":0.0}}},{"from":[14.5,12.25,14.5],"to":[1.5,-0.75,1.5],"rotation":{"angle":0.0,"axis":"x","origin":[20.0,10.5,20.0]},"faces":{"north":{"uv":[1.0,3.0,2.0,4.0],"texture":"#1","tintindex":0.0},"east":{"uv":[1.0,3.0,2.0,4.0],"texture":"#1","tintindex":0.0},"south":{"uv":[1.0,3.0,2.0,4.0],"texture":"#1","tintindex":0.0},"west":{"uv":[1.0,3.0,2.0,4.0],"texture":"#1","tintindex":0.0},"up":{"uv":[1.0,3.0,2.0,4.0],"texture":"#1","tintindex":0.0},"down":{"uv":[1.0,3.0,2.0,4.0],"texture":"#1","tintindex":0.0}}}],"gui_light":"front","display":{"thirdperson_righthand":{"rotation":[63.0,34.0,0.0],"translation":[0.0,1.0,-1.0],"scale":[0.52539,0.52539,0.52539]},"thirdperson_lefthand":{"rotation":[63.0,34.0,0.0],"translation":[0.0,1.0,-1.0],"scale":[0.52539,0.52539,0.52539]},"firstperson_righthand":{"rotation":[3.0,112.0,-13.0],"translation":[9.5,0.0,-5.75],"scale":[0.41992,0.41992,0.41992]},"firstperson_lefthand":{"rotation":[3.0,112.0,-13.0],"translation":[9.5,0.0,-5.75],"scale":[0.41992,0.41992,0.41992]},"ground":{"translation":[0.0,4.25,0.0],"scale":[0.28906,0.28906,0.28906]},"gui":{"rotation":[-149.61,-31.92,-180.0],"translation":[0.0,1.5,0.0],"scale":[0.77148,0.77148,0.77148]},"head":{"translation":[0.0,5.25,0.0],"scale":[1.61172,1.61172,1.61172]},"fixed":{"translation":[0.0,-3.25,-7.5]}}}