{"textures":{"0":"mcc:island_cosmetics/head/head_7","1":"mcc:island_cosmetics/head_variant/head_7_extra","2":"mcc:island_cosmetics/head_variant/toadstool_funguy","particle":"mcc:island_cosmetics/head/head_7"},"credit":"Made with Blockbench","texture_size":[128.0,128.0],"elements":[{"from":[3.0,12.0,6.0],"to":[13.0,16.0,16.0],"rotation":{"angle":22.5,"axis":"x","origin":[8.0,13.25,8.0]},"faces":{"north":{"uv":[0.0,0.875,1.25,1.375],"texture":"#0","tintindex":0.0},"east":{"uv":[1.25,0.875,0.0,1.375],"texture":"#0","tintindex":0.0},"south":{"uv":[0.0,0.875,1.25,1.375],"texture":"#0","tintindex":0.0},"west":{"uv":[1.25,0.875,0.0,1.375],"texture":"#0","tintindex":0.0},"up":{"uv":[2.25,0.0,3.5,1.25],"texture":"#0","tintindex":0.0},"down":{"uv":[1.5,1.0,1.625,1.125],"texture":"#0","tintindex":0.0}}},{"from":[-1.0,5.0,2.0],"to":[17.0,12.0,20.0],"rotation":{"angle":22.5,"axis":"x","origin":[8.0,13.25,8.0]},"faces":{"north":{"uv":[0.0,0.0,2.25,0.875],"texture":"#0","tintindex":0.0},"east":{"uv":[3.5,0.0,5.75,0.875],"texture":"#0","tintindex":0.0},"south":{"uv":[0.0,0.0,2.25,0.875],"texture":"#0","tintindex":0.0},"west":{"uv":[3.5,0.0,5.75,0.875],"texture":"#0","tintindex":0.0},"up":{"uv":[0.0,1.375,2.25,3.625],"texture":"#0","tintindex":0.0},"down":{"uv":[1.5,1.0,1.625,1.125],"texture":"#0","tintindex":0.0}}},{"from":[-1.0,5.0,2.0],"to":[17.0,12.0,20.0],"rotation":{"angle":22.5,"axis":"x","origin":[8.0,13.25,8.0]},"faces":{"north":{"uv":[5.75,0.0,8.0,0.875],"texture":"#0"},"east":{"uv":[9.25,0.0,11.5,0.875],"texture":"#0"},"south":{"uv":[5.75,0.0,8.0,0.875],"texture":"#0"},"west":{"uv":[9.25,0.0,11.5,0.875],"texture":"#0"},"up":{"uv":[5.75,1.375,8.0,3.625],"texture":"#0"},"down":{"uv":[2.25,1.25,4.5,3.5],"texture":"#0"}}},{"from":[3.5,-1.0,3.5],"to":[12.5,7.0,12.5],"rotation":{"angle":0.0,"axis":"y","origin":[4.5,0.0,2.5]},"faces":{"north":{"uv":[0.5,2.875,1.625,3.875],"texture":"#1"},"east":{"uv":[0.5,2.875,1.625,3.875],"texture":"#1"},"south":{"uv":[0.5,2.875,1.625,3.875],"texture":"#1"},"west":{"uv":[0.5,2.875,1.625,3.875],"texture":"#1"},"up":{"uv":[0.5,1.75,1.625,2.875],"texture":"#1"},"down":{"uv":[0.5,1.75,1.625,2.875],"texture":"#1"}}},{"from":[3.4,-0.1,3.4],"to":[12.6,7.1,12.6],"rotation":{"angle":0.0,"axis":"y","origin":[4.5,0.0,2.5]},"faces":{"north":{"uv":[1.0,1.0,10.0,8.0],"texture":"#2"},"east":{"uv":[0.25,3.25,0.375,3.375],"texture":"#1"},"south":{"uv":[0.25,3.25,0.375,3.375],"texture":"#1"},"west":{"uv":[0.25,3.25,0.375,3.375],"texture":"#1"},"up":{"uv":[0.25,3.25,0.375,3.375],"texture":"#1"},"down":{"uv":[0.25,3.25,0.375,3.375],"texture":"#1"}}},{"from":[3.0,12.0,6.0],"to":[13.0,16.0,16.0],"rotation":{"angle":22.5,"axis":"x","origin":[8.0,13.25,8.0]},"faces":{"north":{"uv":[5.75,0.875,7.0,1.375],"texture":"#0"},"east":{"uv":[7.0,0.875,5.75,1.375],"texture":"#0"},"south":{"uv":[5.75,0.875,7.0,1.375],"texture":"#0"},"west":{"uv":[7.0,0.875,5.75,1.375],"texture":"#0"},"up":{"uv":[8.0,0.0,9.25,1.25],"texture":"#0"},"down":{"uv":[1.5,1.0,1.625,1.125],"texture":"#0"}}}],"gui_light":"front","display":{"thirdperson_righthand":{"rotation":[55.5,34.0,0.0],"translation":[0.0,1.0,0.75],"scale":[0.52539,0.52539,0.52539]},"thirdperson_lefthand":{"rotation":[55.5,34.0,0.0],"translation":[0.0,1.0,0.75],"scale":[0.52539,0.52539,0.52539]},"firstperson_righthand":{"rotation":[21.0,114.5,-13.75],"translation":[9.5,0.0,-5.75],"scale":[0.41992,0.41992,0.41992]},"firstperson_lefthand":{"rotation":[21.0,114.5,-13.75],"translation":[9.5,0.0,-5.75],"scale":[0.41992,0.41992,0.41992]},"gui":{"rotation":[-149.61,-31.92,-180.0],"translation":[0.0,-0.25,0.0],"scale":[0.61327,0.61327,0.61327]},"head":{"translation":[0.0,7.25,0.0],"scale":[1.62539,1.62539,1.62539]}}}