{"textures":{"1":"mcc:island_cosmetics/general/hat/hairbow/peppermint","particle":"mcc:island_cosmetics/general/hat/hairbow/peppermint"},"elements":[{"from":[5.0,5.0,2.0],"to":[11.0,11.0,4.0],"rotation":{"angle":-22.5,"axis":"x","origin":[8.0,30.0,13.0]},"faces":{"north":{"uv":[12.0,0.0,9.0,3.0],"texture":"#1","tintindex":0},"east":{"uv":[11.5,0.0,12.0,3.0],"texture":"#1","tintindex":0},"south":{"uv":[9.0,0.0,12.0,3.0],"texture":"#1","tintindex":0},"west":{"uv":[9.0,0.0,9.5,3.0],"texture":"#1","tintindex":0},"up":{"uv":[9.0,0.0,12.0,0.5],"texture":"#1","tintindex":0},"down":{"uv":[12.0,0.0,9.0,0.5],"texture":"#1","tintindex":0}}},{"from":[-1.0,-1.0,3.0],"to":[17.0,13.0,3.0],"rotation":{"angle":-22.5,"axis":"x","origin":[8.0,30.0,13.0]},"faces":{"north":{"uv":[0.0,0.0,9.0,7.0],"texture":"#1","tintindex":0},"south":{"uv":[0.0,0.0,9.0,7.0],"texture":"#1","tintindex":0}}},{"from":[-1.0,-1.0,3.0],"to":[17.0,13.0,3.0],"rotation":{"angle":-22.5,"axis":"x","origin":[8.0,30.0,13.0]},"faces":{"north":{"uv":[0.0,7.5,9.0,14.5],"texture":"#1"},"south":{"uv":[0.0,7.5,9.0,14.5],"texture":"#1"}}},{"from":[5.0,5.0,2.0],"to":[11.0,11.0,4.0],"rotation":{"angle":-22.5,"axis":"x","origin":[8.0,30.0,13.0]},"faces":{"north":{"uv":[15.5,0.0,12.5,3.0],"texture":"#1"},"east":{"uv":[15.0,0.0,15.5,3.0],"texture":"#1"},"south":{"uv":[12.5,0.0,15.5,3.0],"texture":"#1"},"west":{"uv":[12.5,0.0,13.0,3.0],"texture":"#1"},"up":{"uv":[12.5,0.0,15.5,0.5],"texture":"#1"},"down":{"uv":[15.5,0.0,12.5,0.5],"texture":"#1"}}}],"display":{"thirdperson_righthand":{"rotation":[64.25,0.0,0.0],"scale":[0.44336,0.44336,0.44336]},"thirdperson_lefthand":{"rotation":[64.25,0.0,0.0],"scale":[0.44336,0.44336,0.44336]},"firstperson_righthand":{"scale":[0.0,0.0,0.0]},"firstperson_lefthand":{"scale":[0.0,0.0,0.0]},"ground":{"translation":[0.0,4.25,0.0],"scale":[0.43945,0.43945,0.43945]},"gui":{"translation":[2.5,3.25,0.0],"rotation":[0.86,-38.35,-14.19],"scale":[0.89453,0.89453,0.89453]},"head":{"translation":[0.0,8.5,1.0],"scale":[1.64492,1.64492,1.64492]}},"credit":"Made with Blockbench","gui_light":"front"}