{"textures":{"5":"mcc:island_cosmetics/general/hat/prospectors_hat/prospectors_hat"},"elements":[{"from":[6.5,8.0,1.5],"to":[9.5,9.0,3.5],"rotation":{"angle":0.0,"axis":"y","origin":[16.0,4.0,0.5]},"faces":{"north":{"uv":[8.0,5.25,8.75,5.5],"texture":"#5"},"east":{"uv":[8.0,7.75,8.5,8.0],"texture":"#5"},"south":{"uv":[8.0,5.5,8.75,5.75],"texture":"#5"},"west":{"uv":[8.0,8.0,8.5,8.25],"texture":"#5"},"up":{"uv":[8.5,4.5,7.75,4.0],"texture":"#5"},"down":{"uv":[8.5,4.5,7.75,5.0],"texture":"#5"}}},{"from":[6.5,12.0,1.5],"to":[9.5,13.0,3.5],"rotation":{"angle":0.0,"axis":"y","origin":[16.0,4.0,0.5]},"faces":{"north":{"uv":[3.75,6.25,4.5,6.5],"texture":"#5"},"east":{"uv":[6.25,8.0,6.75,8.25],"texture":"#5"},"south":{"uv":[8.0,5.0,8.75,5.25],"texture":"#5"},"west":{"uv":[8.0,7.5,8.5,7.75],"texture":"#5"},"up":{"uv":[8.5,2.25,7.75,1.75],"texture":"#5"},"down":{"uv":[2.75,7.75,2.0,8.25],"texture":"#5"}}},{"from":[9.5,8.0,1.5],"to":[10.5,13.0,3.5],"rotation":{"angle":0.0,"axis":"y","origin":[16.0,4.0,0.5]},"faces":{"north":{"uv":[7.75,5.0,8.0,6.25],"texture":"#5"},"east":{"uv":[7.75,0.0,8.25,1.25],"texture":"#5"},"south":{"uv":[5.25,7.75,5.5,9.0],"texture":"#5"},"west":{"uv":[0.5,7.75,1.0,9.0],"texture":"#5"},"up":{"uv":[8.25,6.25,8.0,5.75],"texture":"#5"},"down":{"uv":[6.25,8.0,6.0,8.5],"texture":"#5"}}},{"from":[5.5,8.0,1.5],"to":[6.5,13.0,3.5],"rotation":{"angle":0.0,"axis":"y","origin":[0.0,4.0,0.5]},"faces":{"north":{"uv":[4.75,7.75,5.0,9.0],"texture":"#5"},"east":{"uv":[7.5,7.5,8.0,8.75],"texture":"#5"},"south":{"uv":[5.0,7.75,5.25,9.0],"texture":"#5"},"west":{"uv":[0.0,7.75,0.5,9.0],"texture":"#5"},"up":{"uv":[7.25,8.25,7.0,7.75],"texture":"#5"},"down":{"uv":[7.5,7.75,7.25,8.25],"texture":"#5"}}},{"from":[3.5,8.0,3.5],"to":[12.5,13.0,12.5],"rotation":{"angle":0.0,"axis":"y","origin":[12.0,6.0,4.0]},"faces":{"north":{"uv":[4.5,4.0,6.75,5.25],"texture":"#5"},"east":{"uv":[4.5,5.25,6.75,6.5],"texture":"#5"},"south":{"uv":[5.5,0.0,7.75,1.25],"texture":"#5"},"west":{"uv":[6.75,5.25,4.5,6.5],"texture":"#5"},"up":{"uv":[2.25,6.25,0.0,4.0],"texture":"#5"},"down":{"uv":[4.5,4.0,2.25,6.25],"texture":"#5"}}},{"from":[6.0,13.0,2.5],"to":[10.0,14.0,13.5],"rotation":{"angle":0.0,"axis":"y","origin":[12.5,6.0,3.0]},"faces":{"north":{"uv":[7.5,6.75,8.5,7.0],"texture":"#5"},"east":{"uv":[4.75,7.5,7.5,7.75],"texture":"#5"},"south":{"uv":[7.75,2.25,8.75,2.5],"texture":"#5"},"west":{"uv":[7.5,6.5,10.25,6.75],"texture":"#5"},"up":{"uv":[3.75,9.0,2.75,6.25],"texture":"#5"},"down":{"uv":[4.75,6.5,3.75,9.25],"texture":"#5"}}},{"from":[6.0,8.0,12.5],"to":[10.0,13.0,13.5],"rotation":{"angle":0.0,"axis":"y","origin":[12.5,6.0,3.0]},"faces":{"north":{"uv":[6.75,4.0,7.75,5.25],"texture":"#5"},"east":{"uv":[5.5,7.75,5.75,9.0],"texture":"#5"},"south":{"uv":[6.75,5.25,7.75,6.5],"texture":"#5"},"west":{"uv":[5.75,7.75,6.0,9.0],"texture":"#5"},"up":{"uv":[7.0,8.0,6.0,7.75],"texture":"#5"},"down":{"uv":[8.75,6.25,7.75,6.5],"texture":"#5"}}},{"from":[2.5,7.975,10.5],"to":[13.5,10.0,14.5],"rotation":{"angle":0.0,"axis":"y","origin":[12.0,6.0,4.0]},"faces":{"north":{"uv":[5.5,3.5,8.25,4.0],"texture":"#5"},"east":{"uv":[1.0,7.75,2.0,8.25],"texture":"#5"},"south":{"uv":[4.75,6.5,7.5,7.0],"texture":"#5"},"west":{"uv":[7.75,1.25,8.75,1.75],"texture":"#5"},"up":{"uv":[8.25,3.5,5.5,2.5],"texture":"#5"},"down":{"uv":[2.75,6.25,0.0,7.25],"texture":"#5"}}},{"from":[13.5,10.0,14.5],"to":[2.5,7.975,10.5],"rotation":{"angle":0.0,"axis":"y","origin":[12.0,6.0,4.0]},"faces":{"north":{"uv":[4.75,7.0,7.5,6.5],"texture":"#5"},"east":{"uv":[7.75,1.75,8.75,1.25],"texture":"#5"},"south":{"uv":[5.5,4.0,8.25,3.5],"texture":"#5"},"west":{"uv":[1.0,8.25,2.0,7.75],"texture":"#5"},"up":{"uv":[0.0,6.25,2.75,7.25],"texture":"#5"},"down":{"uv":[5.5,3.5,8.25,2.5],"texture":"#5"}}},{"from":[2.5,7.975,-1.5],"to":[13.5,8.0,14.5],"rotation":{"angle":0.0,"axis":"y","origin":[12.0,6.0,4.0]},"faces":{"north":{"uv":[0.0,7.25,2.75,7.5],"texture":"#5"},"east":{"uv":[4.75,7.0,8.75,7.25],"texture":"#5"},"south":{"uv":[0.0,7.5,2.75,7.75],"texture":"#5"},"west":{"uv":[4.75,7.25,8.75,7.5],"texture":"#5"},"up":{"uv":[2.75,4.0,0.0,0.0],"texture":"#5"},"down":{"uv":[2.75,0.0,0.0,4.0],"texture":"#5"}}},{"from":[9.5,12.0,1.5],"to":[6.5,9.0,-2.5],"rotation":{"angle":0.0,"axis":"y","origin":[7.5,10.0,-0.5]},"faces":{"north":{"uv":[9.75,0.75,10.5,0.0],"texture":"#5"},"east":{"uv":[9.75,0.75,8.75,0.0],"texture":"#5"},"south":{"uv":[9.75,0.75,10.5,0.0],"texture":"#5"},"west":{"uv":[8.75,0.75,9.75,0.0],"texture":"#5"},"up":{"uv":[8.75,0.75,9.75,0.0],"texture":"#5","rotation":90},"down":{"uv":[9.75,0.75,8.75,0.0],"texture":"#5","rotation":90}}},{"from":[6.505,9.005,3.5],"to":[9.495,11.995,1.5],"rotation":{"angle":0.0,"axis":"y","origin":[7.505,10.0,0.5]},"faces":{"north":{"uv":[9.75,0.0,10.5,0.75],"texture":"#5"},"east":{"uv":[8.75,0.0,9.0,0.75],"texture":"#5"},"south":{"uv":[9.75,0.0,10.5,0.75],"texture":"#5"},"west":{"uv":[9.0,0.0,8.75,0.75],"texture":"#5"},"up":{"uv":[9.0,0.0,8.75,0.75],"texture":"#5","rotation":90},"down":{"uv":[8.75,0.0,9.0,0.75],"texture":"#5","rotation":90}}}],"display":{"thirdperson_righthand":{"translation":[-1.25,-2.5,0.0],"rotation":[38.35,8.53,1.89],"scale":[0.5,0.5,0.5]},"thirdperson_lefthand":{"translation":[-1.25,-2.5,0.0],"rotation":[38.35,8.53,1.89],"scale":[0.5,0.5,0.5]},"firstperson_righthand":{"rotation":[0.0,33.25,0.0],"scale":[0.5,0.5,0.5]},"firstperson_lefthand":{"rotation":[0.0,33.25,0.0],"scale":[0.5,0.5,0.5]},"ground":{"translation":[0.0,-1.5,0.0],"rotation":[10.56,0.27,2.94],"scale":[0.5,0.5,0.5]},"gui":{"translation":[0.0,-1.0,0.0],"rotation":[-149.61,-31.92,-180.0],"scale":[0.77538,0.77538,0.77538]},"head":{"translation":[0.0,0.0,-1.0],"rotation":[8.75,0.0,0.0],"scale":[1.61,1.61,1.61]},"fixed":{"translation":[0.0,0.0,-1.0],"rotation":[-15.0,0.0,0.0]}},"gui_light":"front"}