{"textures":{"1":"mcc:island_cosmetics/general/hat/motorcycle_helmet/motorcycle_helmet"},"display":{"thirdperson_righthand":{"translation":[0.0,1.0,0.75],"rotation":[55.5,34.0,0.0],"scale":[0.52539,0.52539,0.52539]},"thirdperson_lefthand":{"translation":[0.0,1.0,0.75],"rotation":[55.5,34.0,0.0],"scale":[0.52539,0.52539,0.52539]},"firstperson_righthand":{"translation":[9.5,0.0,-5.75],"rotation":[21.0,114.5,-13.75],"scale":[0.41992,0.41992,0.41992]},"firstperson_lefthand":{"translation":[9.5,0.0,-5.75],"rotation":[21.0,114.5,-13.75],"scale":[0.41992,0.41992,0.41992]},"gui":{"translation":[-0.25,2.75,0.0],"rotation":[-149.61,-31.92,-180.0],"scale":[0.95116,0.95116,0.95116]},"head":{"translation":[0.0,7.0,0.0],"scale":[1.64883,1.64883,1.64883]}},"credit":"Made with Blockbench","texture_size":[48.0,48.0],"elements":[{"from":[3.0,-0.5,3.0],"to":[13.0,9.5,13.0],"rotation":{"angle":0.0,"axis":"x","origin":[8.0,9.5,7.0]},"faces":{"north":{"uv":[3.33333,4.33333,6.66667,7.66667],"texture":"#1"},"east":{"uv":[0.0,4.33333,3.33333,7.66667],"texture":"#1"},"south":{"uv":[10.0,4.33333,6.66667,7.66667],"texture":"#1"},"west":{"uv":[3.33333,4.33333,0.0,7.66667],"texture":"#1"},"up":{"uv":[6.66667,1.0,10.0,4.33333],"texture":"#1"}}},{"from":[3.0,-0.5,3.0],"to":[13.0,9.5,13.0],"rotation":{"angle":0.0,"axis":"x","origin":[8.0,9.5,7.0]},"faces":{"north":{"uv":[3.33333,7.66667,6.66667,11.0],"texture":"#1","tintindex":0.0},"east":{"uv":[0.0,7.66667,3.33333,11.0],"texture":"#1","tintindex":0.0},"south":{"uv":[10.0,7.66667,6.66667,11.0],"texture":"#1","tintindex":0.0},"west":{"uv":[3.33333,7.66667,0.0,11.0],"texture":"#1","tintindex":0.0},"up":{"uv":[0.0,1.0,3.33333,4.33333],"texture":"#1","tintindex":0.0},"down":{"uv":[0.0,11.0,3.33333,14.33333],"texture":"#1"}}},{"from":[3.5,-1.5,8.75],"to":[12.5,4.5,10.75],"rotation":{"angle":45.0,"axis":"x","origin":[7.5,4.5,8.0]},"faces":{"east":{"uv":[3.33333,0.33333,5.33333,1.0],"rotation":90.0,"texture":"#1"},"west":{"uv":[3.33333,1.0,5.33333,0.33333],"rotation":90.0,"texture":"#1"},"down":{"uv":[3.0,0.33333,0.0,1.0],"texture":"#1"}}},{"from":[3.0,5.5,0.0],"to":[13.0,5.5,3.0],"rotation":{"angle":0.0,"axis":"x","origin":[8.0,9.5,7.0]},"faces":{"north":{"uv":[13.66667,18.66667,17.33333,22.33333],"texture":"#missing"},"east":{"uv":[13.66667,18.66667,17.33333,22.33333],"texture":"#missing"},"south":{"uv":[13.66667,18.66667,17.33333,22.33333],"texture":"#missing"},"west":{"uv":[13.66667,18.66667,17.33333,22.33333],"texture":"#missing"},"up":{"uv":[6.66667,0.0,10.0,1.0],"texture":"#1"},"down":{"uv":[6.66667,1.0,10.0,0.0],"texture":"#1"}}},{"name":"cube inverted","from":[13.0,5.5,7.0],"to":[3.0,-0.5,3.0],"rotation":{"angle":0.0,"axis":"x","origin":[8.0,9.5,7.0]},"faces":{"north":{"uv":[6.66667,4.33333,3.33333,2.33333],"texture":"#1"},"down":{"uv":[3.33333,1.0,6.66667,2.33333],"texture":"#1"}}},{"name":"cube inverted","from":[12.5,4.5,10.75],"to":[3.5,-1.5,8.75],"rotation":{"angle":45.0,"axis":"x","origin":[7.5,4.5,8.0]},"faces":{"east":{"uv":[5.33333,1.0,3.33333,0.33333],"rotation":90.0,"texture":"#1"},"west":{"uv":[5.33333,0.33333,3.33333,1.0],"rotation":90.0,"texture":"#1"},"up":{"uv":[0.0,0.33333,3.0,1.0],"texture":"#1"}}}],"gui_light":"front"}