{"textures":{"0":"mcc:island_cosmetics/general/hat/crab_head/crab_head","particle":"mcc:island_cosmetics/general/hat/crab_head/crab_head"},"display":{"thirdperson_righthand":{"translation":[0.0,1.0,-1.0],"rotation":[63.0,34.0,0.0],"scale":[0.52539,0.52539,0.52539]},"thirdperson_lefthand":{"translation":[0.0,1.0,-1.0],"rotation":[63.0,34.0,0.0],"scale":[0.52539,0.52539,0.52539]},"firstperson_righthand":{"translation":[9.5,0.0,-5.75],"rotation":[3.0,112.0,-13.0],"scale":[0.41992,0.41992,0.41992]},"firstperson_lefthand":{"translation":[9.5,0.0,-5.75],"rotation":[3.0,112.0,-13.0],"scale":[0.41992,0.41992,0.41992]},"ground":{"translation":[0.0,4.25,0.0],"scale":[0.28906,0.28906,0.28906]},"gui":{"rotation":[-166.14,-33.75,164.88],"scale":[0.76367,0.76367,0.76367]},"head":{"translation":[0.25,6.25,0.0],"rotation":[5.5,0.0,0.0],"scale":[1.6332,1.6332,1.6332]},"fixed":{"translation":[0.0,-3.25,-7.5]}},"credit":"Made with Blockbench","texture_size":[32.0,32.0],"elements":[{"from":[13.0,3.73151,10.36345],"to":[15.0,7.73151,12.36345],"rotation":{"angle":22.5,"axis":"z","origin":[16.5,5.23151,12.36345]},"faces":{"north":{"uv":[11.5,0.0,12.5,2.0],"texture":"#0","tintindex":0.0},"east":{"uv":[12.5,0.0,11.5,2.0],"texture":"#0","tintindex":0.0},"south":{"uv":[11.5,0.0,12.5,2.0],"texture":"#0","tintindex":0.0},"west":{"uv":[12.5,0.0,11.5,2.0],"texture":"#0","tintindex":0.0},"up":{"uv":[12.5,0.0,13.5,1.0],"texture":"#0","tintindex":0.0},"down":{"uv":[12.5,0.0,13.5,1.0],"texture":"#0","tintindex":0.0}}},{"from":[3.0,3.23151,3.0],"to":[13.0,10.23151,13.0],"rotation":{"angle":0.0,"axis":"x","origin":[7.5,8.23151,9.0]},"faces":{"north":{"uv":[5.0,1.0,0.0,4.5],"texture":"#0","tintindex":0.0},"east":{"uv":[11.0,1.0,6.0,4.5],"texture":"#0","tintindex":0.0},"south":{"uv":[11.0,1.0,6.0,4.5],"texture":"#0","tintindex":0.0},"west":{"uv":[11.0,1.0,6.0,4.5],"texture":"#0","tintindex":0.0},"up":{"uv":[5.0,5.0,0.0,10.0],"texture":"#0","tintindex":0.0}}},{"from":[13.15224,2.96614,3.36345],"to":[15.15224,6.96614,5.36345],"rotation":{"angle":22.5,"axis":"z","origin":[14.65224,4.46614,4.36345]},"faces":{"north":{"uv":[11.5,0.0,12.5,2.0],"texture":"#0","tintindex":0.0},"east":{"uv":[12.5,0.0,11.5,2.0],"texture":"#0","tintindex":0.0},"south":{"uv":[11.5,0.0,12.5,2.0],"texture":"#0","tintindex":0.0},"west":{"uv":[12.5,0.0,11.5,2.0],"texture":"#0","tintindex":0.0},"up":{"uv":[12.5,0.0,13.5,1.0],"texture":"#0","tintindex":0.0},"down":{"uv":[12.5,0.0,13.5,1.0],"texture":"#0","tintindex":0.0}}},{"from":[13.0,3.73151,6.86345],"to":[15.0,7.73151,8.86345],"rotation":{"angle":22.5,"axis":"z","origin":[16.5,5.23151,12.36345]},"faces":{"north":{"uv":[11.5,0.0,12.5,2.0],"texture":"#0","tintindex":0.0},"east":{"uv":[12.5,0.0,11.5,2.0],"texture":"#0","tintindex":0.0},"south":{"uv":[11.5,0.0,12.5,2.0],"texture":"#0","tintindex":0.0},"west":{"uv":[12.5,0.0,11.5,2.0],"texture":"#0","tintindex":0.0},"up":{"uv":[12.5,0.0,13.5,1.0],"texture":"#0","tintindex":0.0},"down":{"uv":[12.5,0.0,13.5,1.0],"texture":"#0","tintindex":0.0}}},{"from":[1.0,3.73151,10.36345],"to":[3.0,7.73151,12.36345],"rotation":{"angle":-22.5,"axis":"z","origin":[-0.5,5.23151,12.36345]},"faces":{"north":{"uv":[12.5,0.0,11.5,2.0],"texture":"#0","tintindex":0.0},"east":{"uv":[11.5,0.0,12.5,2.0],"texture":"#0","tintindex":0.0},"south":{"uv":[12.5,0.0,11.5,2.0],"texture":"#0","tintindex":0.0},"west":{"uv":[11.5,0.0,12.5,2.0],"texture":"#0","tintindex":0.0},"up":{"uv":[13.5,0.0,12.5,1.0],"texture":"#0","tintindex":0.0},"down":{"uv":[13.5,0.0,12.5,1.0],"texture":"#0","tintindex":0.0}}},{"from":[0.84776,2.96614,3.36345],"to":[2.84776,6.96614,5.36345],"rotation":{"angle":-22.5,"axis":"z","origin":[1.34776,4.46614,4.36345]},"faces":{"north":{"uv":[12.5,0.0,11.5,2.0],"texture":"#0","tintindex":0.0},"east":{"uv":[11.5,0.0,12.5,2.0],"texture":"#0","tintindex":0.0},"south":{"uv":[12.5,0.0,11.5,2.0],"texture":"#0","tintindex":0.0},"west":{"uv":[11.5,0.0,12.5,2.0],"texture":"#0","tintindex":0.0},"up":{"uv":[13.5,0.0,12.5,1.0],"texture":"#0","tintindex":0.0},"down":{"uv":[13.5,0.0,12.5,1.0],"texture":"#0","tintindex":0.0}}},{"from":[1.0,3.73151,6.86345],"to":[3.0,7.73151,8.86345],"rotation":{"angle":-22.5,"axis":"z","origin":[-0.5,5.23151,12.36345]},"faces":{"north":{"uv":[12.5,0.0,11.5,2.0],"texture":"#0","tintindex":0.0},"east":{"uv":[11.5,0.0,12.5,2.0],"texture":"#0","tintindex":0.0},"south":{"uv":[12.5,0.0,11.5,2.0],"texture":"#0","tintindex":0.0},"west":{"uv":[11.5,0.0,12.5,2.0],"texture":"#0","tintindex":0.0},"up":{"uv":[13.5,0.0,12.5,1.0],"texture":"#0","tintindex":0.0},"down":{"uv":[13.5,0.0,12.5,1.0],"texture":"#0","tintindex":0.0}}},{"from":[11.0,8.23151,3.86345],"to":[14.0,14.23151,6.86345],"rotation":{"angle":-22.5,"axis":"z","origin":[12.0,12.23151,4.36345]},"faces":{"north":{"uv":[7.5,5.5,6.0,8.5],"texture":"#0","tintindex":0.0},"east":{"uv":[7.5,5.5,6.0,8.5],"texture":"#0","tintindex":0.0},"south":{"uv":[7.5,5.5,6.0,8.5],"texture":"#0","tintindex":0.0},"west":{"uv":[7.5,5.5,6.0,8.5],"texture":"#0","tintindex":0.0},"up":{"uv":[9.0,5.5,7.5,7.0],"texture":"#0","tintindex":0.0}}},{"from":[10.8,11.03151,4.66345],"to":[14.2,14.43151,8.06345],"rotation":{"angle":-22.5,"axis":"z","origin":[12.0,12.23151,4.36345]},"faces":{"east":{"uv":[7.5,9.0,6.0,10.5],"texture":"#0","tintindex":0.0},"south":{"uv":[6.0,9.0,7.5,10.5],"texture":"#0","tintindex":0.0},"west":{"uv":[7.5,9.0,6.0,10.5],"texture":"#0","tintindex":0.0},"up":{"uv":[7.5,9.0,6.0,10.5],"texture":"#0","tintindex":0.0},"down":{"uv":[7.5,9.0,6.0,10.5],"texture":"#0","tintindex":0.0}}},{"from":[11.0,8.23151,3.86345],"to":[14.0,14.23151,6.86345],"rotation":{"angle":-22.5,"axis":"z","origin":[12.0,12.23151,4.36345]},"faces":{"north":{"uv":[11.0,5.5,9.5,8.5],"texture":"#0"},"east":{"uv":[8.0,5.5,9.5,8.5],"texture":"#0"},"south":{"uv":[8.0,5.5,9.5,8.5],"texture":"#0"},"west":{"uv":[8.0,5.5,9.5,8.5],"texture":"#0"},"up":{"uv":[12.5,5.5,11.0,7.0],"texture":"#0"}}},{"from":[2.0,8.23151,3.86345],"to":[5.0,14.23151,6.86345],"rotation":{"angle":22.5,"axis":"z","origin":[4.0,12.23151,4.36345]},"faces":{"north":{"uv":[6.0,5.5,7.5,8.5],"texture":"#0","tintindex":0.0},"east":{"uv":[6.0,5.5,7.5,8.5],"texture":"#0","tintindex":0.0},"south":{"uv":[6.0,5.5,7.5,8.5],"texture":"#0","tintindex":0.0},"west":{"uv":[6.0,5.5,7.5,8.5],"texture":"#0","tintindex":0.0}}},{"from":[2.0,8.23151,3.86345],"to":[5.0,14.23151,6.86345],"rotation":{"angle":22.5,"axis":"z","origin":[4.0,12.23151,4.36345]},"faces":{"north":{"uv":[9.5,5.5,11.0,8.5],"texture":"#0"},"east":{"uv":[8.0,5.5,9.5,8.5],"texture":"#0"},"south":{"uv":[8.0,5.5,9.5,8.5],"texture":"#0"},"west":{"uv":[8.0,5.5,9.5,8.5],"texture":"#0"},"up":{"uv":[11.0,5.5,12.5,7.0],"texture":"#0"}}},{"name":"cube inverted","from":[14.2,14.43151,8.06345],"to":[10.8,11.03151,4.66345],"rotation":{"angle":-22.5,"axis":"z","origin":[12.0,12.23151,4.36345]},"faces":{"north":{"uv":[6.0,10.5,7.5,9.0],"texture":"#0","tintindex":0.0},"east":{"uv":[7.5,10.5,6.0,9.0],"texture":"#0","tintindex":0.0},"west":{"uv":[7.5,10.5,6.0,9.0],"texture":"#0","tintindex":0.0},"up":{"uv":[6.0,9.0,7.5,10.5],"texture":"#0","tintindex":0.0},"down":{"uv":[6.0,9.0,7.5,10.5],"texture":"#0","tintindex":0.0}}},{"from":[1.8,11.03151,4.66345],"to":[5.2,14.43151,8.06345],"rotation":{"angle":22.5,"axis":"z","origin":[4.0,12.23151,4.36345]},"faces":{"east":{"uv":[6.0,9.0,7.5,10.5],"texture":"#0","tintindex":0.0},"south":{"uv":[7.5,9.0,6.0,10.5],"texture":"#0","tintindex":0.0},"west":{"uv":[6.0,9.0,7.5,10.5],"texture":"#0","tintindex":0.0},"up":{"uv":[6.0,9.0,7.5,10.5],"texture":"#0","tintindex":0.0},"down":{"uv":[6.0,9.0,7.5,10.5],"texture":"#0","tintindex":0.0}}},{"name":"cube inverted","from":[5.2,14.43151,8.06345],"to":[1.8,11.03151,4.66345],"rotation":{"angle":22.5,"axis":"z","origin":[4.0,12.23151,4.36345]},"faces":{"north":{"uv":[7.5,10.5,6.0,9.0],"texture":"#0","tintindex":0.0},"east":{"uv":[6.0,10.5,7.5,9.0],"texture":"#0","tintindex":0.0},"west":{"uv":[6.0,10.5,7.5,9.0],"texture":"#0","tintindex":0.0},"up":{"uv":[7.5,9.0,6.0,10.5],"texture":"#0","tintindex":0.0},"down":{"uv":[7.5,9.0,6.0,10.5],"texture":"#0","tintindex":0.0}}},{"from":[14.0,10.0,6.0],"to":[19.0,14.0,10.0],"rotation":{"angle":22.5,"axis":"z","origin":[21.0,8.0,2.0]},"faces":{"north":{"uv":[2.5,11.5,0.0,13.5],"texture":"#0","tintindex":0.0},"east":{"uv":[0.0,13.5,2.0,15.5],"texture":"#0","tintindex":0.0},"south":{"uv":[0.0,11.5,2.5,13.5],"texture":"#0","tintindex":0.0},"west":{"uv":[6.5,13.5,4.5,15.5],"texture":"#0","tintindex":0.0},"up":{"uv":[5.5,11.5,3.0,13.5],"texture":"#0","tintindex":0.0},"down":{"uv":[4.5,13.5,2.0,15.5],"texture":"#0","tintindex":0.0}}},{"from":[-3.0,10.0,6.0],"to":[2.0,14.0,10.0],"rotation":{"angle":-22.5,"axis":"z","origin":[-5.0,8.0,2.0]},"faces":{"north":{"uv":[0.0,11.5,2.5,13.5],"texture":"#0","tintindex":0.0},"east":{"uv":[4.5,13.5,6.5,15.5],"texture":"#0","tintindex":0.0},"south":{"uv":[2.5,11.5,0.0,13.5],"texture":"#0","tintindex":0.0},"west":{"uv":[2.0,13.5,0.0,15.5],"texture":"#0","tintindex":0.0},"up":{"uv":[3.0,11.5,5.5,13.5],"texture":"#0","tintindex":0.0},"down":{"uv":[2.0,13.5,4.5,15.5],"texture":"#0","tintindex":0.0}}}],"gui_light":"front"}