{"textures":{"1":"mcc:island_cosmetics/general/hat/explorers_hat/explorers_hat"},"elements":[{"from":[-0.5,4.975,-0.5],"to":[16.5,5.0,16.5],"faces":{"north":{"uv":[5.75,5.125,7.875,5.25],"texture":"#1"},"east":{"uv":[5.75,5.375,7.875,5.5],"texture":"#1"},"south":{"uv":[5.75,5.625,7.875,5.75],"texture":"#1"},"west":{"uv":[5.75,5.875,7.875,6.0],"texture":"#1"},"up":{"uv":[2.125,6.375,0.0,4.25],"texture":"#1"},"down":{"uv":[4.375,4.25,2.25,6.375],"texture":"#1"}}},{"from":[3.5,5.0,3.5],"to":[12.5,9.0,12.5],"faces":{"north":{"uv":[5.25,3.25,6.375,3.75],"texture":"#1"},"east":{"uv":[4.5,5.5,5.625,6.0],"texture":"#1"},"south":{"uv":[5.75,3.875,6.875,4.375],"texture":"#1"},"west":{"uv":[5.75,4.5,6.875,5.0],"texture":"#1"},"up":{"uv":[5.625,5.375,4.5,4.25],"texture":"#1"},"down":{"uv":[6.375,0.0,5.25,1.125],"texture":"#1"}}},{"from":[4.5,9.0,4.5],"to":[11.5,11.0,11.5],"faces":{"north":{"uv":[4.5,6.125,5.375,6.375],"texture":"#1"},"east":{"uv":[5.5,6.125,6.375,6.375],"texture":"#1"},"south":{"uv":[6.25,1.25,7.125,1.5],"texture":"#1"},"west":{"uv":[6.25,1.625,7.125,1.875],"texture":"#1"},"up":{"uv":[6.125,2.125,5.25,1.25],"texture":"#1"},"down":{"uv":[6.125,2.25,5.25,3.125],"texture":"#1"}}},{"from":[-2.0,2.0,8.0],"to":[18.0,18.0,8.0],"rotation":{"angle":-45.0,"axis":"y","origin":[8.0,13.0,8.0]},"faces":{"north":{"uv":[0.0,0.0,2.5,2.0],"texture":"#1"},"east":{"uv":[0.0,6.5,0.0,8.5],"texture":"#1"},"south":{"uv":[2.5,0.0,0.0,2.0],"texture":"#1"},"west":{"uv":[0.125,6.5,0.125,8.5],"texture":"#1"},"up":{"uv":[8.75,2.0,6.25,2.0],"texture":"#1"},"down":{"uv":[8.75,2.125,6.25,2.125],"texture":"#1"}}},{"from":[10.0,-2.0,-3.0],"to":[10.0,14.0,17.0],"rotation":{"angle":-22.5,"axis":"y","origin":[13.0,13.0,8.0]},"faces":{"north":{"uv":[0.25,6.5,0.25,8.5],"texture":"#1"},"east":{"uv":[5.125,2.125,2.625,4.125],"texture":"#1"},"south":{"uv":[0.375,6.5,0.375,8.5],"texture":"#1"},"west":{"uv":[2.625,2.125,5.125,4.125],"texture":"#1"},"up":{"uv":[0.5,9.0,0.5,6.5],"texture":"#1"},"down":{"uv":[0.625,6.5,0.625,9.0],"texture":"#1"}}}],"display":{"thirdperson_righthand":{"translation":[-2.5,1.5,0.0],"rotation":[7.21,6.0,10.4],"scale":[0.5,0.5,0.5]},"thirdperson_lefthand":{"translation":[-2.5,1.5,0.0],"rotation":[7.21,6.0,10.4],"scale":[0.5,0.5,0.5]},"firstperson_righthand":{"translation":[0.0,1.25,0.0],"rotation":[2.45,11.16,-2.29],"scale":[0.9,0.9,0.9]},"firstperson_lefthand":{"translation":[0.0,1.25,0.0],"rotation":[2.45,11.16,-2.29],"scale":[0.9,0.9,0.9]},"ground":{"translation":[0.0,1.25,0.0],"rotation":[22.0,0.0,0.0],"scale":[0.5,0.5,0.5]},"gui":{"translation":[0.5,1.5,0.0],"rotation":[-156.75,37.0,-180.0],"scale":[0.7,0.7,0.7]},"head":{"translation":[0.0,5.75,0.0],"scale":[1.61,1.61,1.61]},"fixed":{"translation":[0.0,0.0,-1.5],"rotation":[-19.0,0.0,0.0],"scale":[0.9,0.9,0.9]}},"credit":"Made with Blockbench","gui_light":"front"}