{"textures":{"1":"mcc:island_cosmetics/general/hat/antlers/antlers"},"elements":[{"from":[11.25,1.75,7.0],"to":[16.25,4.75,9.0],"rotation":{"angle":-22.5,"axis":"z","origin":[14.5,2.5,8.0]},"faces":{"north":{"uv":[0.0,8.0,2.5,9.5],"texture":"#1","tintindex":0},"east":{"uv":[2.5,8.0,3.5,9.5],"texture":"#1","tintindex":0},"south":{"uv":[8.5,10.0,6.0,11.5],"texture":"#1","tintindex":0},"west":{"uv":[1.5,8.0,2.5,9.5],"texture":"#1","tintindex":0},"up":{"uv":[0.0,10.0,2.5,11.0],"texture":"#1","tintindex":0},"down":{"uv":[3.5,10.0,6.0,11.0],"texture":"#1","tintindex":0}}},{"from":[7.03942,10.14751,7.0],"to":[14.03942,12.14751,9.0],"rotation":{"angle":45.0,"axis":"z","origin":[16.53942,11.39751,8.0]},"faces":{"north":{"uv":[0.0,7.0,3.5,8.0],"texture":"#1"},"south":{"uv":[3.5,7.0,0.0,8.0],"texture":"#1"},"west":{"uv":[2.5,7.0,3.0,7.5],"texture":"#1"},"up":{"uv":[3.5,6.0,7.0,7.0],"texture":"#1"},"down":{"uv":[7.0,10.0,3.5,9.0],"texture":"#1"}}},{"from":[13.78519,11.83265,6.98],"to":[20.82519,13.87265,9.02],"rotation":{"angle":22.5,"axis":"z","origin":[23.30519,13.10265,8.0]},"faces":{"north":{"uv":[0.0,6.0,3.5,7.0],"texture":"#1"},"east":{"uv":[0.0,6.0,0.5,7.0],"texture":"#1"},"south":{"uv":[3.5,6.0,0.0,7.0],"texture":"#1"},"west":{"uv":[0.5,6.0,1.0,6.5],"texture":"#1"},"up":{"uv":[4.0,7.0,7.5,8.0],"texture":"#1"},"down":{"uv":[7.0,9.0,3.5,8.0],"texture":"#1"}}},{"from":[11.03942,9.14751,8.0],"to":[23.03942,21.14751,8.0],"rotation":{"angle":22.5,"axis":"z","origin":[16.53942,11.39751,8.0]},"faces":{"north":{"uv":[0.0,0.0,6.0,6.0],"texture":"#1"},"south":{"uv":[6.0,0.0,0.0,6.0],"texture":"#1"}}},{"from":[11.25,1.75,7.0],"to":[16.25,4.75,9.0],"rotation":{"angle":-22.5,"axis":"z","origin":[14.5,2.5,8.0]},"faces":{"north":{"uv":[0.0,11.5,2.5,13.0],"texture":"#1"},"west":{"uv":[2.0,11.5,2.5,13.0],"texture":"#1"},"down":{"uv":[3.5,13.0,6.0,14.0],"texture":"#1"}}},{"from":[-0.25,1.75,7.0],"to":[4.75,4.75,9.0],"rotation":{"angle":22.5,"axis":"z","origin":[1.5,2.5,8.0]},"faces":{"north":{"uv":[2.5,8.0,0.0,9.5],"texture":"#1","tintindex":0},"east":{"uv":[2.5,8.0,1.5,9.5],"texture":"#1","tintindex":0},"south":{"uv":[6.0,10.0,8.5,11.5],"texture":"#1","tintindex":0},"west":{"uv":[3.5,8.0,2.5,9.5],"texture":"#1","tintindex":0},"up":{"uv":[2.5,10.0,0.0,11.0],"texture":"#1","tintindex":0},"down":{"uv":[6.0,10.0,3.5,11.0],"texture":"#1","tintindex":0}}},{"from":[1.96058,10.14751,7.0],"to":[8.96058,12.14751,9.0],"rotation":{"angle":-45.0,"axis":"z","origin":[-0.53942,11.39751,8.0]},"faces":{"north":{"uv":[3.5,7.0,0.0,8.0],"texture":"#1"},"east":{"uv":[3.0,7.0,2.5,7.5],"texture":"#1"},"south":{"uv":[0.0,7.0,3.5,8.0],"texture":"#1"},"up":{"uv":[7.0,6.0,3.5,7.0],"texture":"#1"},"down":{"uv":[3.5,10.0,7.0,9.0],"texture":"#1"}}},{"from":[-4.82519,11.83265,6.98],"to":[2.21481,13.87265,9.02],"rotation":{"angle":-22.5,"axis":"z","origin":[-7.30519,13.10265,8.0]},"faces":{"north":{"uv":[3.5,6.0,0.0,7.0],"texture":"#1"},"east":{"uv":[1.0,6.0,0.5,6.5],"texture":"#1"},"south":{"uv":[0.0,6.0,3.5,7.0],"texture":"#1"},"west":{"uv":[0.5,6.0,0.0,7.0],"texture":"#1"},"up":{"uv":[7.5,7.0,4.0,8.0],"texture":"#1"},"down":{"uv":[3.5,9.0,7.0,8.0],"texture":"#1"}}},{"from":[-7.03942,9.14751,8.0],"to":[4.96058,21.14751,8.0],"rotation":{"angle":-22.5,"axis":"z","origin":[-0.53942,11.39751,8.0]},"faces":{"north":{"uv":[6.0,0.0,0.0,6.0],"texture":"#1"},"south":{"uv":[0.0,0.0,6.0,6.0],"texture":"#1"}}},{"from":[-0.25,1.75,7.0],"to":[4.75,4.75,9.0],"rotation":{"angle":22.5,"axis":"z","origin":[1.5,2.5,8.0]},"faces":{"north":{"uv":[2.5,11.5,0.0,13.0],"texture":"#1"},"east":{"uv":[2.5,11.5,2.0,13.0],"texture":"#1"},"down":{"uv":[6.0,13.0,3.5,14.0],"texture":"#1"}}}],"display":{"thirdperson_righthand":{"translation":[0.0,1.0,0.75],"rotation":[55.5,34.0,0.0],"scale":[0.52539,0.52539,0.52539]},"thirdperson_lefthand":{"translation":[0.0,1.0,0.75],"rotation":[55.5,34.0,0.0],"scale":[0.52539,0.52539,0.52539]},"firstperson_righthand":{"translation":[9.5,0.0,-5.75],"rotation":[21.0,114.5,-13.75],"scale":[0.41992,0.41992,0.41992]},"firstperson_lefthand":{"translation":[9.5,0.0,-5.75],"rotation":[21.0,114.5,-13.75],"scale":[0.41992,0.41992,0.41992]},"gui":{"translation":[0.0,-0.75,0.0],"rotation":[-155.36,-31.92,-180.0],"scale":[0.60351,0.60351,0.60351]},"head":{"translation":[0.0,5.75,0.0],"scale":[1.6,1.6,1.6]}},"credit":"Made with Blockbench","gui_light":"front"}