{"textures":{"0":"mcc:island_cosmetics/general/hat/banana_hat/banana_hat","particle":"mcc:island_cosmetics/general/hat/banana_hat/banana_hat"},"elements":[{"from":[3.5,-1.0,3.5],"to":[12.5,9.0,12.5],"rotation":{"angle":0.0,"axis":"y","origin":[10.0,6.24,8.5]},"faces":{"north":{"uv":[0.0,9.5,4.5,14.5],"texture":"#0"},"east":{"uv":[0.0,4.5,4.5,9.5],"texture":"#0"},"south":{"uv":[0.0,4.5,4.5,9.5],"texture":"#0"},"west":{"uv":[4.5,4.5,0.0,9.5],"texture":"#0"},"up":{"uv":[0.0,0.0,4.5,4.5],"texture":"#0"},"down":{"uv":[4.5,0.0,9.0,4.5],"texture":"#0"}}},{"from":[4.5,8.0,5.0],"to":[11.5,14.0,12.0],"rotation":{"angle":-22.5,"axis":"x","origin":[10.0,6.24,9.0]},"faces":{"north":{"uv":[8.0,11.5,11.5,14.5],"texture":"#0"},"east":{"uv":[11.5,11.5,15.0,14.5],"texture":"#0"},"south":{"uv":[8.0,8.5,11.5,11.5],"texture":"#0"},"west":{"uv":[15.0,11.5,11.5,14.5],"texture":"#0"},"up":{"uv":[11.5,8.0,15.0,11.5],"texture":"#0"}}},{"from":[6.0,13.0,9.0],"to":[10.0,17.0,13.0],"rotation":{"angle":-45.0,"axis":"x","origin":[9.5,6.24,9.0]},"faces":{"north":{"uv":[9.0,1.5,11.0,3.5],"texture":"#0"},"east":{"uv":[9.0,1.5,11.0,3.5],"texture":"#0"},"south":{"uv":[9.0,1.5,11.0,3.5],"texture":"#0"},"west":{"uv":[9.0,1.5,11.0,3.5],"texture":"#0"},"up":{"uv":[11.0,1.5,13.0,3.5],"texture":"#0"}}},{"from":[6.0,-6.35828,0.03521],"to":[10.0,-2.35828,4.03521],"rotation":{"angle":-45.0,"axis":"x","origin":[8.0,-3.76119,4.96581]},"faces":{"north":{"uv":[11.0,1.5,13.0,3.5],"texture":"#0","rotation":180},"east":{"uv":[9.0,1.5,11.0,3.5],"texture":"#0","rotation":90},"west":{"uv":[9.0,1.5,11.0,3.5],"texture":"#0","rotation":270},"up":{"uv":[9.0,1.5,11.0,3.5],"texture":"#0"},"down":{"uv":[9.0,1.5,11.0,3.5],"texture":"#0","rotation":180}}},{"from":[4.5,-5.82517,2.03566],"to":[11.5,4.17483,9.03566],"rotation":{"angle":22.5,"axis":"x","origin":[8.0,-3.76119,4.96581]},"faces":{"north":{"uv":[4.5,9.5,8.0,14.5],"texture":"#0"},"east":{"uv":[4.5,4.5,8.0,9.5],"texture":"#0"},"south":{"uv":[9.0,3.0,12.5,8.0],"texture":"#0"},"west":{"uv":[8.0,4.5,4.5,9.5],"texture":"#0"},"down":{"uv":[11.5,8.0,15.0,11.5],"texture":"#0"}}},{"from":[12.5,9.0,12.5],"to":[3.5,-1.0,3.5],"rotation":{"angle":0.0,"axis":"y","origin":[10.0,6.24,8.5]},"faces":{"north":{"uv":[0.0,9.5,4.5,4.5],"texture":"#0"},"east":{"uv":[4.5,9.5,0.0,4.5],"texture":"#0"},"south":{"uv":[0.0,14.5,4.5,9.5],"texture":"#0"},"west":{"uv":[0.0,9.5,4.5,4.5],"texture":"#0"},"up":{"uv":[9.0,0.0,4.5,4.5],"texture":"#0"},"down":{"uv":[4.5,0.0,0.0,4.5],"texture":"#0"}}}],"display":{"thirdperson_righthand":{"rotation":[64.25,0.0,0.0],"scale":[0.44336,0.44336,0.44336]},"thirdperson_lefthand":{"rotation":[64.25,0.0,0.0],"scale":[0.44336,0.44336,0.44336]},"firstperson_righthand":{"scale":[0.0,0.0,0.0]},"firstperson_lefthand":{"scale":[0.0,0.0,0.0]},"ground":{"translation":[0.0,4.25,0.0],"scale":[0.43945,0.43945,0.43945]},"gui":{"translation":[-0.25,3.25,0.0],"rotation":[-149.61,-31.92,-180.0],"scale":[0.625,0.625,0.625]},"head":{"translation":[0.0,5.75,0.0],"scale":[1.70352,1.70352,1.70352]}},"credit":"Made with Blockbench","gui_light":"front"}