{"textures":{"0":"mcc:island_cosmetics/general/hat/frank_jr/frankenstein_jr","5":"mcc:island_cosmetics/general/accessory/mjolnir/mjolnir_thunder_lightning","6":"mcc:island_cosmetics/general/accessory/mjolnir/mjolnir_thunder","particle":"mcc:island_cosmetics/general/accessory/mjolnir/mjolnir_thunder"},"elements":[{"from":[3.0,0.0,3.0],"to":[13.0,12.0,13.0],"rotation":{"angle":0.0,"axis":"y","origin":[1.0,0.0,1.0]},"faces":{"north":{"uv":[0.0,0.0,3.33333,4.0],"texture":"#0"},"east":{"uv":[3.33333,4.0,0.0,8.0],"texture":"#0"},"south":{"uv":[3.33333,6.33333,6.66667,10.33333],"texture":"#0"},"west":{"uv":[0.0,4.0,3.33333,8.0],"texture":"#0"},"down":{"uv":[0.0,8.0,3.33333,11.33333],"texture":"#0"}}},{"from":[2.7,-0.3,1.7],"to":[13.3,3.3,8.3],"rotation":{"angle":0.0,"axis":"y","origin":[1.0,0.0,1.0]},"faces":{"north":{"uv":[3.33333,2.33333,6.66667,3.33333],"texture":"#0"},"east":{"uv":[6.66667,3.33333,4.66667,4.33333],"texture":"#0"},"south":{"uv":[6.33333,3.33333,6.66667,3.66667],"texture":"#0"},"west":{"uv":[4.66667,3.33333,6.66667,4.33333],"texture":"#0"}}},{"from":[2.5,7.0,2.5],"to":[13.5,14.0,13.5],"rotation":{"angle":0.0,"axis":"y","origin":[1.5,0.0,1.5]},"faces":{"north":{"uv":[3.33333,0.0,7.0,2.33333],"texture":"#0"},"east":{"uv":[3.33333,0.0,7.0,2.33333],"texture":"#0"},"south":{"uv":[3.33333,0.0,7.0,2.33333],"texture":"#0"},"west":{"uv":[3.33333,0.0,7.0,2.33333],"texture":"#0"},"down":{"uv":[7.0,5.0,10.66667,8.66667],"texture":"#0"}}},{"from":[2.1,9.6,2.1],"to":[13.9,14.4,13.9],"rotation":{"angle":0.0,"axis":"y","origin":[1.5,0.0,1.5]},"faces":{"north":{"uv":[7.0,0.0,10.66667,1.33333],"texture":"#0"},"east":{"uv":[7.0,0.0,10.66667,1.33333],"texture":"#0"},"south":{"uv":[7.0,0.0,10.66667,1.33333],"texture":"#0"},"west":{"uv":[7.0,0.0,10.66667,1.33333],"texture":"#0"},"up":{"uv":[7.0,1.33333,10.66667,5.0],"texture":"#0"}}},{"from":[1.0,7.0,7.0],"to":[3.0,9.0,9.0],"rotation":{"angle":0.0,"axis":"y","origin":[1.0,0.0,1.0]},"faces":{"north":{"uv":[11.0,6.66667,11.66667,7.33333],"texture":"#0"},"east":{"uv":[11.33333,7.0,11.66667,7.33333],"texture":"#0"},"south":{"uv":[11.66667,6.66667,11.0,7.33333],"texture":"#0"},"west":{"uv":[11.33333,7.0,11.66667,7.33333],"texture":"#0"},"up":{"uv":[11.66667,6.66667,11.0,7.33333],"texture":"#0"},"down":{"uv":[11.66667,6.66667,11.0,7.33333],"texture":"#0"}}},{"from":[0.0,6.0,6.0],"to":[1.0,10.0,10.0],"rotation":{"angle":0.0,"axis":"y","origin":[1.0,0.0,1.0]},"faces":{"north":{"uv":[12.0,6.66667,12.33333,8.0],"texture":"#0"},"east":{"uv":[13.33333,6.66667,12.0,8.0],"texture":"#0"},"south":{"uv":[12.0,6.66667,12.33333,8.0],"texture":"#0"},"west":{"uv":[13.33333,6.66667,12.0,8.0],"texture":"#0"},"up":{"uv":[12.0,6.66667,13.33333,7.0],"texture":"#0"},"down":{"uv":[12.0,6.66667,13.33333,7.0],"texture":"#0"}}},{"from":[3.0,1.75,2.0],"to":[13.0,4.75,2.0],"rotation":{"angle":0.0,"axis":"y","origin":[1.0,0.0,1.0]},"faces":{"north":{"uv":[7.33333,8.66667,10.66667,9.66667],"texture":"#0"},"south":{"uv":[10.66667,8.66667,7.33333,9.66667],"texture":"#0"}}},{"from":[2.7,-0.3,1.7],"to":[13.3,3.3,8.3],"rotation":{"angle":0.0,"axis":"y","origin":[1.0,0.0,1.0]},"faces":{"north":{"uv":[11.0,2.33333,14.33333,3.33333],"texture":"#0"},"east":{"uv":[14.33333,3.33333,12.33333,4.33333],"texture":"#0"},"south":{"uv":[14.0,3.33333,14.33333,3.66667],"texture":"#0"},"west":{"uv":[12.33333,3.33333,14.33333,4.33333],"texture":"#0"},"up":{"uv":[14.0,3.33333,14.33333,3.66667],"texture":"#0"},"down":{"uv":[11.0,4.33333,14.33333,6.33333],"texture":"#0"}}},{"from":[2.5,7.0,2.5],"to":[13.5,14.0,13.5],"rotation":{"angle":0.0,"axis":"y","origin":[1.5,0.0,1.5]},"faces":{"north":{"uv":[11.0,0.0,14.66667,2.33333],"texture":"#0"},"east":{"uv":[11.0,0.0,14.66667,2.33333],"texture":"#0"},"south":{"uv":[11.0,0.0,14.66667,2.33333],"texture":"#0"},"west":{"uv":[11.0,0.0,14.66667,2.33333],"texture":"#0"}}},{"from":[15.0,6.0,6.0],"to":[16.0,10.0,10.0],"rotation":{"angle":0.0,"axis":"y","origin":[15.0,0.0,1.0]},"faces":{"north":{"uv":[12.33333,6.66667,12.0,8.0],"texture":"#0"},"east":{"uv":[12.0,6.66667,13.33333,8.0],"texture":"#0"},"south":{"uv":[12.33333,6.66667,12.0,8.0],"texture":"#0"},"west":{"uv":[12.0,6.66667,13.33333,8.0],"texture":"#0"},"up":{"uv":[13.33333,6.66667,12.0,7.0],"texture":"#0"},"down":{"uv":[13.33333,6.66667,12.0,7.0],"texture":"#0"}}},{"from":[13.0,7.0,7.0],"to":[15.0,9.0,9.0],"rotation":{"angle":0.0,"axis":"y","origin":[15.0,0.0,1.0]},"faces":{"north":{"uv":[11.66667,6.66667,11.0,7.33333],"texture":"#0"},"east":{"uv":[11.66667,7.0,11.33333,7.33333],"texture":"#0"},"south":{"uv":[11.0,6.66667,11.66667,7.33333],"texture":"#0"},"west":{"uv":[11.66667,7.0,11.33333,7.33333],"texture":"#0"},"up":{"uv":[11.0,6.66667,11.66667,7.33333],"texture":"#0"},"down":{"uv":[11.0,6.66667,11.66667,7.33333],"texture":"#0"}}},{"from":[2.7,-1.3,1.7],"to":[13.3,2.3,8.3],"rotation":{"angle":0.0,"axis":"y","origin":[1.0,0.0,1.0]},"faces":{"north":{"uv":[11.0,8.33333,14.33333,9.33333],"texture":"#0"},"east":{"uv":[14.33333,9.33333,12.33333,10.33333],"texture":"#0"},"south":{"uv":[14.0,9.33333,14.33333,9.66667],"texture":"#0"},"west":{"uv":[12.33333,9.33333,14.33333,10.33333],"texture":"#0"},"up":{"uv":[14.0,9.33333,14.33333,9.66667],"texture":"#0"},"down":{"uv":[11.0,10.33333,14.33333,12.33333],"texture":"#0"}}},{"from":[3.0,0.75,2.0],"to":[13.0,3.75,2.0],"rotation":{"angle":0.0,"axis":"y","origin":[1.0,0.0,1.0]},"faces":{"north":{"uv":[7.33333,9.66667,10.66667,10.66667],"texture":"#0"},"south":{"uv":[10.66667,9.66667,7.33333,10.66667],"texture":"#0"}}},{"from":[2.7,-1.3,1.7],"to":[13.3,2.3,8.3],"rotation":{"angle":0.0,"axis":"y","origin":[1.0,0.0,1.0]},"faces":{"north":{"uv":[3.33333,2.33333,6.66667,3.33333],"texture":"#0"},"east":{"uv":[11.0,11.66667,9.0,12.66667],"texture":"#0"},"south":{"uv":[6.33333,3.33333,6.66667,3.66667],"texture":"#0"},"west":{"uv":[9.0,11.66667,11.0,12.66667],"texture":"#0"}}},{"from":[1.3,10.3,10.3],"to":[-0.3,5.7,5.7],"rotation":{"angle":0.0,"axis":"y","origin":[1.0,0.0,1.0]},"faces":{"north":{"uv":[4.5,4.16667,5.0,4.66667],"texture":"#6"},"east":{"uv":[4.5,4.16667,5.0,4.66667],"texture":"#6"},"south":{"uv":[4.5,4.16667,5.0,4.66667],"texture":"#6"},"west":{"uv":[4.5,4.16667,5.0,4.66667],"texture":"#6"},"up":{"uv":[4.5,4.16667,5.0,4.66667],"texture":"#6"},"down":{"uv":[4.5,4.16667,5.0,4.66667],"texture":"#6"}}},{"from":[16.3,10.3,10.3],"to":[14.7,5.7,5.7],"rotation":{"angle":0.0,"axis":"y","origin":[15.0,0.0,1.0]},"faces":{"north":{"uv":[4.5,4.16667,5.0,4.66667],"texture":"#6"},"east":{"uv":[4.5,4.16667,5.0,4.66667],"texture":"#6"},"south":{"uv":[4.5,4.16667,5.0,4.66667],"texture":"#6"},"west":{"uv":[4.5,4.16667,5.0,4.66667],"texture":"#6"},"up":{"uv":[4.5,4.16667,5.0,4.66667],"texture":"#6"},"down":{"uv":[4.5,4.16667,5.0,4.66667],"texture":"#6"}}},{"from":[14.5,2.0,9.5],"to":[21.5,9.0,9.5],"rotation":{"angle":0.0,"axis":"y","origin":[8.0,-0.5,8.0]},"faces":{"north":{"uv":[1.5,5.0,5.0,8.5],"texture":"#5"},"east":{"uv":[1.125,4.625,1.25,4.75],"texture":"#5"},"south":{"uv":[5.0,5.0,1.5,8.5],"texture":"#5"},"west":{"uv":[1.125,4.625,1.25,4.75],"texture":"#5"},"up":{"uv":[1.375,4.375,2.5,5.25],"texture":"#5"},"down":{"uv":[0.125,4.375,1.25,5.25],"texture":"#5"}}},{"from":[-4.0,0.0,9.5],"to":[3.0,7.0,9.5],"rotation":{"angle":0.0,"axis":"y","origin":[8.0,16.5,8.0]},"faces":{"north":{"uv":[4.5,6.5,8.0,3.0],"texture":"#5"},"east":{"uv":[1.125,4.75,1.25,4.625],"texture":"#5"},"south":{"uv":[8.0,6.5,4.5,3.0],"texture":"#5"},"west":{"uv":[1.125,4.75,1.25,4.625],"texture":"#5"},"up":{"uv":[0.125,5.25,1.25,4.375],"texture":"#5"},"down":{"uv":[1.375,5.25,2.5,4.375],"texture":"#5"}}},{"from":[-7.0,4.0,6.5],"to":[0.0,13.0,6.5],"rotation":{"angle":0.0,"axis":"y","origin":[8.0,-0.5,8.0]},"faces":{"north":{"uv":[11.0,5.5,14.5,10.0],"texture":"#5"},"east":{"uv":[1.125,4.625,1.25,4.75],"texture":"#5"},"south":{"uv":[14.5,5.5,11.0,10.0],"texture":"#5"},"west":{"uv":[1.125,4.625,1.25,4.75],"texture":"#5"},"up":{"uv":[1.375,4.375,2.5,5.25],"texture":"#5"},"down":{"uv":[0.125,4.375,1.25,5.25],"texture":"#5"}}},{"from":[15.0,7.0,7.5],"to":[22.0,14.0,7.5],"rotation":{"angle":0.0,"axis":"y","origin":[8.0,16.5,8.0]},"faces":{"north":{"uv":[11.5,12.5,8.0,9.0],"texture":"#5"},"east":{"uv":[1.25,4.75,1.125,4.625],"texture":"#5"},"south":{"uv":[8.0,12.5,11.5,9.0],"texture":"#5"},"west":{"uv":[1.25,4.75,1.125,4.625],"texture":"#5"},"up":{"uv":[1.25,5.25,0.125,4.375],"texture":"#5"},"down":{"uv":[2.5,5.25,1.375,4.375],"texture":"#5"}}}],"display":{"thirdperson_righthand":{"translation":[0.0,1.0,0.75],"rotation":[55.5,34.0,0.0],"scale":[0.52539,0.52539,0.52539]},"thirdperson_lefthand":{"translation":[0.0,1.0,0.75],"rotation":[55.5,34.0,0.0],"scale":[0.52539,0.52539,0.52539]},"firstperson_righthand":{"translation":[9.5,0.0,-5.75],"rotation":[21.0,114.5,-13.75],"scale":[0.41992,0.41992,0.41992]},"firstperson_lefthand":{"translation":[9.5,0.0,-5.75],"rotation":[21.0,114.5,-13.75],"scale":[0.41992,0.41992,0.41992]},"ground":{"translation":[0.0,4.25,0.0],"scale":[0.28906,0.28906,0.28906]},"gui":{"translation":[0.0,0.75,0.0],"rotation":[-154.61,-31.92,-180.0],"scale":[0.73046,0.73046,0.73046]},"head":{"translation":[0.0,6.25,0.0],"scale":[1.61172,1.61172,1.61172]},"fixed":{"translation":[0.0,-3.25,-7.5]}},"credit":"Made with Blockbench","gui_light":"front"}