{"textures":{"1":"mcc:island_cosmetics/general/hat/shroud/shroud","2":"mcc:island_cosmetics/general/hat/shroud/shroud_eyes","particle":"mcc:island_cosmetics/general/hat/shroud/shroud_eyes"},"elements":[{"from":[6.94398,-3.8,2.5],"to":[10.69398,4.45,12.5],"rotation":{"angle":22.5,"axis":"z","origin":[2.69398,10.80898,9.5]},"faces":{"north":{"uv":[4.66667,1.0,3.33333,3.66667],"texture":"#1","tintindex":0},"east":{"uv":[8.33333,0.33333,5.0,3.0],"texture":"#1","tintindex":0},"south":{"uv":[12.33333,1.66667,11.33333,4.33333],"texture":"#1","tintindex":0},"down":{"uv":[1.66667,3.66667,0.33333,7.0],"texture":"#1","tintindex":0}}},{"from":[5.30602,-3.8,2.5],"to":[9.05602,4.45,12.5],"rotation":{"angle":-22.5,"axis":"z","origin":[13.30602,10.80898,9.5]},"faces":{"north":{"uv":[3.33333,1.0,4.66667,3.66667],"texture":"#1","tintindex":0},"south":{"uv":[11.33333,1.66667,12.33333,4.33333],"texture":"#1","tintindex":0},"west":{"uv":[5.0,0.33333,8.33333,3.0],"texture":"#1","tintindex":0},"down":{"uv":[0.33333,3.66667,1.66667,7.0],"texture":"#1","tintindex":0}}},{"from":[3.48,-1.02,2.48],"to":[12.52,10.02,12.52],"rotation":{"angle":0.0,"axis":"x","origin":[8.0,4.5,9.0]},"faces":{"north":{"uv":[3.0,0.0,0.0,3.66667],"texture":"#1","tintindex":0},"east":{"uv":[8.0,3.66667,4.66667,7.33333],"texture":"#1","tintindex":0},"south":{"uv":[13.33333,5.0,10.33333,8.66667],"texture":"#1","tintindex":0},"west":{"uv":[4.66667,3.66667,8.0,7.33333],"texture":"#1","tintindex":0},"up":{"uv":[11.33333,0.33333,8.33333,3.66667],"texture":"#1","tintindex":0},"down":{"uv":[7.33333,7.33333,10.33333,10.66667],"texture":"#1","tintindex":0}}},{"from":[5.99,9.51455,9.82559],"to":[10.01,11.53455,12.84559],"rotation":{"angle":22.5,"axis":"x","origin":[9.5,4.02455,7.33559]},"faces":{"east":{"uv":[10.33333,3.66667,9.33333,4.33333],"texture":"#1","tintindex":0},"south":{"uv":[9.33333,4.66667,8.0,5.33333],"texture":"#1","tintindex":0},"west":{"uv":[9.33333,3.66667,10.33333,4.33333],"texture":"#1","tintindex":0},"up":{"uv":[9.33333,3.66667,8.0,4.66667],"texture":"#1","tintindex":0},"down":{"uv":[10.33333,5.33333,9.0,6.33333],"texture":"#1","tintindex":0}}},{"from":[3.0,-3.75,2.44975],"to":[13.0,0.25,12.44975],"rotation":{"angle":-22.5,"axis":"x","origin":[8.5,-0.5,5.44975]},"faces":{"north":{"uv":[4.0,7.33333,7.33333,8.66667],"texture":"#1","tintindex":0},"east":{"uv":[4.0,7.33333,7.33333,8.66667],"texture":"#1","tintindex":0},"south":{"uv":[4.0,7.33333,7.33333,8.66667],"texture":"#1","tintindex":0},"west":{"uv":[4.0,7.33333,7.33333,8.66667],"texture":"#1","tintindex":0},"up":{"uv":[0.66667,10.33333,4.0,7.0],"texture":"#1","tintindex":0},"down":{"uv":[0.66667,7.0,4.0,10.33333],"texture":"#1","tintindex":0}}},{"from":[9.05602,4.45,12.5],"to":[5.30602,-3.8,2.5],"rotation":{"angle":-22.5,"axis":"z","origin":[13.30602,10.80898,9.5]},"faces":{"north":{"uv":[11.33333,4.33333,12.33333,1.66667],"texture":"#1","tintindex":0},"east":{"uv":[5.0,3.0,8.33333,0.33333],"texture":"#1","tintindex":0},"south":{"uv":[3.33333,3.66667,4.66667,1.0],"texture":"#1","tintindex":0},"up":{"uv":[1.66667,3.66667,0.33333,7.0],"texture":"#1","tintindex":0}}},{"from":[10.69398,4.45,12.5],"to":[6.94398,-3.8,2.5],"rotation":{"angle":22.5,"axis":"z","origin":[2.69398,10.80898,9.5]},"faces":{"north":{"uv":[12.33333,4.33333,11.33333,1.66667],"texture":"#1","tintindex":0},"south":{"uv":[4.66667,3.66667,3.33333,1.0],"texture":"#1","tintindex":0},"west":{"uv":[8.33333,3.0,5.0,0.33333],"texture":"#1","tintindex":0},"up":{"uv":[0.33333,3.66667,1.66667,7.0],"texture":"#1","tintindex":0}}},{"from":[12.52,10.02,12.52],"to":[3.48,-1.02,2.48],"rotation":{"angle":0.0,"axis":"x","origin":[8.0,4.5,9.0]},"faces":{"north":{"uv":[13.33333,8.66667,10.33333,5.0],"texture":"#1","tintindex":0},"east":{"uv":[4.66667,7.33333,8.0,3.66667],"texture":"#1","tintindex":0},"south":{"uv":[3.0,3.66667,0.0,0.0],"texture":"#1","tintindex":0},"west":{"uv":[8.0,7.33333,4.66667,3.66667],"texture":"#1","tintindex":0},"up":{"uv":[10.33333,7.33333,7.33333,10.66667],"texture":"#1","tintindex":0},"down":{"uv":[8.33333,0.33333,11.33333,3.66667],"texture":"#1","tintindex":0}}},{"from":[2.0,-2.0,2.5],"to":[14.0,9.0,2.5],"rotation":{"angle":0.0,"axis":"y","origin":[8.5,4.5,9.0]},"faces":{"north":{"uv":[2.0,2.0,14.0,13.0],"texture":"#2"},"east":{"uv":[14.0,7.25,12.75,8.625],"texture":"#2","tintindex":0},"south":{"uv":[2.0,2.0,14.0,13.0],"texture":"#2"},"west":{"uv":[12.75,7.25,14.0,8.625],"texture":"#2","tintindex":0},"up":{"uv":[15.25,6.0,14.125,7.25],"texture":"#2","tintindex":0},"down":{"uv":[13.75,8.625,14.875,9.875],"texture":"#2","tintindex":0}}},{"from":[2.0,-1.0,3.0],"to":[14.0,10.0,3.0],"rotation":{"angle":0.0,"axis":"y","origin":[8.5,4.5,9.0]},"faces":{"north":{"uv":[11.33333,11.33333,15.33333,15.0],"texture":"#1","tintindex":0},"east":{"uv":[14.0,7.25,12.75,8.625],"texture":"#2","tintindex":0},"south":{"uv":[11.33333,11.33333,15.33333,15.0],"texture":"#1"},"west":{"uv":[12.75,7.25,14.0,8.625],"texture":"#2","tintindex":0},"up":{"uv":[15.25,6.0,14.125,7.25],"texture":"#2","tintindex":0},"down":{"uv":[13.75,8.625,14.875,9.875],"texture":"#2","tintindex":0}}}],"display":{"thirdperson_righthand":{"translation":[0.0,1.0,0.75],"rotation":[55.5,34.0,0.0],"scale":[0.52539,0.52539,0.52539]},"thirdperson_lefthand":{"translation":[0.0,1.0,0.75],"rotation":[55.5,34.0,0.0],"scale":[0.52539,0.52539,0.52539]},"firstperson_righthand":{"translation":[9.5,0.0,-5.75],"rotation":[21.0,114.5,-13.75],"scale":[0.41992,0.41992,0.41992]},"firstperson_lefthand":{"translation":[9.5,0.0,-5.75],"rotation":[21.0,114.5,-13.75],"scale":[0.41992,0.41992,0.41992]},"gui":{"translation":[-0.25,3.5,0.0],"rotation":[-149.61,-31.92,-180.0],"scale":[0.77539,0.77539,0.77539]},"head":{"translation":[0.0,6.25,0.25],"rotation":[-1.75,0.0,0.0],"scale":[1.6,1.6,1.6]}},"credit":"Made with Blockbench","gui_light":"front"}