{"textures":{"1":"mcc:island_cosmetics/general/hat/shroud/voyager"},"elements":[{"from":[6.84398,-3.8,2.5],"to":[10.59398,4.45,12.5],"rotation":{"angle":22.5,"axis":"z","origin":[2.59398,10.80898,9.5]},"faces":{"north":{"uv":[3.5,0.75,2.5,2.75],"texture":"#1","tintindex":0},"east":{"uv":[6.25,0.25,3.75,2.25],"texture":"#1","tintindex":0},"south":{"uv":[9.25,1.25,8.5,3.25],"texture":"#1","tintindex":0},"down":{"uv":[1.25,2.75,0.25,5.25],"texture":"#1","tintindex":0}}},{"from":[5.20602,-3.8,2.5],"to":[8.95602,4.45,12.5],"rotation":{"angle":-22.5,"axis":"z","origin":[13.20602,10.80898,9.5]},"faces":{"north":{"uv":[2.5,0.75,3.5,2.75],"texture":"#1","tintindex":0},"south":{"uv":[8.5,1.25,9.25,3.25],"texture":"#1","tintindex":0},"west":{"uv":[3.75,0.25,6.25,2.25],"texture":"#1","tintindex":0},"down":{"uv":[0.25,2.75,1.25,5.25],"texture":"#1","tintindex":0}}},{"from":[3.38,-1.02,2.48],"to":[12.42,10.02,12.52],"rotation":{"angle":0.0,"axis":"y","origin":[7.9,4.5,9.0]},"faces":{"north":{"uv":[2.25,0.0,0.0,2.75],"texture":"#1","tintindex":0},"east":{"uv":[6.0,2.75,3.5,5.5],"texture":"#1","tintindex":0},"south":{"uv":[10.0,3.75,7.75,6.5],"texture":"#1","tintindex":0},"west":{"uv":[3.5,2.75,6.0,5.5],"texture":"#1","tintindex":0},"up":{"uv":[8.5,0.25,6.25,2.75],"texture":"#1","tintindex":0},"down":{"uv":[5.5,5.5,7.75,8.0],"texture":"#1","tintindex":0}}},{"from":[5.89,9.51455,9.82559],"to":[9.91,11.53455,12.84559],"rotation":{"angle":22.5,"axis":"x","origin":[9.4,4.02455,7.33559]},"faces":{"east":{"uv":[7.75,2.75,7.0,3.25],"texture":"#1","tintindex":0},"south":{"uv":[7.0,3.5,6.0,4.0],"texture":"#1","tintindex":0},"west":{"uv":[7.0,2.75,7.75,3.25],"texture":"#1","tintindex":0},"up":{"uv":[7.0,2.75,6.0,3.5],"texture":"#1","tintindex":0},"down":{"uv":[7.75,4.0,6.75,4.75],"texture":"#1","tintindex":0}}},{"from":[2.9,-3.75,2.44975],"to":[12.9,0.25,12.44975],"rotation":{"angle":-22.5,"axis":"x","origin":[8.4,-0.5,5.44975]},"faces":{"north":{"uv":[3.0,5.5,5.5,6.5],"texture":"#1","tintindex":0},"east":{"uv":[3.0,5.5,5.5,6.5],"texture":"#1","tintindex":0},"south":{"uv":[3.0,5.5,5.5,6.5],"texture":"#1","tintindex":0},"west":{"uv":[3.0,5.5,5.5,6.5],"texture":"#1","tintindex":0},"up":{"uv":[0.5,7.75,3.0,5.25],"texture":"#1","tintindex":0},"down":{"uv":[0.5,5.25,3.0,7.75],"texture":"#1","tintindex":0}}},{"from":[6.74398,-3.9,2.4],"to":[10.69398,4.55,12.6],"rotation":{"angle":22.5,"axis":"z","origin":[2.59398,10.80898,9.5]},"faces":{"north":{"uv":[9.50001,8.75,8.5,10.75],"texture":"#1"},"east":{"uv":[12.25,8.24999,9.75,10.25],"texture":"#1"},"south":{"uv":[15.25,9.25,14.5,11.24999],"texture":"#1"},"down":{"uv":[7.25001,10.75,6.25,13.25],"texture":"#1"}}},{"from":[5.10602,-3.9,2.4],"to":[9.05602,4.55,12.6],"rotation":{"angle":-22.5,"axis":"z","origin":[13.20602,10.80898,9.5]},"faces":{"north":{"uv":[8.5,8.75,9.50001,10.75],"texture":"#1"},"south":{"uv":[14.5,9.25,15.25,11.24999],"texture":"#1"},"west":{"uv":[9.75,8.24999,12.25,10.25],"texture":"#1"},"down":{"uv":[6.25,10.75,7.25001,13.25],"texture":"#1"}}},{"from":[3.28,-1.12,2.38],"to":[12.52,10.12,12.62],"rotation":{"angle":0.0,"axis":"y","origin":[7.9,4.5,9.0]},"faces":{"north":{"uv":[8.25,8.0,6.0,10.75],"texture":"#1"},"east":{"uv":[12.0,10.75,9.50001,13.49999],"texture":"#1"},"south":{"uv":[16.0,11.75,13.75,14.5],"texture":"#1"},"west":{"uv":[9.50001,10.75,12.0,13.49999],"texture":"#1"},"up":{"uv":[14.5,8.24999,12.25,10.75],"texture":"#1"},"down":{"uv":[11.5,13.49999,13.75,16.0],"texture":"#1"}}},{"from":[2.8,-3.85,2.34975],"to":[13.0,0.35,12.54975],"rotation":{"angle":-22.5,"axis":"x","origin":[8.4,-0.5,5.44975]},"faces":{"north":{"uv":[9.0,14.5,11.5,13.49999],"texture":"#1"},"east":{"uv":[9.0,14.5,11.5,13.49999],"texture":"#1"},"south":{"uv":[9.0,14.5,11.5,13.49999],"texture":"#1"},"west":{"uv":[9.0,14.5,11.5,13.49999],"texture":"#1"},"up":{"uv":[6.50001,15.74999,9.0,13.25],"texture":"#1"}}},{"from":[12.42,10.02,12.52],"to":[3.38,-1.02,2.48],"rotation":{"angle":0.0,"axis":"y","origin":[7.9,4.5,9.0]},"faces":{"north":{"uv":[10.0,6.5,7.75,3.75],"texture":"#1","tintindex":0},"east":{"uv":[3.5,5.5,6.0,2.75],"texture":"#1","tintindex":0},"south":{"uv":[2.25,2.75,0.0,0.0],"texture":"#1","tintindex":0},"west":{"uv":[6.0,5.5,3.5,2.75],"texture":"#1","tintindex":0},"up":{"uv":[7.75,5.5,5.5,8.0],"texture":"#1","tintindex":0},"down":{"uv":[6.25,0.25,8.5,2.75],"texture":"#1","tintindex":0}}},{"from":[8.95602,4.45,12.5],"to":[5.20602,-3.8,2.5],"rotation":{"angle":-22.5,"axis":"z","origin":[13.20602,10.80898,9.5]},"faces":{"north":{"uv":[8.5,3.25,9.25,1.25],"texture":"#1","tintindex":0},"east":{"uv":[3.75,2.25,6.25,0.25],"texture":"#1","tintindex":0},"south":{"uv":[2.5,2.75,3.5,0.75],"texture":"#1","tintindex":0},"up":{"uv":[1.25,2.75,0.25,5.25],"texture":"#1","tintindex":0}}},{"from":[10.59398,4.45,12.5],"to":[6.84398,-3.8,2.5],"rotation":{"angle":22.5,"axis":"z","origin":[2.59398,10.80898,9.5]},"faces":{"north":{"uv":[9.25,3.25,8.5,1.25],"texture":"#1","tintindex":0},"south":{"uv":[3.5,2.75,2.5,0.75],"texture":"#1","tintindex":0},"west":{"uv":[6.25,2.25,3.75,0.25],"texture":"#1","tintindex":0},"up":{"uv":[0.25,2.75,1.25,5.25],"texture":"#1","tintindex":0},"down":{"uv":[0.0,0.0,0.0,0.0],"texture":"#1"}}},{"from":[3.9,-0.5,1.25],"to":[11.9,7.5,3.25],"rotation":{"angle":0.0,"axis":"y","origin":[0.9,-24.0,0.0]},"faces":{"north":{"uv":[10.25,4.5,12.25,6.5],"texture":"#1"},"east":{"uv":[10.0,4.5,10.5,6.5],"texture":"#1"},"west":{"uv":[12.0,4.5,12.5,6.5],"texture":"#1"},"up":{"uv":[12.25,4.5,10.25,4.75],"texture":"#1"},"down":{"uv":[12.25,6.25,10.25,6.5],"texture":"#1"}}},{"from":[6.4,11.0,7.0],"to":[9.4,17.0,7.0],"rotation":{"angle":0.0,"axis":"y","origin":[0.4,-24.0,0.0]},"faces":{"north":{"uv":[0.5,8.0,1.25,9.5],"texture":"#1"},"south":{"uv":[0.5,8.0,1.25,9.5],"texture":"#1"},"west":{"uv":[14.5,14.5,14.5,16.0],"texture":"#1"}}},{"from":[-3.23173,7.02513,7.0],"to":[2.76827,10.02513,7.0],"rotation":{"angle":-22.5,"axis":"z","origin":[-0.23173,11.52513,7.0]},"faces":{"north":{"uv":[1.25,8.0,0.5,9.5],"texture":"#1","rotation":90},"south":{"uv":[1.25,8.0,0.5,9.5],"texture":"#1","rotation":270},"up":{"uv":[14.5,14.5,14.5,16.0],"texture":"#1","rotation":270}}},{"from":[13.03173,7.02513,7.0],"to":[19.03173,10.02513,7.0],"rotation":{"angle":22.5,"axis":"z","origin":[16.03173,11.52513,7.0]},"faces":{"north":{"uv":[1.25,9.5,0.5,8.0],"texture":"#1","rotation":90},"south":{"uv":[1.25,9.5,0.5,8.0],"texture":"#1","rotation":270},"up":{"uv":[14.5,16.0,14.5,14.5],"texture":"#1","rotation":270}}},{"from":[2.9,-7.0,5.0],"to":[4.9,-4.0,5.0],"rotation":{"angle":0.0,"axis":"y","origin":[1.4,-3.5,3.5]},"faces":{"north":{"uv":[11.75,15.0,12.25,15.75],"texture":"#1"},"south":{"uv":[11.75,15.0,12.25,15.75],"texture":"#1"}}},{"from":[10.9,-7.0,5.0],"to":[12.9,-4.0,5.0],"rotation":{"angle":0.0,"axis":"y","origin":[1.4,-3.5,3.5]},"faces":{"north":{"uv":[11.75,15.0,12.25,15.75],"texture":"#1"},"south":{"uv":[11.75,15.0,12.25,15.75],"texture":"#1"}}},{"from":[10.9,-7.0,5.0],"to":[12.9,-4.0,5.0],"rotation":{"angle":0.0,"axis":"y","origin":[1.4,-3.5,3.5]},"faces":{"north":{"uv":[12.25,15.0,12.75,15.75],"texture":"#1","tintindex":0},"south":{"uv":[12.25,15.0,12.75,15.75],"texture":"#1","tintindex":0}}},{"from":[2.9,-7.0,5.0],"to":[4.9,-4.0,5.0],"rotation":{"angle":0.0,"axis":"y","origin":[1.4,-3.5,3.5]},"faces":{"north":{"uv":[12.25,15.0,12.75,15.75],"texture":"#1","tintindex":0},"south":{"uv":[12.25,15.0,12.75,15.75],"texture":"#1","tintindex":0}}}],"display":{"thirdperson_righthand":{"translation":[0.0,1.0,0.75],"rotation":[55.5,34.0,0.0],"scale":[0.52539,0.52539,0.52539]},"thirdperson_lefthand":{"translation":[0.0,1.0,0.75],"rotation":[55.5,34.0,0.0],"scale":[0.52539,0.52539,0.52539]},"firstperson_righthand":{"translation":[9.5,0.0,-5.75],"rotation":[21.0,114.5,-13.75],"scale":[0.41992,0.41992,0.41992]},"firstperson_lefthand":{"translation":[9.5,0.0,-5.75],"rotation":[21.0,114.5,-13.75],"scale":[0.41992,0.41992,0.41992]},"gui":{"translation":[-0.25,3.5,0.0],"rotation":[-149.61,-31.92,-180.0],"scale":[0.77539,0.77539,0.77539]},"head":{"translation":[0.0,6.25,0.25],"rotation":[-1.75,0.0,0.0],"scale":[1.6,1.6,1.6]}},"credit":"Made with Blockbench","gui_light":"front"}