{"textures":{"0":"mcc:island_cosmetics/general/hat/snorkel/snorkel","particle":"mcc:island_cosmetics/general/hat/snorkel/snorkel"},"display":{"thirdperson_righthand":{"rotation":[64.25,0.0,0.0],"scale":[0.44336,0.44336,0.44336]},"thirdperson_lefthand":{"rotation":[64.25,0.0,0.0],"scale":[0.44336,0.44336,0.44336]},"firstperson_righthand":{"scale":[0.0,0.0,0.0]},"firstperson_lefthand":{"scale":[0.0,0.0,0.0]},"ground":{"translation":[0.0,4.25,0.0],"scale":[0.43945,0.43945,0.43945]},"gui":{"translation":[-1.5,1.25,0.0],"rotation":[-149.61,-31.92,-180.0],"scale":[0.94335,0.94335,0.94335]},"head":{"translation":[0.0,2.75,0.75],"scale":[1.6,1.6,1.6]}},"credit":"Made with Blockbench","texture_size":[32.0,32.0],"elements":[{"from":[2.9,3.4,0.4],"to":[13.1,9.6,2.6],"rotation":{"angle":0.0,"axis":"y","origin":[9.5,6.24,8.5]},"faces":{"north":{"uv":[0.5,8.5,5.5,11.5],"texture":"#0","tintindex":0.0},"east":{"uv":[0.0,8.5,1.0,11.5],"texture":"#0","tintindex":0.0},"south":{"uv":[16.5,22.5,17.0,23.0],"texture":"#0","tintindex":0.0},"west":{"uv":[1.0,8.5,0.0,11.5],"texture":"#0","tintindex":0.0},"up":{"uv":[0.5,7.0,5.5,8.0],"texture":"#0","tintindex":0.0},"down":{"uv":[0.5,6.0,5.5,7.0],"texture":"#0","tintindex":0.0}}},{"from":[3.0,3.5,0.5],"to":[13.0,9.5,3.5],"rotation":{"angle":0.0,"axis":"y","origin":[9.5,6.24,8.5]},"faces":{"north":{"uv":[0.0,3.0,5.0,6.0],"texture":"#0"},"east":{"uv":[5.0,3.0,6.5,6.0],"texture":"#0"},"south":{"uv":[5.0,0.0,10.0,3.0],"texture":"#0"},"west":{"uv":[6.5,3.0,5.0,6.0],"texture":"#0"},"up":{"uv":[0.0,1.5,5.0,3.0],"texture":"#0"},"down":{"uv":[0.0,0.0,5.0,1.5],"texture":"#0"}}},{"from":[3.49,3.99,3.49],"to":[12.51,7.01,12.51],"rotation":{"angle":0.0,"axis":"y","origin":[10.0,6.24,8.5]},"faces":{"east":{"uv":[8.5,6.5,13.0,8.0],"texture":"#0"},"west":{"uv":[13.0,6.5,8.5,8.0],"texture":"#0"}}},{"from":[3.49,3.99,3.49],"to":[12.51,7.01,12.51],"rotation":{"angle":0.0,"axis":"y","origin":[10.0,6.24,8.5]},"faces":{"east":{"uv":[8.5,5.0,13.0,6.5],"texture":"#0","tintindex":0.0},"south":{"uv":[8.5,8.0,13.0,9.5],"texture":"#0","tintindex":0.0},"west":{"uv":[13.0,5.0,8.5,6.5],"texture":"#0","tintindex":0.0}}},{"from":[1.25,0.75,4.0],"to":[3.25,12.75,6.0],"rotation":{"angle":22.5,"axis":"x","origin":[2.5,8.5,3.5]},"faces":{"north":{"uv":[7.5,5.5,8.5,11.5],"texture":"#0"},"east":{"uv":[8.5,5.5,7.5,11.5],"texture":"#0"},"south":{"uv":[7.5,5.5,8.5,11.5],"texture":"#0"},"west":{"uv":[8.5,5.5,7.5,11.5],"texture":"#0"},"down":{"uv":[8.0,11.0,8.5,11.5],"texture":"#0"}}},{"from":[1.2,12.7,3.95],"to":[3.3,14.8,6.05],"rotation":{"angle":22.5,"axis":"x","origin":[2.5,8.5,3.5]},"faces":{"north":{"uv":[10.0,1.5,10.5,2.5],"texture":"#0","tintindex":0.0},"east":{"uv":[10.0,1.5,10.5,2.5],"texture":"#0","tintindex":0.0},"south":{"uv":[10.0,1.5,10.5,2.5],"texture":"#0","tintindex":0.0},"west":{"uv":[10.0,1.5,10.5,2.5],"texture":"#0","tintindex":0.0},"down":{"uv":[10.0,2.0,10.5,2.5],"texture":"#0","tintindex":0.0}}},{"from":[1.2,2.7,3.95],"to":[3.3,6.8,6.05],"rotation":{"angle":22.5,"axis":"x","origin":[2.5,8.5,3.5]},"faces":{"north":{"uv":[11.0,1.5,12.0,3.5],"texture":"#0","tintindex":0.0},"east":{"uv":[12.0,1.5,11.0,3.5],"texture":"#0","tintindex":0.0},"south":{"uv":[11.0,1.5,12.0,3.5],"texture":"#0","tintindex":0.0},"west":{"uv":[12.0,1.5,11.0,3.5],"texture":"#0","tintindex":0.0},"up":{"uv":[5.0,1.0,5.5,1.5],"texture":"#0"},"down":{"uv":[5.0,1.0,5.5,1.5],"texture":"#0"}}},{"from":[3.25,0.75,4.0],"to":[8.25,2.75,6.0],"rotation":{"angle":22.5,"axis":"x","origin":[2.5,8.5,3.5]},"faces":{"north":{"uv":[10.0,0.0,12.5,1.0],"texture":"#0"},"east":{"uv":[31.0,14.0,31.5,14.5],"texture":"#0"},"south":{"uv":[12.5,1.0,10.0,0.0],"texture":"#0"},"west":{"uv":[5.0,29.0,0.0,34.0],"texture":"#missing"},"up":{"uv":[12.5,0.0,10.0,1.0],"texture":"#0"},"down":{"uv":[12.5,0.0,10.0,1.0],"texture":"#0"}}},{"from":[6.2,0.7,3.95],"to":[8.3,2.8,6.05],"rotation":{"angle":22.5,"axis":"x","origin":[2.5,8.5,3.5]},"faces":{"north":{"uv":[10.0,1.5,10.5,2.5],"rotation":270.0,"texture":"#0","tintindex":0.0},"east":{"uv":[50.0,31.5,51.0,32.5],"texture":"#0","tintindex":0.0},"south":{"uv":[10.5,2.5,10.0,1.5],"rotation":270.0,"texture":"#0","tintindex":0.0},"west":{"uv":[10.0,2.0,10.5,2.5],"rotation":270.0,"texture":"#0","tintindex":0.0},"up":{"uv":[10.0,2.5,10.5,1.5],"rotation":270.0,"texture":"#0","tintindex":0.0},"down":{"uv":[10.0,2.5,10.5,1.5],"rotation":270.0,"texture":"#0","tintindex":0.0}}},{"name":"cube inverted","from":[8.3,2.8,6.05],"to":[6.2,0.7,3.95],"rotation":{"angle":22.5,"axis":"x","origin":[2.5,8.5,3.5]},"faces":{"north":{"uv":[10.0,2.5,10.5,1.5],"rotation":270.0,"texture":"#0","tintindex":0.0},"east":{"uv":[10.5,2.0,10.0,2.5],"rotation":270.0,"texture":"#0","tintindex":0.0},"south":{"uv":[10.5,1.5,10.0,2.5],"rotation":270.0,"texture":"#0","tintindex":0.0},"west":{"uv":[50.0,32.5,51.0,31.5],"texture":"#0","tintindex":0.0},"up":{"uv":[10.0,1.5,10.5,2.5],"rotation":270.0,"texture":"#0","tintindex":0.0},"down":{"uv":[10.0,1.5,10.5,2.5],"rotation":270.0,"texture":"#0","tintindex":0.0}}},{"name":"cube inverted","from":[3.3,14.8,6.05],"to":[1.2,12.7,3.95],"rotation":{"angle":22.5,"axis":"x","origin":[2.5,8.5,3.5]},"faces":{"north":{"uv":[10.0,2.5,10.5,1.5],"texture":"#0","tintindex":0.0},"east":{"uv":[10.0,2.5,10.5,1.5],"texture":"#0","tintindex":0.0},"south":{"uv":[10.0,2.5,10.5,1.5],"texture":"#0","tintindex":0.0},"west":{"uv":[10.0,2.5,10.5,1.5],"texture":"#0","tintindex":0.0},"up":{"uv":[10.5,2.0,10.0,2.5],"texture":"#0","tintindex":0.0}}},{"name":"cube inverted","from":[12.51,7.01,12.51],"to":[3.49,3.99,3.49],"rotation":{"angle":0.0,"axis":"y","origin":[10.0,6.24,8.5]},"faces":{"north":{"uv":[8.5,9.5,13.0,8.0],"texture":"#0","tintindex":0.0},"east":{"uv":[13.0,6.5,8.5,5.0],"texture":"#0","tintindex":0.0},"west":{"uv":[8.5,6.5,13.0,5.0],"texture":"#0","tintindex":0.0}}},{"name":"cube inverted","from":[12.51,7.01,12.51],"to":[3.49,3.99,3.49],"rotation":{"angle":0.0,"axis":"y","origin":[10.0,6.24,8.5]},"faces":{"east":{"uv":[13.0,8.0,8.5,6.5],"texture":"#0"},"west":{"uv":[8.5,8.0,13.0,6.5],"texture":"#0"}}},{"name":"cube inverted","from":[13.0,9.5,3.5],"to":[3.0,3.5,0.5],"rotation":{"angle":0.0,"axis":"y","origin":[9.5,6.24,8.5]},"faces":{"north":{"uv":[5.0,3.0,10.0,0.0],"texture":"#0"},"east":{"uv":[6.5,6.0,5.0,3.0],"texture":"#0"},"south":{"uv":[0.0,6.0,5.0,3.0],"texture":"#0"},"west":{"uv":[5.0,6.0,6.5,3.0],"texture":"#0"},"up":{"uv":[5.0,0.0,0.0,1.5],"texture":"#0"},"down":{"uv":[5.0,1.5,0.0,3.0],"texture":"#0"}}}],"gui_light":"front"}