{"textures":{"1":"mcc:island_cosmetics/general/hat/witch_hat/wicked","2":"mcc:island_cosmetics/general/accessory/mjolnir/charged_anim","particle":"mcc:island_cosmetics/general/accessory/mjolnir/charged_anim"},"elements":[{"from":[3.5,5.0,3.5],"to":[12.5,10.0,12.5],"rotation":{"angle":0.0,"axis":"y","origin":[-0.5,0.0,-1.5]},"faces":{"north":{"uv":[3.0,0.0,6.0,1.66667],"texture":"#1"},"east":{"uv":[3.0,0.0,6.0,1.66667],"texture":"#1"},"south":{"uv":[3.0,0.0,6.0,1.66667],"texture":"#1"},"west":{"uv":[3.0,0.0,6.0,1.66667],"texture":"#1"},"up":{"uv":[0.0,3.33333,3.0,6.33333],"texture":"#1"}}},{"from":[3.4,5.15,3.4],"to":[12.6,8.35,12.6],"rotation":{"angle":0.0,"axis":"y","origin":[-0.5,0.0,-1.5]},"faces":{"north":{"uv":[0.0,0.0,3.0,1.0],"texture":"#1"},"east":{"uv":[0.0,0.0,3.0,1.0],"texture":"#1"},"south":{"uv":[0.0,0.0,3.0,1.0],"texture":"#1"},"west":{"uv":[0.0,0.0,3.0,1.0],"texture":"#1"}}},{"from":[5.5,5.25,2.75],"to":[10.5,9.25,3.75],"rotation":{"angle":0.0,"axis":"y","origin":[-1.5,0.0,-1.5]},"faces":{"north":{"uv":[10.0,3.0,8.66667,4.66667],"texture":"#1","rotation":90},"east":{"uv":[10.0,3.0,8.66667,3.33333],"texture":"#1","rotation":90},"south":{"uv":[10.0,3.0,8.66667,4.66667],"texture":"#1","rotation":90},"west":{"uv":[10.0,3.0,8.66667,3.33333],"texture":"#1","rotation":90},"up":{"uv":[9.66667,3.0,10.0,4.66667],"texture":"#1","rotation":90},"down":{"uv":[8.66667,3.0,9.0,4.66667],"texture":"#1","rotation":90}}},{"from":[4.5,9.0,4.5],"to":[11.5,15.0,11.5],"rotation":{"angle":0.0,"axis":"x","origin":[8.0,9.25,7.75]},"faces":{"north":{"uv":[6.0,0.0,8.33333,2.0],"texture":"#1"},"east":{"uv":[6.0,0.0,8.33333,2.0],"texture":"#1"},"south":{"uv":[6.0,0.0,8.33333,2.0],"texture":"#1"},"west":{"uv":[6.0,0.0,8.33333,2.0],"texture":"#1"},"up":{"uv":[0.66667,1.0,3.0,3.33333],"texture":"#1"}}},{"from":[7.5,13.75,4.5],"to":[8.5,20.75,14.5],"rotation":{"angle":22.5,"axis":"x","origin":[8.0,9.25,7.75]},"faces":{"east":{"uv":[2.66667,9.66667,0.33333,6.33333],"texture":"#1","rotation":90},"west":{"uv":[2.66667,6.33333,0.33333,9.66667],"texture":"#1","rotation":90}}},{"from":[7.87727,13.55,4.3],"to":[8.27727,20.95,14.7],"rotation":{"angle":22.5,"axis":"x","origin":[8.57727,9.25,7.75]},"faces":{"east":{"uv":[2.66667,13.0,0.33333,9.66667],"texture":"#1","tintindex":0,"rotation":90},"west":{"uv":[2.66667,9.66667,0.33333,13.0],"texture":"#1","tintindex":0,"rotation":90}}},{"from":[-0.5,4.25,-0.5],"to":[16.5,5.0,16.5],"rotation":{"angle":0.0,"axis":"y","origin":[0.5,0.0,-1.5]},"faces":{"up":{"uv":[3.0,2.0,8.66667,7.66667],"texture":"#1"},"down":{"uv":[3.0,2.0,8.66667,7.66667],"texture":"#1"}}},{"from":[-0.5,-3.02299,-0.06379],"to":[16.5,-2.27299,2.93621],"rotation":{"angle":-22.5,"axis":"x","origin":[-2.5,-7.27299,-17.06379]},"faces":{"up":{"uv":[3.0,7.66667,8.66667,8.66667],"texture":"#1"},"down":{"uv":[3.0,8.66667,8.66667,7.66667],"texture":"#1"}}},{"from":[-0.5,-3.02299,13.06379],"to":[16.5,-2.27299,16.06379],"rotation":{"angle":22.5,"axis":"x","origin":[-2.5,-7.27299,33.06379]},"faces":{"up":{"uv":[3.0,7.66667,8.66667,8.66667],"texture":"#1","rotation":180},"down":{"uv":[3.0,8.66667,8.66667,7.66667],"texture":"#1","rotation":180}}},{"from":[-2.70907,7.07636,-0.5],"to":[0.29093,7.82636,16.5],"rotation":{"angle":22.5,"axis":"z","origin":[7.0,4.42605,8.0]},"faces":{"up":{"uv":[3.0,7.66667,8.66667,8.66667],"texture":"#1","rotation":270},"down":{"uv":[3.0,7.66667,8.66667,8.66667],"texture":"#1","rotation":270}}},{"from":[15.70907,7.07636,-0.5],"to":[18.70907,7.82636,16.5],"rotation":{"angle":-22.5,"axis":"z","origin":[9.0,4.42605,8.0]},"faces":{"up":{"uv":[3.0,7.66667,8.66667,8.66667],"texture":"#1","rotation":90},"down":{"uv":[3.0,7.66667,8.66667,8.66667],"texture":"#1","rotation":90}}},{"from":[-0.5,-2.77299,13.06379],"to":[16.5,-2.77299,16.06379],"rotation":{"angle":22.5,"axis":"x","origin":[-2.5,-7.77299,33.06379]},"faces":{"up":{"uv":[3.0,14.66667,8.66667,15.66667],"texture":"#1","tintindex":0,"rotation":180},"down":{"uv":[3.0,15.66667,8.66667,14.66667],"texture":"#1","tintindex":0,"rotation":180}}},{"from":[-0.5,4.5,-0.5],"to":[16.5,4.5,16.5],"rotation":{"angle":0.0,"axis":"y","origin":[0.5,-0.5,-1.5]},"faces":{"up":{"uv":[3.0,9.0,8.66667,14.66667],"texture":"#1","tintindex":0},"down":{"uv":[3.0,9.0,8.66667,14.66667],"texture":"#1","tintindex":0}}},{"from":[-2.70907,7.32636,-0.5],"to":[0.29093,7.32636,16.5],"rotation":{"angle":22.5,"axis":"z","origin":[7.0,3.92605,8.0]},"faces":{"up":{"uv":[3.0,14.66667,8.66667,15.66667],"texture":"#1","tintindex":0,"rotation":270},"down":{"uv":[3.0,14.66667,8.66667,15.66667],"texture":"#1","tintindex":0,"rotation":270}}},{"from":[15.70907,7.32636,-0.5],"to":[18.70907,7.32636,16.5],"rotation":{"angle":-22.5,"axis":"z","origin":[9.0,3.92605,8.0]},"faces":{"up":{"uv":[3.0,14.66667,8.66667,15.66667],"texture":"#1","tintindex":0,"rotation":90},"down":{"uv":[3.0,14.66667,8.66667,15.66667],"texture":"#1","tintindex":0,"rotation":90}}},{"from":[-0.5,-2.77299,-0.06379],"to":[16.5,-2.77299,2.93621],"rotation":{"angle":-22.5,"axis":"x","origin":[-2.5,-7.77299,-17.06379]},"faces":{"up":{"uv":[3.0,14.66667,8.66667,15.66667],"texture":"#1","tintindex":0},"down":{"uv":[3.0,15.66667,8.66667,14.66667],"texture":"#1","tintindex":0}}},{"from":[6.07727,13.75,4.5],"to":[10.07727,18.75,8.5],"rotation":{"angle":22.5,"axis":"x","origin":[8.57727,9.25,7.75]},"faces":{"north":{"uv":[8.33333,0.0,9.66667,1.66667],"texture":"#1"},"east":{"uv":[8.33333,0.0,9.66667,1.66667],"texture":"#1"},"south":{"uv":[8.33333,0.0,9.66667,1.66667],"texture":"#1"},"west":{"uv":[8.33333,0.0,9.66667,1.66667],"texture":"#1"},"up":{"uv":[8.66667,1.66667,10.0,3.0],"texture":"#1"}}},{"from":[10.5,9.25,3.75],"to":[5.5,5.25,2.75],"rotation":{"angle":0.0,"axis":"y","origin":[-1.5,0.0,-1.5]},"faces":{"north":{"uv":[8.66667,3.0,10.0,4.66667],"texture":"#1","rotation":90},"east":{"uv":[8.66667,3.0,10.0,3.33333],"texture":"#1","rotation":90},"south":{"uv":[8.66667,3.0,10.0,4.66667],"texture":"#1","rotation":90},"west":{"uv":[8.66667,3.0,10.0,3.33333],"texture":"#1","rotation":90},"up":{"uv":[8.66667,4.66667,9.0,3.0],"texture":"#1","rotation":90},"down":{"uv":[9.66667,4.66667,10.0,3.0],"texture":"#1","rotation":90}}},{"from":[10.57727,19.25,9.0],"to":[5.57727,13.25,4.0],"rotation":{"angle":22.5,"axis":"x","origin":[8.57727,9.25,7.75]},"faces":{"north":{"uv":[9.0,6.33333,9.33333,6.66667],"texture":"#1","tintindex":0},"east":{"uv":[9.0,6.33333,9.33333,6.66667],"texture":"#1","tintindex":0},"south":{"uv":[9.0,6.33333,9.33333,6.66667],"texture":"#1","tintindex":0},"west":{"uv":[9.0,6.33333,9.33333,6.66667],"texture":"#1","tintindex":0},"up":{"uv":[9.0,6.33333,9.33333,6.66667],"texture":"#1","tintindex":0}}},{"from":[12.0,15.5,12.0],"to":[4.0,8.5,4.0],"rotation":{"angle":0.0,"axis":"x","origin":[8.0,9.25,7.75]},"faces":{"north":{"uv":[9.0,6.33333,9.33333,6.66667],"texture":"#1","tintindex":0},"east":{"uv":[9.0,6.33333,9.33333,6.66667],"texture":"#1","tintindex":0},"south":{"uv":[9.0,6.33333,9.33333,6.66667],"texture":"#1","tintindex":0},"west":{"uv":[9.0,6.33333,9.33333,6.66667],"texture":"#1","tintindex":0},"up":{"uv":[9.0,6.33333,9.33333,6.66667],"texture":"#1","tintindex":0}}},{"from":[13.0,10.5,13.0],"to":[3.0,4.5,3.0],"rotation":{"angle":0.0,"axis":"y","origin":[-0.5,0.0,-1.5]},"faces":{"north":{"uv":[9.0,6.33333,9.33333,6.66667],"texture":"#1","tintindex":0},"east":{"uv":[9.0,6.33333,9.33333,6.66667],"texture":"#1","tintindex":0},"south":{"uv":[9.0,6.33333,9.33333,6.66667],"texture":"#1","tintindex":0},"west":{"uv":[9.0,6.33333,9.33333,6.66667],"texture":"#1","tintindex":0}}},{"from":[13.64124,9.25,15.71662],"to":[13.64124,12.25,22.71662],"rotation":{"angle":-22.5,"axis":"y","origin":[16.64124,14.75,1.21662]},"faces":{"north":{"uv":[0.0,0.0,0.0,0.0],"texture":"#2"},"east":{"uv":[9.0,5.0,16.0,8.0],"texture":"#2","tintindex":0},"south":{"uv":[0.0,0.0,0.0,0.0],"texture":"#2"},"west":{"uv":[16.0,5.0,9.0,8.0],"texture":"#2","tintindex":0},"up":{"uv":[0.0,0.0,0.0,0.0],"texture":"#2","rotation":90},"down":{"uv":[0.0,0.0,0.0,0.0],"texture":"#2","rotation":270}}},{"from":[13.58645,10.25,11.02317],"to":[20.58645,13.25,11.02317],"rotation":{"angle":-45.0,"axis":"y","origin":[16.08645,11.75,9.02317]},"faces":{"north":{"uv":[1.0,5.0,8.0,8.0],"texture":"#2","tintindex":0},"east":{"uv":[0.0,0.0,0.0,0.0],"texture":"#2"},"south":{"uv":[8.0,5.0,1.0,8.0],"texture":"#2","tintindex":0},"west":{"uv":[0.0,0.0,0.0,0.0],"texture":"#2"},"up":{"uv":[0.0,0.0,0.0,0.0],"texture":"#2"},"down":{"uv":[0.0,0.0,0.0,0.0],"texture":"#2"}}},{"from":[11.14124,13.25,4.21662],"to":[18.14124,16.25,4.21662],"rotation":{"angle":22.5,"axis":"y","origin":[16.64124,14.75,1.21662]},"faces":{"north":{"uv":[9.0,5.0,16.0,8.0],"texture":"#2","tintindex":0},"east":{"uv":[0.0,0.0,0.0,0.0],"texture":"#2"},"south":{"uv":[16.0,5.0,9.0,8.0],"texture":"#2","tintindex":0},"west":{"uv":[0.0,0.0,0.0,0.0],"texture":"#2"},"up":{"uv":[0.0,0.0,0.0,0.0],"texture":"#2"},"down":{"uv":[0.0,0.0,0.0,0.0],"texture":"#2"}}},{"from":[0.35876,8.25,-1.28338],"to":[0.35876,11.25,5.71662],"rotation":{"angle":45.0,"axis":"y","origin":[-0.64124,21.75,1.21662]},"faces":{"north":{"uv":[0.0,0.0,0.0,0.0],"texture":"#2"},"east":{"uv":[16.0,0.0,9.0,3.0],"texture":"#2","tintindex":0},"south":{"uv":[0.0,0.0,0.0,0.0],"texture":"#2"},"west":{"uv":[9.0,0.0,16.0,3.0],"texture":"#2","tintindex":0},"up":{"uv":[0.0,0.0,0.0,0.0],"texture":"#2"},"down":{"uv":[0.0,0.0,0.0,0.0],"texture":"#2"}}},{"from":[-0.64124,10.25,8.21662],"to":[6.35876,13.25,8.21662],"rotation":{"angle":-22.5,"axis":"y","origin":[-0.64124,17.75,1.21662]},"faces":{"north":{"uv":[8.0,5.0,1.0,8.0],"texture":"#2","tintindex":0},"east":{"uv":[0.0,0.0,0.0,0.0],"texture":"#2"},"south":{"uv":[1.0,5.0,8.0,8.0],"texture":"#2","tintindex":0},"west":{"uv":[0.0,0.0,0.0,0.0],"texture":"#2"},"up":{"uv":[0.0,0.0,0.0,0.0],"texture":"#2"},"down":{"uv":[0.0,0.0,0.0,0.0],"texture":"#2"}}}],"display":{"thirdperson_righthand":{"translation":[0.0,1.0,0.75],"rotation":[55.5,34.0,0.0],"scale":[0.52539,0.52539,0.52539]},"thirdperson_lefthand":{"translation":[0.0,1.0,0.75],"rotation":[55.5,34.0,0.0],"scale":[0.52539,0.52539,0.52539]},"firstperson_righthand":{"translation":[9.5,0.0,-5.75],"rotation":[21.0,114.5,-13.75],"scale":[0.41992,0.41992,0.41992]},"firstperson_lefthand":{"translation":[9.5,0.0,-5.75],"rotation":[21.0,114.5,-13.75],"scale":[0.41992,0.41992,0.41992]},"gui":{"translation":[0.5,-0.5,0.0],"rotation":[-137.23,-50.79,-161.6],"scale":[0.62695,0.62695,0.62695]},"head":{"translation":[0.0,8.25,0.25],"rotation":[8.0,0.0,0.0],"scale":[1.67227,1.67227,1.67227]}},"credit":"Made with Blockbench","gui_light":"front"}