{"textures":{"0":"mcc:island_cosmetics/general/hat/sea_shell/sea_shell","particle":"mcc:island_cosmetics/general/hat/sea_shell/sea_shell"},"elements":[{"from":[1.5,2.0,1.5],"to":[14.5,14.0,7.5],"rotation":{"angle":0.0,"axis":"x","origin":[8.0,6.5,5.0]},"faces":{"north":{"uv":[6.0,4.33333,10.33333,8.33333],"texture":"#0","tintindex":0},"east":{"uv":[0.0,2.0,4.0,4.0],"texture":"#0","tintindex":0,"rotation":90},"south":{"uv":[4.33333,0.0,8.33333,4.33333],"texture":"#0","tintindex":0,"rotation":90},"west":{"uv":[0.0,4.0,4.0,2.0],"texture":"#0","tintindex":0,"rotation":90},"up":{"uv":[0.0,0.0,4.33333,2.0],"texture":"#0","tintindex":0},"down":{"uv":[0.0,2.0,4.33333,0.0],"texture":"#0","tintindex":0}}},{"from":[4.5,3.0,7.5],"to":[13.5,12.0,12.5],"rotation":{"angle":0.0,"axis":"x","origin":[8.0,6.5,5.0]},"faces":{"east":{"uv":[3.0,4.0,0.0,5.66667],"texture":"#0","tintindex":0,"rotation":90},"south":{"uv":[3.0,7.33333,6.0,4.33333],"texture":"#0","tintindex":0,"rotation":90},"west":{"uv":[0.0,5.66667,3.0,4.0],"texture":"#0","tintindex":0,"rotation":90},"up":{"uv":[0.0,4.0,3.0,5.66667],"texture":"#0","tintindex":0},"down":{"uv":[3.0,5.66667,0.0,4.0],"texture":"#0","tintindex":0}}},{"from":[7.5,5.0,12.5],"to":[12.5,10.0,16.5],"rotation":{"angle":0.0,"axis":"x","origin":[8.0,6.5,5.0]},"faces":{"east":{"uv":[1.66667,8.66667,0.0,7.33333],"texture":"#0","tintindex":0,"rotation":270},"south":{"uv":[0.0,5.66667,1.66667,7.33333],"texture":"#0","tintindex":0},"west":{"uv":[1.66667,5.66667,3.0,7.33333],"texture":"#0","tintindex":0},"up":{"uv":[0.0,7.33333,1.66667,8.66667],"texture":"#0","tintindex":0},"down":{"uv":[1.66667,8.66667,0.0,7.33333],"texture":"#0","tintindex":0}}}],"display":{"thirdperson_righthand":{"translation":[0.0,1.0,-1.0],"rotation":[63.0,34.0,0.0],"scale":[0.52539,0.52539,0.52539]},"thirdperson_lefthand":{"translation":[0.0,1.0,-1.0],"rotation":[63.0,34.0,0.0],"scale":[0.52539,0.52539,0.52539]},"firstperson_righthand":{"translation":[9.5,0.0,-5.75],"rotation":[3.0,112.0,-13.0],"scale":[0.41992,0.41992,0.41992]},"firstperson_lefthand":{"translation":[9.5,0.0,-5.75],"rotation":[3.0,112.0,-13.0],"scale":[0.41992,0.41992,0.41992]},"ground":{"translation":[0.0,16.0,0.75],"rotation":[-18.05,1.6,-1.19],"scale":[0.83789,0.83789,0.83789]},"gui":{"translation":[-0.25,1.25,0.0],"rotation":[-136.07,-41.0,-170.77],"scale":[0.75195,0.75195,0.75195]},"head":{"translation":[3.5,6.5,9.0],"rotation":[-36.4,19.6,8.72],"scale":[1.60977,1.60977,1.60977]},"fixed":{"translation":[0.0,-3.25,-7.5]}},"credit":"Made with Blockbench","gui_light":"front"}