{"textures":{"0":"mcc:island_cosmetics/general/hat/welding_mask/welding_mask_2","1":"mcc:island_cosmetics/general/hat/welding_mask/glow","particle":"mcc:island_cosmetics/general/hat/welding_mask/welding_mask_2"},"elements":[{"from":[2.5,2.5,3.5],"to":[13.5,11.5,15.5],"rotation":{"angle":-22.5,"axis":"x","origin":[8.0,4.5,10.0]},"faces":{"east":{"uv":[3.0,0.0,5.25,3.0],"texture":"#0","tintindex":0,"rotation":270},"south":{"uv":[0.0,3.0,2.75,5.25],"texture":"#0","tintindex":0},"west":{"uv":[5.25,0.0,3.0,3.0],"texture":"#0","tintindex":0,"rotation":90},"up":{"uv":[0.0,0.0,2.75,3.0],"texture":"#0","tintindex":0,"rotation":180}}},{"from":[12.5,2.5,8.5],"to":[14.5,6.5,12.5],"rotation":{"angle":-22.5,"axis":"x","origin":[8.0,4.5,10.0]},"faces":{"north":{"uv":[2.75,3.75,3.75,4.0],"texture":"#0","rotation":270},"east":{"uv":[3.75,3.0,2.75,4.0],"texture":"#0","rotation":270},"south":{"uv":[2.75,3.0,3.75,3.25],"texture":"#0","rotation":90},"west":{"uv":[3.75,3.0,2.75,4.0],"texture":"#0","rotation":90},"up":{"uv":[3.5,3.0,3.75,4.0],"texture":"#0","rotation":180},"down":{"uv":[3.5,3.0,3.75,4.0],"texture":"#0"}}},{"from":[1.5,2.5,8.5],"to":[3.5,6.5,12.5],"rotation":{"angle":-22.5,"axis":"x","origin":[8.0,4.5,10.0]},"faces":{"north":{"uv":[2.75,4.0,3.75,3.75],"texture":"#0","rotation":270},"east":{"uv":[2.75,3.0,3.75,4.0],"texture":"#0","rotation":270},"south":{"uv":[2.75,3.25,3.75,3.0],"texture":"#0","rotation":90},"west":{"uv":[2.75,3.0,3.75,4.0],"texture":"#0","rotation":90},"up":{"uv":[3.75,3.0,3.5,4.0],"texture":"#0","rotation":180},"down":{"uv":[3.75,3.0,3.5,4.0],"texture":"#0"}}},{"from":[3.1,10.6,7.1],"to":[12.9,12.4,12.9],"rotation":{"angle":-22.5,"axis":"x","origin":[8.0,4.5,10.0]},"faces":{"north":{"uv":[3.0,5.25,5.25,5.5],"texture":"#0","rotation":180},"east":{"uv":[3.0,4.25,3.25,5.5],"texture":"#0","rotation":270},"south":{"uv":[3.0,4.25,5.25,4.5],"texture":"#0"},"west":{"uv":[3.0,4.25,3.25,5.5],"texture":"#0","rotation":90},"up":{"uv":[3.0,4.25,5.25,5.5],"texture":"#0","rotation":180}}},{"from":[2.5,11.5,3.5],"to":[13.5,11.5,15.5],"rotation":{"angle":-22.5,"axis":"x","origin":[8.0,4.5,10.0]},"faces":{"east":{"uv":[3.0,0.0,5.25,3.0],"texture":"#0","rotation":270},"south":{"uv":[0.0,3.0,2.75,5.25],"texture":"#0"},"west":{"uv":[5.25,0.0,3.0,3.0],"texture":"#0","rotation":90},"up":{"uv":[5.25,0.0,8.0,3.0],"texture":"#0","rotation":180},"down":{"uv":[5.25,0.0,8.0,3.0],"texture":"#0"}}},{"from":[13.5,11.5,15.5],"to":[2.5,2.5,3.5],"rotation":{"angle":-22.5,"axis":"x","origin":[8.0,4.5,10.0]},"faces":{"north":{"uv":[2.75,3.0,0.0,5.25],"texture":"#0","tintindex":0,"rotation":180},"east":{"uv":[5.25,3.0,3.0,0.0],"texture":"#0","tintindex":0,"rotation":270},"west":{"uv":[3.0,3.0,5.25,0.0],"texture":"#0","tintindex":0,"rotation":90},"down":{"uv":[0.0,3.0,2.75,0.0],"texture":"#0","tintindex":0}}},{"from":[2.5,2.5,3.5],"to":[13.5,11.5,15.5],"rotation":{"angle":-45.0,"axis":"x","origin":[8.0,4.5,10.0]},"faces":{"east":{"uv":[11.0,0.0,13.25,3.0],"texture":"#0","tintindex":0,"rotation":270},"south":{"uv":[8.0,3.0,10.75,5.25],"texture":"#0","tintindex":0},"west":{"uv":[13.25,0.0,11.0,3.0],"texture":"#0","tintindex":0,"rotation":90},"up":{"uv":[8.0,0.0,10.75,3.0],"texture":"#0","tintindex":0,"rotation":180}}},{"from":[12.5,2.5,8.5],"to":[14.5,6.5,12.5],"rotation":{"angle":-45.0,"axis":"x","origin":[8.0,4.5,10.0]},"faces":{"north":{"uv":[10.75,3.75,11.75,4.0],"texture":"#0","rotation":270},"east":{"uv":[11.75,3.0,10.75,4.0],"texture":"#0","rotation":270},"south":{"uv":[10.75,3.0,11.75,3.25],"texture":"#0","rotation":90},"west":{"uv":[11.75,3.0,10.75,4.0],"texture":"#0","rotation":90},"up":{"uv":[11.5,3.0,11.75,4.0],"texture":"#0","rotation":180},"down":{"uv":[11.5,3.0,11.75,4.0],"texture":"#0"}}},{"from":[1.5,2.5,8.5],"to":[3.5,6.5,12.5],"rotation":{"angle":-45.0,"axis":"x","origin":[8.0,4.5,10.0]},"faces":{"north":{"uv":[10.75,4.0,11.75,3.75],"texture":"#0","rotation":270},"east":{"uv":[10.75,3.0,11.75,4.0],"texture":"#0","rotation":270},"south":{"uv":[10.75,3.25,11.75,3.0],"texture":"#0","rotation":90},"west":{"uv":[10.75,3.0,11.75,4.0],"texture":"#0","rotation":90},"up":{"uv":[11.75,3.0,11.5,4.0],"texture":"#0","rotation":180},"down":{"uv":[11.75,3.0,11.5,4.0],"texture":"#0"}}},{"from":[3.1,10.6,7.1],"to":[12.9,12.4,12.9],"rotation":{"angle":-45.0,"axis":"x","origin":[8.0,4.5,10.0]},"faces":{"north":{"uv":[11.0,5.25,13.25,5.5],"texture":"#0","rotation":180},"east":{"uv":[11.0,4.25,11.25,5.5],"texture":"#0","rotation":270},"south":{"uv":[11.0,4.25,13.25,4.5],"texture":"#0"},"west":{"uv":[11.0,4.25,11.25,5.5],"texture":"#0","rotation":90},"up":{"uv":[11.0,4.25,13.25,5.5],"texture":"#0","rotation":180}}},{"from":[2.5,11.5,3.5],"to":[13.5,11.5,15.5],"rotation":{"angle":-45.0,"axis":"x","origin":[8.0,4.5,10.0]},"faces":{"east":{"uv":[11.0,0.0,13.25,3.0],"texture":"#0","rotation":270},"south":{"uv":[8.0,3.0,10.75,5.25],"texture":"#0"},"west":{"uv":[13.25,0.0,11.0,3.0],"texture":"#0","rotation":90},"up":{"uv":[13.25,0.0,16.0,3.0],"texture":"#0","rotation":180},"down":{"uv":[13.25,0.0,16.0,3.0],"texture":"#0"}}},{"from":[13.5,11.5,15.5],"to":[2.5,2.5,3.5],"rotation":{"angle":-45.0,"axis":"x","origin":[8.0,4.5,10.0]},"faces":{"north":{"uv":[10.75,3.0,8.0,5.25],"texture":"#0","tintindex":0,"rotation":180},"east":{"uv":[13.25,3.0,11.0,0.0],"texture":"#0","tintindex":0,"rotation":270},"west":{"uv":[11.0,3.0,13.25,0.0],"texture":"#0","tintindex":0,"rotation":90},"down":{"uv":[8.0,3.0,10.75,0.0],"texture":"#0","tintindex":0}}},{"from":[2.5,-2.0,3.0],"to":[13.5,10.0,12.0],"rotation":{"angle":22.5,"axis":"x","origin":[8.0,4.5,10.0]},"faces":{"north":{"uv":[0.0,8.0,2.75,11.0],"texture":"#0","tintindex":0},"east":{"uv":[3.0,8.0,5.25,11.0],"texture":"#0","tintindex":0},"west":{"uv":[5.25,8.0,3.0,11.0],"texture":"#0","tintindex":0},"up":{"uv":[0.0,11.0,2.75,13.25],"texture":"#0","tintindex":0}}},{"from":[12.5,3.0,8.0],"to":[14.5,7.0,12.0],"rotation":{"angle":22.5,"axis":"x","origin":[8.0,4.5,10.0]},"faces":{"north":{"uv":[3.5,11.0,3.75,12.0],"texture":"#0"},"east":{"uv":[3.75,11.0,2.75,12.0],"texture":"#0"},"south":{"uv":[3.5,11.0,3.75,12.0],"texture":"#0"},"west":{"uv":[3.75,11.0,2.75,12.0],"texture":"#0"},"up":{"uv":[2.75,11.0,3.75,11.25],"texture":"#0","rotation":90},"down":{"uv":[2.75,11.75,3.75,12.0],"texture":"#0","rotation":90}}},{"from":[1.5,3.0,8.0],"to":[3.5,7.0,12.0],"rotation":{"angle":22.5,"axis":"x","origin":[8.0,4.5,10.0]},"faces":{"north":{"uv":[3.75,11.0,3.5,12.0],"texture":"#0"},"east":{"uv":[2.75,11.0,3.75,12.0],"texture":"#0"},"south":{"uv":[3.75,11.0,3.5,12.0],"texture":"#0"},"west":{"uv":[2.75,11.0,3.75,12.0],"texture":"#0"},"up":{"uv":[2.75,11.25,3.75,11.0],"texture":"#0","rotation":90},"down":{"uv":[2.75,12.0,3.75,11.75],"texture":"#0","rotation":90}}},{"from":[3.1,1.6,2.1],"to":[12.9,7.4,3.9],"rotation":{"angle":22.5,"axis":"x","origin":[8.0,4.5,10.0]},"faces":{"north":{"uv":[3.0,12.25,5.25,13.5],"texture":"#0"},"east":{"uv":[3.0,12.25,3.25,13.5],"texture":"#0"},"west":{"uv":[3.0,12.25,3.25,13.5],"texture":"#0"},"up":{"uv":[3.0,12.25,5.25,12.5],"texture":"#0"},"down":{"uv":[3.0,13.25,5.25,13.5],"texture":"#0"}}},{"from":[2.5,-2.0,3.0],"to":[13.5,10.0,3.0],"rotation":{"angle":22.5,"axis":"x","origin":[8.0,4.5,10.0]},"faces":{"north":{"uv":[5.25,8.0,8.0,11.0],"texture":"#0"},"east":{"uv":[3.0,8.0,5.25,11.0],"texture":"#0"},"south":{"uv":[5.25,8.0,8.0,11.0],"texture":"#0"},"west":{"uv":[5.25,8.0,3.0,11.0],"texture":"#0"},"up":{"uv":[0.0,11.0,2.75,13.25],"texture":"#0"}}},{"from":[13.5,10.0,12.0],"to":[2.5,-2.0,3.0],"rotation":{"angle":22.5,"axis":"x","origin":[8.0,4.5,10.0]},"faces":{"east":{"uv":[5.25,11.0,3.0,8.0],"texture":"#0","tintindex":0},"south":{"uv":[0.0,11.0,2.75,8.0],"texture":"#0","tintindex":0},"west":{"uv":[3.0,11.0,5.25,8.0],"texture":"#0","tintindex":0},"down":{"uv":[2.75,11.0,0.0,13.25],"texture":"#0","tintindex":0}}},{"from":[2.5,-2.0,3.0],"to":[13.5,10.0,12.0],"rotation":{"angle":0.0,"axis":"x","origin":[8.0,4.5,10.0]},"faces":{"north":{"uv":[8.0,8.0,10.75,11.0],"texture":"#0","tintindex":0},"east":{"uv":[11.0,8.0,13.25,11.0],"texture":"#0","tintindex":0},"west":{"uv":[13.25,8.0,11.0,11.0],"texture":"#0","tintindex":0},"up":{"uv":[8.0,11.0,10.75,13.25],"texture":"#0","tintindex":0}}},{"from":[12.5,3.0,8.0],"to":[14.5,7.0,12.0],"rotation":{"angle":0.0,"axis":"x","origin":[8.0,4.5,10.0]},"faces":{"north":{"uv":[11.5,11.0,11.75,12.0],"texture":"#0"},"east":{"uv":[11.75,11.0,10.75,12.0],"texture":"#0"},"south":{"uv":[11.5,11.0,11.75,12.0],"texture":"#0"},"west":{"uv":[11.75,11.0,10.75,12.0],"texture":"#0"},"up":{"uv":[10.75,11.0,11.75,11.25],"texture":"#0","rotation":90},"down":{"uv":[10.75,11.75,11.75,12.0],"texture":"#0","rotation":90}}},{"from":[1.5,3.0,8.0],"to":[3.5,7.0,12.0],"rotation":{"angle":0.0,"axis":"x","origin":[8.0,4.5,10.0]},"faces":{"north":{"uv":[11.75,11.0,11.5,12.0],"texture":"#0"},"east":{"uv":[10.75,11.0,11.75,12.0],"texture":"#0"},"south":{"uv":[11.75,11.0,11.5,12.0],"texture":"#0"},"west":{"uv":[10.75,11.0,11.75,12.0],"texture":"#0"},"up":{"uv":[10.75,11.25,11.75,11.0],"texture":"#0","rotation":90},"down":{"uv":[10.75,12.0,11.75,11.75],"texture":"#0","rotation":90}}},{"from":[3.1,1.6,2.1],"to":[12.9,7.4,3.9],"rotation":{"angle":0.0,"axis":"x","origin":[8.0,4.5,10.0]},"faces":{"north":{"uv":[11.0,12.25,13.25,13.5],"texture":"#0"},"east":{"uv":[11.0,12.25,11.25,13.5],"texture":"#0"},"west":{"uv":[11.0,12.25,11.25,13.5],"texture":"#0"},"up":{"uv":[11.0,12.25,13.25,12.5],"texture":"#0"},"down":{"uv":[11.0,13.25,13.25,13.5],"texture":"#0"}}},{"from":[3.5,2.0,3.0],"to":[12.5,7.0,3.0],"rotation":{"angle":0.0,"axis":"x","origin":[8.0,4.5,10.0]},"faces":{"north":{"uv":[0.0,0.0,9.0,5.0],"texture":"#1"},"east":{"uv":[11.0,8.0,13.25,11.0],"texture":"#0"},"south":{"uv":[0.0,0.0,9.0,5.0],"texture":"#1"},"west":{"uv":[13.25,8.0,11.0,11.0],"texture":"#0"},"up":{"uv":[8.0,11.0,10.75,13.25],"texture":"#0"}}},{"from":[13.5,10.0,12.0],"to":[2.5,-2.0,3.0],"rotation":{"angle":0.0,"axis":"x","origin":[8.0,4.5,10.0]},"faces":{"east":{"uv":[13.25,11.0,11.0,8.0],"texture":"#0","tintindex":0},"south":{"uv":[8.0,11.0,10.75,8.0],"texture":"#0","tintindex":0},"west":{"uv":[11.0,11.0,13.25,8.0],"texture":"#0","tintindex":0},"down":{"uv":[10.75,11.0,8.0,13.25],"texture":"#0","tintindex":0}}},{"from":[11.8,6.3,3.3],"to":[4.2,2.7,-2.3],"rotation":{"angle":0.0,"axis":"x","origin":[8.0,4.5,10.0]},"faces":{"east":{"uv":[10.0,0.0,16.0,5.0],"texture":"#1","rotation":180},"west":{"uv":[16.0,0.0,10.0,5.0],"texture":"#1","rotation":180},"up":{"uv":[16.0,0.0,10.0,5.0],"texture":"#1","rotation":270},"down":{"uv":[10.0,5.0,16.0,0.0],"texture":"#1","rotation":270}}}],"display":{"thirdperson_righthand":{"translation":[0.0,1.0,-1.0],"rotation":[63.0,34.0,0.0],"scale":[0.37891,0.37891,0.37891]},"thirdperson_lefthand":{"translation":[0.0,1.0,-1.0],"rotation":[63.0,34.0,0.0],"scale":[0.37891,0.37891,0.37891]},"firstperson_righthand":{"translation":[9.5,0.0,-5.75],"rotation":[3.0,112.0,-13.0],"scale":[0.35547,0.35547,0.35547]},"firstperson_lefthand":{"translation":[9.5,0.0,-5.75],"rotation":[3.0,112.0,-13.0],"scale":[0.35547,0.35547,0.35547]},"ground":{"translation":[0.0,4.25,0.0],"scale":[0.28906,0.28906,0.28906]},"gui":{"translation":[-0.25,2.5,0.0],"rotation":[-149.61,-31.92,-180.0],"scale":[0.83983,0.83983,0.83983]},"head":{"translation":[0.0,5.0,-2.25],"scale":[1.53359,1.53359,1.53359]},"fixed":{"translation":[0.0,-3.25,-7.5]}},"credit":"Made with Blockbench","gui_light":"front"}