{"textures":{"1":"mcc:island_cosmetics/general/hat/shades/shades","2":"mcc:island_cosmetics/general/hat/shades/sunset","3":"mcc:island_cosmetics/general/hat/sun_hat/summer_shades","particle":"mcc:island_cosmetics/general/hat/shades/shades"},"elements":[{"from":[-1.0,0.75,-1.0],"to":[17.0,0.75,17.0],"faces":{"north":{"uv":[3.875,0.75,5.125,1.25],"texture":"#3"},"east":{"uv":[3.875,0.75,5.125,1.25],"texture":"#3"},"south":{"uv":[3.875,0.75,5.125,1.25],"texture":"#3"},"west":{"uv":[3.875,0.75,5.125,1.25],"texture":"#3"},"up":{"uv":[0.0,0.0,9.0,9.0],"texture":"#3"},"down":{"uv":[0.0,0.0,9.0,9.0],"texture":"#3"}}},{"from":[-1.0,1.18985,-3.78873],"to":[17.0,1.18985,-0.78873],"rotation":{"angle":-22.5,"axis":"x","origin":[0.0,0.43985,0.21127]},"faces":{"north":{"uv":[3.875,0.75,5.125,1.25],"texture":"#3"},"east":{"uv":[3.875,0.75,5.125,1.25],"texture":"#3"},"south":{"uv":[3.875,0.75,5.125,1.25],"texture":"#3"},"west":{"uv":[3.875,0.75,5.125,1.25],"texture":"#3"},"up":{"uv":[0.0,11.0,9.0,9.5],"texture":"#3"},"down":{"uv":[0.0,9.5,9.0,11.0],"texture":"#3"}}},{"from":[-1.0,1.18985,16.78873],"to":[17.0,1.18985,19.78873],"rotation":{"angle":22.5,"axis":"x","origin":[0.0,0.43985,15.78873]},"faces":{"north":{"uv":[5.125,0.75,3.875,1.25],"texture":"#3"},"east":{"uv":[5.125,0.75,3.875,1.25],"texture":"#3"},"south":{"uv":[5.125,0.75,3.875,1.25],"texture":"#3"},"west":{"uv":[5.125,0.75,3.875,1.25],"texture":"#3"},"up":{"uv":[0.0,9.5,9.0,11.0],"texture":"#3"},"down":{"uv":[0.0,11.0,9.0,9.5],"texture":"#3"}}},{"from":[-3.0949,4.15039,-1.0],"to":[-0.0949,4.15039,17.0],"rotation":{"angle":22.5,"axis":"z","origin":[8.0,0.17605,8.0]},"faces":{"north":{"uv":[5.125,0.75,3.875,1.25],"texture":"#3"},"east":{"uv":[5.125,0.75,3.875,1.25],"texture":"#3"},"south":{"uv":[5.125,0.75,3.875,1.25],"texture":"#3"},"west":{"uv":[5.125,0.75,3.875,1.25],"texture":"#3"},"up":{"uv":[0.0,9.5,9.0,11.0],"texture":"#3","rotation":90},"down":{"uv":[0.0,11.0,9.0,9.5],"texture":"#3","rotation":270}}},{"from":[16.0949,4.15039,-1.0],"to":[19.0949,4.15039,17.0],"rotation":{"angle":-22.5,"axis":"z","origin":[8.0,0.17605,8.0]},"faces":{"north":{"uv":[3.875,0.75,5.125,1.25],"texture":"#3"},"east":{"uv":[3.875,0.75,5.125,1.25],"texture":"#3"},"south":{"uv":[3.875,0.75,5.125,1.25],"texture":"#3"},"west":{"uv":[3.875,0.75,5.125,1.25],"texture":"#3"},"up":{"uv":[0.0,11.0,9.0,9.5],"texture":"#3","rotation":90},"down":{"uv":[0.0,9.5,9.0,11.0],"texture":"#3","rotation":270}}},{"from":[4.0,0.74,4.0],"to":[12.0,4.74,12.0],"rotation":{"angle":0.0,"axis":"y","origin":[0.01,0.0,0.01]},"faces":{"north":{"uv":[10.5,0.0,14.5,2.0],"texture":"#3"},"east":{"uv":[10.5,0.0,14.5,2.0],"texture":"#3"},"south":{"uv":[10.5,0.0,14.5,2.0],"texture":"#3"},"west":{"uv":[10.5,0.0,14.5,2.0],"texture":"#3"},"up":{"uv":[10.5,2.5,14.5,6.5],"texture":"#3"},"down":{"uv":[10.5,6.5,14.5,10.5],"texture":"#3"}}},{"from":[3.98,0.88,3.98],"to":[12.02,2.92,12.02],"faces":{"north":{"uv":[10.5,10.5,14.5,11.5],"texture":"#3","tintindex":0},"east":{"uv":[10.5,10.5,14.5,11.5],"texture":"#3","tintindex":0},"south":{"uv":[10.5,10.5,14.5,11.5],"texture":"#3","tintindex":0},"west":{"uv":[10.5,10.5,14.5,11.5],"texture":"#3","tintindex":0},"up":{"uv":[6.75,10.625,6.875,10.75],"texture":"#3","tintindex":0},"down":{"uv":[6.75,10.625,6.875,10.75],"texture":"#3","tintindex":0}}},{"from":[0.0,0.74,2.25],"to":[10.0,6.74,2.25],"rotation":{"angle":22.5,"axis":"y","origin":[8.0,3.74,3.75]},"faces":{"north":{"uv":[15.5,11.5,10.5,14.5],"texture":"#3","tintindex":0},"east":{"uv":[14.5,7.0,10.5,9.0],"texture":"#3"},"south":{"uv":[15.5,11.5,10.5,14.5],"texture":"#3","tintindex":0},"west":{"uv":[14.5,7.0,10.5,9.0],"texture":"#3"},"up":{"uv":[10.5,13.5,14.5,9.5],"texture":"#3"},"down":{"uv":[10.5,17.5,14.5,13.5],"texture":"#3"}}},{"from":[5.0,0.99,-3.5],"to":[7.0,0.99,3.5],"rotation":{"angle":22.5,"axis":"y","origin":[8.0,3.74,3.75]},"faces":{"north":{"uv":[20.0,7.0,15.0,10.0],"texture":"#3","tintindex":0},"east":{"uv":[14.5,7.0,10.5,9.0],"texture":"#3"},"south":{"uv":[20.0,7.0,15.0,10.0],"texture":"#3","tintindex":0},"west":{"uv":[14.5,7.0,10.5,9.0],"texture":"#3"},"up":{"uv":[9.0,15.5,10.0,12.0],"texture":"#3","tintindex":0},"down":{"uv":[9.0,12.0,10.0,15.5],"texture":"#3","tintindex":0}}},{"from":[-1.25,0.99,5.75],"to":[5.75,0.99,7.75],"rotation":{"angle":-22.5,"axis":"y","origin":[8.0,3.74,3.75]},"faces":{"north":{"uv":[10.5,7.0,14.5,9.0],"texture":"#3"},"east":{"uv":[15.0,7.0,20.0,10.0],"texture":"#3","tintindex":0},"south":{"uv":[10.5,7.0,14.5,9.0],"texture":"#3"},"west":{"uv":[15.0,7.0,20.0,10.0],"texture":"#3","tintindex":0},"up":{"uv":[9.0,12.0,10.0,15.5],"texture":"#3","tintindex":0,"rotation":90},"down":{"uv":[10.0,12.0,9.0,15.5],"texture":"#3","tintindex":0,"rotation":90}}},{"from":[3.0,-5.0,4.0],"to":[13.0,0.0,13.0],"rotation":{"angle":0.0,"axis":"y","origin":[8.0,-3.0,5.75]},"faces":{"north":{"uv":[0.0,1.0,11.0,6.0],"texture":"#2","tintindex":0},"east":{"uv":[0.0,4.0,9.0,9.0],"texture":"#1","tintindex":0},"west":{"uv":[9.0,4.0,0.0,9.0],"texture":"#1","tintindex":0}}},{"from":[3.0,-5.0,4.0],"to":[13.0,0.0,4.0],"rotation":{"angle":0.0,"axis":"y","origin":[8.0,-3.0,5.75]},"faces":{"north":{"uv":[0.0,7.0,11.0,12.0],"texture":"#2"},"east":{"uv":[0.0,4.0,9.0,9.0],"texture":"#1"},"south":{"uv":[0.0,7.0,11.0,12.0],"texture":"#2"},"west":{"uv":[9.0,4.0,0.0,9.0],"texture":"#1"}}},{"from":[13.0,0.0,13.0],"to":[3.0,-5.0,4.0],"rotation":{"angle":0.0,"axis":"y","origin":[8.0,-3.0,5.75]},"faces":{"east":{"uv":[9.0,9.0,0.0,4.0],"texture":"#1","tintindex":0},"south":{"uv":[0.0,6.0,11.0,1.0],"texture":"#2","tintindex":0},"west":{"uv":[0.0,9.0,9.0,4.0],"texture":"#1","tintindex":0}}}],"display":{"thirdperson_righthand":{"translation":[0.0,1.0,0.75],"rotation":[55.5,34.0,0.0],"scale":[0.52539,0.52539,0.52539]},"thirdperson_lefthand":{"translation":[0.0,1.0,0.75],"rotation":[55.5,34.0,0.0],"scale":[0.52539,0.52539,0.52539]},"firstperson_righthand":{"translation":[9.5,0.0,-5.75],"rotation":[21.0,114.5,-13.75],"scale":[0.41992,0.41992,0.41992]},"firstperson_lefthand":{"translation":[9.5,0.0,-5.75],"rotation":[21.0,114.5,-13.75],"scale":[0.41992,0.41992,0.41992]},"ground":{"translation":[0.0,17.25,0.0],"scale":[0.66602,0.66602,0.66602]},"gui":{"translation":[-0.5,5.25,0.0],"rotation":[-170.86,-32.36,172.04],"scale":[0.70118,0.70118,0.70118]},"head":{"translation":[0.0,18.0,0.75],"rotation":[3.75,0.0,0.0],"scale":[1.83438,1.83438,1.83438]}},"credit":"Made with Blockbench","gui_light":"front"}