{"textures":{"0":"mcc:island_cosmetics/head/head_3","1":"mcc:island_cosmetics/head_variant/head_3_extra","particle":"mcc:island_cosmetics/head/head_3"},"credit":"Made with Blockbench","texture_size":[128.0,128.0],"elements":[{"from":[3.5,0.0,3.5],"to":[12.5,10.0,12.5],"rotation":{"angle":0.0,"axis":"x","origin":[7.5,9.5,7.5]},"faces":{"north":{"uv":[7.375,0.75,8.5,2.0],"texture":"#1"},"east":{"uv":[8.5,0.75,9.625,2.0],"texture":"#1"},"south":{"uv":[8.5,3.0,7.375,4.25],"texture":"#1"},"west":{"uv":[9.625,0.75,8.5,2.0],"texture":"#1"},"up":{"uv":[9.875,2.0,8.75,3.125],"texture":"#1"},"down":{"uv":[8.5,3.125,9.625,4.25],"texture":"#1"}}},{"from":[6.5,2.0,4.5],"to":[9.5,12.0,14.5],"rotation":{"angle":0.0,"axis":"x","origin":[7.5,9.5,7.5]},"faces":{"north":{"uv":[11.125,0.0,11.5,1.25],"texture":"#1"},"east":{"uv":[9.875,0.0,11.125,1.25],"texture":"#1"},"south":{"uv":[10.25,1.375,10.625,2.625],"texture":"#1"},"west":{"uv":[11.125,0.0,9.875,1.25],"texture":"#1"},"up":{"uv":[9.875,1.375,10.25,2.625],"texture":"#1"},"down":{"uv":[10.625,1.375,11.0,2.625],"texture":"#1"}}},{"from":[8.0,-2.0,7.5],"to":[8.0,17.0,20.5],"rotation":{"angle":22.5,"axis":"y","origin":[8.0,7.5,14.0]},"faces":{"north":{"uv":[0.0,14.125,1.25,15.375],"texture":"#0","tintindex":0.0},"east":{"uv":[4.125,0.0,5.75,2.375],"texture":"#0","tintindex":0.0},"south":{"uv":[3.75,14.125,5.0,15.375],"texture":"#0","tintindex":0.0},"west":{"uv":[5.75,0.0,4.125,2.375],"texture":"#0","tintindex":0.0},"up":{"uv":[2.5,14.125,3.75,15.375],"texture":"#0","tintindex":0.0},"down":{"uv":[2.125,14.75,2.25,14.875],"texture":"#0","tintindex":0.0}}},{"from":[8.0,-2.0,7.5],"to":[8.0,17.0,20.5],"rotation":{"angle":-22.5,"axis":"y","origin":[8.0,7.5,14.0]},"faces":{"north":{"uv":[1.25,14.125,0.0,15.375],"texture":"#0","tintindex":0.0},"east":{"uv":[4.125,0.0,5.75,2.375],"texture":"#0","tintindex":0.0},"south":{"uv":[5.0,14.125,3.75,15.375],"texture":"#0","tintindex":0.0},"west":{"uv":[5.75,0.0,4.125,2.375],"texture":"#0","tintindex":0.0},"up":{"uv":[3.75,14.125,2.5,15.375],"texture":"#0","tintindex":0.0},"down":{"uv":[2.25,14.75,2.125,14.875],"texture":"#0","tintindex":0.0}}},{"from":[6.51,10.01,8.51],"to":[9.49,15.99,18.49],"rotation":{"angle":0.0,"axis":"x","origin":[7.0,9.5,7.5]},"faces":{"north":{"uv":[6.5,0.0,6.875,0.75],"texture":"#0","tintindex":0.0},"east":{"uv":[4.375,0.125,5.625,0.875],"texture":"#0","tintindex":0.0},"south":{"uv":[5.75,0.125,6.125,0.875],"texture":"#0","tintindex":0.0},"west":{"uv":[5.625,0.125,4.375,0.875],"texture":"#0","tintindex":0.0},"up":{"uv":[6.125,0.0,6.5,1.25],"texture":"#0","tintindex":0.0},"down":{"uv":[6.875,0.5,6.5,1.75],"texture":"#0","tintindex":0.0}}},{"from":[3.0,5.95461,2.18717],"to":[13.0,9.95461,9.18717],"rotation":{"angle":22.5,"axis":"x","origin":[7.5,6.95461,5.68717]},"faces":{"north":{"uv":[4.125,2.125,5.375,2.625],"texture":"#1"},"east":{"uv":[3.25,2.125,4.125,2.625],"texture":"#1"},"south":{"uv":[7.375,0.0,8.625,0.5],"texture":"#1"},"west":{"uv":[4.125,2.125,3.25,2.625],"texture":"#1"},"up":{"uv":[7.375,3.0,8.625,2.125],"texture":"#1"},"down":{"uv":[7.375,2.125,8.625,3.0],"texture":"#1"}}},{"name":"cube inverted","from":[12.5,10.0,12.5],"to":[3.5,0.0,3.5],"rotation":{"angle":0.0,"axis":"x","origin":[7.5,9.5,7.5]},"faces":{"north":{"uv":[8.5,4.25,7.375,3.0],"texture":"#1"},"east":{"uv":[9.625,2.0,8.5,0.75],"texture":"#1"},"south":{"uv":[7.375,2.0,8.5,0.75],"texture":"#1"},"west":{"uv":[8.5,2.0,9.625,0.75],"texture":"#1"},"up":{"uv":[9.625,3.125,8.5,4.25],"texture":"#1"},"down":{"uv":[8.75,2.0,9.875,3.125],"texture":"#1"}}},{"from":[3.0,-2.74321,3.7125],"to":[13.0,0.25679,10.7125],"rotation":{"angle":-22.5,"axis":"x","origin":[8.1,0.35679,3.0625]},"faces":{"north":{"uv":[9.625,4.625,8.375,5.0],"texture":"#1"},"east":{"uv":[8.75,4.25,9.625,4.625],"texture":"#1"},"south":{"uv":[8.0,4.625,8.375,5.875],"rotation":90.0,"texture":"#1"},"west":{"uv":[9.625,4.25,8.75,4.625],"texture":"#1"},"up":{"uv":[7.375,3.0,8.625,2.125],"texture":"#1"},"down":{"uv":[8.375,5.0,9.625,5.875],"texture":"#1"}}},{"name":"cube inverted","from":[13.0,0.25679,10.7125],"to":[3.0,-2.74321,3.7125],"rotation":{"angle":-22.5,"axis":"x","origin":[8.1,0.35679,3.0625]},"faces":{"north":{"uv":[8.375,4.625,8.0,5.875],"rotation":90.0,"texture":"#1"},"east":{"uv":[9.625,4.625,8.75,4.25],"texture":"#1"},"south":{"uv":[9.625,5.0,8.375,4.625],"texture":"#1"},"west":{"uv":[8.75,4.625,9.625,4.25],"texture":"#1"},"up":{"uv":[9.625,5.0,8.375,5.875],"texture":"#1"},"down":{"uv":[8.625,3.0,7.375,2.125],"texture":"#1"}}}],"gui_light":"front","display":{"thirdperson_righthand":{"rotation":[55.5,34.0,0.0],"translation":[0.0,1.0,0.75],"scale":[0.52539,0.52539,0.52539]},"thirdperson_lefthand":{"rotation":[55.5,34.0,0.0],"translation":[0.0,1.0,0.75],"scale":[0.52539,0.52539,0.52539]},"firstperson_righthand":{"rotation":[21.0,114.5,-13.75],"translation":[9.5,0.0,-5.75],"scale":[0.41992,0.41992,0.41992]},"firstperson_lefthand":{"rotation":[21.0,114.5,-13.75],"translation":[9.5,0.0,-5.75],"scale":[0.41992,0.41992,0.41992]},"gui":{"rotation":[-149.61,-31.92,-180.0],"translation":[0.25,0.0,0.0],"scale":[0.65039,0.65039,0.65039]},"head":{"translation":[0.0,4.5,0.0],"scale":[1.62735,1.62735,1.62735]}}}