{"textures":{"1":"mcc:island_cosmetics/general/hat/space_slug/space_slug","2":"mcc:island_cosmetics/general/accessory/space_slime/space_slime","3":"mcc:island_cosmetics/general/accessory/ray_blaster/glow","particle":"mcc:island_cosmetics/general/accessory/space_slime/space_slime"},"display":{"thirdperson_righthand":{"translation":[0.0,1.0,-1.0],"rotation":[63.0,34.0,0.0],"scale":[0.52539,0.52539,0.52539]},"thirdperson_lefthand":{"translation":[0.0,1.0,-1.0],"rotation":[63.0,34.0,0.0],"scale":[0.52539,0.52539,0.52539]},"firstperson_righthand":{"translation":[9.5,0.0,-5.75],"rotation":[3.0,112.0,-13.0],"scale":[0.41992,0.41992,0.41992]},"firstperson_lefthand":{"translation":[9.5,0.0,-5.75],"rotation":[3.0,112.0,-13.0],"scale":[0.41992,0.41992,0.41992]},"ground":{"translation":[0.0,4.25,0.0],"scale":[0.28906,0.28906,0.28906]},"gui":{"translation":[0.25,-1.25,0.0],"rotation":[-170.16,-32.7,170.59],"scale":[0.79883,0.79883,0.79883]},"head":{"translation":[0.0,8.25,0.0],"scale":[1.63321,1.63321,1.63321]},"fixed":{"translation":[0.0,-3.25,-7.5]}},"credit":"Made with Blockbench","texture_size":[32.0,32.0],"elements":[{"from":[5.5,6.5,3.5],"to":[14.5,13.5,12.5],"rotation":{"angle":-22.5,"axis":"z","origin":[8.0,10.25,6.0]},"faces":{"north":{"uv":[0.0,0.0,4.5,3.5],"texture":"#1","tintindex":0.0},"east":{"uv":[4.5,0.0,9.0,3.5],"texture":"#1","tintindex":0.0},"south":{"uv":[4.5,0.0,9.0,3.5],"texture":"#1","tintindex":0.0},"west":{"uv":[4.5,0.0,9.0,3.5],"texture":"#1","tintindex":0.0},"up":{"uv":[5.5,4.0,10.0,8.5],"texture":"#1","tintindex":0.0}}},{"from":[9.0,17.5,7.0],"to":[11.0,19.5,9.0],"rotation":{"angle":-22.5,"axis":"z","origin":[8.0,10.25,6.0]},"faces":{"north":{"uv":[5.5,8.5,6.5,9.5],"texture":"#1","tintindex":0.0},"east":{"uv":[5.5,8.5,6.5,9.5],"texture":"#1","tintindex":0.0},"south":{"uv":[5.5,8.5,6.5,9.5],"texture":"#1","tintindex":0.0},"west":{"uv":[5.5,8.5,6.5,9.5],"texture":"#1","tintindex":0.0},"up":{"uv":[5.5,8.5,6.5,9.0],"texture":"#1","tintindex":0.0},"down":{"uv":[5.5,9.0,6.5,9.5],"texture":"#1","tintindex":0.0}}},{"from":[9.5,13.5,8.0],"to":[10.5,18.5,8.0],"rotation":{"angle":-22.5,"axis":"z","origin":[8.0,10.25,6.0]},"faces":{"north":{"uv":[6.5,8.5,7.0,11.0],"texture":"#1","tintindex":0.0},"east":{"uv":[0.0,0.0,0.5,0.5],"texture":"#missing"},"south":{"uv":[6.5,8.5,7.0,11.0],"texture":"#1","tintindex":0.0},"west":{"uv":[0.0,0.0,0.5,0.5],"texture":"#missing"},"up":{"uv":[0.0,0.0,0.5,0.5],"texture":"#missing"},"down":{"uv":[0.0,0.0,0.5,0.5],"texture":"#missing"}}},{"from":[4.5,4.5,2.5],"to":[15.5,7.5,13.5],"rotation":{"angle":-22.5,"axis":"z","origin":[8.0,10.25,6.0]},"faces":{"north":{"uv":[0.0,4.0,5.5,5.5],"texture":"#1","tintindex":0.0},"east":{"uv":[0.0,4.0,5.5,5.5],"texture":"#1","tintindex":0.0},"south":{"uv":[0.0,4.0,5.5,5.5],"texture":"#1","tintindex":0.0},"west":{"uv":[0.0,4.0,5.5,5.5],"texture":"#1","tintindex":0.0},"up":{"uv":[0.0,5.5,5.5,11.0],"texture":"#1","tintindex":0.0}}},{"from":[8.0,8.0,2.5],"to":[12.0,12.0,5.5],"rotation":{"angle":-22.5,"axis":"z","origin":[8.0,10.25,6.0]},"faces":{"north":{"uv":[9.0,0.0,11.0,2.0],"texture":"#1"},"east":{"uv":[9.0,0.0,9.5,2.0],"texture":"#1"},"south":{"uv":[0.0,0.0,0.5,0.5],"texture":"#missing"},"west":{"uv":[9.0,0.0,9.5,2.0],"texture":"#1"},"up":{"uv":[9.0,0.0,11.0,0.5],"texture":"#1"},"down":{"uv":[9.0,1.5,11.0,2.0],"texture":"#1"}}},{"name":"cube inverted","from":[15.5,7.5,13.5],"to":[4.5,4.5,2.5],"rotation":{"angle":-22.5,"axis":"z","origin":[8.0,10.25,6.0]},"faces":{"north":{"uv":[0.0,5.5,5.5,4.0],"texture":"#1","tintindex":0.0},"east":{"uv":[0.0,5.5,5.5,4.0],"texture":"#1","tintindex":0.0},"south":{"uv":[0.0,5.5,5.5,4.0],"texture":"#1","tintindex":0.0},"west":{"uv":[0.0,5.5,5.5,4.0],"texture":"#1","tintindex":0.0},"down":{"uv":[5.5,5.5,0.0,11.0],"texture":"#1","tintindex":0.0}}},{"name":"cube inverted","from":[12.0,20.5,10.0],"to":[8.0,16.5,6.0],"rotation":{"angle":-22.5,"axis":"z","origin":[8.0,10.25,6.0]},"faces":{"north":{"uv":[0.0,1.0,1.0,0.0],"texture":"#3","tintindex":0.0},"east":{"uv":[0.0,1.0,1.0,0.0],"texture":"#3","tintindex":0.0},"south":{"uv":[0.0,1.0,1.0,0.0],"texture":"#3","tintindex":0.0},"west":{"uv":[0.0,1.0,1.0,0.0],"texture":"#3","tintindex":0.0},"up":{"uv":[0.0,1.0,1.0,0.0],"texture":"#3","tintindex":0.0},"down":{"uv":[0.0,1.0,1.0,0.0],"texture":"#3","tintindex":0.0}}},{"from":[7.9,7.9,2.4],"to":[12.1,12.1,5.6],"rotation":{"angle":-22.5,"axis":"z","origin":[8.0,10.25,6.0]},"faces":{"north":{"uv":[11.0,0.0,13.0,2.0],"texture":"#1","tintindex":0.0},"east":{"uv":[11.0,0.0,11.5,2.0],"texture":"#1","tintindex":0.0},"south":{"uv":[0.0,0.0,0.5,0.5],"texture":"#missing","tintindex":0.0},"west":{"uv":[11.0,0.0,11.5,2.0],"texture":"#1","tintindex":0.0},"up":{"uv":[11.0,0.0,13.0,0.5],"texture":"#1","tintindex":0.0},"down":{"uv":[11.0,1.5,13.0,2.0],"texture":"#1","tintindex":0.0}}},{"from":[-1.0,5.0,8.0],"to":[2.0,8.0,8.0],"rotation":{"angle":0.0,"axis":"y","origin":[0.0,-24.0,0.0]},"faces":{"north":{"uv":[0.0,7.0,1.5,8.5],"texture":"#2","tintindex":0.0},"east":{"uv":[0.0,7.0,0.0,8.5],"texture":"#2"},"south":{"uv":[0.0,7.0,1.5,8.5],"texture":"#2","tintindex":0.0},"west":{"uv":[0.0,7.0,0.0,8.5],"texture":"#2"},"up":{"uv":[0.0,7.0,1.5,7.0],"texture":"#2"},"down":{"uv":[0.0,7.0,1.5,7.0],"texture":"#2"}}},{"from":[15.0,4.0,8.0],"to":[18.0,7.0,8.0],"rotation":{"angle":0.0,"axis":"y","origin":[0.0,-24.0,0.0]},"faces":{"north":{"uv":[1.0,7.0,2.5,8.5],"texture":"#2","tintindex":0.0},"east":{"uv":[0.0,7.0,0.0,8.5],"texture":"#2"},"south":{"uv":[1.0,7.0,2.5,8.5],"texture":"#2","tintindex":0.0},"west":{"uv":[0.0,7.0,0.0,8.5],"texture":"#2"},"up":{"uv":[0.0,7.0,1.5,7.0],"texture":"#2"},"down":{"uv":[0.0,7.0,1.5,7.0],"texture":"#2"}}},{"from":[1.0,11.0,8.0],"to":[4.0,14.0,8.0],"rotation":{"angle":0.0,"axis":"y","origin":[0.0,-24.0,0.0]},"faces":{"north":{"uv":[2.0,7.0,3.5,8.5],"texture":"#2","tintindex":0.0},"east":{"uv":[0.0,7.0,0.0,8.5],"texture":"#2"},"south":{"uv":[2.0,7.0,3.5,8.5],"texture":"#2","tintindex":0.0},"west":{"uv":[0.0,7.0,0.0,8.5],"texture":"#2"},"up":{"uv":[0.0,7.0,1.5,7.0],"texture":"#2"},"down":{"uv":[0.0,7.0,1.5,7.0],"texture":"#2"}}},{"from":[6.0,15.0,8.0],"to":[9.0,18.0,8.0],"rotation":{"angle":0.0,"axis":"y","origin":[0.0,-24.0,0.0]},"faces":{"north":{"uv":[2.0,8.0,3.5,9.5],"texture":"#2","tintindex":0.0},"east":{"uv":[0.0,7.0,0.0,8.5],"texture":"#2"},"south":{"uv":[2.0,8.0,3.5,9.5],"texture":"#2","tintindex":0.0},"west":{"uv":[0.0,7.0,0.0,8.5],"texture":"#2"},"up":{"uv":[0.0,7.0,1.5,7.0],"texture":"#2"},"down":{"uv":[0.0,7.0,1.5,7.0],"texture":"#2"}}},{"from":[13.0,7.0,-2.0],"to":[13.0,10.0,1.0],"rotation":{"angle":0.0,"axis":"y","origin":[0.0,-24.0,0.0]},"faces":{"north":{"uv":[0.0,7.0,0.0,8.5],"texture":"#2"},"east":{"uv":[0.0,7.0,1.5,8.5],"texture":"#2","tintindex":0.0},"south":{"uv":[0.0,7.0,0.0,8.5],"texture":"#2"},"west":{"uv":[0.0,7.0,1.5,8.5],"texture":"#2","tintindex":0.0},"up":{"uv":[0.0,7.0,1.5,7.0],"rotation":90.0,"texture":"#2"},"down":{"uv":[0.0,7.0,1.5,7.0],"rotation":270.0,"texture":"#2"}}},{"from":[9.0,6.0,14.0],"to":[9.0,9.0,17.0],"rotation":{"angle":0.0,"axis":"y","origin":[0.0,-24.0,0.0]},"faces":{"north":{"uv":[0.0,7.0,0.0,8.5],"texture":"#2"},"east":{"uv":[1.0,7.0,2.5,8.5],"texture":"#2","tintindex":0.0},"south":{"uv":[0.0,7.0,0.0,8.5],"texture":"#2"},"west":{"uv":[1.0,7.0,2.5,8.5],"texture":"#2","tintindex":0.0},"up":{"uv":[0.0,7.0,1.5,7.0],"rotation":90.0,"texture":"#2"},"down":{"uv":[0.0,7.0,1.5,7.0],"rotation":270.0,"texture":"#2"}}},{"from":[8.0,17.0,5.0],"to":[8.0,20.0,8.0],"rotation":{"angle":0.0,"axis":"y","origin":[0.0,-24.0,0.0]},"faces":{"north":{"uv":[0.0,7.0,0.0,8.5],"texture":"#2"},"east":{"uv":[2.0,8.0,3.5,9.5],"texture":"#2","tintindex":0.0},"south":{"uv":[0.0,7.0,0.0,8.5],"texture":"#2"},"west":{"uv":[2.0,8.0,3.5,9.5],"texture":"#2","tintindex":0.0},"up":{"uv":[0.0,7.0,1.5,7.0],"rotation":90.0,"texture":"#2"},"down":{"uv":[0.0,7.0,1.5,7.0],"rotation":270.0,"texture":"#2"}}},{"from":[12.0,13.0,0.0],"to":[12.0,16.0,3.0],"rotation":{"angle":0.0,"axis":"y","origin":[0.0,-24.0,0.0]},"faces":{"north":{"uv":[0.0,7.0,0.0,8.5],"texture":"#2"},"east":{"uv":[2.0,7.0,3.5,8.5],"texture":"#2","tintindex":0.0},"south":{"uv":[0.0,7.0,0.0,8.5],"texture":"#2"},"west":{"uv":[2.0,7.0,3.5,8.5],"texture":"#2","tintindex":0.0},"up":{"uv":[0.0,7.0,1.5,7.0],"rotation":90.0,"texture":"#2"},"down":{"uv":[0.0,7.0,1.5,7.0],"rotation":270.0,"texture":"#2"}}}],"gui_light":"front","groups":[{"name":"group","origin":[0.0,0.0,0.0],"color":0.0,"nbt":"{}","armAnimationEnabled":false,"children":[0.0,1.0,2.0,3.0,4.0,5.0,6.0,7.0,8.0,9.0,10.0,11.0,12.0,13.0,14.0,15.0]}]}