{"textures":{"0":"mcc:island_cosmetics/general/hat/candlehead/candlehead","1":"mcc:island_cosmetics/general/hat/candlehead/candlehead_anim","particle":"mcc:island_cosmetics/general/hat/candlehead/candlehead"},"display":{"thirdperson_righthand":{"translation":[0.0,1.0,0.75],"rotation":[55.5,34.0,0.0],"scale":[0.52539,0.52539,0.52539]},"thirdperson_lefthand":{"translation":[0.0,1.0,0.75],"rotation":[55.5,34.0,0.0],"scale":[0.52539,0.52539,0.52539]},"firstperson_righthand":{"translation":[9.5,0.0,-5.75],"rotation":[21.0,114.5,-13.75],"scale":[0.41992,0.41992,0.41992]},"firstperson_lefthand":{"translation":[9.5,0.0,-5.75],"rotation":[21.0,114.5,-13.75],"scale":[0.41992,0.41992,0.41992]},"gui":{"translation":[-0.25,-2.75,0.0],"rotation":[-149.61,-31.92,-180.0],"scale":[1.0996,1.0996,1.0996]},"head":{"translation":[0.0,5.75,0.0],"scale":[1.62539,1.62539,1.62539]}},"credit":"Made with Blockbench","elements":[{"from":[3.5,5.0,3.5],"to":[12.5,9.0,12.5],"rotation":{"angle":0.0,"axis":"x","origin":[7.5,9.5,7.5]},"faces":{"north":{"uv":[0.0,1.0,9.0,5.0],"texture":"#1"},"east":{"uv":[0.0,5.0,9.0,9.0],"texture":"#1"},"south":{"uv":[0.0,1.0,9.0,5.0],"texture":"#1"},"west":{"uv":[0.0,5.0,9.0,9.0],"texture":"#1"},"up":{"uv":[1.0,5.0,10.0,14.0],"texture":"#0"},"down":{"uv":[6.0,34.0,7.0,35.0],"texture":"#0"}}},{"from":[6.0,9.0,6.0],"to":[10.0,13.0,10.0],"rotation":{"angle":0.0,"axis":"y","origin":[8.0,11.0,8.0]},"faces":{"north":{"uv":[0.0,0.0,4.0,4.0],"texture":"#0"},"east":{"uv":[0.0,0.0,4.0,4.0],"texture":"#0"},"south":{"uv":[0.0,0.0,4.0,4.0],"texture":"#0"},"west":{"uv":[0.0,0.0,4.0,4.0],"texture":"#0"},"up":{"uv":[2.0,0.0,3.0,1.0],"texture":"#0"}}},{"from":[5.8,8.8,5.8],"to":[10.2,13.2,10.2],"rotation":{"angle":0.0,"axis":"y","origin":[8.0,11.0,8.0]},"faces":{"north":{"uv":[4.0,0.0,8.0,4.0],"texture":"#0"},"east":{"uv":[4.0,0.0,8.0,4.0],"texture":"#0"},"south":{"uv":[4.0,0.0,8.0,4.0],"texture":"#0"},"west":{"uv":[4.0,0.0,8.0,4.0],"texture":"#0"},"up":{"uv":[8.0,0.0,12.0,4.0],"texture":"#0"},"down":{"uv":[6.0,3.0,7.0,4.0],"texture":"#0"}}},{"from":[8.0,12.0,6.5],"to":[8.0,20.0,9.5],"rotation":{"angle":22.5,"axis":"y","origin":[8.0,16.0,8.0]},"faces":{"north":{"uv":[5.125,7.0,6.5,8.375],"texture":"#missing"},"east":{"uv":[0.0,8.0,3.0,16.0],"texture":"#1"},"south":{"uv":[5.125,7.0,6.5,8.375],"texture":"#missing"},"west":{"uv":[3.0,8.0,0.0,16.0],"texture":"#1"},"up":{"uv":[5.125,7.0,6.5,8.375],"rotation":90.0,"texture":"#missing"},"down":{"uv":[5.125,7.0,6.5,8.375],"rotation":270.0,"texture":"#missing"}}},{"from":[6.5,12.0,8.0],"to":[9.5,20.0,8.0],"rotation":{"angle":22.5,"axis":"y","origin":[8.0,16.0,8.0]},"faces":{"north":{"uv":[0.0,8.0,3.0,16.0],"texture":"#1"},"east":{"uv":[5.125,7.0,6.5,8.375],"texture":"#missing"},"south":{"uv":[3.0,8.0,0.0,16.0],"texture":"#1"},"west":{"uv":[5.125,7.0,6.5,8.375],"texture":"#missing"},"up":{"uv":[5.125,7.0,6.5,8.375],"texture":"#missing"},"down":{"uv":[5.125,7.0,6.5,8.375],"texture":"#missing"}}},{"name":"cube inverted","from":[12.5,9.0,12.5],"to":[3.5,5.0,3.5],"rotation":{"angle":0.0,"axis":"x","origin":[7.5,9.5,7.5]},"faces":{"north":{"uv":[0.0,5.0,9.0,1.0],"texture":"#1"},"east":{"uv":[0.0,9.0,9.0,5.0],"texture":"#1"},"south":{"uv":[0.0,5.0,9.0,1.0],"texture":"#1"},"west":{"uv":[0.0,9.0,9.0,5.0],"texture":"#1"},"up":{"uv":[7.0,34.0,6.0,35.0],"texture":"#0"},"down":{"uv":[10.0,5.0,1.0,14.0],"texture":"#0"}}}],"gui_light":"front"}