{"textures":{"1":"mcc:island_cosmetics/general/hat/slime_wall/slime_wall_anim","2":"mcc:island_cosmetics/general/hat/slime_wall/slime_wall"},"elements":[{"from":[-0.5,-2.0,5.0],"to":[16.5,11.0,11.0],"rotation":{"angle":0.0,"axis":"y","origin":[3.5,3.5,3.0]},"faces":{"north":{"uv":[0.0,9.5,8.5,16.0],"texture":"#2","tintindex":0},"east":{"uv":[8.5,9.5,11.5,16.0],"texture":"#2","tintindex":0},"south":{"uv":[0.0,9.5,8.5,16.0],"texture":"#2","tintindex":0},"west":{"uv":[11.5,9.5,8.5,16.0],"texture":"#2","tintindex":0},"up":{"uv":[0.0,6.0,8.5,9.0],"texture":"#2","tintindex":0},"down":{"uv":[0.0,3.0,8.5,6.0],"texture":"#2","tintindex":0}}},{"from":[11.5,8.0,11.0],"to":[4.5,1.0,5.0],"rotation":{"angle":0.0,"axis":"y","origin":[3.5,3.5,3.0]},"faces":{"east":{"uv":[8.5,6.0,11.5,9.5],"texture":"#2","tintindex":0},"west":{"uv":[11.5,6.0,8.5,9.5],"texture":"#2","tintindex":0},"up":{"uv":[8.5,2.5,11.5,6.0],"texture":"#2","tintindex":0,"rotation":90},"down":{"uv":[12.0,12.5,15.0,16.0],"texture":"#2","tintindex":0,"rotation":90}}},{"from":[0.5,-8.0,5.0],"to":[16.5,-2.0,11.0],"rotation":{"angle":0.0,"axis":"y","origin":[3.0,3.5,4.0]},"faces":{"north":{"uv":[0.0,1.0,16.0,7.0],"texture":"#1","tintindex":0},"south":{"uv":[0.0,1.0,16.0,7.0],"texture":"#1","tintindex":0}}},{"from":[16.5,-2.0,11.0],"to":[0.5,-8.0,5.0],"rotation":{"angle":0.0,"axis":"y","origin":[3.0,3.5,4.0]},"faces":{"north":{"uv":[0.0,7.0,16.0,1.0],"texture":"#1","tintindex":0},"south":{"uv":[0.0,7.0,16.0,1.0],"texture":"#1","tintindex":0}}}],"display":{"thirdperson_righthand":{"translation":[0.0,1.0,-1.0],"rotation":[63.0,34.0,0.0],"scale":[0.37891,0.37891,0.37891]},"thirdperson_lefthand":{"translation":[0.0,1.0,-1.0],"rotation":[63.0,34.0,0.0],"scale":[0.37891,0.37891,0.37891]},"firstperson_righthand":{"translation":[9.5,0.0,-5.75],"rotation":[3.0,112.0,-13.0],"scale":[0.35547,0.35547,0.35547]},"firstperson_lefthand":{"translation":[9.5,0.0,-5.75],"rotation":[3.0,112.0,-13.0],"scale":[0.35547,0.35547,0.35547]},"ground":{"translation":[0.0,4.25,0.0],"scale":[0.28906,0.28906,0.28906]},"gui":{"translation":[0.0,3.25,0.0],"rotation":[-149.61,-31.92,-180.0],"scale":[0.69725,0.69725,0.69725]},"head":{"translation":[-0.5,5.75,0.0],"rotation":[-1.0,0.0,3.25],"scale":[1.55899,1.55899,1.55899]},"fixed":{"translation":[0.0,-3.25,-7.5]}},"credit":"Made with Blockbench","gui_light":"front"}