{"textures":{"1":"mcc:island_cosmetics/general/hat/wraith/wraith_anim","2":"mcc:island_cosmetics/general/hat/wraith/wraith","particle":"mcc:island_cosmetics/general/hat/wraith/wraith_anim"},"elements":[{"from":[3.5,7.0,3.49],"to":[12.5,11.0,13.51],"rotation":{"angle":0.0,"axis":"y","origin":[3.5,9.0,3.5]},"faces":{"north":{"uv":[10.75,8.5,13.0,9.5],"texture":"#2"},"east":{"uv":[10.75,6.5,13.25,7.5],"texture":"#2"},"south":{"uv":[10.75,9.5,13.0,10.5],"texture":"#2"},"west":{"uv":[10.75,7.5,13.25,8.5],"texture":"#2"},"up":{"uv":[6.0,2.5,3.75,0.0],"texture":"#2"},"down":{"uv":[2.25,5.0,0.0,7.5],"texture":"#2"}}},{"from":[12.5,11.0,13.51],"to":[3.5,7.0,3.49],"rotation":{"angle":0.0,"axis":"y","origin":[3.5,9.0,3.5]},"faces":{"north":{"uv":[10.75,10.5,13.0,9.5],"texture":"#2"},"east":{"uv":[10.75,8.5,13.25,7.5],"texture":"#2"},"south":{"uv":[10.75,9.5,13.0,8.5],"texture":"#2"},"west":{"uv":[10.75,7.5,13.25,6.5],"texture":"#2"},"up":{"uv":[0.0,5.0,2.25,7.5],"texture":"#2"},"down":{"uv":[3.75,2.5,6.0,0.0],"texture":"#2"}}},{"from":[6.5,0.0,5.5],"to":[11.5,9.0,5.5],"rotation":{"angle":22.5,"axis":"z","origin":[11.5,9.0,0.5]},"faces":{"north":{"uv":[6.75,9.75,8.0,12.0],"texture":"#2"},"east":{"uv":[0.0,0.0,0.0,2.25],"texture":"#2"},"south":{"uv":[6.75,9.75,8.0,12.0],"texture":"#2"},"west":{"uv":[0.0,0.0,0.0,2.25],"texture":"#2"},"up":{"uv":[1.25,0.0,0.0,0.0],"texture":"#2"},"down":{"uv":[1.25,0.0,0.0,0.0],"texture":"#2"}}},{"from":[4.5,0.0,5.5],"to":[9.5,9.0,5.5],"rotation":{"angle":-22.5,"axis":"z","origin":[4.5,9.0,0.5]},"faces":{"north":{"uv":[8.0,9.75,6.75,12.0],"texture":"#2"},"east":{"uv":[0.0,0.0,0.0,2.25],"texture":"#2"},"south":{"uv":[8.0,9.75,6.75,12.0],"texture":"#2"},"west":{"uv":[0.0,0.0,0.0,2.25],"texture":"#2"},"up":{"uv":[0.0,0.0,1.25,0.0],"texture":"#2"},"down":{"uv":[0.0,0.0,1.25,0.0],"texture":"#2"}}},{"from":[16.25071,-6.85611,2.5],"to":[16.25071,0.14389,14.5],"rotation":{"angle":0.0,"axis":"y","origin":[15.25071,0.14389,2.5]},"faces":{"north":{"uv":[0.0,0.0,0.0,3.5],"texture":"#1"},"east":{"uv":[0.0,5.5,6.0,9.0],"texture":"#1"},"south":{"uv":[0.0,0.0,0.0,3.5],"texture":"#1"},"west":{"uv":[6.0,5.5,0.0,9.0],"texture":"#1"},"up":{"uv":[0.0,5.0,0.0,0.0],"texture":"#1"},"down":{"uv":[0.0,0.0,0.0,5.0],"texture":"#1"}}},{"from":[7.5,-1.0,3.5],"to":[12.5,9.0,13.5],"rotation":{"angle":22.5,"axis":"z","origin":[11.5,9.0,2.5]},"faces":{"north":{"uv":[9.5,6.5,10.75,9.0],"texture":"#2"},"east":{"uv":[0.0,2.5,2.5,5.0],"texture":"#2"},"south":{"uv":[9.5,9.0,10.75,11.5],"texture":"#2"},"west":{"uv":[2.5,2.5,5.0,5.0],"texture":"#2"},"up":{"uv":[1.25,12.25,0.0,9.75],"texture":"#2"},"down":{"uv":[2.5,9.75,1.25,12.25],"texture":"#2"}}},{"from":[3.5,-1.0,3.5],"to":[8.5,9.0,13.5],"rotation":{"angle":-22.5,"axis":"z","origin":[4.5,9.0,2.5]},"faces":{"north":{"uv":[10.75,6.5,9.5,9.0],"texture":"#2"},"east":{"uv":[5.0,2.5,2.5,5.0],"texture":"#2"},"south":{"uv":[10.75,9.0,9.5,11.5],"texture":"#2"},"west":{"uv":[2.5,2.5,0.0,5.0],"texture":"#2"},"up":{"uv":[0.0,12.25,1.25,9.75],"texture":"#2"},"down":{"uv":[1.25,9.75,2.5,12.25],"texture":"#2"}}},{"from":[8.5,9.0,13.5],"to":[3.5,-1.0,3.5],"rotation":{"angle":-22.5,"axis":"z","origin":[4.5,9.0,2.5]},"faces":{"north":{"uv":[10.75,11.5,9.5,9.0],"texture":"#2"},"east":{"uv":[2.5,5.0,0.0,2.5],"texture":"#2"},"south":{"uv":[10.75,9.0,9.5,6.5],"texture":"#2"},"west":{"uv":[5.0,5.0,2.5,2.5],"texture":"#2"},"up":{"uv":[2.5,9.75,1.25,12.25],"texture":"#2"},"down":{"uv":[1.25,12.25,0.0,9.75],"texture":"#2"}}},{"from":[12.5,9.0,13.5],"to":[7.5,-1.0,3.5],"rotation":{"angle":22.5,"axis":"z","origin":[11.5,9.0,2.5]},"faces":{"north":{"uv":[9.5,11.5,10.75,9.0],"texture":"#2"},"east":{"uv":[2.5,5.0,5.0,2.5],"texture":"#2"},"south":{"uv":[9.5,9.0,10.75,6.5],"texture":"#2"},"west":{"uv":[0.0,5.0,2.5,2.5],"texture":"#2"},"up":{"uv":[1.25,9.75,2.5,12.25],"texture":"#2"},"down":{"uv":[0.0,12.25,1.25,9.75],"texture":"#2"}}},{"from":[-0.25071,-6.85611,3.5],"to":[-0.25071,0.14389,13.5],"rotation":{"angle":0.0,"axis":"y","origin":[0.74929,0.14389,2.5]},"faces":{"north":{"uv":[0.0,0.0,0.0,1.75],"texture":"#2"},"east":{"uv":[9.5,8.0,7.0,9.75],"texture":"#2"},"south":{"uv":[0.0,0.0,0.0,1.75],"texture":"#2"},"west":{"uv":[2.5,8.0,0.0,9.75],"texture":"#2"},"up":{"uv":[0.0,2.5,0.0,0.0],"texture":"#2"},"down":{"uv":[0.0,0.0,0.0,2.5],"texture":"#2"}}},{"from":[16.25071,-6.85611,3.5],"to":[16.25071,0.14389,13.5],"rotation":{"angle":0.0,"axis":"y","origin":[15.25071,0.14389,2.5]},"faces":{"north":{"uv":[0.0,0.0,0.0,1.75],"texture":"#2"},"east":{"uv":[0.0,8.0,2.5,9.75],"texture":"#2"},"south":{"uv":[0.0,0.0,0.0,1.75],"texture":"#2"},"west":{"uv":[7.0,8.0,9.5,9.75],"texture":"#2"},"up":{"uv":[0.0,2.5,0.0,0.0],"texture":"#2"},"down":{"uv":[0.0,0.0,0.0,2.5],"texture":"#2"}}},{"from":[-0.5,-10.92164,4.85195],"to":[16.5,0.07836,4.85195],"rotation":{"angle":22.5,"axis":"x","origin":[3.5,-2.92164,4.85195]},"faces":{"north":{"uv":[0.0,0.0,8.5,5.0],"texture":"#1"},"east":{"uv":[0.0,0.0,0.0,5.0],"texture":"#1"},"south":{"uv":[0.0,0.0,8.5,5.0],"texture":"#1"},"west":{"uv":[0.0,0.0,0.0,5.0],"texture":"#1"},"up":{"uv":[7.5,0.0,0.0,0.0],"texture":"#1"},"down":{"uv":[7.5,0.0,0.0,0.0],"texture":"#1"}}},{"from":[-0.5,-10.77164,12.64805],"to":[16.5,0.22836,12.64805],"rotation":{"angle":-22.5,"axis":"x","origin":[3.5,-2.77164,12.64805]},"faces":{"north":{"uv":[8.5,0.0,0.0,5.0],"texture":"#1"},"east":{"uv":[0.0,0.0,0.0,5.0],"texture":"#1"},"south":{"uv":[8.5,0.0,0.0,5.0],"texture":"#1"},"west":{"uv":[0.0,0.0,0.0,5.0],"texture":"#1"},"up":{"uv":[7.5,0.0,0.0,0.0],"texture":"#1"},"down":{"uv":[7.5,0.0,0.0,0.0],"texture":"#1"}}},{"from":[3.5,1.0,4.0],"to":[12.5,9.0,12.0],"rotation":{"angle":0.0,"axis":"y","origin":[9.5,3.0,4.0]},"faces":{"north":{"uv":[6.0,0.0,8.25,2.0],"texture":"#2"},"east":{"uv":[8.25,0.0,10.25,2.0],"texture":"#2"},"south":{"uv":[6.75,2.0,9.0,4.0],"texture":"#2"},"west":{"uv":[2.5,8.5,4.5,10.5],"texture":"#2"},"up":{"uv":[9.25,6.0,7.0,4.0],"texture":"#2"},"down":{"uv":[9.25,6.0,7.0,8.0],"texture":"#2"}}},{"from":[4.0,9.0,4.0],"to":[12.0,10.0,12.0],"rotation":{"angle":0.0,"axis":"y","origin":[10.0,3.0,4.0]},"faces":{"north":{"uv":[6.5,0.0,7.75,0.25],"texture":"#2"},"east":{"uv":[6.5,0.0,7.75,0.25],"texture":"#2"},"south":{"uv":[6.5,0.0,7.75,0.25],"texture":"#2"},"west":{"uv":[6.5,0.0,7.75,0.25],"texture":"#2"},"up":{"uv":[6.5,0.0,7.75,0.25],"texture":"#2"},"down":{"uv":[6.5,0.0,7.75,0.25],"texture":"#2"}}},{"from":[12.5,7.0,5.0],"to":[3.5,1.0,3.0],"rotation":{"angle":0.0,"axis":"y","origin":[9.5,3.0,3.0]},"faces":{"north":{"uv":[9.25,3.5,11.5,5.0],"texture":"#2"},"east":{"uv":[6.25,10.0,6.75,11.5],"texture":"#2"},"south":{"uv":[9.25,5.0,11.5,6.5],"texture":"#2"},"west":{"uv":[8.0,10.25,8.5,11.75],"texture":"#2"},"up":{"uv":[13.0,11.0,10.75,10.5],"texture":"#2"},"down":{"uv":[13.0,11.0,10.75,11.5],"texture":"#2"}}},{"from":[5.5,-1.0,4.0],"to":[10.5,1.0,6.0],"rotation":{"angle":0.0,"axis":"y","origin":[9.5,3.0,4.0]},"faces":{"north":{"uv":[2.5,10.5,3.75,11.0],"texture":"#2"},"east":{"uv":[4.0,5.0,4.5,5.5],"texture":"#2"},"south":{"uv":[2.5,11.0,3.75,11.5],"texture":"#2"},"west":{"uv":[4.5,5.0,5.0,5.5],"texture":"#2"},"up":{"uv":[12.5,2.5,11.25,2.0],"texture":"#2"},"down":{"uv":[12.5,2.5,11.25,3.0],"texture":"#2"}}},{"from":[4.5,-2.26327,8.14911],"to":[11.5,9.73673,14.14911],"rotation":{"angle":-22.5,"axis":"x","origin":[7.5,8.73673,10.64911]},"faces":{"north":{"uv":[2.25,5.0,4.0,8.0],"texture":"#2"},"east":{"uv":[4.0,5.5,5.5,8.5],"texture":"#2"},"south":{"uv":[5.0,2.5,6.75,5.5],"texture":"#2"},"west":{"uv":[5.5,5.5,7.0,8.5],"texture":"#2"},"up":{"uv":[6.25,11.5,4.5,10.0],"texture":"#2"},"down":{"uv":[12.0,0.0,10.25,1.5],"texture":"#2"}}},{"from":[3.5,-2.0,6.0],"to":[12.5,0.0,12.0],"rotation":{"angle":0.0,"axis":"y","origin":[9.5,-1.0,5.0]},"faces":{"north":{"uv":[0.0,7.5,2.25,8.0],"texture":"#2"},"east":{"uv":[2.5,8.0,4.0,8.5],"texture":"#2"},"south":{"uv":[10.25,1.5,12.5,2.0],"texture":"#2"},"west":{"uv":[8.0,9.75,9.5,10.25],"texture":"#2"},"up":{"uv":[6.75,10.0,4.5,8.5],"texture":"#2"},"down":{"uv":[11.25,2.0,9.0,3.5],"texture":"#2"}}}],"display":{"thirdperson_righthand":{"translation":[0.0,1.0,0.75],"rotation":[55.5,34.0,0.0],"scale":[0.52539,0.52539,0.52539]},"thirdperson_lefthand":{"translation":[0.0,1.0,0.75],"rotation":[55.5,34.0,0.0],"scale":[0.52539,0.52539,0.52539]},"firstperson_righthand":{"translation":[9.5,0.0,-5.75],"rotation":[21.0,114.5,-13.75],"scale":[0.41992,0.41992,0.41992]},"firstperson_lefthand":{"translation":[9.5,0.0,-5.75],"rotation":[21.0,114.5,-13.75],"scale":[0.41992,0.41992,0.41992]},"gui":{"translation":[0.0,4.0,0.0],"rotation":[-149.61,-31.92,-180.0],"scale":[0.6582,0.6582,0.6582]},"head":{"translation":[0.0,4.0,-2.5],"scale":[1.62539,1.62539,1.62539]}},"gui_light":"front"}