{"textures":{"0":"mcc:island_cosmetics/head/head_3","1":"mcc:island_cosmetics/head_variant/head_3_extra","particle":"mcc:island_cosmetics/head/head_3"},"credit":"Made with Blockbench","texture_size":[128.0,128.0],"elements":[{"from":[3.0,0.0,3.5],"to":[13.0,9.0,8.5],"rotation":{"angle":0.0,"axis":"x","origin":[8.0,9.5,7.5]},"faces":{"north":{"uv":[13.5,10.125,14.75,11.25],"texture":"#1"},"east":{"uv":[16.0,10.75,15.375,11.875],"texture":"#1"},"south":{"uv":[3.75,0.5,3.875,0.625],"texture":"#1"},"west":{"uv":[15.375,10.75,16.0,11.875],"texture":"#1"},"up":{"uv":[14.75,10.125,16.0,10.75],"texture":"#1"},"down":{"uv":[4.5,0.75,3.375,1.375],"texture":"#1"}}},{"from":[9.5,9.0,8.5],"to":[11.5,9.0,10.5],"rotation":{"angle":-22.5,"axis":"x","origin":[10.5,9.0,8.5]},"faces":{"north":{"uv":[5.875,3.25,4.75,3.875],"rotation":180.0,"texture":"#0"},"east":{"uv":[3.875,3.875,4.5,5.0],"rotation":270.0,"texture":"#0"},"south":{"uv":[2.25,3.875,2.5,3.875],"texture":"#0"},"west":{"uv":[4.5,3.875,3.875,5.0],"rotation":90.0,"texture":"#0"},"up":{"uv":[2.25,3.125,2.5,3.375],"rotation":180.0,"texture":"#0"},"down":{"uv":[2.25,3.125,2.5,3.375],"texture":"#0"}}},{"from":[4.5,9.0,8.5],"to":[6.5,9.0,10.5],"rotation":{"angle":-22.5,"axis":"x","origin":[5.5,9.0,8.5]},"faces":{"north":{"uv":[4.75,3.25,5.875,3.875],"rotation":180.0,"texture":"#0"},"east":{"uv":[3.875,3.875,4.5,5.0],"rotation":270.0,"texture":"#0"},"south":{"uv":[2.5,3.875,2.25,3.875],"texture":"#0"},"west":{"uv":[4.5,3.875,3.875,5.0],"rotation":90.0,"texture":"#0"},"up":{"uv":[2.5,3.125,2.25,3.375],"rotation":180.0,"texture":"#0"},"down":{"uv":[2.5,3.125,2.25,3.375],"texture":"#0"}}},{"from":[12.34056,6.0,8.53191],"to":[12.34056,8.0,10.53191],"rotation":{"angle":22.5,"axis":"y","origin":[12.34056,5.5,8.1177]},"faces":{"north":{"uv":[5.875,3.875,4.75,3.25],"rotation":270.0,"texture":"#0"},"east":{"uv":[2.25,3.375,2.5,3.125],"rotation":90.0,"texture":"#0"},"south":{"uv":[2.25,3.875,2.5,3.875],"rotation":270.0,"texture":"#0"},"west":{"uv":[2.25,3.375,2.5,3.125],"rotation":270.0,"texture":"#0"},"up":{"uv":[3.875,5.0,4.5,3.875],"texture":"#0"},"down":{"uv":[4.5,5.0,3.875,3.875],"rotation":180.0,"texture":"#0"}}},{"from":[12.34056,1.0,8.53191],"to":[12.34056,3.0,10.53191],"rotation":{"angle":22.5,"axis":"y","origin":[12.34056,5.5,8.1177]},"faces":{"north":{"uv":[4.75,3.875,5.875,3.25],"rotation":270.0,"texture":"#0"},"east":{"uv":[2.5,3.375,2.25,3.125],"rotation":90.0,"texture":"#0"},"south":{"uv":[2.5,3.875,2.25,3.875],"rotation":270.0,"texture":"#0"},"west":{"uv":[2.5,3.375,2.25,3.125],"rotation":270.0,"texture":"#0"},"up":{"uv":[3.875,5.0,4.5,3.875],"texture":"#0"},"down":{"uv":[4.5,5.0,3.875,3.875],"rotation":180.0,"texture":"#0"}}},{"from":[3.65944,6.0,8.53191],"to":[3.65944,8.0,10.53191],"rotation":{"angle":-22.5,"axis":"y","origin":[3.65944,5.5,8.1177]},"faces":{"north":{"uv":[5.875,3.25,4.75,3.875],"rotation":270.0,"texture":"#0"},"east":{"uv":[2.25,3.125,2.5,3.375],"rotation":270.0,"texture":"#0"},"south":{"uv":[2.25,3.875,2.5,3.875],"rotation":270.0,"texture":"#0"},"west":{"uv":[2.25,3.125,2.5,3.375],"rotation":90.0,"texture":"#0"},"up":{"uv":[4.5,5.0,3.875,3.875],"texture":"#0"},"down":{"uv":[3.875,5.0,4.5,3.875],"rotation":180.0,"texture":"#0"}}},{"from":[3.65944,1.0,8.53191],"to":[3.65944,3.0,10.53191],"rotation":{"angle":-22.5,"axis":"y","origin":[3.65944,5.5,8.1177]},"faces":{"north":{"uv":[4.75,3.25,5.875,3.875],"rotation":270.0,"texture":"#0"},"east":{"uv":[2.5,3.125,2.25,3.375],"rotation":270.0,"texture":"#0"},"south":{"uv":[2.5,3.875,2.25,3.875],"rotation":270.0,"texture":"#0"},"west":{"uv":[2.5,3.125,2.25,3.375],"rotation":90.0,"texture":"#0"},"up":{"uv":[4.5,5.0,3.875,3.875],"texture":"#0"},"down":{"uv":[3.875,5.0,4.5,3.875],"rotation":180.0,"texture":"#0"}}},{"from":[3.5,0.0,6.5],"to":[12.5,9.0,12.5],"rotation":{"angle":0.0,"axis":"x","origin":[7.5,9.5,7.5]},"faces":{"north":{"uv":[5.125,3.0,5.25,3.125],"texture":"#0"},"east":{"uv":[12.25,10.375,13.375,11.125],"rotation":90.0,"texture":"#1"},"south":{"uv":[4.5,3.875,5.625,5.0],"texture":"#0"},"west":{"uv":[12.25,11.125,13.375,10.375],"rotation":90.0,"texture":"#1"},"up":{"uv":[12.25,10.375,13.375,11.125],"texture":"#1"},"down":{"uv":[5.875,2.75,4.75,3.25],"texture":"#0"}}},{"from":[5.5,-4.0,-1.5],"to":[10.5,1.0,2.5],"rotation":{"angle":-22.5,"axis":"x","origin":[8.5,4.5,-1.0]},"faces":{"north":{"uv":[0.625,0.25,1.25,0.875],"texture":"#1"},"east":{"uv":[12.25,11.0,11.625,11.5],"rotation":90.0,"texture":"#1"},"south":{"uv":[3.25,0.125,3.375,0.25],"texture":"#1"},"west":{"uv":[12.25,11.5,11.625,11.0],"rotation":90.0,"texture":"#1"},"up":{"uv":[11.625,10.375,12.25,10.875],"texture":"#1"},"down":{"uv":[12.25,12.125,11.625,11.625],"texture":"#1"}}},{"from":[11.84357,-2.70075,2.02267],"to":[14.84357,2.29925,7.02267],"rotation":{"angle":-22.5,"axis":"z","origin":[12.84357,-0.20075,4.52267]},"faces":{"north":{"uv":[13.0,11.75,12.375,11.375],"rotation":90.0,"texture":"#1"},"east":{"uv":[12.25,11.375,12.375,11.5],"rotation":270.0,"texture":"#1"},"south":{"uv":[13.0,11.75,12.375,11.375],"rotation":270.0,"texture":"#1"},"west":{"uv":[13.0,12.375,12.375,11.75],"rotation":90.0,"texture":"#1"},"up":{"uv":[13.0,11.75,12.375,11.375],"rotation":270.0,"texture":"#1"},"down":{"uv":[13.0,11.75,12.375,11.375],"rotation":270.0,"texture":"#1"}}},{"from":[11.84357,-2.70075,2.02267],"to":[14.84357,2.29925,7.02267],"rotation":{"angle":-22.5,"axis":"z","origin":[12.84357,-0.20075,4.52267]},"faces":{"north":{"uv":[13.625,11.75,13.0,11.375],"rotation":90.0,"texture":"#1","tintindex":0.0},"east":{"uv":[13.625,12.375,13.0,11.75],"rotation":90.0,"texture":"#1","tintindex":0.0},"south":{"uv":[13.0,11.375,13.625,11.75],"rotation":90.0,"texture":"#1","tintindex":0.0},"west":{"uv":[12.75,11.375,12.875,11.5],"rotation":90.0,"texture":"#1","tintindex":0.0},"up":{"uv":[13.625,11.75,13.0,11.375],"rotation":270.0,"texture":"#1","tintindex":0.0},"down":{"uv":[13.625,11.375,13.0,11.75],"rotation":90.0,"texture":"#1","tintindex":0.0}}},{"from":[1.15643,-2.70075,2.02267],"to":[4.15643,2.29925,7.02267],"rotation":{"angle":22.5,"axis":"z","origin":[3.15643,-0.20075,4.52267]},"faces":{"north":{"uv":[13.0,11.375,12.375,11.75],"rotation":90.0,"texture":"#1"},"east":{"uv":[13.0,11.75,12.375,12.375],"rotation":90.0,"texture":"#1"},"south":{"uv":[13.0,11.375,12.375,11.75],"rotation":270.0,"texture":"#1"},"west":{"uv":[12.25,11.5,12.375,11.375],"rotation":270.0,"texture":"#1"},"up":{"uv":[13.0,11.375,12.375,11.75],"rotation":270.0,"texture":"#1"},"down":{"uv":[13.0,11.375,12.375,11.75],"rotation":270.0,"texture":"#1"}}},{"from":[1.15643,-2.70075,2.02267],"to":[4.15643,2.29925,7.02267],"rotation":{"angle":22.5,"axis":"z","origin":[3.15643,-0.20075,4.52267]},"faces":{"north":{"uv":[13.625,11.375,13.0,11.75],"rotation":90.0,"texture":"#1","tintindex":0.0},"east":{"uv":[12.75,11.5,12.875,11.375],"rotation":90.0,"texture":"#1","tintindex":0.0},"south":{"uv":[13.0,11.75,13.625,11.375],"rotation":90.0,"texture":"#1","tintindex":0.0},"west":{"uv":[13.625,11.75,13.0,12.375],"rotation":90.0,"texture":"#1","tintindex":0.0},"up":{"uv":[13.625,11.375,13.0,11.75],"rotation":270.0,"texture":"#1","tintindex":0.0},"down":{"uv":[13.625,11.75,13.0,11.375],"rotation":90.0,"texture":"#1","tintindex":0.0}}},{"name":"cube inverted","from":[13.0,9.0,8.5],"to":[3.0,0.0,3.5],"rotation":{"angle":0.0,"axis":"x","origin":[8.0,9.5,7.5]},"faces":{"north":{"uv":[3.75,0.625,3.875,0.5],"texture":"#1"},"east":{"uv":[15.375,11.875,16.0,10.75],"texture":"#1"},"south":{"uv":[13.5,11.25,14.75,10.125],"texture":"#1"},"west":{"uv":[16.0,11.875,15.375,10.75],"texture":"#1"},"up":{"uv":[3.375,0.75,4.5,1.375],"texture":"#1"},"down":{"uv":[16.0,10.125,14.75,10.75],"texture":"#1"}}},{"name":"cube inverted","from":[12.5,9.0,12.5],"to":[3.5,0.0,6.5],"rotation":{"angle":0.0,"axis":"x","origin":[7.5,9.5,7.5]},"faces":{"north":{"uv":[4.5,5.0,5.625,3.875],"texture":"#0"},"east":{"uv":[13.375,11.125,12.25,10.375],"rotation":90.0,"texture":"#1"},"south":{"uv":[5.125,3.125,5.25,3.0],"texture":"#0"},"west":{"uv":[13.375,10.375,12.25,11.125],"rotation":90.0,"texture":"#1"},"up":{"uv":[4.75,2.75,5.875,3.25],"texture":"#0"},"down":{"uv":[13.375,10.375,12.25,11.125],"texture":"#1"}}}],"gui_light":"front","display":{"thirdperson_righthand":{"rotation":[55.5,34.0,0.0],"translation":[0.0,1.0,0.75],"scale":[0.52539,0.52539,0.52539]},"thirdperson_lefthand":{"rotation":[55.5,34.0,0.0],"translation":[0.0,1.0,0.75],"scale":[0.52539,0.52539,0.52539]},"firstperson_righthand":{"rotation":[21.0,114.5,-13.75],"translation":[9.5,0.0,-5.75],"scale":[0.41992,0.41992,0.41992]},"firstperson_lefthand":{"rotation":[21.0,114.5,-13.75],"translation":[9.5,0.0,-5.75],"scale":[0.41992,0.41992,0.41992]},"gui":{"rotation":[-149.61,-31.92,-180.0],"translation":[-1.25,4.25,0.0],"scale":[0.85937,0.85937,0.85937]},"head":{"translation":[0.0,5.75,0.0],"scale":[1.63126,1.63126,1.63126]}}}