{"textures":{"1":"mcc:island_cosmetics/general/hat/fruit_crown/fruit_crown"},"display":{"thirdperson_righthand":{"translation":[0.0,1.0,0.75],"rotation":[55.5,34.0,0.0],"scale":[0.52539,0.52539,0.52539]},"thirdperson_lefthand":{"translation":[0.0,1.0,0.75],"rotation":[55.5,34.0,0.0],"scale":[0.52539,0.52539,0.52539]},"firstperson_righthand":{"translation":[9.5,0.0,-5.75],"rotation":[21.0,114.5,-13.75],"scale":[0.41992,0.41992,0.41992]},"firstperson_lefthand":{"translation":[9.5,0.0,-5.75],"rotation":[21.0,114.5,-13.75],"scale":[0.41992,0.41992,0.41992]},"gui":{"translation":[0.25,-1.75,0.0],"rotation":[-149.61,-31.92,-180.0],"scale":[0.69726,0.69726,0.69726]},"head":{"translation":[0.0,5.5,0.0],"scale":[1.6293,1.6293,1.6293]}},"credit":"Made with Blockbench","texture_size":[32.0,32.0],"elements":[{"from":[3.5,3.25,3.5],"to":[12.5,9.25,12.5],"rotation":{"angle":0.0,"axis":"y","origin":[2.5,7.5,2.5]},"faces":{"north":{"uv":[0.0,0.0,4.5,3.0],"texture":"#1","tintindex":0.0},"east":{"uv":[4.5,0.0,9.0,3.0],"texture":"#1","tintindex":0.0},"south":{"uv":[13.5,0.0,9.0,3.0],"texture":"#1","tintindex":0.0},"west":{"uv":[9.0,0.0,4.5,3.0],"texture":"#1","tintindex":0.0},"up":{"uv":[4.5,3.0,0.0,7.5],"texture":"#1","tintindex":0.0},"down":{"uv":[2.0,0.5,2.5,1.0],"texture":"#1","tintindex":0.0}}},{"from":[6.52,9.27,7.52],"to":[11.48,15.23,12.48],"rotation":{"angle":22.5,"axis":"y","origin":[9.0,12.5,10.0]},"faces":{"north":{"uv":[4.5,3.0,7.0,6.0],"texture":"#1"},"east":{"uv":[4.5,3.0,7.0,6.0],"texture":"#1"},"south":{"uv":[4.5,3.0,7.0,6.0],"texture":"#1"},"west":{"uv":[4.5,3.0,7.0,6.0],"texture":"#1"},"up":{"uv":[4.5,6.0,7.0,8.5],"texture":"#1"},"down":{"uv":[7.0,3.0,9.5,5.5],"texture":"#1"}}},{"from":[10.5,10.5,9.75],"to":[13.5,15.5,10.75],"rotation":{"angle":22.5,"axis":"z","origin":[18.0,14.0,11.25]},"faces":{"north":{"uv":[4.5,11.5,6.0,14.0],"texture":"#1"},"east":{"uv":[4.0,11.5,4.5,14.0],"texture":"#1"},"south":{"uv":[6.0,11.5,4.5,14.0],"texture":"#1"},"west":{"uv":[5.5,11.5,6.0,14.0],"texture":"#1"},"up":{"uv":[4.0,13.5,4.5,14.0],"texture":"#1"},"down":{"uv":[4.0,13.5,4.5,14.0],"texture":"#1"}}},{"from":[11.33941,7.28002,7.75],"to":[14.33941,12.28002,8.75],"rotation":{"angle":0.0,"axis":"z","origin":[12.83941,10.78002,10.25]},"faces":{"north":{"uv":[4.5,11.5,6.0,14.0],"texture":"#1"},"east":{"uv":[4.0,11.5,4.5,14.0],"texture":"#1"},"south":{"uv":[6.0,11.5,4.5,14.0],"texture":"#1"},"west":{"uv":[5.5,11.5,6.0,14.0],"texture":"#1"},"up":{"uv":[4.0,13.5,4.5,14.0],"texture":"#1"},"down":{"uv":[4.0,13.5,4.5,14.0],"texture":"#1"}}},{"from":[7.52,9.27,5.52],"to":[10.48,12.23,8.48],"rotation":{"angle":22.5,"axis":"y","origin":[5.0,10.75,5.0]},"faces":{"north":{"uv":[9.0,10.0,10.5,11.5],"texture":"#1"},"east":{"uv":[10.5,10.0,9.0,11.5],"texture":"#1"},"south":{"uv":[9.0,10.0,10.5,11.5],"texture":"#1"},"west":{"uv":[10.5,10.0,9.0,11.5],"texture":"#1"},"up":{"uv":[12.0,10.0,10.5,11.5],"texture":"#1"},"down":{"uv":[10.0,11.0,10.5,11.5],"texture":"#1"}}},{"from":[4.5,8.25,5.5],"to":[7.5,11.25,8.5],"rotation":{"angle":-22.5,"axis":"y","origin":[5.0,10.75,5.0]},"faces":{"north":{"uv":[6.0,10.0,7.5,11.5],"texture":"#1"},"east":{"uv":[7.5,10.0,6.0,11.5],"texture":"#1"},"south":{"uv":[6.0,10.0,7.5,11.5],"texture":"#1"},"west":{"uv":[7.5,10.0,6.0,11.5],"texture":"#1"},"up":{"uv":[9.0,10.0,7.5,11.5],"texture":"#1"},"down":{"uv":[7.0,11.0,7.5,11.5],"texture":"#1"}}},{"from":[0.65851,0.5,7.73044],"to":[5.65851,9.5,7.73044],"rotation":{"angle":0.0,"axis":"y","origin":[5.15851,10.0,7.23044]},"faces":{"north":{"uv":[0.0,11.0,2.5,15.5],"texture":"#1"},"east":{"uv":[7.5,10.0,6.0,11.5],"texture":"#1"},"south":{"uv":[2.5,11.0,0.0,15.5],"texture":"#1"},"west":{"uv":[7.5,10.0,6.0,11.5],"texture":"#1"},"up":{"uv":[9.0,10.0,7.5,11.5],"texture":"#1"},"down":{"uv":[7.0,11.0,7.5,11.5],"texture":"#1"}}},{"from":[0.65851,5.5,6.73044],"to":[2.65851,7.5,8.73044],"rotation":{"angle":0.0,"axis":"y","origin":[5.15851,10.0,7.23044]},"faces":{"north":{"uv":[1.5,12.0,2.5,13.0],"texture":"#1"},"east":{"uv":[1.5,12.0,2.5,13.0],"texture":"#1"},"south":{"uv":[2.5,12.0,1.5,13.0],"texture":"#1"},"west":{"uv":[2.5,12.0,1.5,13.0],"texture":"#1"},"up":{"uv":[7.0,11.5,6.0,12.5],"texture":"#1"},"down":{"uv":[6.0,11.0,6.5,11.5],"texture":"#1"}}},{"from":[1.65851,1.5,6.73044],"to":[3.65851,3.5,8.73044],"rotation":{"angle":0.0,"axis":"y","origin":[5.15851,10.0,7.23044]},"faces":{"north":{"uv":[1.5,12.0,2.5,13.0],"texture":"#1"},"east":{"uv":[1.5,12.0,2.5,13.0],"texture":"#1"},"south":{"uv":[2.5,12.0,1.5,13.0],"texture":"#1"},"west":{"uv":[2.5,12.0,1.5,13.0],"texture":"#1"},"up":{"uv":[7.0,11.5,6.0,12.5],"texture":"#1"},"down":{"uv":[6.0,11.0,6.5,11.5],"texture":"#1"}}},{"from":[2.65851,3.5,7.73044],"to":[4.65851,5.5,9.73044],"rotation":{"angle":0.0,"axis":"y","origin":[5.15851,10.0,7.23044]},"faces":{"north":{"uv":[1.5,12.0,2.5,13.0],"texture":"#1"},"east":{"uv":[1.5,12.0,2.5,13.0],"texture":"#1"},"south":{"uv":[2.5,12.0,1.5,13.0],"texture":"#1"},"west":{"uv":[2.5,12.0,1.5,13.0],"texture":"#1"},"up":{"uv":[7.0,11.5,6.0,12.5],"texture":"#1"},"down":{"uv":[6.0,11.0,6.5,11.5],"texture":"#1"}}},{"from":[-0.5,10.5,10.5],"to":[4.5,13.5,10.5],"rotation":{"angle":-22.5,"axis":"z","origin":[-0.5,11.5,12.5]},"faces":{"north":{"uv":[6.0,11.5,4.5,9.0],"rotation":90.0,"texture":"#1"},"east":{"uv":[4.5,6.0,7.0,8.5],"rotation":90.0,"texture":"#1"},"south":{"uv":[6.0,9.0,4.5,11.5],"rotation":90.0,"texture":"#1"},"west":{"uv":[7.0,3.0,9.5,5.5],"rotation":90.0,"texture":"#1"},"up":{"uv":[4.5,3.0,7.0,6.0],"rotation":90.0,"texture":"#1"},"down":{"uv":[4.5,3.0,7.0,6.0],"rotation":90.0,"texture":"#1"}}},{"from":[3.5,7.25,9.75],"to":[6.5,12.25,9.75],"rotation":{"angle":22.5,"axis":"z","origin":[-0.5,11.5,12.5]},"faces":{"north":{"uv":[6.0,11.5,4.5,9.0],"texture":"#1"},"east":{"uv":[4.5,3.0,7.0,6.0],"rotation":180.0,"texture":"#1"},"south":{"uv":[6.0,9.0,4.5,11.5],"rotation":180.0,"texture":"#1"},"west":{"uv":[4.5,3.0,7.0,6.0],"rotation":180.0,"texture":"#1"},"up":{"uv":[7.0,3.0,9.5,5.5],"rotation":180.0,"texture":"#1"},"down":{"uv":[4.5,6.0,7.0,8.5],"rotation":180.0,"texture":"#1"}}},{"from":[10.8221,8.07376,11.75],"to":[13.8221,13.07376,11.75],"rotation":{"angle":-45.0,"axis":"z","origin":[12.3221,10.57376,11.75]},"faces":{"north":{"uv":[6.0,11.5,4.5,9.0],"texture":"#1"},"east":{"uv":[4.5,3.0,7.0,6.0],"rotation":180.0,"texture":"#1"},"south":{"uv":[6.0,9.0,4.5,11.5],"rotation":180.0,"texture":"#1"},"west":{"uv":[4.5,3.0,7.0,6.0],"rotation":180.0,"texture":"#1"},"up":{"uv":[7.0,3.0,9.5,5.5],"rotation":180.0,"texture":"#1"},"down":{"uv":[4.5,6.0,7.0,8.5],"rotation":180.0,"texture":"#1"}}},{"from":[12.3221,7.07376,12.75],"to":[17.3221,10.07376,12.75],"rotation":{"angle":-45.0,"axis":"z","origin":[12.3221,10.57376,11.75]},"faces":{"north":{"uv":[6.0,11.5,4.5,9.0],"rotation":270.0,"texture":"#1"},"east":{"uv":[7.0,3.0,9.5,5.5],"rotation":270.0,"texture":"#1"},"south":{"uv":[6.0,9.0,4.5,11.5],"rotation":270.0,"texture":"#1"},"west":{"uv":[4.5,6.0,7.0,8.5],"rotation":270.0,"texture":"#1"},"up":{"uv":[4.5,3.0,7.0,6.0],"rotation":270.0,"texture":"#1"},"down":{"uv":[4.5,3.0,7.0,6.0],"rotation":270.0,"texture":"#1"}}},{"from":[8.75,1.0,2.75],"to":[13.75,10.0,7.75],"rotation":{"angle":-45.0,"axis":"y","origin":[11.0,6.0,5.5]},"faces":{"north":{"uv":[7.0,5.5,9.5,10.0],"texture":"#1"},"east":{"uv":[9.5,5.5,12.0,10.0],"texture":"#1"},"south":{"uv":[8.0,2.0,8.5,2.5],"texture":"#1"},"west":{"uv":[12.0,3.0,14.5,7.5],"texture":"#1"},"up":{"uv":[9.5,3.0,12.0,5.5],"texture":"#1"},"down":{"uv":[8.0,2.0,8.5,2.5],"texture":"#1"}}},{"from":[2.43297,2.0,8.46088],"to":[7.43297,10.0,13.46088],"rotation":{"angle":22.5,"axis":"y","origin":[4.68297,5.5,9.96088]},"faces":{"north":{"uv":[12.0,11.5,9.5,15.5],"texture":"#1"},"south":{"uv":[14.5,12.0,12.0,16.0],"texture":"#1"},"west":{"uv":[14.5,7.5,12.0,11.5],"texture":"#1"},"up":{"uv":[9.5,11.5,7.0,14.0],"rotation":270.0,"texture":"#1"},"down":{"uv":[13.5,3.5,13.0,4.0],"texture":"#1"}}},{"from":[5.5,15.25,10.0],"to":[12.5,22.25,10.0],"rotation":{"angle":-45.0,"axis":"y","origin":[9.0,18.75,10.0]},"faces":{"north":{"uv":[3.5,7.5,0.0,11.0],"texture":"#1"},"east":{"uv":[4.5,3.0,7.0,6.0],"texture":"#1"},"south":{"uv":[0.0,7.5,3.5,11.0],"texture":"#1"},"west":{"uv":[4.5,3.0,7.0,6.0],"texture":"#1"},"up":{"uv":[4.5,6.0,7.0,8.5],"texture":"#1"},"down":{"uv":[7.0,3.0,9.5,5.5],"texture":"#1"}}},{"from":[5.5,15.25,10.0],"to":[12.5,22.25,10.0],"rotation":{"angle":22.5,"axis":"y","origin":[9.0,18.75,10.0]},"faces":{"north":{"uv":[3.5,7.5,0.0,11.0],"texture":"#1"},"east":{"uv":[4.5,3.0,7.0,6.0],"texture":"#1"},"south":{"uv":[0.0,7.5,3.5,11.0],"texture":"#1"},"west":{"uv":[4.5,3.0,7.0,6.0],"texture":"#1"},"up":{"uv":[4.5,6.0,7.0,8.5],"rotation":180.0,"texture":"#1"},"down":{"uv":[7.0,3.0,9.5,5.5],"rotation":180.0,"texture":"#1"}}},{"name":"cube inverted","from":[13.75,10.0,7.75],"to":[8.75,1.0,2.75],"rotation":{"angle":-45.0,"axis":"y","origin":[11.0,6.0,5.5]},"faces":{"north":{"uv":[8.0,2.5,8.5,2.0],"texture":"#1"},"east":{"uv":[12.0,7.5,14.5,3.0],"texture":"#1"},"south":{"uv":[7.0,10.0,9.5,5.5],"texture":"#1"},"west":{"uv":[9.5,10.0,12.0,5.5],"texture":"#1"},"up":{"uv":[8.5,2.0,8.0,2.5],"texture":"#1"},"down":{"uv":[12.0,3.0,9.5,5.5],"texture":"#1"}}},{"name":"cube inverted","from":[12.5,9.25,12.5],"to":[3.5,3.25,3.5],"rotation":{"angle":0.0,"axis":"y","origin":[2.5,7.5,2.5]},"faces":{"north":{"uv":[13.5,3.0,9.0,0.0],"texture":"#1","tintindex":0.0},"east":{"uv":[9.0,3.0,4.5,0.0],"texture":"#1","tintindex":0.0},"south":{"uv":[0.0,3.0,4.5,0.0],"texture":"#1","tintindex":0.0},"west":{"uv":[4.5,3.0,9.0,0.0],"texture":"#1","tintindex":0.0},"up":{"uv":[2.5,0.5,2.0,1.0],"texture":"#1","tintindex":0.0},"down":{"uv":[0.0,3.0,4.5,7.5],"texture":"#1","tintindex":0.0}}},{"name":"cube inverted","from":[7.43297,10.0,13.46088],"to":[2.43297,2.0,8.46088],"rotation":{"angle":22.5,"axis":"y","origin":[4.68297,5.5,9.96088]},"faces":{"north":{"uv":[14.5,16.0,12.0,12.0],"texture":"#1"},"east":{"uv":[14.5,11.5,12.0,7.5],"texture":"#1"},"south":{"uv":[12.0,15.5,9.5,11.5],"texture":"#1"},"up":{"uv":[13.0,3.5,13.5,4.0],"texture":"#1"},"down":{"uv":[9.5,14.0,7.0,11.5],"rotation":270.0,"texture":"#1"}}}],"gui_light":"front"}