{"textures":{"0":"mcc:island_cosmetics/general/hat/baseball_cap/baseball_cap","particle":"mcc:island_cosmetics/general/hat/baseball_cap/baseball_cap"},"display":{"thirdperson_righthand":{"translation":[0.0,1.0,0.75],"rotation":[55.5,34.0,0.0],"scale":[0.52539,0.52539,0.52539]},"thirdperson_lefthand":{"translation":[0.0,1.0,0.75],"rotation":[55.5,34.0,0.0],"scale":[0.52539,0.52539,0.52539]},"firstperson_righthand":{"translation":[9.5,0.0,-5.75],"rotation":[21.0,114.5,-13.75],"scale":[0.41992,0.41992,0.41992]},"firstperson_lefthand":{"translation":[9.5,0.0,-5.75],"rotation":[21.0,114.5,-13.75],"scale":[0.41992,0.41992,0.41992]},"gui":{"translation":[-1.5,-1.25,0.0],"rotation":[-149.61,-31.92,-180.0],"scale":[0.96484,0.96484,0.96484]},"head":{"translation":[0.0,0.0,-0.25],"rotation":[2.5,0.0,0.0],"scale":[1.64492,1.64492,1.64492]}},"credit":"Made with Blockbench","texture_size":[32.0,32.0],"elements":[{"from":[3.5,9.0,3.5],"to":[12.5,14.0,12.5],"rotation":{"angle":0.0,"axis":"y","origin":[0.5,0.0,-1.5]},"faces":{"north":{"uv":[4.5,8.0,0.0,10.5],"texture":"#0","tintindex":0.0},"east":{"uv":[9.5,0.0,5.0,2.5],"texture":"#0","tintindex":0.0},"south":{"uv":[0.5,0.0,5.0,2.5],"texture":"#0","tintindex":0.0},"west":{"uv":[9.5,0.0,5.0,2.5],"texture":"#0","tintindex":0.0},"up":{"uv":[3.5,3.0,8.0,7.5],"texture":"#0","tintindex":0.0}}},{"from":[3.5,8.999,-2.5],"to":[12.5,9.999,3.5],"rotation":{"angle":0.0,"axis":"y","origin":[8.0,8.999,0.5]},"faces":{"east":{"uv":[3.0,3.5,0.0,3.0],"rotation":180.0,"texture":"#0","tintindex":0.0},"west":{"uv":[3.0,3.5,0.0,3.0],"texture":"#0","tintindex":0.0},"up":{"uv":[0.0,3.0,3.0,7.5],"rotation":270.0,"texture":"#0","tintindex":0.0}}},{"name":"cube inverted","from":[9.0,14.25,9.0],"to":[7.0,14.25,7.0],"rotation":{"angle":0.0,"axis":"y","origin":[0.5,0.0,17.5]},"faces":{"north":{"uv":[56.0,25.5,51.0,24.0],"texture":"#0","tintindex":0.0},"east":{"uv":[56.0,25.5,51.0,24.0],"texture":"#0","tintindex":0.0},"south":{"uv":[56.0,25.5,51.0,24.0],"texture":"#0","tintindex":0.0},"west":{"uv":[56.0,25.5,51.0,24.0],"texture":"#0","tintindex":0.0},"up":{"uv":[2.5,0.5,3.0,1.0],"texture":"#0","tintindex":0.0},"down":{"uv":[2.5,0.5,3.0,1.0],"texture":"#0","tintindex":0.0}}},{"name":"cube inverted","from":[12.5,14.0,12.5],"to":[3.5,9.0,3.5],"rotation":{"angle":0.0,"axis":"y","origin":[0.5,0.0,-1.5]},"faces":{"north":{"uv":[0.5,2.5,5.0,0.0],"texture":"#0","tintindex":0.0},"east":{"uv":[9.5,2.5,5.0,0.0],"texture":"#0","tintindex":0.0},"south":{"uv":[4.5,10.5,0.0,8.0],"texture":"#0","tintindex":0.0},"west":{"uv":[9.5,2.5,5.0,0.0],"texture":"#0","tintindex":0.0},"down":{"uv":[8.0,3.0,3.5,7.5],"texture":"#0","tintindex":0.0}}},{"name":"cube inverted","from":[12.5,9.999,3.5],"to":[3.5,8.999,-2.5],"rotation":{"angle":0.0,"axis":"y","origin":[8.0,8.999,0.5]},"faces":{"east":{"uv":[3.0,3.0,0.0,3.5],"texture":"#0","tintindex":0.0},"west":{"uv":[3.0,3.0,0.0,3.5],"rotation":180.0,"texture":"#0","tintindex":0.0},"down":{"uv":[0.0,7.5,3.0,3.0],"rotation":270.0,"texture":"#0","tintindex":0.0}}}],"gui_light":"front"}