{"textures":{"1":"mcc:island_cosmetics/general/hat/blubberfish/blubberfish","2":"mcc:island_cosmetics/general/hat/blubberfish/blubberfish_anim"},"display":{"thirdperson_righthand":{"translation":[0.0,1.0,-1.0],"rotation":[63.0,34.0,0.0],"scale":[0.37891,0.37891,0.37891]},"thirdperson_lefthand":{"translation":[0.0,1.0,-1.0],"rotation":[63.0,34.0,0.0],"scale":[0.37891,0.37891,0.37891]},"firstperson_righthand":{"translation":[9.5,0.0,-5.75],"rotation":[3.0,112.0,-13.0],"scale":[0.35547,0.35547,0.35547]},"firstperson_lefthand":{"translation":[9.5,0.0,-5.75],"rotation":[3.0,112.0,-13.0],"scale":[0.35547,0.35547,0.35547]},"ground":{"translation":[0.0,4.25,0.0],"scale":[0.28906,0.28906,0.28906]},"gui":{"translation":[0.75,-2.5,0.0],"rotation":[-149.61,-31.92,-180.0],"scale":[0.87109,0.87109,0.87109]},"head":{"translation":[0.0,-4.75,0.0],"scale":[1.6918,1.6918,1.6918]},"fixed":{"translation":[0.0,-3.25,-7.5]}},"credit":"Made with Blockbench","texture_size":[64.0,64.0],"elements":[{"from":[3.0,6.0,3.0],"to":[13.0,16.0,13.0],"rotation":{"angle":0.0,"axis":"y","origin":[8.0,14.0,8.0]},"faces":{"north":{"uv":[0.0,0.0,2.5,2.5],"texture":"#1","tintindex":0.0},"east":{"uv":[2.5,0.0,5.0,2.5],"texture":"#1","tintindex":0.0},"south":{"uv":[2.5,2.5,5.0,5.0],"texture":"#1","tintindex":0.0},"west":{"uv":[5.0,0.0,2.5,2.5],"texture":"#1","tintindex":0.0},"up":{"uv":[0.0,2.5,2.5,5.0],"texture":"#1","tintindex":0.0},"down":{"uv":[5.0,5.0,7.5,7.5],"texture":"#1","tintindex":0.0}}},{"from":[14.05995,6.0,12.56137],"to":[14.05995,12.0,15.56137],"rotation":{"angle":45.0,"axis":"y","origin":[14.05995,9.0,14.06137]},"faces":{"north":{"uv":[0.0,0.0,2.5,2.5],"texture":"#1","tintindex":0.0},"east":{"uv":[8.25,5.75,9.0,7.25],"texture":"#1","tintindex":0.0},"south":{"uv":[2.5,2.5,5.0,5.0],"texture":"#1","tintindex":0.0},"west":{"uv":[9.0,5.75,8.25,7.25],"texture":"#1","tintindex":0.0},"up":{"uv":[0.0,2.5,2.5,5.0],"texture":"#1","tintindex":0.0},"down":{"uv":[5.0,5.0,7.5,7.5],"texture":"#1","tintindex":0.0}}},{"from":[14.05995,6.0,12.56137],"to":[14.05995,12.0,15.56137],"rotation":{"angle":45.0,"axis":"y","origin":[14.05995,9.0,14.06137]},"faces":{"north":{"uv":[0.0,0.0,2.5,2.5],"texture":"#1"},"east":{"uv":[7.5,5.75,8.25,7.25],"texture":"#1"},"south":{"uv":[2.5,2.5,5.0,5.0],"texture":"#1"},"west":{"uv":[8.25,5.75,7.5,7.25],"texture":"#1"},"up":{"uv":[0.0,2.5,2.5,5.0],"texture":"#1"},"down":{"uv":[5.0,5.0,7.5,7.5],"texture":"#1"}}},{"from":[1.94005,6.0,12.56137],"to":[1.94005,12.0,15.56137],"rotation":{"angle":-45.0,"axis":"y","origin":[1.94005,9.0,14.06137]},"faces":{"north":{"uv":[2.5,0.0,0.0,2.5],"texture":"#1","tintindex":0.0},"east":{"uv":[8.25,5.75,9.0,7.25],"texture":"#1","tintindex":0.0},"south":{"uv":[5.0,2.5,2.5,5.0],"texture":"#1","tintindex":0.0},"west":{"uv":[9.0,5.75,8.25,7.25],"texture":"#1","tintindex":0.0},"up":{"uv":[2.5,2.5,0.0,5.0],"texture":"#1","tintindex":0.0},"down":{"uv":[7.5,5.0,5.0,7.5],"texture":"#1","tintindex":0.0}}},{"from":[1.94005,6.0,12.56137],"to":[1.94005,12.0,15.56137],"rotation":{"angle":-45.0,"axis":"y","origin":[1.94005,9.0,14.06137]},"faces":{"north":{"uv":[2.5,0.0,0.0,2.5],"texture":"#1"},"east":{"uv":[7.5,5.75,8.25,7.25],"texture":"#1"},"south":{"uv":[5.0,2.5,2.5,5.0],"texture":"#1"},"west":{"uv":[8.25,5.75,7.5,7.25],"texture":"#1"},"up":{"uv":[2.5,2.5,0.0,5.0],"texture":"#1"},"down":{"uv":[7.5,5.0,5.0,7.5],"texture":"#1"}}},{"from":[5.0,7.0,1.0],"to":[11.0,10.0,3.0],"rotation":{"angle":0.0,"axis":"y","origin":[8.0,14.0,8.0]},"faces":{"north":{"uv":[0.0,5.0,1.5,5.75],"texture":"#1"},"east":{"uv":[1.5,5.0,2.0,5.75],"texture":"#1"},"west":{"uv":[2.0,5.0,1.5,5.75],"texture":"#1"},"up":{"uv":[1.5,7.5,3.0,7.0],"texture":"#1"},"down":{"uv":[0.0,7.5,1.5,7.0],"texture":"#1"}}},{"from":[13.0,9.0,5.0],"to":[15.0,13.0,9.0],"rotation":{"angle":0.0,"axis":"y","origin":[8.0,14.0,8.0]},"faces":{"north":{"uv":[1.0,6.0,1.5,7.0],"texture":"#1"},"east":{"uv":[0.0,6.0,1.0,7.0],"texture":"#1"},"south":{"uv":[1.5,6.0,1.0,7.0],"texture":"#1"},"up":{"uv":[2.0,6.0,1.5,7.0],"texture":"#1"},"down":{"uv":[2.5,6.0,2.0,7.0],"texture":"#1"}}},{"from":[12.9,8.9,4.9],"to":[15.1,13.1,9.1],"rotation":{"angle":0.0,"axis":"y","origin":[8.0,14.0,8.0]},"faces":{"north":{"uv":[4.0,0.0,6.0,4.0],"texture":"#2","tintindex":0.0},"east":{"uv":[0.0,0.0,4.0,4.0],"texture":"#2","tintindex":0.0},"south":{"uv":[6.0,0.0,4.0,4.0],"texture":"#2","tintindex":0.0},"up":{"uv":[10.0,0.0,8.0,4.0],"texture":"#2","tintindex":0.0},"down":{"uv":[8.0,0.0,6.0,4.0],"texture":"#2","tintindex":0.0}}},{"from":[0.9,8.9,4.9],"to":[3.1,13.1,9.1],"rotation":{"angle":0.0,"axis":"y","origin":[8.0,14.0,8.0]},"faces":{"north":{"uv":[6.0,0.0,4.0,4.0],"texture":"#2","tintindex":0.0},"south":{"uv":[4.0,0.0,6.0,4.0],"texture":"#2","tintindex":0.0},"west":{"uv":[4.0,0.0,0.0,4.0],"texture":"#2","tintindex":0.0},"up":{"uv":[8.0,0.0,10.0,4.0],"texture":"#2","tintindex":0.0},"down":{"uv":[6.0,0.0,8.0,4.0],"texture":"#2","tintindex":0.0}}},{"from":[1.0,9.0,5.0],"to":[3.0,13.0,9.0],"rotation":{"angle":0.0,"axis":"y","origin":[8.0,14.0,8.0]},"faces":{"north":{"uv":[1.5,6.0,1.0,7.0],"texture":"#1"},"south":{"uv":[1.0,6.0,1.5,7.0],"texture":"#1"},"west":{"uv":[1.0,6.0,0.0,7.0],"texture":"#1"},"up":{"uv":[1.5,6.0,2.0,7.0],"texture":"#1"},"down":{"uv":[2.0,6.0,2.5,7.0],"texture":"#1"}}},{"from":[8.0,10.75,4.0],"to":[8.0,16.75,11.0],"rotation":{"angle":22.5,"axis":"x","origin":[8.0,9.0,17.5]},"faces":{"north":{"uv":[0.0,0.0,2.5,2.5],"texture":"#1"},"east":{"uv":[5.5,1.0,7.25,2.5],"texture":"#1"},"south":{"uv":[2.5,2.5,5.0,5.0],"texture":"#1"},"west":{"uv":[7.25,1.0,5.5,2.5],"texture":"#1"},"up":{"uv":[0.0,2.5,2.5,5.0],"texture":"#1"},"down":{"uv":[5.0,5.0,7.5,7.5],"texture":"#1"}}},{"from":[8.0,5.54275,12.04192],"to":[8.0,12.54275,18.04192],"rotation":{"angle":22.5,"axis":"x","origin":[8.0,10.29275,15.04192]},"faces":{"north":{"uv":[0.0,0.0,2.5,2.5],"texture":"#1"},"east":{"uv":[5.0,2.5,6.5,4.25],"texture":"#1"},"south":{"uv":[2.5,2.5,5.0,5.0],"texture":"#1"},"west":{"uv":[6.5,2.5,5.0,4.25],"texture":"#1"},"up":{"uv":[0.0,2.5,2.5,5.0],"texture":"#1"},"down":{"uv":[5.0,5.0,7.5,7.5],"texture":"#1"}}},{"from":[8.0,5.54275,12.04192],"to":[8.0,13.54275,18.04192],"rotation":{"angle":22.5,"axis":"x","origin":[8.0,10.29275,15.04192]},"faces":{"east":{"uv":[6.5,2.5,8.0,4.5],"texture":"#1","tintindex":0.0},"west":{"uv":[8.0,2.5,6.5,4.5],"texture":"#1","tintindex":0.0}}},{"from":[8.0,10.75,4.0],"to":[8.0,16.75,11.0],"rotation":{"angle":22.5,"axis":"x","origin":[8.0,9.0,17.5]},"faces":{"north":{"uv":[0.0,0.0,2.5,2.5],"texture":"#1","tintindex":0.0},"east":{"uv":[5.5,0.0,7.25,1.5],"texture":"#1","tintindex":0.0},"south":{"uv":[2.5,2.5,5.0,5.0],"texture":"#1","tintindex":0.0},"west":{"uv":[7.25,0.0,5.5,1.5],"texture":"#1","tintindex":0.0},"up":{"uv":[0.0,2.5,2.5,5.0],"texture":"#1","tintindex":0.0},"down":{"uv":[5.0,5.0,7.5,7.5],"texture":"#1","tintindex":0.0}}}],"gui_light":"front"}