{"textures":{"0":"mcc:island_cosmetics/general/hat/krate/krate","1":"mcc:island_cosmetics/general/hat/krate/krate_anim","2":"mcc:island_cosmetics/general/hat/krate/krate_anim_2","particle":"mcc:island_cosmetics/general/hat/krate/krate_anim"},"elements":[{"from":[3.0,1.5,3.0],"to":[13.0,11.5,13.0],"rotation":{"angle":0.0,"axis":"y","origin":[0.0,-21.0,1.0]},"faces":{"north":{"uv":[11.0,0.0,16.0,5.0],"texture":"#2"},"east":{"uv":[4.0,0.0,7.33333,3.33333],"texture":"#0"},"south":{"uv":[4.0,0.0,7.33333,3.33333],"texture":"#0"},"west":{"uv":[4.0,0.0,7.33333,3.33333],"texture":"#0"},"up":{"uv":[7.33333,7.33333,10.66667,10.66667],"texture":"#0"},"down":{"uv":[4.0,0.0,7.33333,3.33333],"texture":"#0"}}},{"from":[2.4,0.9,2.4],"to":[13.6,12.1,13.6],"rotation":{"angle":0.0,"axis":"y","origin":[0.0,-21.0,1.0]},"faces":{"north":{"uv":[10.66667,8.66667,15.0,13.0],"texture":"#0"},"east":{"uv":[10.66667,8.66667,15.0,13.0],"texture":"#0"},"south":{"uv":[10.66667,8.66667,15.0,13.0],"texture":"#0"},"west":{"uv":[10.66667,8.66667,15.0,13.0],"texture":"#0"},"up":{"uv":[10.66667,4.33333,15.0,8.66667],"texture":"#0"},"down":{"uv":[10.66667,0.0,15.0,4.33333],"texture":"#0"}}},{"from":[2.1,0.1,1.6],"to":[13.9,4.9,10.4],"rotation":{"angle":0.0,"axis":"y","origin":[8.0,2.0,6.75]},"faces":{"north":{"uv":[0.0,1.0,5.5,3.0],"texture":"#2","tintindex":0},"east":{"uv":[0.0,3.0,4.0,5.0],"texture":"#2","tintindex":0},"west":{"uv":[4.0,3.0,0.0,5.0],"texture":"#2","tintindex":0},"down":{"uv":[5.5,1.0,11.0,5.0],"texture":"#2","tintindex":0}}},{"from":[4.0,10.5,10.0],"to":[6.0,13.5,12.0],"rotation":{"angle":0.0,"axis":"y","origin":[0.0,-21.0,1.0]},"faces":{"north":{"uv":[10.0,10.66667,10.66667,11.66667],"texture":"#0"},"east":{"uv":[10.0,10.66667,10.66667,11.66667],"texture":"#0"},"south":{"uv":[10.0,10.66667,10.66667,11.66667],"texture":"#0"},"west":{"uv":[10.0,10.66667,10.66667,11.66667],"texture":"#0"},"up":{"uv":[10.0,9.66667,10.33333,10.0],"texture":"#0"},"down":{"uv":[9.66667,9.33333,10.0,9.66667],"texture":"#0"}}},{"from":[4.0,9.5,7.0],"to":[6.0,12.5,9.0],"rotation":{"angle":0.0,"axis":"y","origin":[0.0,-21.0,1.0]},"faces":{"north":{"uv":[10.0,10.66667,10.66667,11.66667],"texture":"#0"},"east":{"uv":[10.0,10.66667,10.66667,11.66667],"texture":"#0"},"south":{"uv":[10.0,10.66667,10.66667,11.66667],"texture":"#0"},"west":{"uv":[10.0,10.66667,10.66667,11.66667],"texture":"#0"},"up":{"uv":[10.0,9.66667,10.33333,10.0],"texture":"#0"},"down":{"uv":[9.66667,9.33333,10.0,9.66667],"texture":"#0"}}},{"from":[10.0,10.5,10.0],"to":[12.0,13.5,12.0],"rotation":{"angle":0.0,"axis":"y","origin":[0.0,-21.0,1.0]},"faces":{"north":{"uv":[10.0,10.66667,10.66667,11.66667],"texture":"#0"},"east":{"uv":[10.0,10.66667,10.66667,11.66667],"texture":"#0"},"south":{"uv":[10.0,10.66667,10.66667,11.66667],"texture":"#0"},"west":{"uv":[10.0,10.66667,10.66667,11.66667],"texture":"#0"},"up":{"uv":[10.0,9.66667,10.33333,10.0],"texture":"#0"},"down":{"uv":[9.66667,9.33333,10.0,9.66667],"texture":"#0"}}},{"from":[7.0,11.5,7.0],"to":[9.0,14.5,9.0],"rotation":{"angle":0.0,"axis":"y","origin":[0.0,-21.0,1.0]},"faces":{"north":{"uv":[10.0,10.66667,10.66667,11.66667],"texture":"#0"},"east":{"uv":[10.0,10.66667,10.66667,11.66667],"texture":"#0"},"south":{"uv":[10.0,10.66667,10.66667,11.66667],"texture":"#0"},"west":{"uv":[10.0,10.66667,10.66667,11.66667],"texture":"#0"},"up":{"uv":[10.0,9.66667,10.33333,10.0],"texture":"#0"},"down":{"uv":[9.66667,9.33333,10.0,9.66667],"texture":"#0"}}},{"from":[-5.69552,5.5,7.46927],"to":[10.30448,20.5,7.46927],"rotation":{"angle":-22.5,"axis":"z","origin":[4.30448,13.0,13.46927]},"faces":{"north":{"uv":[8.0,0.0,0.0,7.5],"texture":"#1"},"east":{"uv":[9.66667,9.33333,10.0,9.66667],"texture":"#0"},"south":{"uv":[0.0,0.0,8.0,7.5],"texture":"#1"},"west":{"uv":[9.66667,9.33333,10.0,9.66667],"texture":"#0"},"up":{"uv":[10.0,9.66667,10.33333,10.0],"texture":"#0","rotation":90},"down":{"uv":[9.66667,9.33333,10.0,9.66667],"texture":"#0","rotation":270}}},{"from":[10.0,10.5,4.0],"to":[12.0,13.5,6.0],"rotation":{"angle":0.0,"axis":"y","origin":[0.0,-21.0,1.0]},"faces":{"north":{"uv":[10.0,10.66667,10.66667,11.66667],"texture":"#0"},"east":{"uv":[10.0,10.66667,10.66667,11.66667],"texture":"#0"},"south":{"uv":[10.0,10.66667,10.66667,11.66667],"texture":"#0"},"west":{"uv":[10.0,10.66667,10.66667,11.66667],"texture":"#0"},"up":{"uv":[10.0,9.66667,10.33333,10.0],"texture":"#0"},"down":{"uv":[9.66667,9.33333,10.0,9.66667],"texture":"#0"}}},{"from":[9.5,12.5,11.0],"to":[11.5,15.5,11.0],"rotation":{"angle":0.0,"axis":"y","origin":[11.0,15.0,11.0]},"faces":{"north":{"uv":[9.33333,10.66667,10.0,11.66667],"texture":"#0"},"east":{"uv":[10.0,10.66667,10.66667,11.66667],"texture":"#0"},"south":{"uv":[9.33333,10.66667,10.0,11.66667],"texture":"#0"},"west":{"uv":[10.0,10.66667,10.66667,11.66667],"texture":"#0"},"up":{"uv":[10.0,9.66667,10.66667,9.66667],"texture":"#0"},"down":{"uv":[9.66667,9.33333,10.0,9.66667],"texture":"#0"}}},{"from":[9.5,11.5,5.0],"to":[11.5,14.5,5.0],"rotation":{"angle":0.0,"axis":"y","origin":[11.0,15.0,11.0]},"faces":{"north":{"uv":[9.33333,10.66667,10.0,11.66667],"texture":"#0"},"east":{"uv":[10.0,10.66667,10.66667,11.66667],"texture":"#0"},"south":{"uv":[9.33333,10.66667,10.0,11.66667],"texture":"#0"},"west":{"uv":[10.0,10.66667,10.66667,11.66667],"texture":"#0"},"up":{"uv":[10.0,9.66667,10.66667,9.66667],"texture":"#0"},"down":{"uv":[9.66667,9.33333,10.0,9.66667],"texture":"#0"}}},{"from":[3.5,10.5,5.0],"to":[5.5,13.5,5.0],"rotation":{"angle":0.0,"axis":"y","origin":[11.0,15.0,11.0]},"faces":{"north":{"uv":[9.33333,10.66667,10.0,11.66667],"texture":"#0"},"east":{"uv":[10.0,10.66667,10.66667,11.66667],"texture":"#0"},"south":{"uv":[9.33333,10.66667,10.0,11.66667],"texture":"#0"},"west":{"uv":[10.0,10.66667,10.66667,11.66667],"texture":"#0"},"up":{"uv":[10.0,9.66667,10.66667,9.66667],"texture":"#0"},"down":{"uv":[9.66667,9.33333,10.0,9.66667],"texture":"#0"}}},{"from":[2.1,0.6,1.6],"to":[13.9,5.4,10.4],"rotation":{"angle":-22.5,"axis":"x","origin":[-8.0,2.5,6.0]},"faces":{"north":{"uv":[10.5,8.0,16.0,10.0],"texture":"#2","tintindex":0},"east":{"uv":[10.5,10.0,14.5,12.0],"texture":"#2","tintindex":0},"west":{"uv":[14.5,10.0,10.5,12.0],"texture":"#2","tintindex":0},"down":{"uv":[5.0,12.0,10.5,16.0],"texture":"#2","tintindex":0}}},{"from":[13.9,5.4,10.4],"to":[2.1,0.6,1.6],"rotation":{"angle":-22.5,"axis":"x","origin":[-8.0,2.5,6.0]},"faces":{"east":{"uv":[14.5,12.0,10.5,10.0],"texture":"#2","tintindex":0},"south":{"uv":[10.5,10.0,16.0,8.0],"texture":"#2","tintindex":0},"west":{"uv":[10.5,12.0,14.5,10.0],"texture":"#2","tintindex":0},"up":{"uv":[16.0,12.0,10.5,16.0],"texture":"#2","tintindex":0}}},{"from":[13.9,4.9,10.4],"to":[2.1,0.1,1.6],"rotation":{"angle":0.0,"axis":"y","origin":[8.0,2.0,6.75]},"faces":{"east":{"uv":[4.0,5.0,0.0,3.0],"texture":"#2","tintindex":0},"south":{"uv":[0.0,3.0,5.5,1.0],"texture":"#2","tintindex":0},"west":{"uv":[0.0,5.0,4.0,3.0],"texture":"#2","tintindex":0},"up":{"uv":[5.5,5.0,0.0,9.0],"texture":"#2","tintindex":0}}},{"from":[13.6,12.1,13.6],"to":[2.4,0.9,2.4],"rotation":{"angle":0.0,"axis":"y","origin":[0.0,-21.0,1.0]},"faces":{"north":{"uv":[10.66667,13.0,15.0,8.66667],"texture":"#0"},"east":{"uv":[10.66667,13.0,15.0,8.66667],"texture":"#0"},"south":{"uv":[10.66667,13.0,15.0,8.66667],"texture":"#0"},"west":{"uv":[10.66667,13.0,15.0,8.66667],"texture":"#0"},"up":{"uv":[15.0,0.0,10.66667,4.33333],"texture":"#0"},"down":{"uv":[15.0,4.33333,10.66667,8.66667],"texture":"#0"}}}],"display":{"thirdperson_righthand":{"translation":[0.0,1.0,0.75],"rotation":[55.5,34.0,0.0],"scale":[0.52539,0.52539,0.52539]},"thirdperson_lefthand":{"translation":[0.0,1.0,0.75],"rotation":[55.5,34.0,0.0],"scale":[0.52539,0.52539,0.52539]},"firstperson_righthand":{"translation":[9.5,0.0,-5.75],"rotation":[21.0,114.5,-13.75],"scale":[0.41992,0.41992,0.41992]},"firstperson_lefthand":{"translation":[9.5,0.0,-5.75],"rotation":[21.0,114.5,-13.75],"scale":[0.41992,0.41992,0.41992]},"gui":{"translation":[-1.0,0.25,0.0],"rotation":[-154.61,-31.92,-180.0],"scale":[0.73046,0.73046,0.73046]},"head":{"translation":[0.0,3.25,-0.5],"scale":[1.61172,1.61172,1.61172]}},"credit":"Made with Blockbench","gui_light":"front"}