{"textures":{"1":"mcc:island_cosmetics/general/hat/beret/beret"},"elements":[{"from":[3.0,0.0,3.0],"to":[13.0,3.0,13.0],"rotation":{"angle":0.0,"axis":"y","origin":[0.01,6.76,0.01]},"faces":{"north":{"uv":[0.0,0.5,5.0,2.0],"texture":"#1","tintindex":0},"east":{"uv":[0.0,0.5,5.0,2.0],"texture":"#1","tintindex":0},"south":{"uv":[0.0,0.5,5.0,2.0],"texture":"#1","tintindex":0},"west":{"uv":[0.0,0.5,5.0,2.0],"texture":"#1","tintindex":0},"up":{"uv":[0.0,2.0,5.0,7.0],"texture":"#1","tintindex":0},"down":{"uv":[5.0,2.0,10.0,7.0],"texture":"#1","tintindex":0}}},{"from":[7.0,3.0,3.0],"to":[13.0,4.0,13.0],"rotation":{"angle":0.0,"axis":"y","origin":[0.01,6.76,0.01]},"faces":{"north":{"uv":[1.0,2.0,4.0,2.5],"texture":"#1","tintindex":0},"east":{"uv":[1.0,2.0,4.0,2.5],"texture":"#1","tintindex":0},"south":{"uv":[1.0,2.0,4.0,2.5],"texture":"#1","tintindex":0},"west":{"uv":[6.0,1.5,11.0,2.0],"texture":"#1","tintindex":0},"up":{"uv":[2.0,2.0,5.0,7.0],"texture":"#1","tintindex":0}}},{"from":[7.5,3.5,8.0],"to":[8.5,5.5,8.0],"rotation":{"angle":0.0,"axis":"z","origin":[9.0,5.0,8.0]},"faces":{"north":{"uv":[5.0,0.0,5.5,1.0],"texture":"#1","tintindex":0},"south":{"uv":[5.0,0.0,5.5,1.0],"texture":"#1","tintindex":0}}}],"display":{"thirdperson_righthand":{"rotation":[64.25,0.0,0.0],"scale":[0.44336,0.44336,0.44336]},"thirdperson_lefthand":{"rotation":[64.25,0.0,0.0],"scale":[0.44336,0.44336,0.44336]},"firstperson_righthand":{"scale":[0.0,0.0,0.0]},"firstperson_lefthand":{"scale":[0.0,0.0,0.0]},"ground":{"translation":[0.0,4.25,0.0],"scale":[0.43945,0.43945,0.43945]},"gui":{"translation":[0.5,5.25,0.0],"rotation":[-152.67,-29.31,-173.73],"scale":[0.93945,0.93945,0.93945]},"head":{"translation":[-1.5,16.25,0.0],"rotation":[0.0,0.0,6.75],"scale":[1.63516,1.63516,1.63516]}},"credit":"Made with Blockbench","gui_light":"front"}