{"textures":{"1":"mcc:island_cosmetics/general/hat/plague_doctor/steampunk"},"display":{"thirdperson_righthand":{"translation":[0.0,1.0,0.75],"rotation":[55.5,34.0,0.0],"scale":[0.52539,0.52539,0.52539]},"thirdperson_lefthand":{"translation":[0.0,1.0,0.75],"rotation":[55.5,34.0,0.0],"scale":[0.52539,0.52539,0.52539]},"firstperson_righthand":{"translation":[9.5,0.0,-5.75],"rotation":[21.0,114.5,-13.75],"scale":[0.41992,0.41992,0.41992]},"firstperson_lefthand":{"translation":[9.5,0.0,-5.75],"rotation":[21.0,114.5,-13.75],"scale":[0.41992,0.41992,0.41992]},"gui":{"translation":[-0.25,2.0,0.0],"rotation":[-156.2,-35.14,-178.33],"scale":[0.6621,0.6621,0.6621]},"head":{"translation":[0.0,6.0,0.0],"scale":[1.62734,1.62734,1.62734]}},"credit":"Made with Blockbench","texture_size":[48.0,48.0],"elements":[{"from":[3.5,-1.0,3.5],"to":[12.5,9.0,8.5],"rotation":{"angle":0.0,"axis":"x","origin":[7.5,9.5,7.5]},"faces":{"north":{"uv":[1.33333,5.0,4.33333,8.33333],"texture":"#1"},"east":{"uv":[6.0,5.0,4.33333,8.33333],"texture":"#1"},"west":{"uv":[4.33333,5.0,6.0,8.33333],"texture":"#1"},"up":{"uv":[3.33333,3.0,6.33333,4.66667],"texture":"#1"},"down":{"uv":[0.0,8.33333,3.0,10.0],"texture":"#1"}}},{"from":[3.4,7.34818,4.1742],"to":[12.6,12.54818,13.3742],"rotation":{"angle":22.5,"axis":"x","origin":[8.0,8.65651,8.7742]},"faces":{"north":{"uv":[3.0,10.0,6.0,11.66667],"texture":"#1"},"east":{"uv":[3.0,10.0,6.0,11.66667],"texture":"#1"},"south":{"uv":[3.0,10.0,6.0,11.66667],"texture":"#1"},"west":{"uv":[3.0,10.0,6.0,11.66667],"texture":"#1"},"up":{"uv":[6.33333,2.0,9.33333,5.0],"texture":"#1"}}},{"from":[3.3,8.49818,4.0742],"to":[12.7,9.64818,13.4742],"rotation":{"angle":22.5,"axis":"x","origin":[8.0,8.65651,8.7742]},"faces":{"north":{"uv":[3.0,12.0,6.0,12.33333],"texture":"#1"},"east":{"uv":[3.0,12.0,6.0,12.33333],"texture":"#1"},"south":{"uv":[3.0,12.0,6.0,12.33333],"texture":"#1"},"west":{"uv":[3.0,12.0,6.0,12.33333],"texture":"#1"}}},{"from":[-1.5,7.44818,-0.7258],"to":[17.5,7.44818,18.2742],"rotation":{"angle":22.5,"axis":"x","origin":[8.0,8.65651,8.7742]},"faces":{"up":{"uv":[7.0,8.0,13.33333,14.33333],"texture":"#1"},"down":{"uv":[7.0,14.33333,13.33333,8.0],"texture":"#1"}}},{"from":[3.5,-1.0,8.5],"to":[12.5,9.0,12.5],"rotation":{"angle":0.0,"axis":"x","origin":[7.5,9.5,7.5]},"faces":{"east":{"uv":[6.0,5.0,7.33333,8.33333],"texture":"#1"},"south":{"uv":[0.0,10.0,3.0,13.33333],"texture":"#1"},"west":{"uv":[6.33333,5.0,7.66667,8.33333],"texture":"#1"},"up":{"uv":[12.66667,1.0,9.66667,2.33333],"texture":"#1"}}},{"from":[5.5,-0.25,-5.0],"to":[10.5,3.75,0.0],"rotation":{"angle":-22.5,"axis":"x","origin":[5.5,2.25,-0.5]},"faces":{"north":{"uv":[1.66667,3.33333,3.33333,4.66667],"rotation":180.0,"texture":"#1"},"east":{"uv":[4.0,0.0,2.33333,1.33333],"rotation":180.0,"texture":"#1"},"west":{"uv":[2.33333,0.0,4.0,1.33333],"rotation":180.0,"texture":"#1"},"up":{"uv":[0.0,3.33333,1.66667,5.0],"rotation":180.0,"texture":"#1"},"down":{"uv":[5.33333,8.33333,7.0,10.0],"texture":"#1"}}},{"from":[4.49,-1.01,-1.51],"to":[11.51,4.01,3.51],"rotation":{"angle":0.0,"axis":"x","origin":[8.0,2.0,0.0]},"faces":{"north":{"uv":[0.0,1.66667,2.33333,3.33333],"rotation":180.0,"texture":"#1"},"east":{"uv":[1.66667,0.0,0.0,1.66667],"rotation":180.0,"texture":"#1"},"west":{"uv":[0.0,0.0,1.66667,1.66667],"rotation":180.0,"texture":"#1"},"up":{"uv":[2.33333,1.33333,4.66667,3.0],"rotation":180.0,"texture":"#1"},"down":{"uv":[3.0,8.33333,5.33333,10.0],"texture":"#1"}}},{"from":[2.83451,3.4,2.44489],"to":[7.03451,7.6,3.64489],"rotation":{"angle":22.5,"axis":"y","origin":[4.68451,5.5,3.54489]},"faces":{"north":{"uv":[1.33333,5.33333,0.0,6.66667],"texture":"#1"},"east":{"uv":[0.33333,5.33333,0.0,6.66667],"texture":"#1"},"south":{"uv":[1.33333,5.33333,0.0,6.66667],"texture":"#1"},"west":{"uv":[0.33333,5.33333,0.0,6.66667],"texture":"#1"},"up":{"uv":[1.33333,5.33333,0.0,5.66667],"texture":"#1"},"down":{"uv":[1.33333,6.33333,0.0,6.66667],"texture":"#1"}}},{"from":[2.83451,3.4,2.44489],"to":[7.03451,7.6,3.64489],"rotation":{"angle":22.5,"axis":"y","origin":[4.68451,5.5,3.54489]},"faces":{"north":{"uv":[1.33333,5.33333,0.0,6.66667],"texture":"#1"},"east":{"uv":[0.33333,5.33333,0.0,6.66667],"texture":"#1"},"south":{"uv":[1.33333,5.33333,0.0,6.66667],"texture":"#1"},"west":{"uv":[0.33333,5.33333,0.0,6.66667],"texture":"#1"},"up":{"uv":[1.33333,5.33333,0.0,5.66667],"texture":"#1"},"down":{"uv":[1.33333,6.33333,0.0,6.66667],"texture":"#1"}}},{"from":[2.93451,3.5,2.54489],"to":[6.93451,7.5,5.54489],"rotation":{"angle":22.5,"axis":"y","origin":[4.68451,5.5,3.54489]},"faces":{"north":{"uv":[4.33333,13.0,3.0,14.33333],"texture":"#1","tintindex":0.0},"east":{"uv":[6.0,15.0,6.33333,14.66666],"rotation":270.0,"texture":"#1"},"south":{"uv":[6.0,15.0,6.33333,14.66666],"rotation":270.0,"texture":"#1"},"west":{"uv":[6.0,15.0,6.33333,14.66666],"rotation":270.0,"texture":"#1"},"up":{"uv":[6.0,15.0,6.33333,14.66666],"rotation":270.0,"texture":"#1"},"down":{"uv":[6.0,15.0,6.33333,14.66666],"rotation":270.0,"texture":"#1"}}},{"from":[9.06549,3.5,2.54489],"to":[13.06549,7.5,5.54489],"rotation":{"angle":-22.5,"axis":"y","origin":[11.31549,5.5,3.54489]},"faces":{"north":{"uv":[3.0,13.0,4.33333,14.33333],"texture":"#1","tintindex":0.0},"east":{"uv":[6.0,14.66666,6.33333,15.0],"rotation":270.0,"texture":"#1"},"south":{"uv":[6.0,14.66666,6.33333,15.0],"rotation":270.0,"texture":"#1"},"west":{"uv":[6.0,14.66666,6.33333,15.0],"rotation":270.0,"texture":"#1"},"up":{"uv":[6.0,14.66666,6.33333,15.0],"rotation":270.0,"texture":"#1"},"down":{"uv":[6.0,14.66666,6.33333,15.0],"rotation":270.0,"texture":"#1"}}},{"from":[8.96549,3.4,2.44489],"to":[13.16549,7.6,3.64489],"rotation":{"angle":-22.5,"axis":"y","origin":[11.31549,5.5,3.54489]},"faces":{"north":{"uv":[0.0,5.33333,1.33333,6.66667],"texture":"#1"},"east":{"uv":[0.0,5.33333,0.33333,6.66667],"texture":"#1"},"south":{"uv":[0.0,5.33333,1.33333,6.66667],"texture":"#1"},"west":{"uv":[0.0,5.33333,0.33333,6.66667],"texture":"#1"},"up":{"uv":[0.0,5.33333,1.33333,5.66667],"texture":"#1"},"down":{"uv":[0.0,6.33333,1.33333,6.66667],"texture":"#1"}}},{"from":[8.96549,3.4,2.44489],"to":[13.16549,7.6,3.64489],"rotation":{"angle":-22.5,"axis":"y","origin":[11.31549,5.5,3.54489]},"faces":{"north":{"uv":[0.0,5.33333,1.33333,6.66667],"texture":"#1"},"east":{"uv":[0.0,5.33333,0.33333,6.66667],"texture":"#1"},"south":{"uv":[0.0,5.33333,1.33333,6.66667],"texture":"#1"},"west":{"uv":[0.0,5.33333,0.33333,6.66667],"texture":"#1"},"up":{"uv":[0.0,5.33333,1.33333,5.66667],"texture":"#1"},"down":{"uv":[0.0,6.33333,1.33333,6.66667],"texture":"#1"}}},{"name":"cube inverted","from":[12.5,9.0,8.5],"to":[3.5,-1.0,3.5],"rotation":{"angle":0.0,"axis":"x","origin":[7.5,9.5,7.5]},"faces":{"east":{"uv":[4.33333,8.33333,6.0,5.0],"texture":"#1"},"south":{"uv":[1.33333,8.33333,4.33333,5.0],"texture":"#1"},"west":{"uv":[6.0,8.33333,4.33333,5.0],"texture":"#1"},"up":{"uv":[3.0,8.33333,0.0,10.0],"texture":"#1"},"down":{"uv":[6.33333,3.0,3.33333,4.66667],"texture":"#1"}}},{"name":"cube inverted","from":[12.5,9.0,12.5],"to":[3.5,-1.0,8.5],"rotation":{"angle":0.0,"axis":"x","origin":[7.5,9.5,7.5]},"faces":{"north":{"uv":[0.0,13.33333,3.0,10.0],"texture":"#1"},"east":{"uv":[6.33333,8.33333,7.66667,5.0],"texture":"#1"},"west":{"uv":[6.0,8.33333,7.33333,5.0],"texture":"#1"},"down":{"uv":[9.66667,1.0,12.66667,2.33333],"texture":"#1"}}},{"from":[-2.51549,-0.71041,1.74134],"to":[-1.11549,3.68959,6.14134],"rotation":{"angle":22.5,"axis":"z","origin":[4.68451,11.48959,3.69134]},"faces":{"north":{"uv":[0.0,5.33333,0.33333,6.66666],"texture":"#1"},"east":{"uv":[0.0,6.33333,1.33333,6.66666],"rotation":90.0,"texture":"#1"},"south":{"uv":[0.0,5.33333,0.33333,6.66666],"texture":"#1"},"west":{"uv":[1.33333,14.66666,2.66666,16.0],"texture":"#1"},"up":{"uv":[0.0,5.33333,1.33333,5.66666],"rotation":90.0,"texture":"#1"},"down":{"uv":[0.0,6.33333,1.33333,6.66666],"rotation":90.0,"texture":"#1"}}},{"from":[-2.31549,-0.51041,1.94134],"to":[0.68451,3.48959,5.94134],"rotation":{"angle":22.5,"axis":"z","origin":[4.68451,11.48959,3.69134]},"faces":{"north":{"uv":[3.0,14.66667,4.0,16.0],"texture":"#1"},"south":{"uv":[4.0,14.66667,3.0,16.0],"texture":"#1"},"west":{"uv":[4.33333,14.66667,5.66667,16.0],"texture":"#1"},"up":{"uv":[4.0,14.66667,3.0,16.0],"texture":"#1"},"down":{"uv":[4.0,14.66667,3.0,16.0],"texture":"#1"}}},{"name":"cube inverted","from":[-1.11549,3.68959,6.14134],"to":[-2.51549,-0.71041,1.74134],"rotation":{"angle":22.5,"axis":"z","origin":[4.68451,11.48959,3.69134]},"faces":{"north":{"uv":[0.0,6.66666,0.33333,5.33333],"texture":"#1"},"east":{"uv":[1.33333,16.0,2.66666,14.66666],"texture":"#1"},"south":{"uv":[0.0,6.66666,0.33333,5.33333],"texture":"#1"},"west":{"uv":[1.33333,6.33333,0.0,6.66666],"rotation":90.0,"texture":"#1"},"up":{"uv":[0.0,6.66666,1.33333,6.33333],"rotation":90.0,"texture":"#1"},"down":{"uv":[0.0,5.66666,1.33333,5.33333],"rotation":90.0,"texture":"#1"}}},{"from":[17.11549,-0.71041,1.74134],"to":[18.51549,3.68959,6.14134],"rotation":{"angle":-22.5,"axis":"z","origin":[11.31549,11.48959,3.69134]},"faces":{"north":{"uv":[0.33333,5.33333,0.0,6.66666],"texture":"#1"},"east":{"uv":[2.66666,14.66666,1.33333,16.0],"texture":"#1"},"south":{"uv":[0.33333,5.33333,0.0,6.66666],"texture":"#1"},"west":{"uv":[0.0,6.66666,1.33333,6.33333],"rotation":90.0,"texture":"#1"},"up":{"uv":[0.0,5.66666,1.33333,5.33333],"rotation":90.0,"texture":"#1"},"down":{"uv":[0.0,6.66666,1.33333,6.33333],"rotation":90.0,"texture":"#1"}}},{"from":[15.31549,-0.51041,1.94134],"to":[18.31549,3.48959,5.94134],"rotation":{"angle":-22.5,"axis":"z","origin":[11.31549,11.48959,3.69134]},"faces":{"north":{"uv":[4.0,14.66667,3.0,16.0],"texture":"#1"},"east":{"uv":[5.66667,14.66667,4.33333,16.0],"texture":"#1"},"south":{"uv":[3.0,14.66667,4.0,16.0],"texture":"#1"},"up":{"uv":[3.0,14.66667,4.0,16.0],"texture":"#1"},"down":{"uv":[3.0,14.66667,4.0,16.0],"texture":"#1"}}},{"name":"cube inverted","from":[18.51549,3.68959,6.14134],"to":[17.11549,-0.71041,1.74134],"rotation":{"angle":-22.5,"axis":"z","origin":[11.31549,11.48959,3.69134]},"faces":{"north":{"uv":[0.33333,6.66666,0.0,5.33333],"texture":"#1"},"east":{"uv":[1.33333,6.66666,0.0,6.33333],"rotation":90.0,"texture":"#1"},"south":{"uv":[0.33333,6.66666,0.0,5.33333],"texture":"#1"},"west":{"uv":[2.66666,16.0,1.33333,14.66666],"texture":"#1"},"up":{"uv":[0.0,6.33333,1.33333,6.66666],"rotation":90.0,"texture":"#1"},"down":{"uv":[0.0,5.33333,1.33333,5.66666],"rotation":90.0,"texture":"#1"}}},{"from":[1.3233,8.45669,10.0],"to":[4.3233,15.45669,10.0],"rotation":{"angle":22.5,"axis":"z","origin":[1.8233,9.95669,10.0]},"faces":{"north":{"uv":[14.66667,13.33333,15.66667,15.66667],"texture":"#1","tintindex":0.0},"east":{"uv":[0.0,0.0,0.33333,0.33333],"texture":"#missing"},"south":{"uv":[15.66667,13.33333,14.66667,15.66667],"texture":"#1","tintindex":0.0},"west":{"uv":[0.0,0.0,0.33333,0.33333],"texture":"#missing"},"up":{"uv":[0.0,0.0,0.33333,0.33333],"texture":"#missing"},"down":{"uv":[0.0,0.0,0.33333,0.33333],"texture":"#missing"}}},{"from":[-3.09092,7.45669,9.0],"to":[3.90908,10.45669,9.0],"rotation":{"angle":-22.5,"axis":"z","origin":[0.40908,9.95669,8.0]},"faces":{"north":{"uv":[14.66667,13.33333,15.66667,15.66667],"rotation":90.0,"texture":"#1","tintindex":0.0},"east":{"uv":[0.0,0.0,0.33333,0.33333],"rotation":270.0,"texture":"#missing"},"south":{"uv":[15.66667,13.33333,14.66667,15.66667],"rotation":270.0,"texture":"#1","tintindex":0.0},"west":{"uv":[0.0,0.0,0.33333,0.33333],"rotation":270.0,"texture":"#missing"},"up":{"uv":[0.0,0.0,0.33333,0.33333],"rotation":270.0,"texture":"#missing"},"down":{"uv":[0.0,0.0,0.33333,0.33333],"rotation":270.0,"texture":"#missing"}}}],"gui_light":"front"}