{"textures":{"1":"mcc:island_cosmetics/general/hat/winged_helmet/variant_winged_helmet"},"display":{"thirdperson_righthand":{"translation":[0.0,1.0,-1.0],"rotation":[63.0,34.0,0.0],"scale":[0.37891,0.37891,0.37891]},"thirdperson_lefthand":{"translation":[0.0,1.0,-1.0],"rotation":[63.0,34.0,0.0],"scale":[0.37891,0.37891,0.37891]},"firstperson_righthand":{"translation":[9.5,0.0,-5.75],"rotation":[3.0,112.0,-13.0],"scale":[0.35547,0.35547,0.35547]},"firstperson_lefthand":{"translation":[9.5,0.0,-5.75],"rotation":[3.0,112.0,-13.0],"scale":[0.35547,0.35547,0.35547]},"ground":{"translation":[0.0,4.25,0.0],"scale":[0.28906,0.28906,0.28906]},"gui":{"translation":[0.5,-0.75,0.0],"rotation":[-149.61,-31.92,-180.0],"scale":[0.73046,0.73046,0.73046]},"head":{"translation":[0.0,4.0,0.0],"scale":[1.60977,1.60977,1.60977]},"fixed":{"translation":[0.0,-3.25,-7.5]}},"credit":"Made with Blockbench","texture_size":[128.0,128.0],"elements":[{"from":[2.99,2.99,2.99],"to":[13.01,11.01,13.01],"rotation":{"angle":0.0,"axis":"y","origin":[8.0,9.5,8.0]},"faces":{"north":{"uv":[3.375,7.625,2.125,8.625],"texture":"#1"},"east":{"uv":[2.125,6.625,3.375,7.625],"texture":"#1"},"south":{"uv":[2.125,5.625,3.375,6.625],"texture":"#1"},"west":{"uv":[3.375,6.625,2.125,7.625],"texture":"#1"},"up":{"uv":[0.875,5.0,2.125,6.25],"texture":"#1"}}},{"from":[2.99,2.99,2.99],"to":[13.01,11.01,13.01],"rotation":{"angle":0.0,"axis":"y","origin":[8.0,9.5,8.0]},"faces":{"north":{"uv":[6.0,7.625,4.75,8.625],"texture":"#1","tintindex":0.0},"east":{"uv":[4.75,6.625,6.0,7.625],"texture":"#1","tintindex":0.0},"south":{"uv":[4.75,5.625,6.0,6.625],"texture":"#1","tintindex":0.0},"west":{"uv":[6.0,6.625,4.75,7.625],"texture":"#1","tintindex":0.0}}},{"from":[3.0,0.97136,4.80135],"to":[4.0,3.97136,13.80135],"rotation":{"angle":-22.5,"axis":"x","origin":[3.5,-0.02864,8.30135]},"faces":{"north":{"uv":[4.625,6.25,4.75,6.625],"texture":"#1","tintindex":0.0},"east":{"uv":[3.625,6.25,4.75,6.625],"texture":"#1","tintindex":0.0},"south":{"uv":[3.625,6.25,3.75,6.625],"texture":"#1","tintindex":0.0},"west":{"uv":[4.75,6.25,3.625,6.625],"texture":"#1","tintindex":0.0},"up":{"uv":[4.75,6.25,3.625,6.375],"rotation":90.0,"texture":"#1","tintindex":0.0},"down":{"uv":[3.625,6.625,4.75,6.5],"rotation":90.0,"texture":"#1","tintindex":0.0}}},{"from":[12.0,0.97136,4.80135],"to":[13.0,3.97136,13.80135],"rotation":{"angle":-22.5,"axis":"x","origin":[12.5,-0.02864,8.30135]},"faces":{"north":{"uv":[4.75,6.25,4.625,6.625],"texture":"#1","tintindex":0.0},"east":{"uv":[3.625,6.25,4.75,6.625],"texture":"#1","tintindex":0.0},"south":{"uv":[3.75,6.25,3.625,6.625],"texture":"#1","tintindex":0.0},"west":{"uv":[4.75,6.25,3.625,6.625],"texture":"#1","tintindex":0.0},"up":{"uv":[4.75,6.375,3.625,6.25],"rotation":90.0,"texture":"#1","tintindex":0.0},"down":{"uv":[3.625,6.5,4.75,6.625],"rotation":90.0,"texture":"#1","tintindex":0.0}}},{"from":[2.75,4.98528,5.44975],"to":[2.75,13.98528,19.44975],"rotation":{"angle":-22.5,"axis":"x","origin":[8.0,9.48528,12.44975]},"faces":{"north":{"uv":[0.0,0.0,0.0,0.0],"texture":"#1"},"east":{"uv":[3.625,3.625,5.375,4.75],"texture":"#1"},"south":{"uv":[0.0,0.0,0.0,0.0],"texture":"#1"},"west":{"uv":[5.375,3.625,3.625,4.75],"texture":"#1"},"up":{"uv":[0.0,0.0,0.0,0.0],"texture":"#1"},"down":{"uv":[0.0,0.0,0.0,0.0],"texture":"#1"}}},{"from":[13.25,4.98528,5.44975],"to":[13.25,13.98528,19.44975],"rotation":{"angle":-22.5,"axis":"x","origin":[8.0,9.48528,12.44975]},"faces":{"north":{"uv":[0.0,0.0,0.0,0.0],"texture":"#1"},"east":{"uv":[3.625,3.625,5.375,4.75],"texture":"#1"},"south":{"uv":[0.0,0.0,0.0,0.0],"texture":"#1"},"west":{"uv":[5.375,3.625,3.625,4.75],"texture":"#1"},"up":{"uv":[0.0,0.0,0.0,0.0],"texture":"#1"},"down":{"uv":[0.0,0.0,0.0,0.0],"texture":"#1"}}},{"from":[7.0,2.5,12.5],"to":[9.0,10.5,13.5],"rotation":{"angle":0.0,"axis":"y","origin":[8.0,9.5,8.0]},"faces":{"north":{"uv":[4.5,6.75,4.25,7.75],"texture":"#1","tintindex":0.0},"east":{"uv":[4.5,6.75,4.25,7.75],"texture":"#1","tintindex":0.0},"south":{"uv":[4.5,6.75,4.25,7.75],"texture":"#1","tintindex":0.0},"west":{"uv":[4.5,6.75,4.25,7.75],"texture":"#1","tintindex":0.0},"down":{"uv":[4.375,7.625,4.5,7.75],"texture":"#1","tintindex":0.0}}},{"from":[7.0,4.5,2.5],"to":[9.0,10.5,3.5],"rotation":{"angle":0.0,"axis":"y","origin":[8.0,9.5,8.0]},"faces":{"north":{"uv":[4.625,6.75,4.75,7.5],"texture":"#1","tintindex":0.0},"east":{"uv":[4.625,6.75,4.75,7.5],"texture":"#1","tintindex":0.0},"south":{"uv":[4.75,6.75,4.5,7.5],"texture":"#1","tintindex":0.0},"west":{"uv":[4.625,6.75,4.75,7.5],"texture":"#1","tintindex":0.0},"down":{"uv":[4.5,7.375,4.625,7.5],"texture":"#1","tintindex":0.0}}},{"from":[7.0,10.5,2.5],"to":[9.0,11.5,13.5],"rotation":{"angle":0.0,"axis":"y","origin":[8.0,9.5,8.0]},"faces":{"north":{"uv":[4.25,6.75,4.0,6.875],"texture":"#1","tintindex":0.0},"east":{"uv":[4.125,6.875,4.0,8.25],"rotation":90.0,"texture":"#1","tintindex":0.0},"south":{"uv":[4.25,6.75,4.0,6.875],"texture":"#1","tintindex":0.0},"west":{"uv":[4.125,8.25,4.25,6.875],"rotation":90.0,"texture":"#1","tintindex":0.0},"up":{"uv":[4.25,6.875,4.0,8.25],"texture":"#1","tintindex":0.0}}},{"name":"cube inverted","from":[13.01,11.01,13.01],"to":[2.99,2.99,2.99],"rotation":{"angle":0.0,"axis":"y","origin":[8.0,9.5,8.0]},"faces":{"north":{"uv":[4.75,6.625,6.0,5.625],"texture":"#1","tintindex":0.0},"east":{"uv":[6.0,7.625,4.75,6.625],"texture":"#1","tintindex":0.0},"south":{"uv":[6.0,8.625,4.75,7.625],"texture":"#1","tintindex":0.0},"west":{"uv":[4.75,7.625,6.0,6.625],"texture":"#1","tintindex":0.0}}},{"name":"cube inverted","from":[13.01,11.01,13.01],"to":[2.99,2.99,2.99],"rotation":{"angle":0.0,"axis":"y","origin":[8.0,9.5,8.0]},"faces":{"north":{"uv":[2.125,6.625,3.375,5.625],"texture":"#1"},"east":{"uv":[3.375,7.625,2.125,6.625],"texture":"#1"},"south":{"uv":[3.375,8.625,2.125,7.625],"texture":"#1"},"west":{"uv":[2.125,7.625,3.375,6.625],"texture":"#1"},"down":{"uv":[2.125,5.0,0.875,6.25],"texture":"#1"}}}],"gui_light":"front"}