{"textures":{"8":"mcc:island_cosmetics/general/hat/atomic_adventurer/atomic_adventurer","particle":"mcc:island_cosmetics/general/hat/atomic_adventurer/atomic_adventurer"},"elements":[{"from":[3.0,1.5,3.0],"to":[13.0,12.5,13.0],"rotation":{"angle":0.0,"axis":"y","origin":[0.0,-19.0,1.0]},"faces":{"north":{"uv":[0.0,0.0,3.33333,3.66667],"texture":"#8"},"east":{"uv":[4.66667,2.66667,8.0,6.33333],"texture":"#8"},"south":{"uv":[8.0,0.0,11.33333,3.66667],"texture":"#8"},"west":{"uv":[8.0,2.66667,4.66667,6.33333],"texture":"#8"},"up":{"uv":[8.0,3.66667,11.33333,7.0],"texture":"#8"},"down":{"uv":[9.33333,11.66667,12.66667,8.33333],"texture":"#8"}}},{"from":[2.0,1.5,8.0],"to":[14.0,6.5,14.0],"rotation":{"angle":0.0,"axis":"y","origin":[0.0,-19.0,1.0]},"faces":{"north":{"uv":[0.0,6.33333,4.0,8.0],"texture":"#8"},"east":{"uv":[11.33333,0.0,13.33333,1.66667],"texture":"#8"},"south":{"uv":[12.0,2.0,8.0,3.66667],"texture":"#8"},"west":{"uv":[13.33333,0.0,11.33333,1.66667],"texture":"#8"},"up":{"uv":[4.0,6.33333,8.0,8.33333],"texture":"#8"},"down":{"uv":[4.0,8.0,0.0,10.0],"texture":"#8"}}},{"from":[5.8,0.47157,-0.2],"to":[10.2,4.87157,4.2],"rotation":{"angle":-22.5,"axis":"x","origin":[8.0,3.67157,1.5]},"faces":{"north":{"uv":[5.66667,1.33333,7.0,2.66667],"texture":"#8"},"east":{"uv":[3.33333,2.66667,4.66667,4.0],"texture":"#8","rotation":90},"west":{"uv":[3.33333,2.66667,4.66667,4.0],"texture":"#8","rotation":270},"up":{"uv":[3.33333,2.66667,4.66667,4.0],"texture":"#8"},"down":{"uv":[3.33333,2.66667,4.66667,4.0],"texture":"#8","rotation":180}}},{"from":[5.288,0.2233,-0.81617],"to":[10.712,5.6473,4.60783],"rotation":{"angle":-22.5,"axis":"x","origin":[8.0,4.0653,2.11083]},"faces":{"north":{"uv":[13.33333,0.0,14.66667,1.33333],"texture":"#8"},"east":{"uv":[13.66667,1.33333,15.0,2.66667],"texture":"#8","rotation":90},"west":{"uv":[13.66667,1.33333,15.0,2.66667],"texture":"#8","rotation":270},"up":{"uv":[13.66667,1.33333,15.0,2.66667],"texture":"#8"},"down":{"uv":[13.66667,1.33333,15.0,2.66667],"texture":"#8","rotation":180}}},{"from":[10.0,1.5,1.5],"to":[15.0,5.5,8.5],"rotation":{"angle":0.0,"axis":"y","origin":[0.0,-20.0,1.0]},"faces":{"north":{"uv":[0.0,10.0,1.66667,11.33333],"texture":"#8"},"east":{"uv":[4.0,10.0,1.66667,11.33333],"texture":"#8"}}},{"from":[1.0,1.5,1.5],"to":[6.0,5.5,8.5],"rotation":{"angle":0.0,"axis":"y","origin":[16.0,-20.0,1.0]},"faces":{"north":{"uv":[1.66667,10.0,0.0,11.33333],"texture":"#8"},"west":{"uv":[1.66667,10.0,4.0,11.33333],"texture":"#8"}}},{"from":[0.8,4.8,5.3],"to":[15.2,10.2,10.7],"rotation":{"angle":0.0,"axis":"y","origin":[0.0,-19.0,1.0]},"faces":{"north":{"uv":[11.33333,3.66667,13.0,8.33333],"texture":"#8","rotation":90},"east":{"uv":[12.0,1.66667,13.66667,3.33333],"texture":"#8"},"south":{"uv":[11.33333,3.66667,13.0,8.33333],"texture":"#8","rotation":90},"west":{"uv":[12.0,1.66667,13.66667,3.33333],"texture":"#8"},"up":{"uv":[11.33333,3.66667,13.0,8.33333],"texture":"#8","rotation":90},"down":{"uv":[11.33333,3.66667,13.0,8.33333],"texture":"#8","rotation":90}}},{"from":[2.0,5.5,2.0],"to":[14.0,9.5,9.0],"rotation":{"angle":0.0,"axis":"y","origin":[0.0,-19.0,1.0]},"faces":{"north":{"uv":[3.33333,0.0,7.33333,1.33333],"texture":"#8"},"east":{"uv":[3.33333,1.33333,5.66667,2.66667],"texture":"#8"},"west":{"uv":[5.66667,1.33333,3.33333,2.66667],"texture":"#8"},"up":{"uv":[0.0,4.0,4.0,6.33333],"texture":"#8"},"down":{"uv":[0.0,4.0,4.0,6.33333],"texture":"#8"}}},{"from":[2.0,5.5,2.0],"to":[14.0,9.5,9.0],"rotation":{"angle":0.0,"axis":"y","origin":[0.0,-19.0,1.0]},"faces":{"north":{"uv":[0.33333,11.0,4.33333,12.33333],"texture":"#8","tintindex":0},"east":{"uv":[0.33333,12.33333,2.66667,13.66667],"texture":"#8","tintindex":0},"west":{"uv":[2.66667,12.33333,0.33333,13.66667],"texture":"#8","tintindex":0}}},{"from":[6.0,11.5,2.0],"to":[10.0,15.5,7.0],"rotation":{"angle":0.0,"axis":"y","origin":[0.0,-19.0,1.0]},"faces":{"north":{"uv":[4.0,8.33333,5.33333,9.66667],"texture":"#8","tintindex":0},"east":{"uv":[6.0,8.33333,7.66667,9.66667],"texture":"#8"},"south":{"uv":[10.66667,7.0,9.33333,8.33333],"texture":"#8"},"west":{"uv":[7.66667,8.33333,6.0,9.66667],"texture":"#8"},"up":{"uv":[8.0,8.0,9.33333,9.66667],"texture":"#8"},"down":{"uv":[2.33333,9.0,2.66667,9.33333],"texture":"#8"}}},{"from":[10.44,15.94,2.47],"to":[5.56,11.06,0.03],"rotation":{"angle":0.0,"axis":"y","origin":[-1.76,-27.25,0.56]},"faces":{"north":{"uv":[5.66667,9.66667,6.0,8.33333],"texture":"#8"},"east":{"uv":[5.66667,9.66667,6.0,8.33333],"texture":"#8"},"west":{"uv":[5.66667,9.66667,6.0,8.33333],"texture":"#8"},"up":{"uv":[6.0,9.33333,5.66667,9.66667],"texture":"#8"},"down":{"uv":[6.0,8.33333,5.66667,8.66667],"texture":"#8"}}},{"from":[5.56,11.06,0.03],"to":[10.44,15.94,2.47],"rotation":{"angle":0.0,"axis":"y","origin":[-1.76,-27.25,0.56]},"faces":{"east":{"uv":[5.33333,8.33333,5.66667,9.66667],"texture":"#8"},"south":{"uv":[5.33333,8.33333,5.66667,9.66667],"texture":"#8"},"west":{"uv":[5.33333,8.33333,5.66667,9.66667],"texture":"#8"},"up":{"uv":[5.33333,8.33333,5.66667,8.66667],"texture":"#8"},"down":{"uv":[5.33333,9.33333,5.66667,9.66667],"texture":"#8"}}},{"from":[10.0,15.5,2.0],"to":[6.0,11.5,-4.0],"rotation":{"angle":0.0,"axis":"y","origin":[0.0,-19.0,1.0]},"faces":{"east":{"uv":[6.0,10.0,4.0,9.66667],"texture":"#8","tintindex":0},"west":{"uv":[4.0,10.0,6.0,9.66667],"texture":"#8","tintindex":0},"up":{"uv":[4.0,10.0,6.0,9.66667],"texture":"#8","tintindex":0,"rotation":90},"down":{"uv":[6.0,9.66667,4.0,10.0],"texture":"#8","tintindex":0,"rotation":90}}},{"from":[14.4,6.9,14.4],"to":[1.6,1.1,7.6],"rotation":{"angle":0.0,"axis":"y","origin":[0.0,-19.0,1.0]},"faces":{"north":{"uv":[4.0,10.0,4.33333,9.66667],"texture":"#8","tintindex":0},"east":{"uv":[4.0,10.0,4.33333,9.66667],"texture":"#8","tintindex":0},"west":{"uv":[4.0,10.0,4.33333,9.66667],"texture":"#8","tintindex":0},"up":{"uv":[4.0,10.0,4.33333,9.66667],"texture":"#8","tintindex":0},"down":{"uv":[4.0,10.0,4.33333,9.66667],"texture":"#8","tintindex":0}}},{"from":[15.6,10.6,11.1],"to":[0.4,4.4,4.9],"rotation":{"angle":0.0,"axis":"y","origin":[0.0,-19.0,1.0]},"faces":{"north":{"uv":[4.0,10.0,4.33333,9.66667],"texture":"#8","tintindex":0},"east":{"uv":[4.0,10.0,4.33333,9.66667],"texture":"#8","tintindex":0},"south":{"uv":[4.0,10.0,4.33333,9.66667],"texture":"#8","tintindex":0},"west":{"uv":[4.0,10.0,4.33333,9.66667],"texture":"#8","tintindex":0},"up":{"uv":[4.0,10.0,4.33333,9.66667],"texture":"#8","tintindex":0},"down":{"uv":[4.0,10.0,4.33333,9.66667],"texture":"#8","tintindex":0}}},{"from":[11.112,6.0473,5.00783],"to":[4.888,-0.1767,-1.21617],"rotation":{"angle":-22.5,"axis":"x","origin":[8.0,4.0653,2.11083]},"faces":{"east":{"uv":[4.0,10.0,4.33333,9.66667],"texture":"#8","tintindex":0},"south":{"uv":[4.0,10.0,4.33333,9.66667],"texture":"#8","tintindex":0},"west":{"uv":[4.0,10.0,4.33333,9.66667],"texture":"#8","tintindex":0},"up":{"uv":[4.0,10.0,4.33333,9.66667],"texture":"#8","tintindex":0},"down":{"uv":[4.0,10.0,4.33333,9.66667],"texture":"#8","tintindex":0}}},{"from":[13.4,12.9,13.4],"to":[2.6,1.1,2.6],"rotation":{"angle":0.0,"axis":"y","origin":[0.0,-19.0,1.0]},"faces":{"north":{"uv":[4.0,10.25,4.33333,9.66667],"texture":"#8","tintindex":0},"east":{"uv":[4.0,10.0,4.33333,9.66667],"texture":"#8","tintindex":0},"south":{"uv":[4.0,10.0,4.33333,9.66667],"texture":"#8","tintindex":0},"west":{"uv":[4.0,10.0,4.33333,9.66667],"texture":"#8","tintindex":0},"up":{"uv":[4.0,10.0,4.33333,9.66667],"texture":"#8","tintindex":0},"down":{"uv":[4.0,10.0,4.33333,9.66667],"texture":"#8","tintindex":0}}},{"from":[6.0,5.5,8.5],"to":[1.0,1.5,1.5],"rotation":{"angle":0.0,"axis":"y","origin":[16.0,-20.0,1.0]},"faces":{"east":{"uv":[1.66667,11.33333,4.0,10.0],"texture":"#8"},"south":{"uv":[1.66667,11.33333,0.0,10.0],"texture":"#8"}}},{"from":[15.0,5.5,8.5],"to":[10.0,1.5,1.5],"rotation":{"angle":0.0,"axis":"y","origin":[0.0,-20.0,1.0]},"faces":{"south":{"uv":[0.0,11.33333,1.66667,10.0],"texture":"#8"},"west":{"uv":[4.0,11.33333,1.66667,10.0],"texture":"#8"}}}],"display":{"thirdperson_righthand":{"translation":[0.0,1.0,0.75],"rotation":[55.5,34.0,0.0],"scale":[0.52539,0.52539,0.52539]},"thirdperson_lefthand":{"translation":[0.0,1.0,0.75],"rotation":[55.5,34.0,0.0],"scale":[0.52539,0.52539,0.52539]},"firstperson_righthand":{"translation":[9.5,0.0,-5.75],"rotation":[21.0,114.5,-13.75],"scale":[0.41992,0.41992,0.41992]},"firstperson_lefthand":{"translation":[9.5,0.0,-5.75],"rotation":[21.0,114.5,-13.75],"scale":[0.41992,0.41992,0.41992]},"ground":{"translation":[0.0,15.25,0.0],"scale":[0.84961,0.84961,0.84961]},"gui":{"translation":[0.0,1.5,0.0],"rotation":[-154.61,-31.92,-180.0],"scale":[0.7539,0.7539,0.7539]},"head":{"translation":[0.0,3.0,0.0],"scale":[1.5961,1.5961,1.5961]}},"credit":"Made with Blockbench","gui_light":"front"}