{
	"credit": "Made with Blockbench",
	"textures": {
		"0": "item/custom/kawaiigem",
		"particle": "item/custom/kawaiigem"
	},
	"elements": [
		{
			"name": "debug17_0",
			"from": [7.2, 0, 2.4],
			"to": [8.8, 0.8, 13.6],
			"faces": {
				"north": {"uv": [8.8, 2.4, 7.2, 3.2], "texture": "#0"},
				"east": {"uv": [8, 2.4, 8.8, 13.6], "rotation": 90, "texture": "#0"},
				"south": {"uv": [7.2, 12.8, 8.8, 13.6], "texture": "#0"},
				"west": {"uv": [7.2, 2.4, 8, 13.6], "rotation": 270, "texture": "#0"},
				"up": {"uv": [7.2, 2.4, 8.8, 13.6], "texture": "#0"},
				"down": {"uv": [7.2, 13.6, 8.8, 2.4], "texture": "#0"}
			}
		},
		{
			"name": "debug17_1",
			"from": [6.4, 0, 3.2],
			"to": [7.2, 0.8, 12.8],
			"faces": {
				"north": {"uv": [7.2, 3.2, 6.4, 4], "texture": "#0"},
				"east": {"uv": [6.4, 3.2, 7.2, 12.8], "rotation": 90, "texture": "#0"},
				"south": {"uv": [6.4, 12, 7.2, 12.8], "texture": "#0"},
				"west": {"uv": [6.4, 3.2, 7.2, 12.8], "rotation": 270, "texture": "#0"},
				"up": {"uv": [6.4, 3.2, 7.2, 12.8], "texture": "#0"},
				"down": {"uv": [6.4, 12.8, 7.2, 3.2], "texture": "#0"}
			}
		},
		{
			"name": "debug17_2",
			"from": [8.8, 0, 3.2],
			"to": [9.6, 0.8, 12.8],
			"faces": {
				"north": {"uv": [9.6, 3.2, 8.8, 4], "texture": "#0"},
				"east": {"uv": [8.8, 3.2, 9.6, 12.8], "rotation": 90, "texture": "#0"},
				"south": {"uv": [8.8, 12, 9.6, 12.8], "texture": "#0"},
				"west": {"uv": [8.8, 3.2, 9.6, 12.8], "rotation": 270, "texture": "#0"},
				"up": {"uv": [8.8, 3.2, 9.6, 12.8], "texture": "#0"},
				"down": {"uv": [8.8, 12.8, 9.6, 3.2], "texture": "#0"}
			}
		},
		{
			"name": "debug17_3",
			"from": [5.6, 0, 4],
			"to": [6.4, 0.8, 12],
			"faces": {
				"north": {"uv": [6.4, 4, 5.6, 4.8], "texture": "#0"},
				"east": {"uv": [5.6, 4, 6.4, 12], "rotation": 90, "texture": "#0"},
				"south": {"uv": [5.6, 11.2, 6.4, 12], "texture": "#0"},
				"west": {"uv": [5.6, 4, 6.4, 12], "rotation": 270, "texture": "#0"},
				"up": {"uv": [5.6, 4, 6.4, 12], "texture": "#0"},
				"down": {"uv": [5.6, 12, 6.4, 4], "texture": "#0"}
			}
		},
		{
			"name": "debug17_4",
			"from": [9.6, 0, 4],
			"to": [10.4, 0.8, 12],
			"faces": {
				"north": {"uv": [10.4, 4, 9.6, 4.8], "texture": "#0"},
				"east": {"uv": [9.6, 4, 10.4, 12], "rotation": 90, "texture": "#0"},
				"south": {"uv": [9.6, 11.2, 10.4, 12], "texture": "#0"},
				"west": {"uv": [9.6, 4, 10.4, 12], "rotation": 270, "texture": "#0"},
				"up": {"uv": [9.6, 4, 10.4, 12], "texture": "#0"},
				"down": {"uv": [9.6, 12, 10.4, 4], "texture": "#0"}
			}
		},
		{
			"name": "debug17_5",
			"from": [4.8, 0, 4.8],
			"to": [5.6, 0.8, 11.2],
			"faces": {
				"north": {"uv": [5.6, 4.8, 4.8, 5.6], "texture": "#0"},
				"east": {"uv": [4.8, 4.8, 5.6, 11.2], "rotation": 90, "texture": "#0"},
				"south": {"uv": [4.8, 10.4, 5.6, 11.2], "texture": "#0"},
				"west": {"uv": [4.8, 4.8, 5.6, 11.2], "rotation": 270, "texture": "#0"},
				"up": {"uv": [4.8, 4.8, 5.6, 11.2], "texture": "#0"},
				"down": {"uv": [4.8, 11.2, 5.6, 4.8], "texture": "#0"}
			}
		},
		{
			"name": "debug17_6",
			"from": [10.4, 0, 4.8],
			"to": [11.2, 0.8, 11.2],
			"faces": {
				"north": {"uv": [11.2, 4.8, 10.4, 5.6], "texture": "#0"},
				"east": {"uv": [10.4, 4.8, 11.2, 11.2], "rotation": 90, "texture": "#0"},
				"south": {"uv": [10.4, 10.4, 11.2, 11.2], "texture": "#0"},
				"west": {"uv": [10.4, 4.8, 11.2, 11.2], "rotation": 270, "texture": "#0"},
				"up": {"uv": [10.4, 4.8, 11.2, 11.2], "texture": "#0"},
				"down": {"uv": [10.4, 11.2, 11.2, 4.8], "texture": "#0"}
			}
		},
		{
			"name": "debug17_7",
			"from": [4, 0, 6.4],
			"to": [4.8, 0.8, 9.6],
			"faces": {
				"north": {"uv": [4.8, 6.4, 4, 7.2], "texture": "#0"},
				"east": {"uv": [4, 6.4, 4.8, 9.6], "rotation": 90, "texture": "#0"},
				"south": {"uv": [4, 8.8, 4.8, 9.6], "texture": "#0"},
				"west": {"uv": [4, 6.4, 4.8, 9.6], "rotation": 270, "texture": "#0"},
				"up": {"uv": [4, 6.4, 4.8, 9.6], "texture": "#0"},
				"down": {"uv": [4, 9.6, 4.8, 6.4], "texture": "#0"}
			}
		},
		{
			"name": "debug17_8",
			"from": [11.2, 0, 6.4],
			"to": [12, 0.8, 9.6],
			"faces": {
				"north": {"uv": [12, 6.4, 11.2, 7.2], "texture": "#0"},
				"east": {"uv": [11.2, 6.4, 12, 9.6], "rotation": 90, "texture": "#0"},
				"south": {"uv": [11.2, 8.8, 12, 9.6], "texture": "#0"},
				"west": {"uv": [11.2, 6.4, 12, 9.6], "rotation": 270, "texture": "#0"},
				"up": {"uv": [11.2, 6.4, 12, 9.6], "texture": "#0"},
				"down": {"uv": [11.2, 9.6, 12, 6.4], "texture": "#0"}
			}
		}
	],
	"gui_light": "front",
	"display": {
		"thirdperson_righthand": {
			"rotation": [90, 0, 0],
			"translation": [0, 2.5, 4.5],
			"scale": [0.5, 0.5, 0.5]
		},
		"thirdperson_lefthand": {
			"rotation": [90, 0, 0],
			"translation": [0, 2.5, 4.5],
			"scale": [0.5, 0.5, 0.5]
		},
		"firstperson_righthand": {
			"rotation": [70, 0, 30],
			"translation": [2.5, 0, 0]
		},
		"firstperson_lefthand": {
			"rotation": [70, 0, 30],
			"translation": [2.5, 0, 0]
		},
		"ground": {
			"rotation": [90, 0, 0],
			"translation": [0, 1.5, 6],
			"scale": [0.75, 0.75, 0.75]
		},
		"gui": {
			"rotation": [90, 0, 0]
		},
		"head": {
			"translation": [0, 17, 0]
		},
		"fixed": {
			"rotation": [90, 0, 0],
			"translation": [0, 0, 10],
			"scale": [1.25, 1.25, 1.25]
		}
	},
	"groups": [
		{
			"name": "debug17",
			"origin": [8, 8, 8],
			"color": 0,
			"children": [0, 1, 2, 3, 4, 5, 6, 7, 8]
		}
	]
}