{"textures":{"0":"mcc:island_cosmetics/head/head_4","1":"mcc:island_cosmetics/head/head_5","particle":"mcc:island_cosmetics/head/head_4"},"credit":"Made with Blockbench","texture_size":[128.0,128.0],"elements":[{"from":[4.5,-3.0,13.0],"to":[11.5,4.0,13.0],"rotation":{"angle":0.0,"axis":"y","origin":[8.34776,5.73123,9.0]},"faces":{"north":{"uv":[2.375,3.5,3.25,4.375],"rotation":180.0,"texture":"#1","tintindex":0.0},"east":{"uv":[11.0,0.875,11.25,2.125],"rotation":270.0,"texture":"#0","tintindex":0.0},"south":{"uv":[2.375,3.5,3.25,4.375],"rotation":180.0,"texture":"#1","tintindex":0.0},"west":{"uv":[11.0,2.125,11.25,0.875],"rotation":270.0,"texture":"#0","tintindex":0.0},"up":{"uv":[10.75,1.25,10.875,1.375],"rotation":270.0,"texture":"#0","tintindex":0.0},"down":{"uv":[10.75,1.25,10.875,1.375],"rotation":270.0,"texture":"#0","tintindex":0.0}}},{"from":[3.5,4.0,3.0],"to":[12.5,6.0,13.0],"rotation":{"angle":0.0,"axis":"y","origin":[8.34776,5.73123,9.0]},"faces":{"north":{"uv":[4.125,1.5,4.25,1.625],"rotation":270.0,"texture":"#1","tintindex":0.0},"east":{"uv":[4.875,0.875,5.125,2.125],"rotation":270.0,"texture":"#1","tintindex":0.0},"south":{"uv":[5.125,0.875,5.375,2.0],"rotation":270.0,"texture":"#1","tintindex":0.0},"west":{"uv":[4.875,2.125,5.125,0.875],"rotation":270.0,"texture":"#1","tintindex":0.0},"up":{"uv":[4.625,1.25,4.75,1.375],"rotation":270.0,"texture":"#1","tintindex":0.0},"down":{"uv":[4.625,1.25,4.75,1.375],"rotation":270.0,"texture":"#1","tintindex":0.0}}},{"from":[2.5,0.0,3.0],"to":[13.5,10.0,7.0],"rotation":{"angle":0.0,"axis":"y","origin":[8.34776,5.73123,9.0]},"faces":{"north":{"uv":[8.5,1.25,9.875,2.5],"texture":"#0"},"east":{"uv":[8.0,2.625,8.5,3.875],"texture":"#0"},"south":{"uv":[9.625,2.875,9.75,3.0],"texture":"#0"},"west":{"uv":[8.5,2.625,8.0,3.875],"texture":"#0"},"up":{"uv":[9.625,0.75,11.0,1.25],"texture":"#0"},"down":{"uv":[8.5,3.0,9.875,3.5],"texture":"#0"}}},{"from":[12.75,-0.5,4.5],"to":[14.75,1.5,6.5],"rotation":{"angle":22.5,"axis":"y","origin":[14.0,0.5,5.5]},"faces":{"north":{"uv":[10.375,1.875,10.625,2.125],"texture":"#0"},"east":{"uv":[10.625,1.875,10.375,2.125],"texture":"#0"},"south":{"uv":[10.625,1.875,10.875,2.125],"texture":"#0"},"west":{"uv":[10.875,1.875,10.625,2.125],"texture":"#0"},"up":{"uv":[10.375,2.125,10.625,2.375],"texture":"#0"},"down":{"uv":[10.625,2.125,10.875,2.375],"texture":"#0"}}},{"from":[13.0,-3.25,7.0],"to":[15.0,-1.25,9.0],"rotation":{"angle":-22.5,"axis":"y","origin":[14.0,-2.25,8.0]},"faces":{"north":{"uv":[10.375,1.875,10.625,2.125],"texture":"#0"},"east":{"uv":[10.625,1.875,10.375,2.125],"texture":"#0"},"south":{"uv":[10.625,1.875,10.875,2.125],"texture":"#0"},"west":{"uv":[10.875,1.875,10.625,2.125],"texture":"#0"},"up":{"uv":[10.375,2.125,10.625,2.375],"texture":"#0"},"down":{"uv":[10.625,2.125,10.875,2.375],"texture":"#0"}}},{"from":[13.75,-1.0,4.0],"to":[13.75,8.0,11.0],"rotation":{"angle":22.5,"axis":"z","origin":[16.5,5.5,2.5]},"faces":{"north":{"uv":[2.375,1.25,3.75,2.5],"texture":"#1","tintindex":0.0},"east":{"uv":[5.375,0.875,6.25,2.0],"texture":"#1","tintindex":0.0},"south":{"uv":[3.5,2.875,3.625,3.0],"texture":"#1","tintindex":0.0},"west":{"uv":[6.25,0.875,5.375,2.0],"texture":"#1","tintindex":0.0},"up":{"uv":[3.5,0.875,4.875,1.25],"texture":"#1","tintindex":0.0},"down":{"uv":[2.375,3.0,3.75,3.375],"texture":"#1","tintindex":0.0}}},{"from":[13.75,-6.5,5.0],"to":[13.75,5.5,8.0],"rotation":{"angle":0.0,"axis":"z","origin":[16.5,5.5,2.5]},"faces":{"north":{"uv":[8.5,1.25,9.875,2.5],"texture":"#0"},"east":{"uv":[11.0,2.25,11.375,3.75],"texture":"#0"},"south":{"uv":[9.625,2.875,9.75,3.0],"texture":"#0"},"west":{"uv":[11.375,2.25,11.0,3.75],"texture":"#0"},"up":{"uv":[9.625,0.875,11.0,1.25],"texture":"#0"},"down":{"uv":[8.5,3.0,9.875,3.375],"texture":"#0"}}},{"from":[2.25,-1.0,4.0],"to":[2.25,8.0,11.0],"rotation":{"angle":-22.5,"axis":"z","origin":[-0.5,5.5,2.5]},"faces":{"north":{"uv":[3.75,1.25,2.375,2.5],"texture":"#1","tintindex":0.0},"east":{"uv":[5.375,0.875,6.25,2.0],"texture":"#1","tintindex":0.0},"south":{"uv":[3.625,2.875,3.5,3.0],"texture":"#1","tintindex":0.0},"west":{"uv":[6.25,0.875,5.375,2.0],"texture":"#1","tintindex":0.0},"up":{"uv":[4.875,0.875,3.5,1.25],"texture":"#1","tintindex":0.0},"down":{"uv":[3.75,3.0,2.375,3.375],"texture":"#1","tintindex":0.0}}},{"from":[1.25,-0.5,4.5],"to":[3.25,1.5,6.5],"rotation":{"angle":-22.5,"axis":"y","origin":[2.0,0.5,5.5]},"faces":{"north":{"uv":[10.625,1.875,10.375,2.125],"texture":"#0"},"east":{"uv":[10.625,1.875,10.875,2.125],"texture":"#0"},"south":{"uv":[10.875,1.875,10.625,2.125],"texture":"#0"},"west":{"uv":[10.375,1.875,10.625,2.125],"texture":"#0"},"up":{"uv":[10.625,2.125,10.375,2.375],"texture":"#0"},"down":{"uv":[10.875,2.125,10.625,2.375],"texture":"#0"}}},{"from":[1.0,-3.25,7.0],"to":[3.0,-1.25,9.0],"rotation":{"angle":22.5,"axis":"y","origin":[2.0,-2.25,8.0]},"faces":{"north":{"uv":[10.625,1.875,10.375,2.125],"texture":"#0"},"east":{"uv":[10.625,1.875,10.875,2.125],"texture":"#0"},"south":{"uv":[10.875,1.875,10.625,2.125],"texture":"#0"},"west":{"uv":[10.375,1.875,10.625,2.125],"texture":"#0"},"up":{"uv":[10.625,2.125,10.375,2.375],"texture":"#0"},"down":{"uv":[10.875,2.125,10.625,2.375],"texture":"#0"}}},{"from":[2.25,-6.5,5.0],"to":[2.25,5.5,8.0],"rotation":{"angle":0.0,"axis":"z","origin":[-0.5,5.5,2.5]},"faces":{"north":{"uv":[9.875,1.25,8.5,2.5],"texture":"#0"},"east":{"uv":[11.0,2.25,11.375,3.75],"texture":"#0"},"south":{"uv":[9.75,2.875,9.625,3.0],"texture":"#0"},"west":{"uv":[11.375,2.25,11.0,3.75],"texture":"#0"},"up":{"uv":[11.0,0.875,9.625,1.25],"texture":"#0"},"down":{"uv":[9.875,3.0,8.5,3.375],"texture":"#0"}}},{"from":[2.25,-6.5,5.0],"to":[2.25,5.5,8.0],"rotation":{"angle":0.0,"axis":"z","origin":[-0.5,5.5,2.5]},"faces":{"north":{"uv":[3.75,1.25,2.375,2.5],"texture":"#1","tintindex":0.0},"east":{"uv":[4.875,2.25,5.25,3.75],"texture":"#1","tintindex":0.0},"south":{"uv":[3.625,2.875,3.5,3.0],"texture":"#1","tintindex":0.0},"west":{"uv":[5.25,2.25,4.875,3.75],"texture":"#1","tintindex":0.0},"up":{"uv":[4.875,0.875,3.5,1.25],"texture":"#1","tintindex":0.0},"down":{"uv":[3.75,3.0,2.375,3.375],"texture":"#1","tintindex":0.0}}},{"from":[13.75,-6.5,5.0],"to":[13.75,5.5,8.0],"rotation":{"angle":0.0,"axis":"z","origin":[16.5,5.5,2.5]},"faces":{"north":{"uv":[2.375,1.25,3.75,2.5],"texture":"#1","tintindex":0.0},"east":{"uv":[4.875,2.25,5.25,3.75],"texture":"#1","tintindex":0.0},"south":{"uv":[3.5,2.875,3.625,3.0],"texture":"#1","tintindex":0.0},"west":{"uv":[5.25,2.25,4.875,3.75],"texture":"#1","tintindex":0.0},"up":{"uv":[3.5,0.875,4.875,1.25],"texture":"#1","tintindex":0.0},"down":{"uv":[2.375,3.0,3.75,3.375],"texture":"#1","tintindex":0.0}}},{"from":[4.5,-0.5,0.25],"to":[11.5,3.5,3.25],"rotation":{"angle":-22.5,"axis":"x","origin":[8.0,4.0,1.0]},"faces":{"north":{"uv":[8.5,2.5,9.375,3.0],"texture":"#0"},"east":{"uv":[10.25,1.25,10.625,1.75],"texture":"#0"},"south":{"uv":[9.625,2.875,9.75,3.0],"texture":"#0"},"west":{"uv":[10.625,1.25,10.25,1.75],"texture":"#0"},"up":{"uv":[9.375,2.5,10.25,2.875],"texture":"#0"},"down":{"uv":[9.875,2.875,10.75,3.25],"texture":"#0"}}},{"from":[2.5,10.0,4.0],"to":[13.5,16.0,4.0],"rotation":{"angle":0.0,"axis":"y","origin":[8.34776,5.73123,9.0]},"faces":{"north":{"uv":[10.5,0.0,11.875,0.75],"texture":"#0"},"east":{"uv":[8.0,0.0,9.125,0.625],"texture":"#missing"},"south":{"uv":[10.5,0.0,11.875,0.75],"texture":"#0"},"west":{"uv":[8.0,0.0,9.125,0.625],"texture":"#missing"},"up":{"uv":[6.875,0.0,8.0,1.125],"rotation":270.0,"texture":"#missing"},"down":{"uv":[9.125,0.0,10.25,1.125],"rotation":90.0,"texture":"#missing"}}},{"from":[2.5,10.0,4.0],"to":[13.5,16.0,4.0],"rotation":{"angle":0.0,"axis":"y","origin":[8.34776,5.73123,9.0]},"faces":{"north":{"uv":[4.375,0.0,5.75,0.75],"texture":"#1","tintindex":0.0},"east":{"uv":[1.875,0.0,3.0,0.625],"texture":"#1","tintindex":0.0},"south":{"uv":[4.375,0.0,5.75,0.75],"texture":"#1","tintindex":0.0},"west":{"uv":[1.875,0.0,3.0,0.625],"texture":"#1","tintindex":0.0},"up":{"uv":[0.75,0.0,1.875,1.125],"rotation":270.0,"texture":"#1","tintindex":0.0},"down":{"uv":[3.0,0.0,4.125,1.125],"rotation":90.0,"texture":"#1","tintindex":0.0}}},{"from":[2.5,0.0,3.0],"to":[13.5,10.0,7.0],"rotation":{"angle":0.0,"axis":"y","origin":[8.34776,5.73123,9.0]},"faces":{"north":{"uv":[2.375,1.25,3.75,2.5],"texture":"#1","tintindex":0.0},"east":{"uv":[1.875,2.625,2.375,3.875],"texture":"#1","tintindex":0.0},"south":{"uv":[3.5,2.875,3.625,3.0],"texture":"#1","tintindex":0.0},"west":{"uv":[2.375,2.625,1.875,3.875],"texture":"#1","tintindex":0.0},"up":{"uv":[3.5,0.75,4.875,1.25],"texture":"#1","tintindex":0.0},"down":{"uv":[2.375,3.0,3.75,3.5],"texture":"#1","tintindex":0.0}}},{"from":[4.5,-0.5,0.25],"to":[11.5,3.5,3.25],"rotation":{"angle":-22.5,"axis":"x","origin":[8.0,4.0,1.0]},"faces":{"north":{"uv":[2.375,2.5,3.25,3.0],"texture":"#1","tintindex":0.0},"east":{"uv":[4.125,1.25,4.5,1.75],"texture":"#1","tintindex":0.0},"south":{"uv":[3.5,2.875,3.625,3.0],"texture":"#1","tintindex":0.0},"west":{"uv":[4.5,1.25,4.125,1.75],"texture":"#1","tintindex":0.0},"up":{"uv":[3.25,2.5,4.125,2.875],"texture":"#1","tintindex":0.0},"down":{"uv":[3.75,2.875,4.625,3.25],"texture":"#1","tintindex":0.0}}},{"name":"cube inverted","from":[12.5,6.0,13.0],"to":[3.5,4.0,3.0],"rotation":{"angle":0.0,"axis":"y","origin":[8.34776,5.73123,9.0]},"faces":{"north":{"uv":[5.375,0.875,5.125,2.0],"rotation":270.0,"texture":"#1","tintindex":0.0},"east":{"uv":[5.125,2.125,4.875,0.875],"rotation":270.0,"texture":"#1","tintindex":0.0},"south":{"uv":[4.25,1.5,4.125,1.625],"rotation":270.0,"texture":"#1","tintindex":0.0},"west":{"uv":[5.125,0.875,4.875,2.125],"rotation":270.0,"texture":"#1","tintindex":0.0},"up":{"uv":[4.625,1.375,4.75,1.25],"rotation":270.0,"texture":"#1","tintindex":0.0},"down":{"uv":[4.625,1.375,4.75,1.25],"rotation":270.0,"texture":"#1","tintindex":0.0}}},{"name":"cube inverted","from":[13.5,10.0,7.0],"to":[2.5,0.0,3.0],"rotation":{"angle":0.0,"axis":"y","origin":[8.34776,5.73123,9.0]},"faces":{"north":{"uv":[9.625,3.0,9.75,2.875],"texture":"#0"},"east":{"uv":[8.5,3.875,8.0,2.625],"texture":"#0"},"south":{"uv":[8.5,2.5,9.875,1.25],"texture":"#0"},"west":{"uv":[8.0,3.875,8.5,2.625],"texture":"#0"},"up":{"uv":[9.875,3.0,8.5,3.5],"texture":"#0"},"down":{"uv":[11.0,0.75,9.625,1.25],"texture":"#0"}}},{"name":"cube inverted","from":[13.5,10.0,7.0],"to":[2.5,0.0,3.0],"rotation":{"angle":0.0,"axis":"y","origin":[8.34776,5.73123,9.0]},"faces":{"north":{"uv":[3.5,3.0,3.625,2.875],"texture":"#1","tintindex":0.0},"east":{"uv":[2.375,3.875,1.875,2.625],"texture":"#1","tintindex":0.0},"south":{"uv":[2.375,2.5,3.75,1.25],"texture":"#1","tintindex":0.0},"west":{"uv":[1.875,3.875,2.375,2.625],"texture":"#1","tintindex":0.0},"up":{"uv":[3.75,3.0,2.375,3.5],"texture":"#1","tintindex":0.0},"down":{"uv":[4.875,0.75,3.5,1.25],"texture":"#1","tintindex":0.0}}}],"gui_light":"front","display":{"thirdperson_righthand":{"rotation":[55.5,34.0,0.0],"translation":[0.0,1.0,0.75],"scale":[0.52539,0.52539,0.52539]},"thirdperson_lefthand":{"rotation":[55.5,34.0,0.0],"translation":[0.0,1.0,0.75],"scale":[0.52539,0.52539,0.52539]},"firstperson_righthand":{"rotation":[21.0,114.5,-13.75],"translation":[9.5,0.0,-5.75],"scale":[0.41992,0.41992,0.41992]},"firstperson_lefthand":{"rotation":[21.0,114.5,-13.75],"translation":[9.5,0.0,-5.75],"scale":[0.41992,0.41992,0.41992]},"gui":{"rotation":[-149.61,-31.92,-180.0],"translation":[-0.25,3.25,0.0],"scale":[0.79882,0.79882,0.79882]},"head":{"translation":[0.0,5.25,0.0],"scale":[1.63125,1.63125,1.63125]}}}