{"textures":{"0":"mcc:island_cosmetics/head/head","particle":"mcc:island_cosmetics/head/head"},"credit":"Made with Blockbench","texture_size":[128.0,128.0],"elements":[{"from":[-3.0,2.0,-3.0],"to":[19.0,5.0,19.0],"faces":{"north":{"uv":[0.0,7.125,2.75,7.5],"texture":"#0","tintindex":0.0},"east":{"uv":[0.0,7.125,2.75,7.5],"texture":"#0","tintindex":0.0},"south":{"uv":[0.0,7.125,2.75,7.5],"texture":"#0","tintindex":0.0},"west":{"uv":[0.0,7.125,2.75,7.5],"texture":"#0","tintindex":0.0},"down":{"uv":[2.625,4.875,2.75,5.0],"texture":"#0","tintindex":0.0}}},{"from":[-3.0,2.0,-3.0],"to":[19.0,5.0,19.0],"faces":{"north":{"uv":[0.0,6.75,2.75,7.125],"texture":"#0"},"east":{"uv":[0.0,6.75,2.75,7.125],"texture":"#0"},"south":{"uv":[0.0,6.75,2.75,7.125],"texture":"#0"},"west":{"uv":[0.0,6.75,2.75,7.125],"texture":"#0"}}},{"from":[3.5,0.0,3.5],"to":[12.5,10.0,12.5],"rotation":{"angle":0.0,"axis":"y","origin":[-0.5,0.0,-0.5]},"faces":{"north":{"uv":[3.0,4.5,4.125,5.75],"texture":"#0","tintindex":0.0},"east":{"uv":[3.0,4.5,4.125,5.75],"texture":"#0","tintindex":0.0},"south":{"uv":[3.0,4.5,4.125,5.75],"texture":"#0","tintindex":0.0},"west":{"uv":[3.0,4.5,4.125,5.75],"texture":"#0","tintindex":0.0},"up":{"uv":[4.125,4.5,5.25,5.625],"texture":"#0","tintindex":0.0},"down":{"uv":[2.875,4.0,3.0,4.125],"texture":"#0","tintindex":0.0}}},{"from":[3.5,0.0,3.5],"to":[12.5,10.0,12.5],"rotation":{"angle":0.0,"axis":"y","origin":[-0.5,0.0,-0.5]},"faces":{"north":{"uv":[0.0,5.25,1.125,6.5],"texture":"#0"},"east":{"uv":[0.0,5.25,1.125,6.5],"texture":"#0"},"south":{"uv":[0.0,5.25,1.125,6.5],"texture":"#0"},"west":{"uv":[0.0,5.25,1.125,6.5],"texture":"#0"}}},{"from":[-3.0,0.0,-3.0],"to":[19.0,2.0,19.0],"faces":{"north":{"uv":[3.0,4.0,5.75,4.25],"texture":"#0","tintindex":0.0},"east":{"uv":[3.0,4.0,5.75,4.25],"texture":"#0","tintindex":0.0},"south":{"uv":[3.0,4.0,5.75,4.25],"texture":"#0","tintindex":0.0},"west":{"uv":[3.0,4.0,5.75,4.25],"texture":"#0","tintindex":0.0},"up":{"uv":[5.75,4.0,8.5,6.75],"texture":"#0","tintindex":0.0},"down":{"uv":[3.0,5.75,5.75,8.5],"texture":"#0","tintindex":0.0}}},{"from":[-2.5,1.36418,-3.32403],"to":[18.5,4.36418,-3.32403],"rotation":{"angle":22.5,"axis":"x","origin":[7.5,3.61418,-3.57403]},"faces":{"north":{"uv":[2.75,7.5,0.125,7.875],"rotation":180.0,"texture":"#0"},"east":{"uv":[3.0,4.0,5.75,4.25],"rotation":90.0,"texture":"#0"},"south":{"uv":[2.75,7.5,0.125,7.875],"rotation":180.0,"texture":"#0"},"west":{"uv":[3.0,4.0,5.75,4.25],"rotation":270.0,"texture":"#0"},"up":{"uv":[3.0,4.0,5.75,4.25],"texture":"#0"},"down":{"uv":[3.0,4.0,5.75,4.25],"rotation":180.0,"texture":"#0"}}},{"from":[-2.5,1.36418,19.32403],"to":[18.5,4.36418,19.32403],"rotation":{"angle":-22.5,"axis":"x","origin":[7.5,3.61418,19.57403]},"faces":{"north":{"uv":[2.75,7.5,0.125,7.875],"rotation":180.0,"texture":"#0"},"east":{"uv":[3.0,4.25,5.75,4.0],"rotation":90.0,"texture":"#0"},"south":{"uv":[2.75,7.5,0.125,7.875],"rotation":180.0,"texture":"#0"},"west":{"uv":[3.0,4.25,5.75,4.0],"rotation":270.0,"texture":"#0"},"up":{"uv":[3.0,4.25,5.75,4.0],"texture":"#0"},"down":{"uv":[3.0,4.25,5.75,4.0],"rotation":180.0,"texture":"#0"}}},{"from":[-2.74478,-3.12503,-2.5],"to":[-2.74478,-0.12503,18.5],"rotation":{"angle":-22.5,"axis":"z","origin":[8.0,2.8256,8.0]},"faces":{"north":{"uv":[3.0,4.25,5.75,4.0],"rotation":270.0,"texture":"#0"},"east":{"uv":[2.75,7.5,0.125,7.875],"rotation":180.0,"texture":"#0"},"south":{"uv":[3.0,4.25,5.75,4.0],"rotation":90.0,"texture":"#0"},"west":{"uv":[2.75,7.5,0.125,7.875],"rotation":180.0,"texture":"#0"},"up":{"uv":[3.0,4.25,5.75,4.0],"rotation":90.0,"texture":"#0"},"down":{"uv":[3.0,4.25,5.75,4.0],"rotation":90.0,"texture":"#0"}}},{"from":[18.74478,-3.12503,-2.5],"to":[18.74478,-0.12503,18.5],"rotation":{"angle":22.5,"axis":"z","origin":[8.0,2.8256,8.0]},"faces":{"north":{"uv":[3.0,4.0,5.75,4.25],"rotation":270.0,"texture":"#0"},"east":{"uv":[2.75,7.5,0.125,7.875],"rotation":180.0,"texture":"#0"},"south":{"uv":[3.0,4.0,5.75,4.25],"rotation":90.0,"texture":"#0"},"west":{"uv":[2.75,7.5,0.125,7.875],"rotation":180.0,"texture":"#0"},"up":{"uv":[3.0,4.0,5.75,4.25],"rotation":90.0,"texture":"#0"},"down":{"uv":[3.0,4.0,5.75,4.25],"rotation":90.0,"texture":"#0"}}},{"name":"cube inverted","from":[19.0,5.0,19.0],"to":[-3.0,2.0,-3.0],"faces":{"north":{"uv":[0.0,7.5,2.75,7.125],"texture":"#0","tintindex":0.0},"east":{"uv":[0.0,7.5,2.75,7.125],"texture":"#0","tintindex":0.0},"south":{"uv":[0.0,7.5,2.75,7.125],"texture":"#0","tintindex":0.0},"west":{"uv":[0.0,7.5,2.75,7.125],"texture":"#0","tintindex":0.0},"up":{"uv":[2.75,4.875,2.625,5.0],"texture":"#0","tintindex":0.0}}},{"name":"cube inverted","from":[19.0,5.0,19.0],"to":[-3.0,2.0,-3.0],"faces":{"north":{"uv":[0.0,7.125,2.75,6.75],"texture":"#0"},"east":{"uv":[0.0,7.125,2.75,6.75],"texture":"#0"},"south":{"uv":[0.0,7.125,2.75,6.75],"texture":"#0"},"west":{"uv":[0.0,7.125,2.75,6.75],"texture":"#0"}}}],"gui_light":"front","display":{"thirdperson_righthand":{"rotation":[64.25,0.0,0.0],"scale":[0.44336,0.44336,0.44336]},"thirdperson_lefthand":{"rotation":[64.25,0.0,0.0],"scale":[0.44336,0.44336,0.44336]},"firstperson_righthand":{"scale":[0.0,0.0,0.0]},"firstperson_lefthand":{"scale":[0.0,0.0,0.0]},"ground":{"translation":[0.0,4.25,0.0],"scale":[0.43945,0.43945,0.43945]},"gui":{"rotation":[-149.61,-31.92,-180.0],"translation":[0.0,2.75,0.0],"scale":[0.50195,0.50195,0.50195]},"head":{"rotation":[3.75,0.0,0.0],"translation":[0.0,14.5,1.0],"scale":[1.6,1.6,1.6]}}}