{"textures":{"1":"mcc:island_cosmetics/general/hat/pilot_hat/pilot_hat"},"elements":[{"from":[3.5,8.0,3.5],"to":[12.5,10.0,12.5],"rotation":{"angle":0.0,"axis":"x","origin":[7.5,9.5,8.0]},"faces":{"north":{"uv":[6.0,6.0,10.5,7.0],"texture":"#1"},"east":{"uv":[6.0,7.0,10.5,8.0],"texture":"#1"},"south":{"uv":[6.0,8.0,10.5,9.0],"texture":"#1"},"west":{"uv":[10.5,7.0,6.0,8.0],"texture":"#1"},"down":{"uv":[11.5,3.0,16.0,7.5],"texture":"#1"}}},{"from":[3.5,8.0,-0.5],"to":[12.5,9.0,3.5],"rotation":{"angle":0.0,"axis":"x","origin":[8.0,8.5,1.5]},"faces":{"east":{"uv":[11.5,0.0,13.5,0.5],"texture":"#1"},"west":{"uv":[13.5,0.0,11.5,0.5],"texture":"#1"},"up":{"uv":[11.5,1.0,16.0,3.0],"texture":"#1"}}},{"from":[2.5,10.0,2.5],"to":[13.5,13.0,13.5],"rotation":{"angle":0.0,"axis":"x","origin":[7.5,9.5,8.0]},"faces":{"north":{"uv":[0.0,8.5,5.5,10.0],"texture":"#1","tintindex":0},"east":{"uv":[0.0,7.0,5.5,8.5],"texture":"#1","tintindex":0},"south":{"uv":[0.0,5.5,5.5,7.0],"texture":"#1","tintindex":0},"west":{"uv":[5.5,7.0,0.0,8.5],"texture":"#1","tintindex":0},"up":{"uv":[0.0,0.0,5.5,5.5],"texture":"#1","tintindex":0},"down":{"uv":[5.5,0.0,11.0,5.5],"texture":"#1","tintindex":0}}},{"from":[2.5,10.0,2.5],"to":[13.5,13.0,13.5],"rotation":{"angle":0.0,"axis":"x","origin":[7.5,9.5,8.0]},"faces":{"north":{"uv":[0.0,10.5,5.5,12.0],"texture":"#1"}}},{"from":[12.5,9.0,3.5],"to":[3.5,8.0,-0.5],"rotation":{"angle":0.0,"axis":"x","origin":[8.0,8.5,1.5]},"faces":{"east":{"uv":[13.5,0.5,11.5,0.0],"texture":"#1"},"west":{"uv":[11.5,0.5,13.5,0.0],"texture":"#1"},"down":{"uv":[16.0,1.0,11.5,3.0],"texture":"#1"}}}],"display":{"thirdperson_righthand":{"translation":[0.0,1.0,0.75],"rotation":[55.5,34.0,0.0],"scale":[0.52539,0.52539,0.52539]},"thirdperson_lefthand":{"translation":[0.0,1.0,0.75],"rotation":[55.5,34.0,0.0],"scale":[0.52539,0.52539,0.52539]},"firstperson_righthand":{"translation":[9.5,0.0,-5.75],"rotation":[21.0,114.5,-13.75],"scale":[0.41992,0.41992,0.41992]},"firstperson_lefthand":{"translation":[9.5,0.0,-5.75],"rotation":[21.0,114.5,-13.75],"scale":[0.41992,0.41992,0.41992]},"gui":{"translation":[-0.25,-1.0,0.0],"rotation":[-149.61,-31.92,-180.0],"scale":[0.85351,0.85351,0.85351]},"head":{"translation":[0.0,3.75,0.0],"scale":[1.6293,1.6293,1.6293]}},"credit":"Made with Blockbench","gui_light":"front"}