{"textures":{"2":"mcc:island_cosmetics/general/hat/jellyfish/jellyfish_anim","4":"mcc:island_cosmetics/general/hat/jellyfish/jellyfish","particle":"mcc:island_cosmetics/general/hat/jellyfish/jellyfish"},"display":{"thirdperson_righthand":{"translation":[0.0,1.0,-1.0],"rotation":[63.0,34.0,0.0],"scale":[0.37891,0.37891,0.37891]},"thirdperson_lefthand":{"translation":[0.0,1.0,-1.0],"rotation":[63.0,34.0,0.0],"scale":[0.37891,0.37891,0.37891]},"firstperson_righthand":{"translation":[9.5,0.0,-5.75],"rotation":[3.0,112.0,-13.0],"scale":[0.35547,0.35547,0.35547]},"firstperson_lefthand":{"translation":[9.5,0.0,-5.75],"rotation":[3.0,112.0,-13.0],"scale":[0.35547,0.35547,0.35547]},"ground":{"translation":[0.0,4.25,0.0],"scale":[0.28906,0.28906,0.28906]},"gui":{"translation":[0.0,5.0,0.0],"rotation":[-149.61,-31.92,-180.0],"scale":[0.67382,0.67382,0.67382]},"head":{"translation":[0.0,10.75,0.0],"scale":[1.70351,1.70351,1.70351]},"fixed":{"translation":[0.0,-3.25,-7.5]}},"credit":"Made with Blockbench","texture_size":[32.0,32.0],"elements":[{"from":[2.5,0.0,2.5],"to":[13.5,8.0,13.5],"rotation":{"angle":0.0,"axis":"y","origin":[4.5,0.0,3.5]},"faces":{"north":{"uv":[0.0,0.0,5.5,4.0],"texture":"#4","tintindex":0.0},"east":{"uv":[0.0,0.0,5.5,4.0],"texture":"#4","tintindex":0.0},"south":{"uv":[0.0,0.0,5.5,4.0],"texture":"#4","tintindex":0.0},"west":{"uv":[0.0,0.0,5.5,4.0],"texture":"#4","tintindex":0.0},"up":{"uv":[6.0,0.0,11.5,5.5],"texture":"#4","tintindex":0.0}}},{"from":[2.5,-9.0,2.5],"to":[13.5,0.0,13.5],"rotation":{"angle":0.0,"axis":"y","origin":[4.5,0.0,3.5]},"faces":{"north":{"uv":[6.5,0.0,12.0,4.5],"texture":"#2","tintindex":0.0},"east":{"uv":[6.5,0.0,12.0,4.5],"texture":"#2","tintindex":0.0},"south":{"uv":[6.5,0.0,12.0,4.5],"texture":"#2","tintindex":0.0},"west":{"uv":[6.5,0.0,12.0,4.5],"texture":"#2","tintindex":0.0}}},{"from":[3.5,-10.0,3.5],"to":[12.5,0.0,12.5],"rotation":{"angle":0.0,"axis":"y","origin":[4.5,0.0,3.5]},"faces":{"north":{"uv":[0.0,0.0,5.5,4.5],"texture":"#2","tintindex":0.0},"east":{"uv":[0.0,0.0,5.5,4.5],"texture":"#2","tintindex":0.0},"south":{"uv":[0.0,0.0,5.5,4.5],"texture":"#2","tintindex":0.0},"west":{"uv":[0.0,0.0,5.5,4.5],"texture":"#2","tintindex":0.0}}},{"from":[2.5,-5.0,2.5],"to":[13.5,0.0,13.5],"rotation":{"angle":0.0,"axis":"y","origin":[4.5,0.0,3.5]},"faces":{"north":{"uv":[9.0,9.0,14.5,13.5],"texture":"#2","tintindex":0.0},"east":{"uv":[9.0,9.0,14.5,13.5],"texture":"#2","tintindex":0.0},"south":{"uv":[9.0,9.0,14.5,13.5],"texture":"#2","tintindex":0.0},"west":{"uv":[9.0,9.0,14.5,13.5],"texture":"#2","tintindex":0.0}}},{"from":[3.5,0.0,3.5],"to":[12.5,7.0,12.5],"rotation":{"angle":0.0,"axis":"y","origin":[20.5,0.0,4.5]},"faces":{"north":{"uv":[6.0,6.0,10.5,9.5],"texture":"#4"},"east":{"uv":[6.0,6.0,10.5,9.5],"texture":"#4"},"south":{"uv":[6.0,6.0,10.5,9.5],"texture":"#4"},"west":{"uv":[6.0,6.0,10.5,9.5],"texture":"#4"},"up":{"uv":[11.0,6.0,15.5,10.5],"texture":"#4"},"down":{"uv":[11.0,11.0,15.5,15.5],"texture":"#4"}}},{"from":[2.5,3.57843,11.13909],"to":[13.5,3.57843,14.13909],"rotation":{"angle":45.0,"axis":"x","origin":[8.0,-1.06066,8.0]},"faces":{"north":{"uv":[0.0,0.0,5.5,4.0],"texture":"#4","tintindex":0.0},"east":{"uv":[0.0,0.0,5.5,4.0],"texture":"#4","tintindex":0.0},"south":{"uv":[0.0,0.0,5.5,4.0],"texture":"#4","tintindex":0.0},"west":{"uv":[0.0,0.0,5.5,4.0],"texture":"#4","tintindex":0.0},"up":{"uv":[0.0,4.5,5.5,6.0],"texture":"#4","tintindex":0.0},"down":{"uv":[5.5,6.0,0.0,4.5],"texture":"#4","tintindex":0.0}}},{"from":[2.5,3.57843,1.86091],"to":[13.5,3.57843,4.86091],"rotation":{"angle":-45.0,"axis":"x","origin":[8.0,-1.06066,8.0]},"faces":{"north":{"uv":[5.5,0.0,0.0,4.0],"texture":"#4","tintindex":0.0},"east":{"uv":[5.5,0.0,0.0,4.0],"texture":"#4","tintindex":0.0},"south":{"uv":[5.5,0.0,0.0,4.0],"texture":"#4","tintindex":0.0},"west":{"uv":[5.5,0.0,0.0,4.0],"texture":"#4","tintindex":0.0},"up":{"uv":[0.0,6.0,5.5,4.5],"texture":"#4","tintindex":0.0},"down":{"uv":[5.5,4.5,0.0,6.0],"texture":"#4","tintindex":0.0}}},{"from":[11.13909,3.57843,2.5],"to":[14.13909,3.57843,13.5],"rotation":{"angle":-45.0,"axis":"z","origin":[8.0,-1.06066,8.0]},"faces":{"north":{"uv":[5.5,0.0,0.0,4.0],"texture":"#4","tintindex":0.0},"east":{"uv":[5.5,0.0,0.0,4.0],"texture":"#4","tintindex":0.0},"south":{"uv":[5.5,0.0,0.0,4.0],"texture":"#4","tintindex":0.0},"west":{"uv":[5.5,0.0,0.0,4.0],"texture":"#4","tintindex":0.0},"up":{"uv":[0.0,6.0,5.5,4.5],"rotation":90.0,"texture":"#4","tintindex":0.0},"down":{"uv":[5.5,4.5,0.0,6.0],"rotation":270.0,"texture":"#4","tintindex":0.0}}},{"from":[1.86091,3.57843,2.5],"to":[4.86091,3.57843,13.5],"rotation":{"angle":45.0,"axis":"z","origin":[8.0,-1.06066,8.0]},"faces":{"north":{"uv":[0.0,0.0,5.5,4.0],"texture":"#4","tintindex":0.0},"east":{"uv":[0.0,0.0,5.5,4.0],"texture":"#4","tintindex":0.0},"south":{"uv":[0.0,0.0,5.5,4.0],"texture":"#4","tintindex":0.0},"west":{"uv":[0.0,0.0,5.5,4.0],"texture":"#4","tintindex":0.0},"up":{"uv":[0.0,4.5,5.5,6.0],"rotation":90.0,"texture":"#4","tintindex":0.0},"down":{"uv":[5.5,6.0,0.0,4.5],"rotation":270.0,"texture":"#4","tintindex":0.0}}},{"name":"cube inverted","from":[13.5,0.0,13.5],"to":[2.5,-9.0,2.5],"rotation":{"angle":0.0,"axis":"y","origin":[4.5,0.0,3.5]},"faces":{"north":{"uv":[6.5,4.5,12.0,0.0],"texture":"#2"},"east":{"uv":[6.5,4.5,12.0,0.0],"texture":"#2"},"south":{"uv":[6.5,4.5,12.0,0.0],"texture":"#2"},"west":{"uv":[6.5,4.5,12.0,0.0],"texture":"#2"}}},{"name":"cube inverted","from":[13.5,0.0,13.5],"to":[2.5,-5.0,2.5],"rotation":{"angle":0.0,"axis":"y","origin":[4.5,0.0,3.5]},"faces":{"north":{"uv":[9.0,13.5,14.5,9.0],"texture":"#2"},"east":{"uv":[9.0,13.5,14.5,9.0],"texture":"#2"},"south":{"uv":[9.0,13.5,14.5,9.0],"texture":"#2"},"west":{"uv":[9.0,13.5,14.5,9.0],"texture":"#2"}}},{"name":"cube inverted","from":[12.5,0.0,12.5],"to":[3.5,-10.0,3.5],"rotation":{"angle":0.0,"axis":"y","origin":[4.5,0.0,3.5]},"faces":{"north":{"uv":[0.0,4.5,5.5,0.0],"texture":"#2"},"east":{"uv":[0.0,4.5,5.5,0.0],"texture":"#2"},"south":{"uv":[0.0,4.5,5.5,0.0],"texture":"#2"},"west":{"uv":[0.0,4.5,5.5,0.0],"texture":"#2"}}},{"name":"cube inverted","from":[13.5,8.0,13.5],"to":[2.5,0.0,2.5],"rotation":{"angle":0.0,"axis":"y","origin":[4.5,0.0,3.5]},"faces":{"north":{"uv":[0.0,4.0,5.5,0.0],"texture":"#4","tintindex":0.0},"east":{"uv":[0.0,4.0,5.5,0.0],"texture":"#4","tintindex":0.0},"south":{"uv":[0.0,4.0,5.5,0.0],"texture":"#4","tintindex":0.0},"west":{"uv":[0.0,4.0,5.5,0.0],"texture":"#4","tintindex":0.0},"down":{"uv":[11.5,0.0,6.0,5.5],"texture":"#4","tintindex":0.0}}}],"gui_light":"front"}