{"textures":{"1":"mcc:island_cosmetics/general/hat/shroud/looter"},"display":{"thirdperson_righthand":{"translation":[0.0,1.0,0.75],"rotation":[55.5,34.0,0.0],"scale":[0.52539,0.52539,0.52539]},"thirdperson_lefthand":{"translation":[0.0,1.0,0.75],"rotation":[55.5,34.0,0.0],"scale":[0.52539,0.52539,0.52539]},"firstperson_righthand":{"translation":[9.5,0.0,-5.75],"rotation":[21.0,114.5,-13.75],"scale":[0.41992,0.41992,0.41992]},"firstperson_lefthand":{"translation":[9.5,0.0,-5.75],"rotation":[21.0,114.5,-13.75],"scale":[0.41992,0.41992,0.41992]},"gui":{"translation":[-0.25,1.5,0.0],"rotation":[-149.61,-31.92,-180.0],"scale":[0.64648,0.64648,0.64648]},"head":{"translation":[0.0,5.25,0.25],"rotation":[-1.75,0.0,0.0],"scale":[1.6,1.6,1.6]}},"credit":"Made with Blockbench","texture_size":[32.0,32.0],"elements":[{"name":"cube inverted","from":[9.05602,5.2,12.5],"to":[5.30602,-3.05,2.5],"rotation":{"angle":-22.5,"axis":"z","origin":[13.30602,11.55898,9.5]},"faces":{"north":{"uv":[8.66666,15.66667,9.66666,13.00001],"texture":"#1","tintindex":0.0},"east":{"uv":[0.0,16.0,3.33333,13.33333],"texture":"#1","tintindex":0.0},"up":{"uv":[8.33334,12.66667,7.0,16.0],"texture":"#1","tintindex":0.0}}},{"name":"cube inverted","from":[9.05602,5.2,12.5],"to":[5.30602,-3.05,2.5],"rotation":{"angle":-22.5,"axis":"z","origin":[13.30602,11.55898,9.5]},"faces":{"north":{"uv":[11.33333,4.33333,12.33333,1.66667],"texture":"#1"},"east":{"uv":[5.0,3.0,8.33333,0.33333],"texture":"#1"},"south":{"uv":[3.33333,3.66667,4.66667,1.0],"texture":"#1"},"up":{"uv":[1.66667,3.66667,0.33333,7.0],"texture":"#1"}}},{"name":"cube inverted","from":[10.69398,5.2,12.5],"to":[6.94398,-3.05,2.5],"rotation":{"angle":22.5,"axis":"z","origin":[2.69398,11.55898,9.5]},"faces":{"north":{"uv":[12.33333,4.33333,11.33333,1.66667],"texture":"#1"},"south":{"uv":[4.66667,3.66667,3.33333,1.0],"texture":"#1"},"west":{"uv":[8.33333,3.0,5.0,0.33333],"texture":"#1"},"up":{"uv":[0.33333,3.66667,1.66667,7.0],"texture":"#1"}}},{"name":"cube inverted","from":[12.52,10.77,10.52],"to":[3.48,8.73,2.48],"rotation":{"angle":0.0,"axis":"y","origin":[8.0,5.25,9.0]},"faces":{"south":{"uv":[10.33333,11.33333,7.33333,10.66666],"texture":"#1","tintindex":0.0},"down":{"uv":[10.33333,8.66666,13.33333,11.33333],"texture":"#1","tintindex":0.0}}},{"name":"cube inverted","from":[12.52,10.77,12.52],"to":[3.48,-0.27,2.48],"rotation":{"angle":0.0,"axis":"y","origin":[8.0,5.25,9.0]},"faces":{"north":{"uv":[13.33333,8.66667,10.33333,5.0],"texture":"#1"},"east":{"uv":[4.66667,7.33333,8.0,3.66667],"texture":"#1"},"south":{"uv":[3.0,3.66667,0.0,0.0],"texture":"#1"},"west":{"uv":[8.0,7.33333,4.66667,3.66667],"texture":"#1"},"up":{"uv":[10.33333,7.33333,7.33333,10.66667],"texture":"#1"},"down":{"uv":[8.33333,0.33333,11.33333,3.66667],"texture":"#1"}}},{"from":[1.32612,4.38268,9.0],"to":[1.32612,8.38268,18.0],"rotation":{"angle":-45.0,"axis":"x","origin":[1.07612,5.88268,7.5]},"faces":{"east":{"uv":[16.0,7.0,14.66667,10.0],"rotation":90.0,"texture":"#1","tintindex":0.0},"west":{"uv":[14.66667,10.0,16.0,7.0],"rotation":90.0,"texture":"#1","tintindex":0.0}}},{"from":[-0.5,3.0,5.0],"to":[2.5,8.0,10.0],"rotation":{"angle":-22.5,"axis":"z","origin":[2.0,5.5,7.5]},"faces":{"north":{"uv":[14.33333,3.0,13.33333,4.66667],"texture":"#1"},"south":{"uv":[14.33333,3.0,13.33333,4.66667],"texture":"#1"},"west":{"uv":[16.0,3.0,14.33333,4.66667],"texture":"#1"},"up":{"uv":[14.33333,3.0,13.33333,4.66667],"texture":"#1"},"down":{"uv":[14.33333,3.0,13.33333,4.66667],"texture":"#1"}}},{"from":[-0.5,3.0,5.0],"to":[2.5,8.0,10.0],"rotation":{"angle":-22.5,"axis":"z","origin":[2.0,5.5,7.5]},"faces":{"north":{"uv":[14.33333,4.66667,13.33333,6.33333],"texture":"#1","tintindex":0.0},"south":{"uv":[14.33333,4.66667,13.33333,6.33333],"texture":"#1","tintindex":0.0},"west":{"uv":[16.0,4.66667,14.33333,6.33333],"texture":"#1","tintindex":0.0},"up":{"uv":[14.33333,4.66667,13.33333,6.33333],"texture":"#1","tintindex":0.0},"down":{"uv":[14.33333,4.66667,13.33333,6.33333],"texture":"#1","tintindex":0.0}}},{"from":[13.5,3.0,5.0],"to":[16.5,8.0,10.0],"rotation":{"angle":22.5,"axis":"z","origin":[14.0,5.5,7.5]},"faces":{"north":{"uv":[13.33333,4.66667,14.33333,6.33333],"texture":"#1","tintindex":0.0},"east":{"uv":[14.33333,4.66667,16.0,6.33333],"texture":"#1","tintindex":0.0},"south":{"uv":[13.33333,4.66667,14.33333,6.33333],"texture":"#1","tintindex":0.0},"up":{"uv":[13.33333,4.66667,14.33333,6.33333],"texture":"#1","tintindex":0.0},"down":{"uv":[13.33333,4.66667,14.33333,6.33333],"texture":"#1","tintindex":0.0}}},{"from":[14.67388,4.38268,9.0],"to":[14.67388,8.38268,18.0],"rotation":{"angle":-45.0,"axis":"x","origin":[14.92388,5.88268,7.5]},"faces":{"east":{"uv":[14.66667,7.0,16.0,10.0],"rotation":90.0,"texture":"#1","tintindex":0.0},"west":{"uv":[16.0,10.0,14.66667,7.0],"rotation":90.0,"texture":"#1","tintindex":0.0}}},{"from":[13.5,3.0,5.0],"to":[16.5,8.0,10.0],"rotation":{"angle":22.5,"axis":"z","origin":[14.0,5.5,7.5]},"faces":{"north":{"uv":[13.33333,3.0,14.33333,4.66667],"texture":"#1"},"east":{"uv":[14.33333,3.0,16.0,4.66667],"texture":"#1"},"south":{"uv":[13.33333,3.0,14.33333,4.66667],"texture":"#1"},"up":{"uv":[13.33333,3.0,14.33333,4.66667],"texture":"#1"},"down":{"uv":[13.33333,3.0,14.33333,4.66667],"texture":"#1"}}},{"from":[5.30602,-3.05,2.5],"to":[9.05602,5.2,12.5],"rotation":{"angle":-22.5,"axis":"z","origin":[13.30602,11.55898,9.5]},"faces":{"south":{"uv":[8.66666,13.00001,9.66666,15.66667],"texture":"#1","tintindex":0.0},"west":{"uv":[0.0,13.33333,3.33333,16.0],"texture":"#1","tintindex":0.0},"down":{"uv":[7.0,12.66667,8.33334,16.0],"texture":"#1","tintindex":0.0}}},{"from":[3.48,-0.27,2.48],"to":[12.52,10.77,12.52],"rotation":{"angle":0.0,"axis":"y","origin":[8.0,5.25,9.0]},"faces":{"south":{"uv":[6.66666,12.33333,3.66666,16.0],"texture":"#1","tintindex":0.0}}},{"from":[6.94398,-3.05,2.5],"to":[10.69398,5.2,12.5],"rotation":{"angle":22.5,"axis":"z","origin":[2.69398,11.55898,9.5]},"faces":{"east":{"uv":[3.33333,13.33333,0.0,16.0],"texture":"#1","tintindex":0.0},"south":{"uv":[9.66666,13.0,8.66666,15.66666],"texture":"#1","tintindex":0.0},"down":{"uv":[8.33334,12.66667,7.0,16.0],"texture":"#1","tintindex":0.0}}},{"from":[3.0,1.5,3.0],"to":[13.0,5.5,6.0],"rotation":{"angle":0.0,"axis":"y","origin":[0.0,0.75,0.0]},"faces":{"north":{"uv":[16.0,0.0,12.66667,1.33333],"texture":"#1","tintindex":0.0},"east":{"uv":[16.0,1.33333,15.0,2.66667],"texture":"#1","tintindex":0.0},"south":{"uv":[0.0,0.0,0.33333,0.33333],"texture":"#1","tintindex":0.0},"west":{"uv":[16.0,1.33333,15.0,2.66667],"texture":"#1","tintindex":0.0}}},{"from":[3.0,-3.0,2.44975],"to":[13.0,1.0,12.44975],"rotation":{"angle":-22.5,"axis":"x","origin":[8.5,0.25,5.44975]},"faces":{"north":{"uv":[4.0,7.33333,7.33333,8.66667],"texture":"#1"},"east":{"uv":[4.0,7.33333,7.33333,8.66667],"texture":"#1"},"south":{"uv":[4.0,7.33333,7.33333,8.66667],"texture":"#1"},"west":{"uv":[4.0,7.33333,7.33333,8.66667],"texture":"#1"},"up":{"uv":[0.66667,10.33333,4.0,7.0],"texture":"#1"},"down":{"uv":[0.66667,7.0,4.0,10.33333],"texture":"#1"}}},{"from":[5.99,10.26455,9.82559],"to":[10.01,12.28455,12.84559],"rotation":{"angle":22.5,"axis":"x","origin":[9.5,4.77455,7.33559]},"faces":{"east":{"uv":[10.33333,3.66667,9.33333,4.33333],"texture":"#1"},"south":{"uv":[9.33333,4.66667,8.0,5.33333],"texture":"#1"},"west":{"uv":[9.33333,3.66667,10.33333,4.33333],"texture":"#1"},"up":{"uv":[9.33333,3.66667,8.0,4.66667],"texture":"#1"},"down":{"uv":[10.33333,5.33333,9.0,6.33333],"texture":"#1"}}},{"from":[3.48,-0.27,2.48],"to":[12.52,10.77,12.52],"rotation":{"angle":0.0,"axis":"y","origin":[8.0,5.25,9.0]},"faces":{"north":{"uv":[3.0,0.0,0.0,3.66667],"texture":"#1"},"east":{"uv":[8.0,3.66667,4.66667,7.33333],"texture":"#1"},"south":{"uv":[13.33333,5.0,10.33333,8.66667],"texture":"#1"},"west":{"uv":[4.66667,3.66667,8.0,7.33333],"texture":"#1"},"up":{"uv":[11.33333,0.33333,8.33333,3.66667],"texture":"#1"},"down":{"uv":[7.33333,7.33333,10.33333,10.66667],"texture":"#1"}}},{"from":[5.30602,-3.05,2.5],"to":[9.05602,5.2,12.5],"rotation":{"angle":-22.5,"axis":"z","origin":[13.30602,11.55898,9.5]},"faces":{"north":{"uv":[3.33333,1.0,4.66667,3.66667],"texture":"#1"},"south":{"uv":[11.33333,1.66667,12.33333,4.33333],"texture":"#1"},"west":{"uv":[5.0,0.33333,8.33333,3.0],"texture":"#1"},"down":{"uv":[0.33333,3.66667,1.66667,7.0],"texture":"#1"}}},{"from":[6.94398,-3.05,2.5],"to":[10.69398,5.2,12.5],"rotation":{"angle":22.5,"axis":"z","origin":[2.69398,11.55898,9.5]},"faces":{"north":{"uv":[4.66667,1.0,3.33333,3.66667],"texture":"#1"},"east":{"uv":[8.33333,0.33333,5.0,3.0],"texture":"#1"},"south":{"uv":[12.33333,1.66667,11.33333,4.33333],"texture":"#1"},"down":{"uv":[1.66667,3.66667,0.33333,7.0],"texture":"#1"}}},{"from":[3.48,8.73,2.48],"to":[12.52,10.77,10.52],"rotation":{"angle":0.0,"axis":"y","origin":[8.0,5.25,9.0]},"faces":{"north":{"uv":[10.33333,10.66666,7.33333,11.33333],"texture":"#1","tintindex":0.0},"up":{"uv":[13.33333,8.66666,10.33333,11.33333],"texture":"#1","tintindex":0.0}}},{"name":"cube inverted","from":[10.69398,5.2,12.5],"to":[6.94398,-3.05,2.5],"rotation":{"angle":22.5,"axis":"z","origin":[2.69398,11.55898,9.5]},"faces":{"north":{"uv":[9.66666,15.66666,8.66666,13.0],"texture":"#1","tintindex":0.0},"west":{"uv":[3.33333,16.0,0.0,13.33333],"texture":"#1","tintindex":0.0},"up":{"uv":[7.0,12.66667,8.33334,16.0],"texture":"#1","tintindex":0.0}}},{"name":"cube inverted","from":[12.52,10.77,12.52],"to":[3.48,-0.27,2.48],"rotation":{"angle":0.0,"axis":"y","origin":[8.0,5.25,9.0]},"faces":{"north":{"uv":[6.66666,16.0,3.66666,12.33333],"texture":"#1","tintindex":0.0}}}]}