{"textures":{"0":"mcc:island_cosmetics/general/hat/rat_head/mecha","1":"mcc:island_cosmetics/general/hat/rat_head/thrust","2":"mcc:island_cosmetics/general/hat/scavenger_crown/scavenger_glow","particle":"mcc:island_cosmetics/general/hat/rat_head/mecha"},"elements":[{"from":[3.0,0.0,3.0],"to":[13.0,10.0,13.0],"rotation":{"angle":0.0,"axis":"y","origin":[0.0,-21.0,0.0]},"faces":{"north":{"uv":[0.0,0.0,2.5,2.5],"texture":"#0"},"east":{"uv":[5.0,0.0,2.5,2.5],"texture":"#0"},"south":{"uv":[0.0,9.25,2.5,11.75],"texture":"#0"},"west":{"uv":[2.5,0.0,5.0,2.5],"texture":"#0"},"down":{"uv":[0.0,4.5,2.5,7.0],"texture":"#0"}}},{"from":[2.7,-0.3,5.7],"to":[13.3,5.3,13.3],"rotation":{"angle":0.0,"axis":"y","origin":[0.0,-21.0,0.0]},"faces":{"east":{"uv":[5.0,1.25,3.25,2.5],"texture":"#0"},"south":{"uv":[0.0,10.5,2.5,11.75],"texture":"#0"},"west":{"uv":[3.25,1.25,5.0,2.5],"texture":"#0"},"down":{"uv":[0.0,4.5,2.5,6.25],"texture":"#0"}}},{"from":[2.8,4.8,2.8],"to":[13.2,7.2,13.2],"rotation":{"angle":0.0,"axis":"y","origin":[0.0,-21.0,0.0]},"faces":{"north":{"uv":[5.5,0.5,8.0,1.0],"texture":"#0","tintindex":0},"east":{"uv":[10.5,0.5,8.0,1.0],"texture":"#0","tintindex":0},"south":{"uv":[0.0,9.25,2.5,11.75],"texture":"#0","tintindex":0},"west":{"uv":[8.0,0.5,10.5,1.0],"texture":"#0","tintindex":0}}},{"from":[5.0,2.0,13.0],"to":[11.0,8.0,16.0],"rotation":{"angle":0.0,"axis":"y","origin":[0.0,-21.0,0.0]},"faces":{"east":{"uv":[2.25,11.75,1.5,13.25],"texture":"#0"},"south":{"uv":[0.0,11.75,1.5,13.25],"texture":"#0"},"west":{"uv":[1.5,11.75,2.25,13.25],"texture":"#0"},"up":{"uv":[1.5,11.75,2.25,13.25],"texture":"#0","rotation":90},"down":{"uv":[2.25,13.25,1.5,11.75],"texture":"#0","rotation":90}}},{"from":[5.0,2.0,13.0],"to":[11.0,8.0,16.0],"rotation":{"angle":0.0,"axis":"y","origin":[0.0,-21.0,0.0]},"faces":{"south":{"uv":[0.0,13.25,1.5,14.75],"texture":"#0","tintindex":0}}},{"from":[2.5,7.0,1.0],"to":[13.5,10.0,14.0],"rotation":{"angle":0.0,"axis":"y","origin":[0.5,-21.0,0.0]},"faces":{"north":{"uv":[2.5,4.75,5.25,5.5],"texture":"#0"},"east":{"uv":[2.5,4.0,5.75,4.75],"texture":"#0"},"south":{"uv":[2.5,4.75,5.25,5.5],"texture":"#0"},"west":{"uv":[2.5,4.0,5.75,4.75],"texture":"#0"},"up":{"uv":[2.5,5.5,5.25,8.75],"texture":"#0"},"down":{"uv":[2.5,8.75,5.25,12.0],"texture":"#0"}}},{"from":[5.0,0.0,-3.0],"to":[11.0,4.0,3.0],"rotation":{"angle":0.0,"axis":"y","origin":[0.0,-21.0,0.0]},"faces":{"north":{"uv":[0.0,2.5,1.5,3.5],"texture":"#0"},"east":{"uv":[1.5,3.5,0.0,4.5],"texture":"#0"},"west":{"uv":[0.0,3.5,1.5,4.5],"texture":"#0"},"up":{"uv":[1.5,2.5,3.0,4.0],"texture":"#0"},"down":{"uv":[3.0,2.5,4.5,4.0],"texture":"#0"}}},{"from":[1.75025,5.7,10.06396],"to":[4.35025,14.3,18.66396],"rotation":{"angle":-45.0,"axis":"y","origin":[3.05025,10.0,12.36396]},"faces":{"north":{"uv":[0.0,7.0,0.25,9.0],"texture":"#0"},"east":{"uv":[2.0,7.0,0.0,9.0],"texture":"#0"},"south":{"uv":[1.75,7.0,2.0,9.0],"texture":"#0"},"west":{"uv":[0.0,7.0,2.0,9.0],"texture":"#0"},"up":{"uv":[0.0,7.0,2.0,7.25],"texture":"#0","rotation":90},"down":{"uv":[2.0,9.0,0.0,8.75],"texture":"#0","rotation":90}}},{"from":[2.05025,6.0,10.36396],"to":[4.05025,14.0,18.36396],"rotation":{"angle":-45.0,"axis":"y","origin":[3.05025,10.0,12.36396]},"faces":{"north":{"uv":[2.5,12.25,2.75,14.25],"texture":"#0","tintindex":0},"east":{"uv":[4.5,12.25,2.5,14.25],"texture":"#0","tintindex":0},"south":{"uv":[4.25,12.25,4.5,14.25],"texture":"#0","tintindex":0},"west":{"uv":[2.5,12.25,4.5,14.25],"texture":"#0","tintindex":0},"up":{"uv":[2.5,12.25,4.5,12.5],"texture":"#0","tintindex":0,"rotation":90},"down":{"uv":[4.5,14.25,2.5,14.0],"texture":"#0","tintindex":0,"rotation":90}}},{"from":[10.0,7.0,23.0],"to":[6.0,3.0,16.0],"rotation":{"angle":0.0,"axis":"y","origin":[0.0,-21.0,0.0]},"faces":{"east":{"uv":[9.25,1.0,2.0,3.0],"texture":"#1","tintindex":0},"west":{"uv":[2.0,1.0,9.25,3.0],"texture":"#1","tintindex":0},"up":{"uv":[2.0,1.0,9.25,3.0],"texture":"#1","tintindex":0,"rotation":90},"down":{"uv":[9.25,1.0,2.0,3.0],"texture":"#1","tintindex":0,"rotation":90}}},{"from":[4.35025,14.3,18.66396],"to":[1.75025,5.7,10.06396],"rotation":{"angle":-45.0,"axis":"y","origin":[3.05025,10.0,12.36396]},"faces":{"north":{"uv":[1.75,9.0,2.0,7.0],"texture":"#0"},"east":{"uv":[0.0,9.0,2.0,7.0],"texture":"#0"},"south":{"uv":[0.0,9.0,0.25,7.0],"texture":"#0"},"west":{"uv":[2.0,9.0,0.0,7.0],"texture":"#0"},"up":{"uv":[2.0,8.75,0.0,9.0],"texture":"#0","rotation":90},"down":{"uv":[0.0,7.25,2.0,7.0],"texture":"#0","rotation":90}}},{"from":[11.64975,5.7,10.06396],"to":[14.24975,14.3,18.66396],"rotation":{"angle":45.0,"axis":"y","origin":[12.94975,10.0,12.36396]},"faces":{"north":{"uv":[0.25,7.0,0.0,9.0],"texture":"#0"},"east":{"uv":[2.0,7.0,0.0,9.0],"texture":"#0"},"south":{"uv":[2.0,7.0,1.75,9.0],"texture":"#0"},"west":{"uv":[0.0,7.0,2.0,9.0],"texture":"#0"},"up":{"uv":[0.0,7.25,2.0,7.0],"texture":"#0","rotation":90},"down":{"uv":[2.0,8.75,0.0,9.0],"texture":"#0","rotation":90}}},{"from":[15.64975,6.7,12.06396],"to":[17.24975,12.3,17.66396],"rotation":{"angle":45.0,"axis":"y","origin":[12.94975,-2.0,12.36396]},"faces":{"north":{"uv":[2.5,3.75,5.75,3.0],"texture":"#2","tintindex":0},"south":{"uv":[2.5,3.75,5.75,3.0],"texture":"#2","tintindex":0},"up":{"uv":[2.5,3.75,5.75,3.0],"texture":"#2","tintindex":0},"down":{"uv":[2.5,3.75,5.75,3.0],"texture":"#2","tintindex":0}}},{"from":[11.94975,6.0,10.36396],"to":[13.94975,14.0,18.36396],"rotation":{"angle":45.0,"axis":"y","origin":[12.94975,10.0,12.36396]},"faces":{"north":{"uv":[2.75,12.25,2.5,14.25],"texture":"#0","tintindex":0},"east":{"uv":[4.5,12.25,2.5,14.25],"texture":"#0","tintindex":0},"south":{"uv":[4.5,12.25,4.25,14.25],"texture":"#0","tintindex":0},"west":{"uv":[2.5,12.25,4.5,14.25],"texture":"#0","tintindex":0},"up":{"uv":[2.5,12.5,4.5,12.25],"texture":"#0","tintindex":0,"rotation":90},"down":{"uv":[4.5,14.0,2.5,14.25],"texture":"#0","tintindex":0,"rotation":90}}},{"from":[14.24975,14.3,18.66396],"to":[11.64975,5.7,10.06396],"rotation":{"angle":45.0,"axis":"y","origin":[12.94975,10.0,12.36396]},"faces":{"north":{"uv":[2.0,9.0,1.75,7.0],"texture":"#0"},"east":{"uv":[0.0,9.0,2.0,7.0],"texture":"#0"},"south":{"uv":[0.25,9.0,0.0,7.0],"texture":"#0"},"west":{"uv":[2.0,9.0,0.0,7.0],"texture":"#0"},"up":{"uv":[2.0,9.0,0.0,8.75],"texture":"#0","rotation":90},"down":{"uv":[0.0,7.0,2.0,7.25],"texture":"#0","rotation":90}}},{"from":[8.64975,6.7,12.06396],"to":[10.24975,12.3,17.66396],"rotation":{"angle":45.0,"axis":"y","origin":[12.94975,-2.0,12.36396]},"faces":{"north":{"uv":[2.5,3.75,5.75,3.0],"texture":"#2","tintindex":0},"south":{"uv":[2.5,3.75,5.75,3.0],"texture":"#2","tintindex":0},"up":{"uv":[2.5,3.75,5.75,3.0],"texture":"#2","tintindex":0},"down":{"uv":[2.5,3.75,5.75,3.0],"texture":"#2","tintindex":0}}},{"from":[-1.24975,6.7,12.06396],"to":[0.35025,12.3,17.66396],"rotation":{"angle":-45.0,"axis":"y","origin":[3.05025,-2.0,12.36396]},"faces":{"north":{"uv":[5.75,3.75,2.5,3.0],"texture":"#2","tintindex":0},"south":{"uv":[5.75,3.75,2.5,3.0],"texture":"#2","tintindex":0},"up":{"uv":[5.75,3.75,2.5,3.0],"texture":"#2","tintindex":0},"down":{"uv":[5.75,3.75,2.5,3.0],"texture":"#2","tintindex":0}}},{"from":[5.75025,6.7,12.06396],"to":[7.35025,12.3,17.66396],"rotation":{"angle":-45.0,"axis":"y","origin":[3.05025,-2.0,12.36396]},"faces":{"north":{"uv":[5.75,3.75,2.5,3.0],"texture":"#2","tintindex":0},"south":{"uv":[5.75,3.75,2.5,3.0],"texture":"#2","tintindex":0},"up":{"uv":[5.75,3.75,2.5,3.0],"texture":"#2","tintindex":0},"down":{"uv":[5.75,3.75,2.5,3.0],"texture":"#2","tintindex":0}}},{"from":[13.9,10.4,14.4],"to":[2.1,6.6,0.6],"rotation":{"angle":0.0,"axis":"y","origin":[0.5,-21.0,0.0]},"faces":{"north":{"uv":[2.5,3.75,5.75,3.0],"texture":"#2","tintindex":0},"east":{"uv":[2.5,3.75,5.75,3.0],"texture":"#2","tintindex":0},"south":{"uv":[2.5,3.75,5.75,3.0],"texture":"#2","tintindex":0},"west":{"uv":[2.5,3.75,5.75,3.0],"texture":"#2","tintindex":0},"up":{"uv":[2.5,3.75,5.75,3.0],"texture":"#2","tintindex":0},"down":{"uv":[2.5,3.75,5.75,3.0],"texture":"#2","tintindex":0}}},{"from":[11.4,4.4,3.4],"to":[4.6,-0.4,-3.4],"rotation":{"angle":0.0,"axis":"y","origin":[0.0,-21.0,0.0]},"faces":{"north":{"uv":[2.5,3.75,5.75,3.0],"texture":"#2","tintindex":0},"east":{"uv":[2.5,3.75,5.75,3.0],"texture":"#2","tintindex":0},"south":{"uv":[2.5,3.75,5.75,3.0],"texture":"#2","tintindex":0},"west":{"uv":[2.5,3.75,5.75,3.0],"texture":"#2","tintindex":0},"up":{"uv":[2.5,3.75,5.75,3.0],"texture":"#2","tintindex":0},"down":{"uv":[2.5,3.75,5.75,3.0],"texture":"#2","tintindex":0}}},{"from":[4.75025,14.7,19.06396],"to":[1.35025,5.3,9.66396],"rotation":{"angle":-45.0,"axis":"y","origin":[3.05025,10.0,12.36396]},"faces":{"north":{"uv":[2.5,3.75,5.75,3.0],"texture":"#2","tintindex":0},"east":{"uv":[2.5,3.75,5.75,3.0],"texture":"#2","tintindex":0},"south":{"uv":[2.5,3.75,5.75,3.0],"texture":"#2","tintindex":0},"west":{"uv":[2.5,3.75,5.75,3.0],"texture":"#2","tintindex":0},"up":{"uv":[2.5,3.75,5.75,3.0],"texture":"#2","tintindex":0},"down":{"uv":[2.5,3.75,5.75,3.0],"texture":"#2","tintindex":0}}},{"from":[14.64975,14.7,19.06396],"to":[11.24975,5.3,9.66396],"rotation":{"angle":45.0,"axis":"y","origin":[12.94975,10.0,12.36396]},"faces":{"north":{"uv":[2.5,3.75,5.75,3.0],"texture":"#2","tintindex":0},"east":{"uv":[2.5,3.75,5.75,3.0],"texture":"#2","tintindex":0},"south":{"uv":[2.5,3.75,5.75,3.0],"texture":"#2","tintindex":0},"west":{"uv":[2.5,3.75,5.75,3.0],"texture":"#2","tintindex":0},"up":{"uv":[2.5,3.75,5.75,3.0],"texture":"#2","tintindex":0},"down":{"uv":[2.5,3.75,5.75,3.0],"texture":"#2","tintindex":0}}},{"from":[10.0,0.0,0.25],"to":[16.0,6.0,0.25],"rotation":{"angle":45.0,"axis":"z","origin":[1.0,1.0,1.0]},"faces":{"north":{"uv":[5.5,1.25,7.0,2.75],"texture":"#0"},"south":{"uv":[5.5,1.25,7.0,2.75],"texture":"#0","rotation":90}}},{"from":[17.24975,12.3,17.66396],"to":[15.64975,6.7,12.06396],"rotation":{"angle":45.0,"axis":"y","origin":[12.94975,-2.0,12.36396]},"faces":{"north":{"uv":[2.5,3.0,5.75,3.75],"texture":"#2","tintindex":0},"south":{"uv":[2.5,3.0,5.75,3.75],"texture":"#2","tintindex":0},"up":{"uv":[5.75,3.75,2.5,3.0],"texture":"#2","tintindex":0},"down":{"uv":[5.75,3.75,2.5,3.0],"texture":"#2","tintindex":0}}},{"from":[10.24975,12.3,17.66396],"to":[8.64975,6.7,12.06396],"rotation":{"angle":45.0,"axis":"y","origin":[12.94975,-2.0,12.36396]},"faces":{"north":{"uv":[2.5,3.0,5.75,3.75],"texture":"#2","tintindex":0},"south":{"uv":[2.5,3.0,5.75,3.75],"texture":"#2","tintindex":0},"up":{"uv":[5.75,3.75,2.5,3.0],"texture":"#2","tintindex":0},"down":{"uv":[5.75,3.75,2.5,3.0],"texture":"#2","tintindex":0}}},{"from":[7.35025,12.3,17.66396],"to":[5.75025,6.7,12.06396],"rotation":{"angle":-45.0,"axis":"y","origin":[3.05025,-2.0,12.36396]},"faces":{"north":{"uv":[5.75,3.0,2.5,3.75],"texture":"#2","tintindex":0},"south":{"uv":[5.75,3.0,2.5,3.75],"texture":"#2","tintindex":0},"up":{"uv":[2.5,3.75,5.75,3.0],"texture":"#2","tintindex":0},"down":{"uv":[2.5,3.75,5.75,3.0],"texture":"#2","tintindex":0}}},{"from":[0.35025,12.3,17.66396],"to":[-1.24975,6.7,12.06396],"rotation":{"angle":-45.0,"axis":"y","origin":[3.05025,-2.0,12.36396]},"faces":{"north":{"uv":[5.75,3.0,2.5,3.75],"texture":"#2","tintindex":0},"south":{"uv":[5.75,3.0,2.5,3.75],"texture":"#2","tintindex":0},"up":{"uv":[2.5,3.75,5.75,3.0],"texture":"#2","tintindex":0},"down":{"uv":[2.5,3.75,5.75,3.0],"texture":"#2","tintindex":0}}}],"display":{"thirdperson_righthand":{"translation":[0.0,1.0,-1.0],"rotation":[63.0,34.0,0.0],"scale":[0.37891,0.37891,0.37891]},"thirdperson_lefthand":{"translation":[0.0,1.0,-1.0],"rotation":[63.0,34.0,0.0],"scale":[0.37891,0.37891,0.37891]},"firstperson_righthand":{"translation":[9.5,0.0,-5.75],"rotation":[3.0,112.0,-13.0],"scale":[0.35547,0.35547,0.35547]},"firstperson_lefthand":{"translation":[9.5,0.0,-5.75],"rotation":[3.0,112.0,-13.0],"scale":[0.35547,0.35547,0.35547]},"ground":{"translation":[0.0,4.25,0.0],"scale":[0.28906,0.28906,0.28906]},"gui":{"translation":[1.25,0.0,0.0],"rotation":[-150.49,-38.49,-179.03],"scale":[0.62852,0.62852,0.62852]},"head":{"translation":[0.0,5.25,-0.25],"scale":[1.64883,1.64883,1.64883]},"fixed":{"translation":[0.0,-3.25,-7.5]}},"credit":"Made with Blockbench","gui_light":"front"}