{"textures":{"0":"mcc:island_cosmetics/head/head_faction_features","particle":"mcc:island_cosmetics/head/head_faction_features"},"credit":"Made with Blockbench","texture_size":[128.0,128.0],"elements":[{"from":[9.0,2.24,2.32403],"to":[13.0,6.24,4.32403],"rotation":{"angle":-22.5,"axis":"y","origin":[10.5,3.74,3.82403]},"faces":{"north":{"uv":[1.5,1.625,2.0,2.125],"texture":"#0"},"east":{"uv":[2.0,1.625,2.25,2.125],"texture":"#0"},"south":{"uv":[1.5,3.25,2.0,3.75],"texture":"#0"},"west":{"uv":[2.25,1.625,2.0,2.125],"texture":"#0"},"up":{"uv":[2.25,1.625,2.75,1.875],"texture":"#0"},"down":{"uv":[2.25,1.875,2.75,2.125],"texture":"#0"}}},{"from":[3.0,2.24,2.32403],"to":[7.0,6.24,4.32403],"rotation":{"angle":22.5,"axis":"y","origin":[5.5,3.74,3.82403]},"faces":{"north":{"uv":[2.0,1.625,1.5,2.125],"texture":"#0"},"east":{"uv":[2.0,1.625,2.25,2.125],"texture":"#0"},"south":{"uv":[1.5,3.25,2.0,3.75],"texture":"#0"},"west":{"uv":[2.25,1.625,2.0,2.125],"texture":"#0"},"up":{"uv":[2.75,1.625,2.25,1.875],"texture":"#0"},"down":{"uv":[2.75,1.875,2.25,2.125],"texture":"#0"}}},{"from":[2.84356,2.0455,3.38837],"to":[7.23256,6.4345,4.64237],"rotation":{"angle":22.5,"axis":"y","origin":[5.03806,4.24,4.01537]},"faces":{"north":{"uv":[3.0,1.25,3.125,1.375],"texture":"#0"},"east":{"uv":[2.0,1.625,2.125,2.125],"texture":"#0"},"south":{"uv":[3.0,1.25,3.125,1.375],"texture":"#0"},"west":{"uv":[2.125,3.25,2.0,3.75],"texture":"#0"},"up":{"uv":[2.75,1.75,2.25,1.875],"texture":"#0"},"down":{"uv":[2.625,1.875,2.75,2.0],"texture":"#0"}}},{"name":"cube inverted","from":[7.23256,6.4345,4.64237],"to":[2.84356,2.0455,3.38837],"rotation":{"angle":22.5,"axis":"y","origin":[5.03806,4.24,4.01537]},"faces":{"north":{"uv":[3.0,1.375,3.125,1.25],"texture":"#0"},"east":{"uv":[2.125,3.75,2.0,3.25],"texture":"#0"},"south":{"uv":[3.0,1.375,3.125,1.25],"texture":"#0"},"west":{"uv":[2.0,2.125,2.125,1.625],"texture":"#0"},"up":{"uv":[2.5,1.875,2.375,2.0],"texture":"#0"},"down":{"uv":[2.25,1.75,2.75,1.875],"texture":"#0"}}},{"from":[8.76744,2.0455,3.38837],"to":[13.15644,6.4345,4.64237],"rotation":{"angle":-22.5,"axis":"y","origin":[10.96194,4.24,4.01537]},"faces":{"north":{"uv":[3.125,1.25,3.0,1.375],"texture":"#0"},"east":{"uv":[2.0,3.25,2.125,3.75],"texture":"#0"},"south":{"uv":[3.125,1.25,3.0,1.375],"texture":"#0"},"west":{"uv":[2.125,1.625,2.0,2.125],"texture":"#0"},"up":{"uv":[2.25,1.75,2.75,1.875],"texture":"#0"},"down":{"uv":[2.625,1.875,2.75,2.0],"texture":"#0"}}},{"name":"cube inverted","from":[13.15644,6.4345,4.64237],"to":[8.76744,2.0455,3.38837],"rotation":{"angle":-22.5,"axis":"y","origin":[10.96194,4.24,4.01537]},"faces":{"north":{"uv":[3.125,1.375,3.0,1.25],"texture":"#0"},"east":{"uv":[2.125,2.125,2.0,1.625],"texture":"#0"},"south":{"uv":[3.125,1.375,3.0,1.25],"texture":"#0"},"west":{"uv":[2.0,3.75,2.125,3.25],"texture":"#0"},"up":{"uv":[2.375,1.875,2.5,2.0],"texture":"#0"},"down":{"uv":[2.75,1.75,2.25,1.875],"texture":"#0"}}}],"gui_light":"front","display":{"thirdperson_righthand":{"rotation":[64.25,0.0,0.0],"scale":[0.44336,0.44336,0.44336]},"thirdperson_lefthand":{"rotation":[64.25,0.0,0.0],"scale":[0.44336,0.44336,0.44336]},"firstperson_righthand":{"scale":[0.0,0.0,0.0]},"firstperson_lefthand":{"scale":[0.0,0.0,0.0]},"ground":{"translation":[0.0,4.25,0.0],"scale":[0.43945,0.43945,0.43945]},"gui":{"rotation":[-151.36,-31.92,-180.0],"translation":[-2.75,6.75,0.0],"scale":[1.32812,1.32812,1.32812]},"head":{"translation":[0.0,5.75,-0.75],"scale":[1.6,1.6,1.6]}},"groups":[0.0,1.0,{"name":"group","origin":[5.03806,4.24,3.51537],"color":0.0,"children":[2.0,3.0]},{"name":"group","origin":[5.03806,4.24,3.51537],"color":0.0,"children":[4.0,5.0]}]}