{"textures":{"1":"mcc:island_cosmetics/general/hat/glowing_pumpkin/glowing_pumpkin","2":"mcc:island_cosmetics/general/hat/glowing_pumpkin/glowing_pumpkin_anim","particle":"mcc:island_cosmetics/general/hat/glowing_pumpkin/glowing_pumpkin"},"elements":[{"from":[-2.0,9.0,8.0],"to":[8.0,18.0,8.0],"rotation":{"angle":0.0,"axis":"y","origin":[-2.0,9.0,-2.0]},"faces":{"north":{"uv":[5.0,5.0,7.5,7.25],"texture":"#1"},"east":{"uv":[0.0,0.0,0.0,2.25],"texture":"#1"},"south":{"uv":[5.0,5.0,7.5,7.25],"texture":"#1"},"west":{"uv":[0.0,0.0,0.0,2.25],"texture":"#1"},"up":{"uv":[2.5,0.0,0.0,0.0],"texture":"#1"},"down":{"uv":[2.5,0.0,0.0,0.0],"texture":"#1"}}},{"from":[2.0,0.0,3.0],"to":[14.0,10.0,13.0],"rotation":{"angle":0.0,"axis":"y","origin":[3.0,0.0,3.0]},"faces":{"north":{"uv":[0.0,0.0,3.0,2.5],"texture":"#1"},"east":{"uv":[0.0,5.0,2.5,7.5],"texture":"#1"},"south":{"uv":[0.0,2.5,3.0,5.0],"texture":"#1"},"west":{"uv":[2.5,5.0,5.0,7.5],"texture":"#1"},"up":{"uv":[6.0,2.5,3.0,0.0],"texture":"#1"},"down":{"uv":[6.0,2.5,3.0,5.0],"texture":"#1"}}},{"from":[6.75,9.0,6.5],"to":[9.75,14.0,9.5],"rotation":{"angle":-22.5,"axis":"z","origin":[8.25,11.0,8.0]},"faces":{"north":{"uv":[6.0,2.25,6.75,3.5],"texture":"#1"},"east":{"uv":[6.0,3.5,6.75,4.75],"texture":"#1"},"south":{"uv":[6.75,2.25,7.5,3.5],"texture":"#1"},"west":{"uv":[6.75,3.5,7.5,4.75],"texture":"#1"},"up":{"uv":[5.75,8.0,5.0,7.25],"texture":"#1"},"down":{"uv":[6.5,7.25,5.75,8.0],"texture":"#1"}}},{"from":[11.92388,5.0,2.61732],"to":[19.92388,8.0,2.61732],"rotation":{"angle":22.5,"axis":"y","origin":[12.92388,7.0,2.61732]},"faces":{"north":{"uv":[0.0,0.0,8.0,3.0],"texture":"#2"},"east":{"uv":[0.0,0.0,0.0,3.0],"texture":"#2"},"south":{"uv":[8.0,0.0,0.0,3.0],"texture":"#2"},"west":{"uv":[0.0,0.0,0.0,3.0],"texture":"#2"},"up":{"uv":[8.0,0.0,0.0,0.0],"texture":"#2"},"down":{"uv":[8.0,0.0,0.0,0.0],"texture":"#2"}}},{"from":[-3.92388,5.0,2.61732],"to":[4.07612,8.0,2.61732],"rotation":{"angle":-22.5,"axis":"y","origin":[3.07612,7.0,2.61732]},"faces":{"north":{"uv":[8.0,0.0,0.0,3.0],"texture":"#2"},"east":{"uv":[0.0,0.0,0.0,3.0],"texture":"#2"},"south":{"uv":[0.0,0.0,8.0,3.0],"texture":"#2"},"west":{"uv":[0.0,0.0,0.0,3.0],"texture":"#2"},"up":{"uv":[0.0,0.0,8.0,0.0],"texture":"#2"},"down":{"uv":[0.0,0.0,8.0,0.0],"texture":"#2"}}}],"display":{"gui":{"translation":[0.0,1.75,0.0],"rotation":[-149.61,-31.92,-180.0],"scale":[0.83007,0.83007,0.83007]},"head":{"translation":[0.0,5.75,0.0],"scale":[1.61,1.61,1.61]}},"gui_light":"front"}