{"textures":{"0":"mcc:island_cosmetics/general/hat/8_ball/8_ball","particle":"mcc:island_cosmetics/general/hat/8_ball/8_ball"},"elements":[{"from":[2.5,0.0,2.5],"to":[13.5,11.0,13.5],"rotation":{"angle":0.0,"axis":"x","origin":[8.0,5.5,8.0]},"faces":{"north":{"uv":[5.5,0.0,11.0,5.5],"texture":"#0"},"east":{"uv":[5.5,5.5,11.0,11.0],"texture":"#0"},"south":{"uv":[5.5,5.5,11.0,11.0],"texture":"#0"},"west":{"uv":[5.5,5.5,11.0,11.0],"texture":"#0"},"up":{"uv":[0.0,5.5,5.5,11.0],"texture":"#0"},"down":{"uv":[0.0,0.0,5.5,5.5],"texture":"#0"}}}],"display":{"thirdperson_righthand":{"translation":[0.0,1.0,-1.0],"rotation":[63.0,34.0,0.0],"scale":[0.52539,0.52539,0.52539]},"thirdperson_lefthand":{"translation":[0.0,1.0,-1.0],"rotation":[63.0,34.0,0.0],"scale":[0.52539,0.52539,0.52539]},"firstperson_righthand":{"translation":[9.5,0.0,-5.75],"rotation":[3.0,112.0,-13.0],"scale":[0.41992,0.41992,0.41992]},"firstperson_lefthand":{"translation":[9.5,0.0,-5.75],"rotation":[3.0,112.0,-13.0],"scale":[0.41992,0.41992,0.41992]},"ground":{"translation":[0.0,4.25,0.0],"scale":[0.28906,0.28906,0.28906]},"gui":{"translation":[0.0,1.75,0.0],"rotation":[-149.61,-31.92,-180.0],"scale":[0.83398,0.83398,0.83398]},"head":{"translation":[0.0,5.25,0.0],"scale":[1.61172,1.61172,1.61172]},"fixed":{"translation":[0.0,-3.25,-7.5]}},"credit":"Made with Blockbench","gui_light":"front"}