{"textures":{"0":"mcc:island_cosmetics/general/hat/8_ball/8_ball","1":"mcc:island_cosmetics/general/hat/8_ball/8_ball_glow","2":"mcc:island_cosmetics/general/hat/8_ball/holographic","particle":"mcc:island_cosmetics/general/hat/8_ball/8_ball"},"elements":[{"from":[2.5,0.0,2.5],"to":[13.5,11.0,13.5],"rotation":{"angle":0.0,"axis":"x","origin":[8.0,5.5,8.0]},"faces":{"north":{"uv":[0.0,0.0,5.5,5.5],"texture":"#2"},"east":{"uv":[5.5,5.5,11.0,11.0],"texture":"#0"},"south":{"uv":[5.5,5.5,11.0,11.0],"texture":"#0"},"west":{"uv":[5.5,5.5,11.0,11.0],"texture":"#0"},"up":{"uv":[0.0,5.5,5.5,11.0],"texture":"#0"},"down":{"uv":[0.0,0.0,5.5,5.5],"texture":"#0"}}},{"from":[2.5,0.0,2.5],"to":[13.5,11.0,2.5],"rotation":{"angle":0.0,"axis":"x","origin":[8.0,5.5,8.0]},"faces":{"north":{"uv":[5.5,0.0,11.0,5.5],"texture":"#2","tintindex":0},"east":{"uv":[5.5,5.5,11.0,11.0],"texture":"#0"},"south":{"uv":[5.5,0.0,11.0,5.5],"texture":"#2","tintindex":0},"west":{"uv":[5.5,5.5,11.0,11.0],"texture":"#0"},"up":{"uv":[0.0,5.5,5.5,11.0],"texture":"#0"},"down":{"uv":[0.0,0.0,5.5,5.5],"texture":"#0"}}},{"from":[14.0,11.75,14.0],"to":[2.0,-0.25,2.0],"rotation":{"angle":0.0,"axis":"x","origin":[19.5,5.5,19.5]},"faces":{"north":{"uv":[1.0,2.0,2.0,3.0],"texture":"#1","tintindex":0},"east":{"uv":[1.0,2.0,2.0,3.0],"texture":"#1","tintindex":0},"south":{"uv":[1.0,2.0,2.0,3.0],"texture":"#1","tintindex":0},"west":{"uv":[1.0,2.0,2.0,3.0],"texture":"#1","tintindex":0},"up":{"uv":[1.0,2.0,2.0,3.0],"texture":"#1","tintindex":0},"down":{"uv":[1.0,2.0,2.0,3.0],"texture":"#1","tintindex":0}}},{"from":[14.5,12.25,14.5],"to":[1.5,-0.75,1.5],"rotation":{"angle":0.0,"axis":"x","origin":[20.0,10.5,20.0]},"faces":{"north":{"uv":[1.0,3.0,2.0,4.0],"texture":"#1","tintindex":0},"east":{"uv":[1.0,3.0,2.0,4.0],"texture":"#1","tintindex":0},"south":{"uv":[1.0,3.0,2.0,4.0],"texture":"#1","tintindex":0},"west":{"uv":[1.0,3.0,2.0,4.0],"texture":"#1","tintindex":0},"up":{"uv":[1.0,3.0,2.0,4.0],"texture":"#1","tintindex":0},"down":{"uv":[1.0,3.0,2.0,4.0],"texture":"#1","tintindex":0}}}],"display":{"thirdperson_righthand":{"translation":[0.0,1.0,-1.0],"rotation":[63.0,34.0,0.0],"scale":[0.52539,0.52539,0.52539]},"thirdperson_lefthand":{"translation":[0.0,1.0,-1.0],"rotation":[63.0,34.0,0.0],"scale":[0.52539,0.52539,0.52539]},"firstperson_righthand":{"translation":[9.5,0.0,-5.75],"rotation":[3.0,112.0,-13.0],"scale":[0.41992,0.41992,0.41992]},"firstperson_lefthand":{"translation":[9.5,0.0,-5.75],"rotation":[3.0,112.0,-13.0],"scale":[0.41992,0.41992,0.41992]},"ground":{"translation":[0.0,4.25,0.0],"scale":[0.28906,0.28906,0.28906]},"gui":{"translation":[0.0,1.5,0.0],"rotation":[-149.61,-31.92,-180.0],"scale":[0.77148,0.77148,0.77148]},"head":{"translation":[0.0,5.25,0.0],"scale":[1.61172,1.61172,1.61172]},"fixed":{"translation":[0.0,-3.25,-7.5]}},"credit":"Made with Blockbench","gui_light":"front"}