{"textures":{"0":"mcc:island_cosmetics/general/hat/emoji_head/emoji_head","2":"mcc:island_cosmetics/general/hat/emoji_head/emojis_anim","particle":"mcc:island_cosmetics/general/hat/emoji_head/emoji_head"},"elements":[{"from":[11.0,1.5,1.5],"to":[20.0,8.5,1.5],"rotation":{"angle":0.0,"axis":"x","origin":[7.0,9.5,7.0]},"faces":{"north":{"uv":[6.5,6.75,8.75,8.5],"texture":"#2"},"east":{"uv":[9.375,5.375,10.875,6.875],"texture":"#0"},"south":{"uv":[8.75,6.75,6.5,8.5],"texture":"#2"},"west":{"uv":[9.375,5.375,10.875,6.875],"texture":"#0"},"up":{"uv":[10.875,5.375,12.375,6.875],"texture":"#0"},"down":{"uv":[12.375,5.375,13.875,6.875],"texture":"#0"}}},{"from":[-4.0,1.5,1.5],"to":[5.0,8.5,1.5],"rotation":{"angle":0.0,"axis":"x","origin":[9.0,9.5,7.0]},"faces":{"north":{"uv":[8.75,6.75,6.5,8.5],"texture":"#2"},"east":{"uv":[10.875,5.375,9.375,6.875],"texture":"#0"},"south":{"uv":[6.5,6.75,8.75,8.5],"texture":"#2"},"west":{"uv":[10.875,5.375,9.375,6.875],"texture":"#0"},"up":{"uv":[12.375,5.375,10.875,6.875],"texture":"#0"},"down":{"uv":[13.875,5.375,12.375,6.875],"texture":"#0"}}},{"from":[2.0,-0.5,2.0],"to":[14.0,11.5,14.0],"rotation":{"angle":0.0,"axis":"y","origin":[7.0,9.5,7.0]},"faces":{"north":{"uv":[6.75,0.25,9.75,3.25],"texture":"#2"},"east":{"uv":[6.5,0.0,12.5,6.0],"texture":"#0"},"south":{"uv":[6.5,0.0,12.5,6.0],"texture":"#0"},"west":{"uv":[6.5,0.0,12.5,6.0],"texture":"#0"},"up":{"uv":[0.0,6.0,6.0,12.0],"texture":"#0"},"down":{"uv":[6.0,6.0,12.0,12.0],"texture":"#0"}}},{"from":[14.5,12.0,14.5],"to":[1.5,-1.0,1.5],"rotation":{"angle":0.0,"axis":"y","origin":[19.5,9.5,19.5]},"faces":{"north":{"uv":[6.25,4.75,6.375,4.875],"texture":"#0"},"east":{"uv":[6.25,4.75,6.375,4.875],"texture":"#0"},"south":{"uv":[6.25,4.75,6.375,4.875],"texture":"#0"},"west":{"uv":[6.25,4.75,6.375,4.875],"texture":"#0"},"up":{"uv":[6.25,4.75,6.375,4.875],"texture":"#0"},"down":{"uv":[6.25,4.75,6.375,4.875],"texture":"#0"}}}],"display":{"thirdperson_righthand":{"translation":[0.0,1.0,0.75],"rotation":[55.5,34.0,0.0],"scale":[0.52539,0.52539,0.52539]},"thirdperson_lefthand":{"translation":[0.0,1.0,0.75],"rotation":[55.5,34.0,0.0],"scale":[0.52539,0.52539,0.52539]},"firstperson_righthand":{"translation":[9.5,0.0,-5.75],"rotation":[21.0,114.5,-13.75],"scale":[0.41992,0.41992,0.41992]},"firstperson_lefthand":{"translation":[9.5,0.0,-5.75],"rotation":[21.0,114.5,-13.75],"scale":[0.41992,0.41992,0.41992]},"gui":{"translation":[-0.25,1.5,0.0],"rotation":[-149.61,-31.92,-180.0],"scale":[0.75195,0.75195,0.75195]},"head":{"translation":[0.0,6.5,0.0],"scale":[1.62734,1.62734,1.62734]}},"credit":"Made with Blockbench","gui_light":"front"}