{"textures":{"2":"mcc:island_cosmetics/general/hat/emoji_head/variant","3":"mcc:island_cosmetics/general/hat/emoji_head/emojis_anim","4":"mcc:island_cosmetics/general/hat/emoji_head/emoji_head","particle":"mcc:island_cosmetics/general/hat/emoji_head/variant"},"elements":[{"from":[0.5,3.25,1.0],"to":[15.5,9.25,14.0],"rotation":{"angle":0.0,"axis":"x","origin":[8.0,6.25,7.5]},"faces":{"north":{"uv":[0.66667,8.66667,5.66667,10.66667],"texture":"#2"},"east":{"uv":[0.0,10.66667,5.0,12.66667],"texture":"#2"},"west":{"uv":[5.0,10.66667,0.66667,12.66667],"texture":"#2"}}},{"from":[2.0,-0.5,2.0],"to":[14.0,11.5,14.0],"rotation":{"angle":0.0,"axis":"y","origin":[7.0,9.5,7.0]},"faces":{"north":{"uv":[0.25,3.5,3.25,6.5],"texture":"#3"},"east":{"uv":[6.5,0.0,12.5,6.0],"texture":"#4"},"south":{"uv":[6.5,0.0,12.5,6.0],"texture":"#4"},"west":{"uv":[6.5,0.0,12.5,6.0],"texture":"#4"},"up":{"uv":[0.0,6.0,6.0,12.0],"texture":"#4"},"down":{"uv":[6.0,6.0,12.0,12.0],"texture":"#4"}}},{"from":[14.5,12.0,14.5],"to":[1.5,-1.0,1.5],"rotation":{"angle":0.0,"axis":"y","origin":[19.5,9.5,19.5]},"faces":{"north":{"uv":[6.25,4.75,6.375,4.875],"texture":"#4"},"east":{"uv":[6.25,4.75,6.375,4.875],"texture":"#4"},"south":{"uv":[6.25,4.75,6.375,4.875],"texture":"#4"},"west":{"uv":[6.25,4.75,6.375,4.875],"texture":"#4"},"up":{"uv":[6.25,4.75,6.375,4.875],"texture":"#4"},"down":{"uv":[6.25,4.75,6.375,4.875],"texture":"#4"}}},{"from":[15.5,9.25,14.0],"to":[0.5,3.25,1.0],"rotation":{"angle":0.0,"axis":"x","origin":[8.0,6.25,7.5]},"faces":{"east":{"uv":[5.0,12.66667,0.66667,10.66667],"texture":"#2"},"south":{"uv":[0.66667,10.66667,5.66667,8.66667],"texture":"#2"},"west":{"uv":[0.0,12.66667,5.0,10.66667],"texture":"#2"}}}],"display":{"thirdperson_righthand":{"translation":[0.0,1.0,0.75],"rotation":[55.5,34.0,0.0],"scale":[0.52539,0.52539,0.52539]},"thirdperson_lefthand":{"translation":[0.0,1.0,0.75],"rotation":[55.5,34.0,0.0],"scale":[0.52539,0.52539,0.52539]},"firstperson_righthand":{"translation":[9.5,0.0,-5.75],"rotation":[21.0,114.5,-13.75],"scale":[0.41992,0.41992,0.41992]},"firstperson_lefthand":{"translation":[9.5,0.0,-5.75],"rotation":[21.0,114.5,-13.75],"scale":[0.41992,0.41992,0.41992]},"gui":{"translation":[-0.25,1.5,0.0],"rotation":[-149.61,-31.92,-180.0],"scale":[0.75195,0.75195,0.75195]},"head":{"translation":[0.0,6.5,0.0],"scale":[1.62734,1.62734,1.62734]}},"credit":"Made with Blockbench","gui_light":"front"}