{"textures":{"2":"mcc:island_cosmetics/general/hat/treant_mask/treant_mask"},"elements":[{"from":[5.0,1.0,2.0],"to":[11.0,4.0,4.0],"rotation":{"angle":0.0,"axis":"y","origin":[5.0,2.0,2.0]},"faces":{"north":{"uv":[2.25,6.5,3.75,7.25],"texture":"#2"},"east":{"uv":[2.5,7.75,3.0,8.5],"texture":"#2"},"south":{"uv":[3.75,6.5,5.25,7.25],"texture":"#2"},"west":{"uv":[7.75,7.0,8.25,7.75],"texture":"#2"},"up":{"uv":[8.75,6.5,7.25,6.0],"texture":"#2"},"down":{"uv":[8.75,6.5,7.25,7.0],"texture":"#2"}}},{"from":[3.5,4.0,2.0],"to":[12.5,13.0,4.0],"rotation":{"angle":0.0,"axis":"y","origin":[5.5,5.0,2.0]},"faces":{"north":{"uv":[3.0,0.0,5.25,2.25],"texture":"#2"},"east":{"uv":[0.0,7.0,0.5,9.25],"texture":"#2"},"south":{"uv":[5.25,0.0,3.0,2.25],"texture":"#2"},"west":{"uv":[0.5,7.0,1.0,9.25],"texture":"#2"},"up":{"uv":[3.25,7.75,1.0,7.25],"texture":"#2"},"down":{"uv":[9.5,4.0,7.25,4.5],"texture":"#2"}}},{"from":[1.5,14.0,2.75],"to":[14.5,24.0,3.25],"rotation":{"angle":0.0,"axis":"y","origin":[5.5,15.0,1.75]},"faces":{"north":{"uv":[12.75,0.0,16.0,2.5],"texture":"#2"},"east":{"uv":[0.0,0.0,0.0,2.5],"texture":"#2"},"south":{"uv":[16.0,0.0,12.75,2.5],"texture":"#2"},"west":{"uv":[0.0,0.0,0.0,2.5],"texture":"#2"},"up":{"uv":[3.0,0.0,0.0,0.0],"texture":"#2"},"down":{"uv":[3.0,0.0,0.0,0.0],"texture":"#2"}}},{"from":[2.0,-7.0,2.75],"to":[14.0,3.0,3.25],"rotation":{"angle":0.0,"axis":"y","origin":[5.0,-6.0,1.75]},"faces":{"north":{"uv":[9.5,0.0,12.5,2.5],"texture":"#2"},"east":{"uv":[0.0,0.0,0.0,2.5],"texture":"#2"},"south":{"uv":[12.5,0.0,9.5,2.5],"texture":"#2"},"west":{"uv":[0.0,0.0,0.0,2.5],"texture":"#2"},"up":{"uv":[3.0,0.0,0.0,0.0],"texture":"#2"},"down":{"uv":[3.0,0.0,0.0,0.0],"texture":"#2"}}},{"from":[1.0,14.0,3.0],"to":[15.0,24.5,3.0],"rotation":{"angle":0.0,"axis":"y","origin":[5.5,15.0,1.75]},"faces":{"north":{"uv":[12.75,2.5,16.0,5.0],"texture":"#2","tintindex":0},"east":{"uv":[0.0,0.0,0.0,2.5],"texture":"#2"},"south":{"uv":[16.0,2.5,12.75,5.0],"texture":"#2","tintindex":0},"west":{"uv":[0.0,0.0,0.0,2.5],"texture":"#2"},"up":{"uv":[3.0,0.0,0.0,0.0],"texture":"#2"},"down":{"uv":[3.0,0.0,0.0,0.0],"texture":"#2"}}},{"from":[1.0,-7.5,3.0],"to":[15.0,3.0,3.0],"rotation":{"angle":0.0,"axis":"y","origin":[5.25,-6.0,1.75]},"faces":{"north":{"uv":[9.5,2.5,12.5,5.0],"texture":"#2","tintindex":0},"east":{"uv":[0.0,0.0,0.0,2.5],"texture":"#2"},"south":{"uv":[12.5,2.5,9.5,5.0],"texture":"#2","tintindex":0},"west":{"uv":[0.0,0.0,0.0,2.5],"texture":"#2"},"up":{"uv":[3.0,0.0,0.0,0.0],"texture":"#2"},"down":{"uv":[3.0,0.0,0.0,0.0],"texture":"#2"}}},{"from":[3.5,4.0,4.0],"to":[12.5,12.0,12.0],"rotation":{"angle":0.0,"axis":"y","origin":[5.5,4.0,2.0]},"faces":{"north":{"uv":[3.0,4.5,5.25,6.5],"texture":"#2","tintindex":0},"east":{"uv":[7.25,6.0,5.25,8.0],"texture":"#2","tintindex":0},"south":{"uv":[0.0,5.0,2.25,7.0],"texture":"#2","tintindex":0},"west":{"uv":[5.25,6.0,7.25,8.0],"texture":"#2","tintindex":0},"up":{"uv":[5.25,6.5,3.0,4.5],"texture":"#2","tintindex":0},"down":{"uv":[5.25,4.5,3.0,6.5],"texture":"#2","tintindex":0}}},{"from":[12.5,12.0,12.0],"to":[3.5,4.0,4.0],"rotation":{"angle":0.0,"axis":"y","origin":[5.5,4.0,2.0]},"faces":{"north":{"uv":[0.0,7.0,2.25,5.0],"texture":"#2","tintindex":0},"east":{"uv":[5.25,8.0,7.25,6.0],"texture":"#2","tintindex":0},"south":{"uv":[3.0,6.5,5.25,4.5],"texture":"#2","tintindex":0},"west":{"uv":[7.25,8.0,5.25,6.0],"texture":"#2","tintindex":0},"up":{"uv":[3.0,4.5,5.25,6.5],"texture":"#2","tintindex":0},"down":{"uv":[3.0,6.5,5.25,4.5],"texture":"#2","tintindex":0}}},{"from":[6.5,11.0,1.5],"to":[9.5,17.0,4.5],"rotation":{"angle":0.0,"axis":"y","origin":[2.5,5.0,1.5]},"faces":{"north":{"uv":[2.25,5.0,3.0,6.5],"texture":"#2"},"east":{"uv":[2.25,5.0,3.0,6.5],"texture":"#2"},"south":{"uv":[2.25,5.0,3.0,6.5],"texture":"#2"},"west":{"uv":[2.25,5.0,3.0,6.5],"texture":"#2"},"up":{"uv":[1.75,8.5,1.0,7.75],"texture":"#2"},"down":{"uv":[2.5,7.75,1.75,8.5],"texture":"#2"}}},{"from":[3.5,13.0,2.0],"to":[5.5,16.0,4.0],"rotation":{"angle":0.0,"axis":"y","origin":[-0.5,5.0,1.0]},"faces":{"north":{"uv":[7.75,7.75,8.25,8.5],"texture":"#2"},"east":{"uv":[8.0,0.0,8.5,0.75],"texture":"#2"},"south":{"uv":[8.25,7.75,7.75,8.5],"texture":"#2"},"west":{"uv":[8.0,1.5,8.5,2.25],"texture":"#2"},"up":{"uv":[8.5,5.5,8.0,5.0],"texture":"#2"},"down":{"uv":[5.75,8.0,5.25,8.5],"texture":"#2"}}},{"from":[10.5,13.0,2.0],"to":[12.5,18.0,4.0],"rotation":{"angle":0.0,"axis":"y","origin":[6.5,5.0,1.0]},"faces":{"north":{"uv":[4.75,7.25,5.25,8.5],"texture":"#2"},"east":{"uv":[7.25,7.0,7.75,8.25],"texture":"#2"},"south":{"uv":[5.25,7.25,4.75,8.5],"texture":"#2"},"west":{"uv":[7.5,1.25,8.0,2.5],"texture":"#2"},"up":{"uv":[8.5,6.0,8.0,5.5],"texture":"#2"},"down":{"uv":[6.25,8.0,5.75,8.5],"texture":"#2"}}},{"from":[8.25,8.5,1.0],"to":[13.25,10.5,2.0],"rotation":{"angle":22.5,"axis":"z","origin":[10.25,9.5,1.5]},"faces":{"north":{"uv":[7.5,2.5,8.75,3.0],"texture":"#2"},"east":{"uv":[3.0,7.75,3.25,8.25],"texture":"#2"},"south":{"uv":[7.5,3.0,8.75,3.5],"texture":"#2"},"west":{"uv":[6.25,8.0,6.5,8.5],"texture":"#2"},"up":{"uv":[2.25,7.25,1.0,7.0],"texture":"#2"},"down":{"uv":[9.25,2.25,8.0,2.5],"texture":"#2"}}},{"from":[9.0,7.0,1.75],"to":[12.0,9.0,1.75],"rotation":{"angle":0.0,"axis":"z","origin":[10.0,8.0,1.25]},"faces":{"north":{"uv":[7.5,3.5,8.25,4.0],"texture":"#2","tintindex":0},"east":{"uv":[0.0,0.0,0.0,0.5],"texture":"#2","tintindex":0},"south":{"uv":[8.0,4.5,8.75,5.0],"texture":"#2","tintindex":0},"west":{"uv":[0.0,0.0,0.0,0.5],"texture":"#2","tintindex":0},"up":{"uv":[0.75,0.0,0.0,0.0],"texture":"#2","tintindex":0},"down":{"uv":[0.75,0.0,0.0,0.0],"texture":"#2","tintindex":0}}},{"from":[2.75,8.5,1.0],"to":[7.75,10.5,2.0],"rotation":{"angle":-22.5,"axis":"z","origin":[5.75,9.5,1.5]},"faces":{"north":{"uv":[8.75,2.5,7.5,3.0],"texture":"#2"},"east":{"uv":[6.5,8.0,6.25,8.5],"texture":"#2"},"south":{"uv":[8.75,3.0,7.5,3.5],"texture":"#2"},"west":{"uv":[3.25,7.75,3.0,8.25],"texture":"#2"},"up":{"uv":[1.0,7.25,2.25,7.0],"texture":"#2"},"down":{"uv":[8.0,2.25,9.25,2.5],"texture":"#2"}}},{"from":[4.0,7.0,1.75],"to":[7.0,9.0,1.75],"rotation":{"angle":0.0,"axis":"z","origin":[6.0,8.0,1.25]},"faces":{"north":{"uv":[8.25,3.5,7.5,4.0],"texture":"#2","tintindex":0},"east":{"uv":[0.0,0.0,0.0,0.5],"texture":"#2","tintindex":0},"south":{"uv":[8.75,4.5,8.0,5.0],"texture":"#2","tintindex":0},"west":{"uv":[0.0,0.0,0.0,0.5],"texture":"#2","tintindex":0},"up":{"uv":[0.0,0.0,0.75,0.0],"texture":"#2","tintindex":0},"down":{"uv":[0.0,0.0,0.75,0.0],"texture":"#2","tintindex":0}}},{"from":[10.0,17.5,5.0],"to":[6.0,10.5,1.0],"rotation":{"angle":0.0,"axis":"y","origin":[2.5,5.0,1.5]},"faces":{"north":{"uv":[5.25,2.5,5.75,3.0],"texture":"#2","tintindex":0,"rotation":270},"east":{"uv":[5.25,2.5,5.75,3.0],"texture":"#2","tintindex":0,"rotation":270},"south":{"uv":[5.25,2.5,5.75,3.0],"texture":"#2","tintindex":0,"rotation":270},"west":{"uv":[5.25,2.5,5.75,3.0],"texture":"#2","tintindex":0,"rotation":270},"up":{"uv":[5.5,3.25,6.0,3.75],"texture":"#2","tintindex":0,"rotation":270},"down":{"uv":[5.25,2.5,5.75,3.0],"texture":"#2","tintindex":0,"rotation":270}}},{"from":[13.0,13.5,4.5],"to":[3.0,3.5,1.5],"rotation":{"angle":0.0,"axis":"y","origin":[5.5,5.0,2.0]},"faces":{"north":{"uv":[5.25,2.5,5.75,3.0],"texture":"#2","tintindex":0,"rotation":270},"east":{"uv":[5.25,2.5,5.75,3.0],"texture":"#2","tintindex":0,"rotation":270},"south":{"uv":[5.25,2.5,5.75,3.0],"texture":"#2","tintindex":0,"rotation":270},"west":{"uv":[5.25,2.5,5.75,3.0],"texture":"#2","tintindex":0,"rotation":270},"up":{"uv":[5.25,1.5,5.75,2.75],"texture":"#2","tintindex":0,"rotation":270},"down":{"uv":[5.25,2.25,5.75,3.25],"texture":"#2","tintindex":0,"rotation":90}}},{"from":[11.5,4.5,4.5],"to":[4.5,0.5,1.5],"rotation":{"angle":0.0,"axis":"y","origin":[5.0,2.0,2.0]},"faces":{"north":{"uv":[5.25,2.5,5.75,3.0],"texture":"#2","tintindex":0,"rotation":270},"east":{"uv":[5.875,2.5,5.375,3.0],"texture":"#2","tintindex":0,"rotation":270},"south":{"uv":[5.25,2.5,5.75,3.0],"texture":"#2","tintindex":0,"rotation":270},"west":{"uv":[5.875,2.5,5.375,3.0],"texture":"#2","tintindex":0,"rotation":270},"up":{"uv":[5.25,2.5,5.75,3.0],"texture":"#2","tintindex":0,"rotation":270},"down":{"uv":[5.5,2.5,6.0,3.0],"texture":"#2","tintindex":0,"rotation":270}}},{"from":[3.0,16.5,1.5],"to":[6.0,13.5,4.5],"rotation":{"angle":0.0,"axis":"y","origin":[-0.5,9.0,1.0]},"faces":{"north":{"uv":[5.75,2.5,5.25,3.0],"texture":"#2","tintindex":0,"rotation":270},"east":{"uv":[5.75,2.5,5.25,3.0],"texture":"#2","tintindex":0,"rotation":270},"south":{"uv":[5.75,2.5,5.25,3.0],"texture":"#2","tintindex":0,"rotation":270},"west":{"uv":[5.75,2.5,5.25,3.0],"texture":"#2","tintindex":0,"rotation":270},"up":{"uv":[5.25,3.5,5.75,3.0],"texture":"#2","tintindex":0,"rotation":270},"down":{"uv":[5.25,3.0,5.75,2.5],"texture":"#2","tintindex":0,"rotation":270}}},{"from":[10.0,18.5,1.5],"to":[13.0,13.5,4.5],"rotation":{"angle":0.0,"axis":"y","origin":[6.5,11.0,1.0]},"faces":{"north":{"uv":[5.75,2.5,5.25,3.0],"texture":"#2","tintindex":0,"rotation":270},"east":{"uv":[5.75,2.5,5.25,3.0],"texture":"#2","tintindex":0,"rotation":270},"south":{"uv":[5.75,2.5,5.25,3.0],"texture":"#2","tintindex":0,"rotation":270},"west":{"uv":[5.75,2.5,5.25,3.0],"texture":"#2","tintindex":0,"rotation":270},"up":{"uv":[5.25,3.5,5.75,3.0],"texture":"#2","tintindex":0,"rotation":270},"down":{"uv":[5.25,3.0,5.75,2.5],"texture":"#2","tintindex":0,"rotation":270}}}],"display":{"thirdperson_righthand":{"translation":[-2.25,-2.5,0.25],"rotation":[32.49,-33.33,5.94],"scale":[0.5,0.5,0.5]},"thirdperson_lefthand":{"translation":[-2.25,-2.5,0.25],"rotation":[32.49,-33.33,5.94],"scale":[0.5,0.5,0.5]},"firstperson_righthand":{"translation":[1.0,1.25,-0.5],"rotation":[148.0,65.4,-142.15],"scale":[0.5,0.5,0.5]},"firstperson_lefthand":{"translation":[1.0,1.25,-0.5],"rotation":[148.0,65.4,-142.15],"scale":[0.5,0.5,0.5]},"ground":{"translation":[0.0,-1.5,0.0],"rotation":[35.0,0.0,0.0],"scale":[0.5,0.5,0.5]},"gui":{"translation":[-0.75,-1.0,0.0],"rotation":[-169.41,-29.82,160.8],"scale":[0.57813,0.57813,0.57813]},"head":{"translation":[0.0,0.0,0.5],"scale":[1.61,1.61,1.61]},"fixed":{"translation":[0.0,-0.75,3.75],"scale":[0.75,0.75,0.75]}},"credit":"Made with Blockbench","gui_light":"front"}