{"textures":{"1":"mcc:island_cosmetics/general/hat/king_whip/king_whip_anim","2":"mcc:island_cosmetics/general/hat/king_whip/king_whip"},"elements":[{"from":[1.0,7.0,1.75],"to":[15.0,11.0,15.75],"rotation":{"angle":-22.5,"axis":"x","origin":[8.5,9.5,7.75]},"faces":{"north":{"uv":[0.0,0.0,1.75,0.5],"texture":"#2"},"east":{"uv":[0.0,0.0,1.75,0.5],"texture":"#2"},"south":{"uv":[0.0,0.0,1.75,0.5],"texture":"#2"},"west":{"uv":[0.0,0.0,1.75,0.5],"texture":"#2"},"up":{"uv":[1.75,0.0,3.5,1.75],"texture":"#2"},"down":{"uv":[1.75,1.75,3.5,3.5],"texture":"#2"}}},{"from":[4.3,5.61755,1.33493],"to":[13.7,10.01755,2.73493],"rotation":{"angle":0.0,"axis":"x","origin":[9.0,7.81755,3.03493]},"faces":{"north":{"uv":[0.0,3.625,1.125,4.125],"texture":"#2","tintindex":0},"up":{"uv":[1.125,3.625,0.0,3.75],"texture":"#2","tintindex":0}}},{"from":[2.0,10.0,2.5],"to":[14.0,15.0,14.5],"rotation":{"angle":0.0,"axis":"y","origin":[2.0,-1.0,-1.5]},"faces":{"north":{"uv":[2.0,3.5,3.5,4.125],"texture":"#2","tintindex":0},"east":{"uv":[2.0,3.5,3.5,4.125],"texture":"#2","tintindex":0},"south":{"uv":[2.0,3.5,3.5,4.125],"texture":"#2","tintindex":0},"west":{"uv":[2.0,3.5,3.5,4.125],"texture":"#2","tintindex":0},"up":{"uv":[0.25,0.625,1.75,2.125],"texture":"#2","tintindex":0},"down":{"uv":[2.0,5.125,3.5,6.625],"texture":"#2","tintindex":0}}},{"from":[1.8,9.8,2.3],"to":[14.2,15.2,14.7],"rotation":{"angle":0.0,"axis":"y","origin":[2.0,-1.0,-1.5]},"faces":{"east":{"uv":[3.625,2.125,5.125,2.75],"texture":"#2"},"south":{"uv":[3.625,3.75,5.125,4.375],"texture":"#2"},"west":{"uv":[3.5,0.125,5.0,0.75],"texture":"#2"}}},{"from":[3.5,11.0,2.25],"to":[12.5,15.0,2.25],"rotation":{"angle":0.0,"axis":"y","origin":[1.5,-1.0,-1.5]},"faces":{"north":{"uv":[0.375,5.0,1.5,5.5],"texture":"#2"}}},{"from":[4.0,14.0,3.25],"to":[12.0,19.0,3.25],"rotation":{"angle":0.0,"axis":"y","origin":[1.5,-1.0,-1.5]},"faces":{"north":{"uv":[4.0,6.0,12.0,11.0],"texture":"#1"},"south":{"uv":[4.0,6.0,12.0,11.0],"texture":"#1"}}},{"from":[3.0,15.0,3.5],"to":[13.0,19.0,13.5],"rotation":{"angle":0.0,"axis":"y","origin":[1.0,-1.0,-1.5]},"faces":{"north":{"uv":[2.25,4.125,3.5,4.625],"texture":"#2","tintindex":0},"east":{"uv":[2.25,4.125,3.5,4.625],"texture":"#2","tintindex":0},"south":{"uv":[2.25,4.125,3.5,4.625],"texture":"#2","tintindex":0},"west":{"uv":[2.25,4.125,3.5,4.625],"texture":"#2","tintindex":0},"up":{"uv":[0.5,2.125,1.75,3.375],"texture":"#2","tintindex":0}}},{"from":[2.8,14.8,3.3],"to":[13.2,19.2,13.7],"rotation":{"angle":0.0,"axis":"y","origin":[1.0,-1.0,-1.5]},"faces":{"east":{"uv":[5.0,1.625,3.75,2.125],"texture":"#2"},"south":{"uv":[3.75,2.125,5.0,2.625],"texture":"#2"},"west":{"uv":[3.75,1.625,5.0,2.125],"texture":"#2"},"up":{"uv":[3.625,3.25,4.875,4.5],"texture":"#2"}}},{"from":[6.25,17.37132,6.58579],"to":[11.25,21.37132,10.58579],"rotation":{"angle":22.5,"axis":"z","origin":[8.0,18.62132,6.58579]},"faces":{"north":{"uv":[2.875,4.625,3.5,5.125],"texture":"#2","tintindex":0},"east":{"uv":[1.75,4.125,2.25,4.625],"texture":"#2","tintindex":0},"south":{"uv":[2.875,4.625,3.5,5.125],"texture":"#2","tintindex":0},"west":{"uv":[1.75,4.125,2.25,4.625],"texture":"#2","tintindex":0},"up":{"uv":[2.25,4.625,2.875,5.125],"texture":"#2","tintindex":0},"down":{"uv":[2.25,4.5,2.375,4.625],"texture":"#2","tintindex":0}}},{"from":[6.05,17.17132,6.38579],"to":[11.45,21.57132,10.78579],"rotation":{"angle":22.5,"axis":"z","origin":[8.0,18.62132,6.58579]},"faces":{"up":{"uv":[4.875,2.25,4.25,2.75],"texture":"#2"}}},{"from":[7.25,18.37132,8.58579],"to":[14.25,22.37132,8.58579],"rotation":{"angle":22.5,"axis":"z","origin":[8.0,18.62132,6.58579]},"faces":{"north":{"uv":[0.125,4.25,1.0,4.75],"texture":"#2","tintindex":0},"south":{"uv":[1.0,4.25,0.125,4.75],"texture":"#2","tintindex":0}}},{"from":[13.7,10.01755,2.73493],"to":[4.3,5.61755,1.33493],"rotation":{"angle":0.0,"axis":"x","origin":[9.0,7.81755,3.03493]},"faces":{"south":{"uv":[0.0,4.125,1.125,3.625],"texture":"#2","tintindex":0},"down":{"uv":[0.0,3.625,1.125,3.75],"texture":"#2","tintindex":0}}}],"display":{"thirdperson_righthand":{"translation":[0.0,1.0,-1.0],"rotation":[63.0,34.0,0.0],"scale":[0.52539,0.52539,0.52539]},"thirdperson_lefthand":{"translation":[0.0,1.0,-1.0],"rotation":[63.0,34.0,0.0],"scale":[0.52539,0.52539,0.52539]},"firstperson_righthand":{"translation":[9.5,0.0,-5.75],"rotation":[3.0,112.0,-13.0],"scale":[0.41992,0.41992,0.41992]},"firstperson_lefthand":{"translation":[9.5,0.0,-5.75],"rotation":[3.0,112.0,-13.0],"scale":[0.41992,0.41992,0.41992]},"ground":{"translation":[0.0,4.25,0.0],"scale":[0.28906,0.28906,0.28906]},"gui":{"translation":[0.25,-2.5,0.0],"rotation":[-149.61,-31.92,-180.0],"scale":[0.7539,0.7539,0.7539]},"head":{"translation":[0.0,-8.0,0.25],"rotation":[-6.5,0.32,-2.73],"scale":[1.6,1.6,1.6]},"fixed":{"translation":[0.0,-3.25,-7.5]}},"credit":"Made with Blockbench","gui_light":"front"}