{"textures":{"2":"mcc:island_cosmetics/general/hat/kitsune_mask/gold_tint"},"elements":[{"from":[4.5,-3.0,13.0],"to":[11.5,4.0,13.0],"rotation":{"angle":0.0,"axis":"y","origin":[8.34776,5.73123,9.0]},"faces":{"north":{"uv":[12.0,6.0,14.33333,8.33333],"texture":"#2","tintindex":0,"rotation":180},"south":{"uv":[12.0,6.0,14.33333,8.33333],"texture":"#2","tintindex":0,"rotation":180}}},{"from":[3.5,4.0,3.0],"to":[12.5,6.0,13.0],"rotation":{"angle":0.0,"axis":"y","origin":[8.34776,5.73123,9.0]},"faces":{"east":{"uv":[6.33333,10.66667,7.0,14.0],"texture":"#2","tintindex":0,"rotation":270},"south":{"uv":[7.0,10.66667,7.66667,13.66667],"texture":"#2","tintindex":0,"rotation":270},"west":{"uv":[6.33333,14.0,7.0,10.66667],"texture":"#2","tintindex":0,"rotation":270}}},{"from":[2.5,0.0,3.0],"to":[13.5,10.0,7.0],"rotation":{"angle":0.0,"axis":"y","origin":[8.34776,5.73123,9.0]},"faces":{"north":{"uv":[1.33333,3.33333,5.0,6.66667],"texture":"#2"},"east":{"uv":[0.0,7.0,1.33333,10.33333],"texture":"#2"},"south":{"uv":[0.0,0.0,0.0,0.0],"texture":"#2"},"west":{"uv":[1.33333,7.0,0.0,10.33333],"texture":"#2"},"up":{"uv":[4.33333,2.0,8.0,3.33333],"texture":"#2"},"down":{"uv":[1.33333,8.0,5.0,9.33333],"texture":"#2"}}},{"from":[12.75,-0.5,4.5],"to":[14.75,1.5,6.5],"rotation":{"angle":22.5,"axis":"y","origin":[14.0,0.5,5.5]},"faces":{"north":{"uv":[6.33333,5.0,7.0,5.66667],"texture":"#2"},"east":{"uv":[7.0,5.0,6.33333,5.66667],"texture":"#2"},"south":{"uv":[7.0,5.0,7.66667,5.66667],"texture":"#2"},"west":{"uv":[7.66667,5.0,7.0,5.66667],"texture":"#2"},"up":{"uv":[6.33333,5.66667,7.0,6.33333],"texture":"#2"},"down":{"uv":[7.0,5.66667,7.66667,6.33333],"texture":"#2"}}},{"from":[13.0,-3.25,7.0],"to":[15.0,-1.25,9.0],"rotation":{"angle":-22.5,"axis":"y","origin":[14.0,-2.25,8.0]},"faces":{"north":{"uv":[6.33333,5.0,7.0,5.66667],"texture":"#2"},"east":{"uv":[7.0,5.0,6.33333,5.66667],"texture":"#2"},"south":{"uv":[7.0,5.0,7.66667,5.66667],"texture":"#2"},"west":{"uv":[7.66667,5.0,7.0,5.66667],"texture":"#2"},"up":{"uv":[6.33333,5.66667,7.0,6.33333],"texture":"#2"},"down":{"uv":[7.0,5.66667,7.66667,6.33333],"texture":"#2"}}},{"from":[13.75,-1.0,4.0],"to":[13.75,8.0,11.0],"rotation":{"angle":22.5,"axis":"z","origin":[16.5,5.5,2.5]},"faces":{"east":{"uv":[0.33333,12.66667,2.66667,15.66667],"texture":"#2","tintindex":0},"west":{"uv":[2.66667,12.66667,0.33333,15.66667],"texture":"#2","tintindex":0}}},{"from":[13.75,-6.5,5.0],"to":[13.75,5.5,8.0],"rotation":{"angle":0.0,"axis":"z","origin":[16.5,5.5,2.5]},"faces":{"east":{"uv":[8.33333,10.66667,9.33333,14.66667],"texture":"#2","tintindex":0},"west":{"uv":[9.33333,10.66667,8.33333,14.66667],"texture":"#2","tintindex":0}}},{"from":[2.25,-6.5,5.0],"to":[2.25,5.5,8.0],"rotation":{"angle":0.0,"axis":"z","origin":[-0.5,5.5,2.5]},"faces":{"east":{"uv":[8.33333,10.66667,9.33333,14.66667],"texture":"#2","tintindex":0},"west":{"uv":[9.33333,10.66667,8.33333,14.66667],"texture":"#2","tintindex":0}}},{"from":[1.0,-3.25,7.0],"to":[3.0,-1.25,9.0],"rotation":{"angle":22.5,"axis":"y","origin":[2.0,-2.25,8.0]},"faces":{"north":{"uv":[7.0,5.0,6.33333,5.66667],"texture":"#2"},"east":{"uv":[7.0,5.0,7.66667,5.66667],"texture":"#2"},"south":{"uv":[7.66667,5.0,7.0,5.66667],"texture":"#2"},"west":{"uv":[6.33333,5.0,7.0,5.66667],"texture":"#2"},"up":{"uv":[7.0,5.66667,6.33333,6.33333],"texture":"#2"},"down":{"uv":[7.66667,5.66667,7.0,6.33333],"texture":"#2"}}},{"from":[1.25,-0.5,4.5],"to":[3.25,1.5,6.5],"rotation":{"angle":-22.5,"axis":"y","origin":[2.0,0.5,5.5]},"faces":{"north":{"uv":[7.0,5.0,6.33333,5.66667],"texture":"#2"},"east":{"uv":[7.0,5.0,7.66667,5.66667],"texture":"#2"},"south":{"uv":[7.66667,5.0,7.0,5.66667],"texture":"#2"},"west":{"uv":[6.33333,5.0,7.0,5.66667],"texture":"#2"},"up":{"uv":[7.0,5.66667,6.33333,6.33333],"texture":"#2"},"down":{"uv":[7.66667,5.66667,7.0,6.33333],"texture":"#2"}}},{"from":[2.25,-1.0,4.0],"to":[2.25,8.0,11.0],"rotation":{"angle":-22.5,"axis":"z","origin":[-0.5,5.5,2.5]},"faces":{"east":{"uv":[0.33333,12.66667,2.66667,15.66667],"texture":"#2","tintindex":0},"west":{"uv":[2.66667,12.66667,0.33333,15.66667],"texture":"#2","tintindex":0}}},{"from":[4.5,-0.5,0.25],"to":[11.5,3.5,3.25],"rotation":{"angle":-22.5,"axis":"x","origin":[8.0,4.0,1.0]},"faces":{"north":{"uv":[1.33333,6.66667,3.66667,8.0],"texture":"#2"},"east":{"uv":[6.0,3.33333,7.0,4.66667],"texture":"#2"},"south":{"uv":[0.0,0.0,0.0,0.0],"texture":"#2"},"west":{"uv":[7.0,3.33333,6.0,4.66667],"texture":"#2"},"up":{"uv":[3.66667,6.66667,6.0,7.66667],"texture":"#2"},"down":{"uv":[5.0,7.66667,7.33333,8.66667],"texture":"#2"}}},{"from":[2.5,10.0,4.0],"to":[13.5,16.0,4.0],"rotation":{"angle":0.0,"axis":"y","origin":[8.34776,5.73123,9.0]},"faces":{"north":{"uv":[6.66667,0.0,10.33333,2.0],"texture":"#2"},"south":{"uv":[6.66667,0.0,10.33333,2.0],"texture":"#2"}}},{"from":[2.5,10.0,4.0],"to":[13.5,16.0,4.0],"rotation":{"angle":0.0,"axis":"y","origin":[8.34776,5.73123,9.0]},"faces":{"north":{"uv":[0.33333,10.33333,4.0,12.33333],"texture":"#2","tintindex":0},"south":{"uv":[0.33333,10.33333,4.0,12.33333],"texture":"#2","tintindex":0}}},{"from":[2.5,0.0,3.0],"to":[13.5,10.0,7.0],"rotation":{"angle":0.0,"axis":"y","origin":[8.34776,5.73123,9.0]},"faces":{"north":{"uv":[12.0,0.0,15.66667,3.33333],"texture":"#2","tintindex":0},"east":{"uv":[11.0,0.0,12.33333,3.33333],"texture":"#2","tintindex":0},"west":{"uv":[12.33333,0.0,11.0,3.33333],"texture":"#2","tintindex":0}}},{"from":[4.5,-0.5,0.25],"to":[11.5,3.5,3.25],"rotation":{"angle":-22.5,"axis":"x","origin":[8.0,4.0,1.0]},"faces":{"north":{"uv":[12.0,3.33333,14.33333,4.66667],"texture":"#2","tintindex":0},"east":{"uv":[4.33333,11.66667,5.33333,13.0],"texture":"#2","tintindex":0},"west":{"uv":[5.33333,11.66667,4.33333,13.0],"texture":"#2","tintindex":0}}},{"from":[13.5,10.0,7.0],"to":[2.5,0.0,3.0],"rotation":{"angle":0.0,"axis":"y","origin":[8.34776,5.73123,9.0]},"faces":{"north":{"uv":[0.0,0.0,0.0,0.0],"texture":"#2"},"east":{"uv":[1.33333,10.33333,0.0,7.0],"texture":"#2"},"south":{"uv":[1.33333,6.66667,5.0,3.33333],"texture":"#2"},"west":{"uv":[0.0,10.33333,1.33333,7.0],"texture":"#2"},"up":{"uv":[5.0,8.0,1.33333,9.33333],"texture":"#2"},"down":{"uv":[8.0,2.0,4.33333,3.33333],"texture":"#2"}}},{"from":[12.5,6.0,13.0],"to":[3.5,4.0,3.0],"rotation":{"angle":0.0,"axis":"y","origin":[8.34776,5.73123,9.0]},"faces":{"north":{"uv":[7.66667,10.66667,7.0,13.66667],"texture":"#2","tintindex":0,"rotation":270},"east":{"uv":[7.0,14.0,6.33333,10.66667],"texture":"#2","tintindex":0,"rotation":270},"west":{"uv":[7.0,10.66667,6.33333,14.0],"texture":"#2","tintindex":0,"rotation":270}}},{"from":[13.5,10.0,7.0],"to":[2.5,0.0,3.0],"rotation":{"angle":0.0,"axis":"y","origin":[8.34776,5.73123,9.0]},"faces":{"east":{"uv":[12.33333,3.33333,11.0,0.0],"texture":"#2","tintindex":0},"south":{"uv":[12.0,3.33333,15.66667,0.0],"texture":"#2","tintindex":0},"west":{"uv":[11.0,3.33333,12.33333,0.0],"texture":"#2","tintindex":0}}}],"display":{"thirdperson_righthand":{"translation":[0.0,1.0,0.75],"rotation":[55.5,34.0,0.0],"scale":[0.52539,0.52539,0.52539]},"thirdperson_lefthand":{"translation":[0.0,1.0,0.75],"rotation":[55.5,34.0,0.0],"scale":[0.52539,0.52539,0.52539]},"firstperson_righthand":{"translation":[9.5,0.0,-5.75],"rotation":[21.0,114.5,-13.75],"scale":[0.41992,0.41992,0.41992]},"firstperson_lefthand":{"translation":[9.5,0.0,-5.75],"rotation":[21.0,114.5,-13.75],"scale":[0.41992,0.41992,0.41992]},"gui":{"translation":[-0.25,3.25,0.0],"rotation":[-149.61,-31.92,-180.0],"scale":[0.79882,0.79882,0.79882]},"head":{"translation":[0.0,5.25,0.0],"scale":[1.61758,1.61758,1.61758]}},"credit":"Made with Blockbench","gui_light":"front"}