{"textures":{"0":"mcc:island_cosmetics/head/head_5","1":"mcc:island_cosmetics/head/head_7","2":"mcc:island_cosmetics/head_variant/head_7_extra","particle":"mcc:island_cosmetics/head/head_5"},"credit":"Made with Blockbench","texture_size":[128.0,128.0],"elements":[{"from":[3.52,5.52,3.52],"to":[12.48,8.48,12.48],"rotation":{"angle":0.0,"axis":"x","origin":[7.5,9.5,7.5]},"faces":{"north":{"uv":[5.375,8.875,5.5,9.0],"texture":"#0"},"east":{"uv":[7.75,10.875,8.875,11.25],"texture":"#0"},"south":{"uv":[8.875,10.875,10.0,11.25],"texture":"#0"},"west":{"uv":[8.875,10.875,7.75,11.25],"texture":"#0"}}},{"from":[3.52,5.52,3.52],"to":[12.48,8.48,12.48],"rotation":{"angle":0.0,"axis":"x","origin":[7.5,9.5,7.5]},"faces":{"north":{"uv":[5.375,8.875,5.5,9.0],"texture":"#0"},"east":{"uv":[14.375,7.625,15.5,8.0],"texture":"#2"},"south":{"uv":[13.25,7.625,14.375,8.0],"texture":"#2"},"west":{"uv":[15.5,7.625,14.375,8.0],"texture":"#2"}}},{"from":[3.0,4.5,1.5],"to":[13.0,9.5,3.5],"faces":{"north":{"uv":[7.75,10.25,9.0,10.875],"texture":"#0"},"east":{"uv":[9.0,10.25,9.25,10.875],"texture":"#0"},"south":{"uv":[10.0,10.5,11.25,11.125],"texture":"#0"},"west":{"uv":[9.25,10.25,9.0,10.875],"texture":"#0"},"up":{"uv":[9.25,10.25,10.5,10.5],"texture":"#0"},"down":{"uv":[7.75,11.25,9.0,11.5],"texture":"#0"}}},{"from":[3.0,4.5,1.5],"to":[13.0,9.5,3.5],"faces":{"north":{"uv":[9.0,11.25,10.25,11.875],"texture":"#0","tintindex":0.0},"east":{"uv":[5.625,8.875,5.75,9.0],"texture":"#0"},"south":{"uv":[5.625,8.875,5.75,9.0],"texture":"#0"},"west":{"uv":[5.625,8.875,5.75,9.0],"texture":"#0"},"up":{"uv":[5.625,8.875,5.75,9.0],"texture":"#0"},"down":{"uv":[5.625,8.875,5.75,9.0],"texture":"#0"}}},{"from":[3.0,8.75,4.75],"to":[13.0,13.75,14.75],"rotation":{"angle":22.5,"axis":"x","origin":[8.0,12.75,8.0]},"faces":{"north":{"uv":[0.0,7.125,1.25,7.75],"texture":"#1","tintindex":0.0},"east":{"uv":[0.0,7.125,1.25,7.75],"texture":"#1","tintindex":0.0},"south":{"uv":[0.0,7.125,1.25,7.75],"texture":"#1","tintindex":0.0},"west":{"uv":[0.0,7.125,1.25,7.75],"texture":"#1","tintindex":0.0},"up":{"uv":[0.0,7.5,1.25,8.75],"texture":"#1","tintindex":0.0},"down":{"uv":[2.125,5.5,2.25,5.625],"texture":"#1","tintindex":0.0}}},{"from":[2.8,8.55,4.55],"to":[13.2,10.95,14.95],"rotation":{"angle":22.5,"axis":"x","origin":[8.0,12.75,8.0]},"faces":{"north":{"uv":[12.625,8.125,13.875,8.375],"texture":"#2"},"east":{"uv":[12.625,8.125,13.875,8.375],"texture":"#2"},"south":{"uv":[12.625,8.125,13.875,8.375],"texture":"#2"},"west":{"uv":[12.625,8.125,13.875,8.375],"texture":"#2"},"up":{"uv":[14.75,6.75,14.875,6.875],"texture":"#2"},"down":{"uv":[13.875,8.125,15.125,9.375],"texture":"#2"}}},{"from":[6.0,13.75,7.75],"to":[10.0,16.75,11.75],"rotation":{"angle":22.5,"axis":"x","origin":[8.0,12.75,8.0]},"faces":{"north":{"uv":[12.625,7.75,13.125,8.125],"texture":"#2"},"east":{"uv":[12.625,7.75,13.125,8.125],"texture":"#2"},"south":{"uv":[12.625,7.75,13.125,8.125],"texture":"#2"},"west":{"uv":[12.625,7.75,13.125,8.125],"texture":"#2"},"up":{"uv":[12.625,7.25,13.125,7.75],"texture":"#2"},"down":{"uv":[14.75,6.75,14.875,6.875],"texture":"#2"}}},{"name":"cube inverted","from":[13.2,10.95,14.95],"to":[2.8,8.55,4.55],"rotation":{"angle":22.5,"axis":"x","origin":[8.0,12.75,8.0]},"faces":{"north":{"uv":[12.625,8.375,13.875,8.125],"texture":"#2"},"east":{"uv":[12.625,8.375,13.875,8.125],"texture":"#2"},"south":{"uv":[12.625,8.375,13.875,8.125],"texture":"#2"},"west":{"uv":[12.625,8.375,13.875,8.125],"texture":"#2"},"up":{"uv":[15.125,8.125,13.875,9.375],"texture":"#2"},"down":{"uv":[14.875,6.75,14.75,6.875],"texture":"#2"}}},{"name":"cube inverted","from":[12.48,8.48,12.48],"to":[3.52,5.52,3.52],"rotation":{"angle":0.0,"axis":"x","origin":[7.5,9.5,7.5]},"faces":{"north":{"uv":[13.25,8.0,14.375,7.625],"texture":"#2"},"east":{"uv":[15.5,8.0,14.375,7.625],"texture":"#2"},"south":{"uv":[5.375,9.0,5.5,8.875],"texture":"#0"},"west":{"uv":[14.375,8.0,15.5,7.625],"texture":"#2"}}},{"name":"cube inverted","from":[12.48,8.48,12.48],"to":[3.52,5.52,3.52],"rotation":{"angle":0.0,"axis":"x","origin":[7.5,9.5,7.5]},"faces":{"north":{"uv":[8.875,11.25,10.0,10.875],"texture":"#0"},"east":{"uv":[8.875,11.25,7.75,10.875],"texture":"#0"},"south":{"uv":[5.375,9.0,5.5,8.875],"texture":"#0"},"west":{"uv":[7.75,11.25,8.875,10.875],"texture":"#0"}}}],"gui_light":"front","display":{"thirdperson_righthand":{"rotation":[55.5,34.0,0.0],"translation":[0.0,1.0,0.75],"scale":[0.52539,0.52539,0.52539]},"thirdperson_lefthand":{"rotation":[55.5,34.0,0.0],"translation":[0.0,1.0,0.75],"scale":[0.52539,0.52539,0.52539]},"firstperson_righthand":{"rotation":[21.0,114.5,-13.75],"translation":[9.5,0.0,-5.75],"scale":[0.41992,0.41992,0.41992]},"firstperson_lefthand":{"rotation":[21.0,114.5,-13.75],"translation":[9.5,0.0,-5.75],"scale":[0.41992,0.41992,0.41992]},"gui":{"rotation":[-160.8,-33.59,175.04],"translation":[-0.25,-1.0,0.0],"scale":[0.92772,0.92772,0.92772]},"head":{"translation":[0.0,2.25,0.5],"scale":[1.67226,1.67226,1.67226]}}}