{"textures":{"0":"mcc:island_cosmetics/head/head","particle":"mcc:island_cosmetics/head/head"},"credit":"Made with Blockbench","texture_size":[128.0,128.0],"elements":[{"from":[3.0,0.0,3.0],"to":[13.0,2.0,13.0],"faces":{"north":{"uv":[3.875,1.0,5.125,1.25],"texture":"#0"},"east":{"uv":[3.875,1.0,5.125,1.25],"texture":"#0"},"south":{"uv":[3.875,1.0,5.125,1.25],"texture":"#0"},"west":{"uv":[3.875,1.0,5.125,1.25],"texture":"#0"},"up":{"uv":[4.25,4.5,5.5,5.75],"texture":"#0"},"down":{"uv":[9.125,0.0,10.375,1.25],"texture":"#0"}}},{"from":[3.0,2.0,3.0],"to":[13.0,4.0,13.0],"faces":{"north":{"uv":[3.875,0.75,5.125,1.0],"texture":"#0","tintindex":0.0},"east":{"uv":[3.875,0.75,5.125,1.0],"texture":"#0","tintindex":0.0},"south":{"uv":[3.875,0.75,5.125,1.0],"texture":"#0","tintindex":0.0},"west":{"uv":[3.875,0.75,5.125,1.0],"texture":"#0","tintindex":0.0},"up":{"uv":[9.125,0.0,10.375,1.25],"texture":"#0"},"down":{"uv":[9.125,0.0,10.375,1.25],"texture":"#0","tintindex":0.0}}},{"from":[1.0,4.0,1.0],"to":[15.0,10.0,15.0],"faces":{"north":{"uv":[3.875,0.0,5.625,0.75],"texture":"#0"},"east":{"uv":[3.875,0.0,5.625,0.75],"texture":"#0"},"south":{"uv":[3.875,0.0,5.625,0.75],"texture":"#0"},"west":{"uv":[3.875,0.0,5.625,0.75],"texture":"#0"},"up":{"uv":[5.625,0.0,7.375,1.75],"texture":"#0"},"down":{"uv":[7.375,0.0,9.125,1.75],"texture":"#0"}}}],"gui_light":"front","display":{"thirdperson_righthand":{"rotation":[64.25,0.0,0.0],"scale":[0.44336,0.44336,0.44336]},"thirdperson_lefthand":{"rotation":[64.25,0.0,0.0],"scale":[0.44336,0.44336,0.44336]},"firstperson_righthand":{"scale":[0.0,0.0,0.0]},"firstperson_lefthand":{"scale":[0.0,0.0,0.0]},"ground":{"translation":[0.0,4.25,0.0],"scale":[0.43945,0.43945,0.43945]},"gui":{"rotation":[23.0,-153.0,0.0],"translation":[0.0,2.0,0.0],"scale":[0.73828,0.73828,0.73828]},"head":{"rotation":[5.25,0.0,0.0],"translation":[0.0,13.75,0.99],"scale":[1.51992,1.51992,1.51992]}}}