{"textures":{"0":"mcc:island_cosmetics/head/head","particle":"mcc:island_cosmetics/head/head"},"credit":"Made with Blockbench","texture_size":[128.0,128.0],"elements":[{"from":[-2.00317,1.25,-2.15173],"to":[17.99683,1.25,17.84827],"rotation":{"angle":0.0,"axis":"y","origin":[7.92255,2.25,7.92572]},"faces":{"north":{"uv":[3.875,0.75,5.125,1.25],"texture":"#0","tintindex":0.0},"east":{"uv":[3.875,0.75,5.125,1.25],"texture":"#0","tintindex":0.0},"south":{"uv":[3.875,0.75,5.125,1.25],"texture":"#0","tintindex":0.0},"west":{"uv":[3.875,0.75,5.125,1.25],"texture":"#0","tintindex":0.0},"up":{"uv":[5.75,6.75,8.25,9.25],"rotation":270.0,"texture":"#0","tintindex":0.0},"down":{"uv":[5.75,6.75,8.25,9.25],"rotation":90.0,"texture":"#0","tintindex":0.0}}},{"from":[-2.00317,1.25,-2.15173],"to":[17.99683,1.25,17.84827],"rotation":{"angle":0.0,"axis":"y","origin":[7.92255,2.25,7.92572]},"faces":{"north":{"uv":[5.75,6.75,5.875,6.875],"texture":"#0","tintindex":0.0},"east":{"uv":[5.75,6.75,5.875,6.875],"texture":"#0","tintindex":0.0},"south":{"uv":[5.75,6.75,5.875,6.875],"texture":"#0","tintindex":0.0},"west":{"uv":[5.75,6.75,5.875,6.875],"texture":"#0","tintindex":0.0},"up":{"uv":[5.75,9.25,8.25,11.75],"rotation":270.0,"texture":"#0","tintindex":0.0},"down":{"uv":[5.75,9.25,8.25,11.75],"rotation":90.0,"texture":"#0","tintindex":0.0}}},{"from":[3.02984,1.25,2.17348],"to":[13.02984,8.25,2.17348],"rotation":{"angle":45.0,"axis":"y","origin":[7.92255,2.25,7.92572]},"faces":{"north":{"uv":[8.25,7.625,9.5,8.5],"texture":"#0","tintindex":0.0},"east":{"uv":[3.875,0.75,5.125,1.25],"texture":"#0","tintindex":0.0},"south":{"uv":[8.25,7.625,9.5,8.5],"texture":"#0","tintindex":0.0},"west":{"uv":[3.875,0.75,5.125,1.25],"texture":"#0","tintindex":0.0},"up":{"uv":[9.625,6.5,11.625,8.5],"texture":"#0","tintindex":0.0},"down":{"uv":[9.625,6.5,11.625,8.5],"texture":"#0","tintindex":0.0}}},{"from":[5.52166,1.5,-2.56239],"to":[8.52166,1.5,3.43761],"rotation":{"angle":22.5,"axis":"y","origin":[7.92255,2.25,7.92572]},"faces":{"north":{"uv":[8.25,7.625,9.5,8.5],"texture":"#0","tintindex":0.0},"east":{"uv":[3.875,0.75,5.125,1.25],"texture":"#0","tintindex":0.0},"south":{"uv":[9.25,7.625,8.25,8.5],"texture":"#0","tintindex":0.0},"west":{"uv":[3.875,0.75,5.125,1.25],"texture":"#0","tintindex":0.0},"up":{"uv":[9.25,8.625,9.625,9.375],"texture":"#0","tintindex":0.0},"down":{"uv":[9.25,8.625,9.625,9.375],"rotation":180.0,"texture":"#0","tintindex":0.0}}},{"from":[-2.32003,1.5,6.20719],"to":[3.67997,1.5,9.20719],"rotation":{"angle":-22.5,"axis":"y","origin":[7.92255,2.25,7.92572]},"faces":{"north":{"uv":[3.875,0.75,5.125,1.25],"texture":"#0","tintindex":0.0},"east":{"uv":[9.25,7.625,8.25,8.5],"texture":"#0","tintindex":0.0},"south":{"uv":[3.875,0.75,5.125,1.25],"texture":"#0","tintindex":0.0},"west":{"uv":[8.25,7.625,9.5,8.5],"texture":"#0","tintindex":0.0},"up":{"uv":[9.25,8.625,9.625,9.375],"rotation":270.0,"texture":"#0","tintindex":0.0},"down":{"uv":[9.25,8.625,9.625,9.375],"rotation":270.0,"texture":"#0","tintindex":0.0}}},{"from":[3.99683,1.25,3.84827],"to":[11.99683,5.25,11.84827],"rotation":{"angle":0.0,"axis":"y","origin":[7.92255,2.25,7.92572]},"faces":{"north":{"uv":[8.25,8.5,9.25,9.0],"texture":"#0","tintindex":0.0},"east":{"uv":[8.25,8.5,9.25,9.0],"texture":"#0","tintindex":0.0},"south":{"uv":[8.25,8.5,9.25,9.0],"texture":"#0","tintindex":0.0},"west":{"uv":[8.25,8.5,9.25,9.0],"texture":"#0","tintindex":0.0},"up":{"uv":[8.25,10.25,9.25,11.25],"rotation":270.0,"texture":"#0","tintindex":0.0},"down":{"uv":[8.875,7.875,9.0,8.0],"rotation":90.0,"texture":"#0"}}},{"from":[3.99683,1.25,3.84827],"to":[11.99683,3.25,11.84827],"rotation":{"angle":0.0,"axis":"y","origin":[7.92255,2.25,7.92572]},"faces":{"north":{"uv":[8.25,9.0,9.25,9.25],"texture":"#0","tintindex":0.0},"east":{"uv":[8.25,9.0,9.25,9.25],"texture":"#0","tintindex":0.0},"south":{"uv":[8.25,9.0,9.25,9.25],"texture":"#0","tintindex":0.0},"west":{"uv":[8.25,9.0,9.25,9.25],"texture":"#0","tintindex":0.0},"up":{"uv":[8.875,7.875,9.0,8.0],"rotation":270.0,"texture":"#0","tintindex":0.0},"down":{"uv":[8.875,7.875,9.0,8.0],"rotation":90.0,"texture":"#0","tintindex":0.0}}}],"gui_light":"front","display":{"thirdperson_righthand":{"rotation":[64.25,0.0,0.0],"scale":[0.44336,0.44336,0.44336]},"thirdperson_lefthand":{"rotation":[64.25,0.0,0.0],"scale":[0.44336,0.44336,0.44336]},"firstperson_righthand":{"scale":[0.0,0.0,0.0]},"firstperson_lefthand":{"scale":[0.0,0.0,0.0]},"ground":{"translation":[0.0,4.25,0.0],"scale":[0.43945,0.43945,0.43945]},"gui":{"rotation":[-151.27,-30.94,167.64],"translation":[-0.75,4.25,0.0],"scale":[0.68164,0.68164,0.68164]},"head":{"translation":[0.0,16.0,0.0],"scale":[1.85977,1.85977,1.85977]}}}