{"textures":{"3":"mcc:island_cosmetics/general/hat/computer_head/bun_bot_anim","4":"mcc:island_cosmetics/general/hat/computer_head/bun_bot","particle":"mcc:island_cosmetics/general/hat/computer_head/bun_bot"},"elements":[{"from":[1.0,-1.0,0.5],"to":[15.0,12.0,6.5],"rotation":{"angle":0.0,"axis":"x","origin":[5.0,9.5,7.5]},"faces":{"north":{"uv":[0.66667,6.0,5.33333,10.33333],"texture":"#4"},"east":{"uv":[5.33333,6.0,7.33333,10.33333],"texture":"#4"},"south":{"uv":[0.0,1.66667,4.66667,6.0],"texture":"#4"},"west":{"uv":[7.33333,6.0,5.33333,10.33333],"texture":"#4"},"up":{"uv":[4.66667,4.0,9.33333,6.0],"texture":"#4"},"down":{"uv":[4.66667,0.0,9.33333,2.0],"texture":"#4"}}},{"from":[2.0,10.5,3.5],"to":[7.0,17.5,7.5],"rotation":{"angle":0.0,"axis":"z","origin":[8.0,19.5,3.5]},"faces":{"north":{"uv":[3.0,10.66667,0.66667,12.33333],"texture":"#4","rotation":90},"east":{"uv":[3.0,13.66667,0.66667,12.33333],"texture":"#4","rotation":90},"south":{"uv":[6.66667,12.33333,4.33333,10.66667],"texture":"#4","rotation":90},"west":{"uv":[3.0,12.33333,0.66667,13.66667],"texture":"#4","rotation":90},"up":{"uv":[4.33333,12.33333,3.0,10.66667],"texture":"#4","rotation":90}}},{"from":[2.0,10.5,3.5],"to":[7.0,17.5,3.5],"rotation":{"angle":0.0,"axis":"z","origin":[8.0,19.5,3.5]},"faces":{"north":{"uv":[7.0,13.0,8.66667,10.66667],"texture":"#4","tintindex":0},"east":{"uv":[3.0,13.66667,0.66667,12.33333],"texture":"#4","rotation":90},"south":{"uv":[7.0,13.0,8.66667,10.66667],"texture":"#4","tintindex":0},"west":{"uv":[3.0,12.33333,0.66667,13.66667],"texture":"#4","rotation":90},"up":{"uv":[4.33333,12.33333,3.0,10.66667],"texture":"#4","rotation":90}}},{"from":[10.0,10.5,3.5],"to":[15.0,17.5,7.5],"rotation":{"angle":-22.5,"axis":"z","origin":[11.5,13.5,4.5]},"faces":{"north":{"uv":[3.0,12.33333,0.66667,10.66667],"texture":"#4","rotation":90},"east":{"uv":[3.0,13.66667,0.66667,12.33333],"texture":"#4","rotation":90},"south":{"uv":[6.66667,10.66667,4.33333,12.33333],"texture":"#4","rotation":90},"west":{"uv":[3.0,12.33333,0.66667,13.66667],"texture":"#4","rotation":90},"up":{"uv":[4.33333,10.66667,3.0,12.33333],"texture":"#4","rotation":90}}},{"from":[10.0,10.5,3.5],"to":[15.0,17.5,3.5],"rotation":{"angle":-22.5,"axis":"z","origin":[11.5,13.5,4.5]},"faces":{"north":{"uv":[8.66667,13.0,7.0,10.66667],"texture":"#4","tintindex":0},"east":{"uv":[3.0,13.66667,0.66667,12.33333],"texture":"#4","rotation":90},"south":{"uv":[8.66667,13.0,7.0,10.66667],"texture":"#4","tintindex":0},"west":{"uv":[3.0,12.33333,0.66667,13.66667],"texture":"#4","rotation":90},"up":{"uv":[4.33333,10.66667,3.0,12.33333],"texture":"#4","rotation":90}}},{"from":[2.0,0.0,6.5],"to":[14.0,11.0,12.5],"rotation":{"angle":0.0,"axis":"x","origin":[6.0,9.5,7.5]},"faces":{"east":{"uv":[7.33333,6.66667,9.33333,10.33333],"texture":"#4"},"south":{"uv":[13.33333,6.66667,9.33333,10.33333],"texture":"#4"},"west":{"uv":[9.33333,6.66667,7.33333,10.33333],"texture":"#4"},"up":{"uv":[9.33333,4.66667,13.33333,6.66667],"texture":"#4"},"down":{"uv":[8.66667,2.0,4.66667,4.0],"texture":"#4"}}},{"from":[14.0,11.0,1.5],"to":[2.0,1.0,0.5],"rotation":{"angle":0.0,"axis":"x","origin":[-6.0,9.5,7.5]},"faces":{"north":{"uv":[9.33333,4.66667,13.33333,1.33333],"texture":"#4","tintindex":0},"east":{"uv":[9.33333,4.66667,9.66667,1.33333],"texture":"#4","tintindex":0},"west":{"uv":[9.33333,4.66667,9.66667,1.33333],"texture":"#4","tintindex":0},"up":{"uv":[13.33333,4.33333,9.33333,4.66667],"texture":"#4","tintindex":0},"down":{"uv":[13.33333,1.33333,9.33333,1.66667],"texture":"#4","tintindex":0}}},{"from":[2.5,1.0,1.0],"to":[13.5,11.0,1.0],"rotation":{"angle":0.0,"axis":"x","origin":[-18.5,6.5,7.5]},"faces":{"north":{"uv":[3.0,3.0,14.0,13.0],"texture":"#3","tintindex":0},"south":{"uv":[3.0,3.0,14.0,13.0],"texture":"#3","tintindex":0}}}],"display":{"thirdperson_righthand":{"translation":[0.0,1.0,0.75],"rotation":[55.5,34.0,0.0],"scale":[0.52539,0.52539,0.52539]},"thirdperson_lefthand":{"translation":[0.0,1.0,0.75],"rotation":[55.5,34.0,0.0],"scale":[0.52539,0.52539,0.52539]},"firstperson_righthand":{"translation":[9.5,0.0,-5.75],"rotation":[21.0,114.5,-13.75],"scale":[0.41992,0.41992,0.41992]},"firstperson_lefthand":{"translation":[9.5,0.0,-5.75],"rotation":[21.0,114.5,-13.75],"scale":[0.41992,0.41992,0.41992]},"gui":{"translation":[-1.0,1.25,0.0],"rotation":[-149.61,-31.92,-180.0],"scale":[0.6914,0.6914,0.6914]},"head":{"translation":[0.0,6.25,2.0],"scale":[1.62539,1.62539,1.62539]}},"credit":"Made with Blockbench","gui_light":"front"}