{"textures":{"3":"mcc:island_cosmetics/general/hat/computer_head/game_guy_anim","4":"mcc:island_cosmetics/general/hat/computer_head/game_guy","particle":"mcc:island_cosmetics/general/hat/computer_head/game_guy"},"elements":[{"from":[1.5,-1.0,0.5],"to":[14.5,12.0,6.5],"rotation":{"angle":0.0,"axis":"x","origin":[5.5,9.5,7.5]},"faces":{"north":{"uv":[1.0,6.5,4.5,9.75],"texture":"#4","tintindex":0},"east":{"uv":[4.5,6.5,6.0,9.75],"texture":"#4","tintindex":0},"south":{"uv":[0.5,3.25,3.75,6.5],"texture":"#4","tintindex":0},"west":{"uv":[6.0,6.5,4.5,9.75],"texture":"#4","tintindex":0},"up":{"uv":[4.0,5.0,7.25,6.5],"texture":"#4","tintindex":0},"down":{"uv":[4.0,2.0,7.25,3.5],"texture":"#4","tintindex":0}}},{"from":[1.01,-3.58323,0.43085],"to":[14.99,1.39677,5.41085],"rotation":{"angle":-22.5,"axis":"x","origin":[8.0,-1.84323,0.29585]},"faces":{"north":{"uv":[0.25,1.5,3.75,2.75],"texture":"#4","tintindex":0},"east":{"uv":[3.75,0.5,5.0,1.75],"texture":"#4","tintindex":0},"south":{"uv":[10.25,2.5,13.75,2.75],"texture":"#4","tintindex":0},"west":{"uv":[5.0,0.5,3.75,1.75],"texture":"#4","tintindex":0},"up":{"uv":[10.25,4.0,13.75,5.25],"texture":"#4","tintindex":0},"down":{"uv":[10.25,2.5,13.75,3.75],"texture":"#4","tintindex":0}}},{"from":[1.0,-3.59323,0.17085],"to":[15.0,1.40677,0.17085],"rotation":{"angle":-22.5,"axis":"x","origin":[8.0,-1.84323,0.29585]},"faces":{"north":{"uv":[7.75,1.0,11.25,2.25],"texture":"#4"},"south":{"uv":[11.25,1.0,7.75,2.25],"texture":"#4"}}},{"from":[2.5,0.0,6.5],"to":[13.5,11.0,12.5],"rotation":{"angle":0.0,"axis":"x","origin":[6.5,9.5,7.5]},"faces":{"east":{"uv":[6.0,7.0,7.5,9.75],"texture":"#4"},"south":{"uv":[10.25,7.0,7.5,9.75],"texture":"#4"},"west":{"uv":[7.5,7.0,6.0,9.75],"texture":"#4"},"up":{"uv":[7.5,5.5,10.25,7.0],"texture":"#4"},"down":{"uv":[6.75,3.5,4.0,5.0],"texture":"#4"}}},{"from":[13.5,2.0,3.5],"to":[15.5,9.0,10.5],"rotation":{"angle":0.0,"axis":"x","origin":[6.0,9.5,7.5]},"faces":{"north":{"uv":[10.75,5.5,11.25,7.25],"texture":"#4","tintindex":0},"east":{"uv":[7.75,3.5,9.5,5.25],"texture":"#4","tintindex":0},"south":{"uv":[11.25,5.5,10.75,7.25],"texture":"#4","tintindex":0},"west":{"uv":[7.5,7.0,6.0,9.75],"texture":"#4","tintindex":0},"up":{"uv":[9.5,3.5,10.0,5.25],"texture":"#4","tintindex":0,"rotation":180},"down":{"uv":[10.0,3.5,9.5,5.25],"texture":"#4","tintindex":0}}},{"from":[0.5,2.0,3.5],"to":[2.5,9.0,10.5],"rotation":{"angle":0.0,"axis":"x","origin":[10.0,9.5,7.5]},"faces":{"north":{"uv":[11.25,5.5,10.75,7.25],"texture":"#4","tintindex":0},"east":{"uv":[6.0,7.0,7.5,9.75],"texture":"#4","tintindex":0},"south":{"uv":[10.75,5.5,11.25,7.25],"texture":"#4","tintindex":0},"west":{"uv":[9.5,3.5,7.75,5.25],"texture":"#4","tintindex":0},"up":{"uv":[10.0,3.5,9.5,5.25],"texture":"#4","tintindex":0,"rotation":180},"down":{"uv":[9.5,3.5,10.0,5.25],"texture":"#4","tintindex":0}}},{"from":[15.75,2.0,3.5],"to":[15.75,9.0,10.5],"rotation":{"angle":0.0,"axis":"x","origin":[6.0,9.5,7.5]},"faces":{"east":{"uv":[12.25,0.5,14.0,2.25],"texture":"#4"},"west":{"uv":[12.25,0.5,14.0,2.25],"texture":"#4"}}},{"from":[0.25,2.0,3.5],"to":[0.25,9.0,10.5],"rotation":{"angle":0.0,"axis":"x","origin":[10.0,9.5,7.5]},"faces":{"east":{"uv":[14.0,0.5,12.25,2.25],"texture":"#4"},"west":{"uv":[14.0,0.5,12.25,2.25],"texture":"#4"}}},{"from":[13.5,11.0,1.5],"to":[2.5,1.0,0.5],"rotation":{"angle":0.0,"axis":"x","origin":[-6.5,9.5,7.5]},"faces":{"north":{"uv":[10.75,10.5,13.5,8.0],"texture":"#4"},"east":{"uv":[10.75,10.5,11.0,8.0],"texture":"#4"},"west":{"uv":[10.75,10.5,11.0,8.0],"texture":"#4"},"up":{"uv":[13.5,10.25,10.75,10.5],"texture":"#4"},"down":{"uv":[13.5,8.0,10.75,8.25],"texture":"#4"}}},{"from":[3.0,1.0,1.0],"to":[13.0,11.0,1.0],"rotation":{"angle":0.0,"axis":"x","origin":[-18.5,6.5,7.5]},"faces":{"north":{"uv":[4.0,3.0,14.0,13.0],"texture":"#3"},"south":{"uv":[14.0,3.0,4.0,13.0],"texture":"#3"}}}],"display":{"thirdperson_righthand":{"translation":[0.0,1.0,0.75],"rotation":[55.5,34.0,0.0],"scale":[0.52539,0.52539,0.52539]},"thirdperson_lefthand":{"translation":[0.0,1.0,0.75],"rotation":[55.5,34.0,0.0],"scale":[0.52539,0.52539,0.52539]},"firstperson_righthand":{"translation":[9.5,0.0,-5.75],"rotation":[21.0,114.5,-13.75],"scale":[0.41992,0.41992,0.41992]},"firstperson_lefthand":{"translation":[9.5,0.0,-5.75],"rotation":[21.0,114.5,-13.75],"scale":[0.41992,0.41992,0.41992]},"gui":{"translation":[-0.75,3.0,0.0],"rotation":[-149.61,-31.92,-180.0],"scale":[0.70898,0.70898,0.70898]},"head":{"translation":[0.0,6.25,2.0],"scale":[1.62539,1.62539,1.62539]}},"credit":"Made with Blockbench","gui_light":"front"}