{
	"credit": "Made with Blockbench",
	"textures": {
		"spyglass": "item/custom/nexus_black"
	},
	"elements": [
		{
			"from": [5.9, 7.4, 4.9],
			"to": [10.1, 7.6, 12.1],
			"faces": {
				"north": {"uv": [0, 7, 2, 13], "texture": "#spyglass"},
				"east": {"uv": [0, 7, 2, 13], "texture": "#spyglass"},
				"south": {"uv": [0, 7, 2, 13], "texture": "#spyglass"},
				"west": {"uv": [0, 7, 2, 13], "texture": "#spyglass"},
				"up": {"uv": [8, 5, 16, 16], "texture": "#spyglass"},
				"down": {"uv": [2, 5, 8, 16], "texture": "#spyglass"}
			}
		}
	],
	"gui_light": "front",
	"display": {
		"thirdperson_righthand": {
			"rotation": [90, 0, 0],
			"translation": [0, 4, 1.5]
		},
		"thirdperson_lefthand": {
			"rotation": [90, 0, 0],
			"translation": [0, 4, 1.5]
		},
		"firstperson_righthand": {
			"rotation": [75, 0, 15],
			"translation": [0, 3.5, 0]
		},
		"firstperson_lefthand": {
			"rotation": [75, 0, 15],
			"translation": [0, 3.5, 0]
		},
		"ground": {
			"rotation": [90, 0, 0],
			"translation": [0, 1, 0]
		},
		"gui": {
			"rotation": [-67.5, 180, -45],
			"translation": [-0.5, 0.75, 0],
			"scale": [1.5, 1.5, 1.5]
		},
		"head": {
			"rotation": [90, 0, 0],
			"translation": [0, 15, 0.5],
			"scale": [1.6, 1.6, 1.6]
		},
		"fixed": {
			"rotation": [90, 0, 0],
			"translation": [0, 0.25, 1.6],
			"scale": [1.5, 1.5, 1.5]
		}
	},
	"groups": [
		{
			"name": "spyglass_in_hand",
			"origin": [8, 8, 8],
			"color": 0,
			"children": [0]
		}
	]
}