{"textures":{"0":"mcc:island_cosmetics/general/hat/beanie/beanie","2":"mcc:island_cosmetics/general/hat/beanie/variant_beanie","particle":"mcc:island_cosmetics/general/hat/beanie/beanie"},"display":{"thirdperson_righthand":{"translation":[0.0,1.0,0.75],"rotation":[55.5,34.0,0.0],"scale":[0.52539,0.52539,0.52539]},"thirdperson_lefthand":{"translation":[0.0,1.0,0.75],"rotation":[55.5,34.0,0.0],"scale":[0.52539,0.52539,0.52539]},"firstperson_righthand":{"translation":[9.5,0.0,-5.75],"rotation":[21.0,114.5,-13.75],"scale":[0.41992,0.41992,0.41992]},"firstperson_lefthand":{"translation":[9.5,0.0,-5.75],"rotation":[21.0,114.5,-13.75],"scale":[0.41992,0.41992,0.41992]},"gui":{"translation":[0.5,-2.75,0.0],"rotation":[-168.09,-34.89,169.2],"scale":[0.99804,0.99804,0.99804]},"head":{"translation":[-0.25,2.75,0.25],"rotation":[5.73,0.0,0.0],"scale":[1.7504,1.7504,1.7504]}},"credit":"Made with Blockbench","texture_size":[32.0,32.0],"elements":[{"from":[9.5,11.0,7.5],"to":[14.5,16.0,9.5],"rotation":{"angle":-22.5,"axis":"z","origin":[13.0,14.25,8.5]},"faces":{"north":{"uv":[1.25,0.5,1.875,1.125],"texture":"#2","tintindex":0.0},"east":{"uv":[1.25,0.5,1.375,1.125],"texture":"#2","tintindex":0.0},"south":{"uv":[1.875,0.5,2.5,1.125],"texture":"#2","tintindex":0.0},"west":{"uv":[1.25,0.5,1.375,1.125],"texture":"#2","tintindex":0.0},"up":{"uv":[1.875,0.5,2.5,0.625],"texture":"#2","tintindex":0.0},"down":{"uv":[9.125,0.0,10.25,1.125],"texture":"#0","tintindex":0.0}}},{"from":[9.5,11.0,7.5],"to":[14.5,16.0,9.5],"rotation":{"angle":-22.5,"axis":"z","origin":[13.0,14.25,8.5]},"faces":{"north":{"uv":[1.25,1.125,1.875,1.75],"texture":"#2"}}},{"from":[1.5,11.0,7.5],"to":[6.5,16.0,9.5],"rotation":{"angle":22.5,"axis":"z","origin":[3.0,14.25,8.5]},"faces":{"north":{"uv":[1.875,0.5,1.25,1.125],"texture":"#2","tintindex":0.0},"east":{"uv":[1.375,0.5,1.25,1.125],"texture":"#2","tintindex":0.0},"south":{"uv":[2.5,0.5,1.875,1.125],"texture":"#2","tintindex":0.0},"west":{"uv":[1.375,0.5,1.25,1.125],"texture":"#2","tintindex":0.0},"up":{"uv":[2.5,0.5,1.875,0.625],"texture":"#2","tintindex":0.0},"down":{"uv":[10.25,0.0,9.125,1.125],"texture":"#0","tintindex":0.0}}},{"from":[1.5,11.0,7.5],"to":[6.5,16.0,9.5],"rotation":{"angle":22.5,"axis":"z","origin":[3.0,14.25,8.5]},"faces":{"north":{"uv":[1.875,1.125,1.25,1.75],"texture":"#2"}}},{"from":[3.2,6.75,3.2],"to":[12.8,9.35,12.8],"rotation":{"angle":0.0,"axis":"y","origin":[8.38333,7.5,8.2]},"faces":{"north":{"uv":[4.5,0.0,9.0,1.0],"texture":"#0","tintindex":0.0},"east":{"uv":[4.5,0.0,9.0,1.0],"texture":"#0","tintindex":0.0},"south":{"uv":[4.5,0.0,9.0,1.0],"texture":"#0","tintindex":0.0},"west":{"uv":[4.5,0.0,9.0,1.0],"texture":"#0","tintindex":0.0}}},{"from":[3.5,6.75,3.5],"to":[12.5,12.75,12.5],"rotation":{"angle":0.0,"axis":"y","origin":[8.0,10.5,8.0]},"faces":{"north":{"uv":[4.5,5.5,9.0,8.5],"texture":"#0","tintindex":0.0},"east":{"uv":[4.5,5.5,9.0,8.5],"texture":"#0","tintindex":0.0},"south":{"uv":[4.5,5.5,9.0,8.5],"texture":"#0","tintindex":0.0},"west":{"uv":[4.5,5.5,9.0,8.5],"texture":"#0","tintindex":0.0},"up":{"uv":[0.0,0.0,4.5,4.5],"texture":"#0","tintindex":0.0},"down":{"uv":[0.0,4.5,4.5,9.0],"texture":"#0","tintindex":0.0}}},{"name":"cube inverted","from":[12.8,9.35,12.8],"to":[3.2,6.75,3.2],"rotation":{"angle":0.0,"axis":"y","origin":[8.38333,7.5,8.2]},"faces":{"north":{"uv":[4.5,1.0,9.0,0.0],"texture":"#0","tintindex":0.0},"east":{"uv":[4.5,1.0,9.0,0.0],"texture":"#0","tintindex":0.0},"south":{"uv":[4.5,1.0,9.0,0.0],"texture":"#0","tintindex":0.0},"west":{"uv":[4.5,1.0,9.0,0.0],"texture":"#0","tintindex":0.0}}}],"gui_light":"front"}