{"textures":{"0":"mcc:island_cosmetics/general/hat/banana_hat/banana_hat","1":"mcc:island_cosmetics/general/hat/banana_hat/peeled","particle":"mcc:island_cosmetics/general/hat/banana_hat/banana_hat"},"display":{"thirdperson_righthand":{"rotation":[64.25,0.0,0.0],"scale":[0.44336,0.44336,0.44336]},"thirdperson_lefthand":{"rotation":[64.25,0.0,0.0],"scale":[0.44336,0.44336,0.44336]},"firstperson_righthand":{"scale":[0.0,0.0,0.0]},"firstperson_lefthand":{"scale":[0.0,0.0,0.0]},"ground":{"translation":[0.0,4.25,0.0],"scale":[0.43945,0.43945,0.43945]},"gui":{"translation":[-0.25,3.25,0.0],"rotation":[-149.61,-31.92,-180.0],"scale":[0.625,0.625,0.625]},"head":{"translation":[0.0,5.75,0.0],"scale":[1.70352,1.70352,1.70352]}},"credit":"Made with Blockbench","texture_size":[32.0,32.0],"elements":[{"from":[6.0,-6.35828,0.03521],"to":[10.0,-2.35828,4.03521],"rotation":{"angle":-45.0,"axis":"x","origin":[8.0,-3.76119,4.96581]},"faces":{"north":{"uv":[11.0,1.5,13.0,3.5],"rotation":180.0,"texture":"#0"},"east":{"uv":[9.0,1.5,11.0,3.5],"rotation":90.0,"texture":"#0"},"west":{"uv":[9.0,1.5,11.0,3.5],"rotation":270.0,"texture":"#0"},"up":{"uv":[9.0,1.5,11.0,3.5],"texture":"#0"},"down":{"uv":[9.0,1.5,11.0,3.5],"rotation":180.0,"texture":"#0"}}},{"from":[4.5,-5.82517,2.03566],"to":[11.5,4.17483,9.03566],"rotation":{"angle":22.5,"axis":"x","origin":[8.0,-3.76119,4.96581]},"faces":{"north":{"uv":[4.5,9.5,8.0,14.5],"texture":"#0"},"east":{"uv":[4.5,4.5,8.0,9.5],"texture":"#0"},"south":{"uv":[9.0,3.0,12.5,8.0],"texture":"#0"},"west":{"uv":[8.0,4.5,4.5,9.5],"texture":"#0"},"down":{"uv":[11.5,8.0,15.0,11.5],"texture":"#0"}}},{"from":[3.5,0.64727,-0.01772],"to":[12.5,0.64727,3.98228],"rotation":{"angle":-22.5,"axis":"x","origin":[8.0,0.27227,0.35728]},"faces":{"north":{"uv":[15.5,21.0,11.0,22.5],"texture":"#1"},"east":{"uv":[24.5,30.5,20.0,32.0],"texture":"#1"},"south":{"uv":[24.5,25.5,20.0,27.0],"texture":"#1"},"west":{"uv":[24.5,25.5,20.0,27.0],"texture":"#1"},"up":{"uv":[15.0,0.0,13.0,4.5],"rotation":90.0,"texture":"#1"},"down":{"uv":[9.0,9.0,11.0,4.5],"rotation":90.0,"texture":"#1"}}},{"from":[3.5,-7.63882,-0.30512],"to":[12.5,0.36118,-0.30512],"rotation":{"angle":22.5,"axis":"x","origin":[8.0,-0.01382,0.06988]},"faces":{"north":{"uv":[4.5,9.0,0.0,13.0],"texture":"#1"},"east":{"uv":[24.5,30.5,20.0,32.0],"texture":"#1"},"south":{"uv":[11.5,4.5,16.0,8.5],"texture":"#1"},"west":{"uv":[24.5,25.5,20.0,27.0],"texture":"#1"},"up":{"uv":[20.5,9.0,18.0,13.5],"rotation":90.0,"texture":"#1"},"down":{"uv":[20.5,9.0,18.0,13.5],"rotation":270.0,"texture":"#1"}}},{"from":[3.5,0.64727,12.01772],"to":[12.5,0.64727,16.01772],"rotation":{"angle":22.5,"axis":"x","origin":[8.0,0.27227,15.64272]},"faces":{"north":{"uv":[20.0,25.5,24.5,27.0],"texture":"#1"},"east":{"uv":[20.0,30.5,24.5,32.0],"texture":"#1"},"south":{"uv":[11.0,21.0,15.5,22.5],"texture":"#1"},"west":{"uv":[20.0,25.5,24.5,27.0],"texture":"#1"},"up":{"uv":[13.0,0.0,15.0,4.5],"rotation":90.0,"texture":"#1"},"down":{"uv":[11.0,9.0,9.0,4.5],"rotation":90.0,"texture":"#1"}}},{"from":[3.5,-7.63882,16.30512],"to":[12.5,0.36118,16.30512],"rotation":{"angle":-22.5,"axis":"x","origin":[8.0,-0.01382,15.93012]},"faces":{"north":{"uv":[16.0,4.5,11.5,8.5],"texture":"#1"},"east":{"uv":[20.0,30.5,24.5,32.0],"texture":"#1"},"south":{"uv":[0.0,9.0,4.5,13.0],"texture":"#1"},"west":{"uv":[4.5,34.5,9.0,36.0],"texture":"#1"},"up":{"uv":[18.0,9.0,20.5,13.5],"rotation":90.0,"texture":"#1"},"down":{"uv":[18.0,9.0,20.5,13.5],"rotation":270.0,"texture":"#1"}}},{"from":[1.04687,3.47597,3.5],"to":[5.04687,3.47597,12.5],"rotation":{"angle":22.5,"axis":"z","origin":[8.0,-0.9894,8.0]},"faces":{"north":{"uv":[20.0,25.5,24.5,27.0],"texture":"#1"},"east":{"uv":[20.0,25.5,24.5,27.0],"texture":"#1"},"south":{"uv":[20.0,30.5,24.5,32.0],"texture":"#1"},"west":{"uv":[11.0,21.0,15.5,22.5],"texture":"#1"},"up":{"uv":[13.0,0.0,15.0,4.5],"rotation":180.0,"texture":"#1"},"down":{"uv":[11.0,9.0,9.0,4.5],"texture":"#1"}}},{"from":[-0.07481,-10.7478,3.5],"to":[-0.07481,-2.7478,12.5],"rotation":{"angle":-22.5,"axis":"z","origin":[8.0,-0.9894,8.0]},"faces":{"north":{"uv":[20.0,25.5,24.5,27.0],"texture":"#1"},"east":{"uv":[16.0,4.5,11.5,8.5],"texture":"#1"},"south":{"uv":[20.0,30.5,24.5,32.0],"texture":"#1"},"west":{"uv":[0.0,9.0,4.5,13.0],"texture":"#1"},"up":{"uv":[18.0,9.0,20.5,13.5],"rotation":180.0,"texture":"#1"},"down":{"uv":[18.0,9.0,20.5,13.5],"rotation":180.0,"texture":"#1"}}},{"from":[10.95313,3.47597,3.5],"to":[14.95313,3.47597,12.5],"rotation":{"angle":-22.5,"axis":"z","origin":[8.0,-0.9894,8.0]},"faces":{"north":{"uv":[24.5,25.5,20.0,27.0],"texture":"#1"},"east":{"uv":[15.5,21.0,11.0,22.5],"texture":"#1"},"south":{"uv":[24.5,30.5,20.0,32.0],"texture":"#1"},"west":{"uv":[24.5,25.5,20.0,27.0],"texture":"#1"},"up":{"uv":[15.0,0.0,13.0,4.5],"rotation":180.0,"texture":"#1"},"down":{"uv":[9.0,9.0,11.0,4.5],"texture":"#1"}}},{"from":[16.07481,-10.7478,3.5],"to":[16.07481,-2.7478,12.5],"rotation":{"angle":22.5,"axis":"z","origin":[8.0,-0.9894,8.0]},"faces":{"north":{"uv":[24.5,25.5,20.0,27.0],"texture":"#1"},"east":{"uv":[4.5,9.0,0.0,13.0],"texture":"#1"},"south":{"uv":[24.5,30.5,20.0,32.0],"texture":"#1"},"west":{"uv":[11.5,4.5,16.0,8.5],"texture":"#1"},"up":{"uv":[20.5,9.0,18.0,13.5],"rotation":180.0,"texture":"#1"},"down":{"uv":[20.5,9.0,18.0,13.5],"rotation":180.0,"texture":"#1"}}},{"from":[3.6,-0.9,3.6],"to":[12.4,8.9,12.4],"rotation":{"angle":0.0,"axis":"y","origin":[10.0,6.24,8.5]},"faces":{"north":{"uv":[0.0,4.0,4.5,9.0],"texture":"#1"},"east":{"uv":[4.5,5.5,9.0,10.5],"texture":"#1"},"south":{"uv":[4.5,5.5,9.0,10.5],"texture":"#1"},"west":{"uv":[4.5,5.5,9.0,10.5],"texture":"#1"},"up":{"uv":[8.5,0.0,13.0,4.5],"texture":"#1"},"down":{"uv":[8.5,0.0,13.0,4.5],"texture":"#1"}}},{"from":[4.5,8.0,5.0],"to":[11.5,14.0,12.0],"rotation":{"angle":-22.5,"axis":"x","origin":[10.0,6.24,9.0]},"faces":{"north":{"uv":[1.0,0.0,4.5,3.0],"texture":"#1"},"east":{"uv":[1.0,0.0,4.5,3.0],"texture":"#1"},"south":{"uv":[1.0,0.0,4.5,3.0],"texture":"#1"},"west":{"uv":[1.0,0.0,4.5,3.0],"texture":"#1"},"up":{"uv":[4.5,2.0,8.0,5.5],"texture":"#1"},"down":{"uv":[17.0,23.0,17.5,23.5],"texture":"#1"}}},{"from":[6.0,13.0,9.0],"to":[10.0,17.0,13.0],"rotation":{"angle":-45.0,"axis":"x","origin":[9.5,6.24,9.0]},"faces":{"north":{"uv":[4.5,0.0,6.5,2.0],"texture":"#1"},"east":{"uv":[4.5,0.0,6.5,2.0],"texture":"#1"},"south":{"uv":[4.5,0.0,6.5,2.0],"texture":"#1"},"west":{"uv":[4.5,0.0,6.5,2.0],"texture":"#1"},"up":{"uv":[6.5,0.0,8.5,2.0],"texture":"#1"},"down":{"uv":[35.0,48.5,40.0,49.5],"texture":"#1"}}},{"name":"cube inverted","from":[12.4,8.9,12.4],"to":[3.6,-0.9,3.6],"rotation":{"angle":0.0,"axis":"y","origin":[10.0,6.24,8.5]},"faces":{"north":{"uv":[4.5,10.5,9.0,5.5],"texture":"#1"},"east":{"uv":[4.5,10.5,9.0,5.5],"texture":"#1"},"south":{"uv":[0.0,9.0,4.5,4.0],"texture":"#1"},"west":{"uv":[4.5,10.5,9.0,5.5],"texture":"#1"},"up":{"uv":[13.0,0.0,8.5,4.5],"texture":"#1"},"down":{"uv":[13.0,0.0,8.5,4.5],"texture":"#1"}}},{"from":[3.4,-1.1,3.4],"to":[12.6,2.1,12.6],"rotation":{"angle":0.0,"axis":"y","origin":[10.0,6.24,8.5]},"faces":{"north":{"uv":[0.0,8.0,4.5,9.5],"texture":"#0"},"east":{"uv":[0.0,8.0,4.5,9.5],"texture":"#0"},"south":{"uv":[0.0,8.0,4.5,9.5],"texture":"#0"},"west":{"uv":[0.0,8.0,4.5,9.5],"texture":"#0"},"down":{"uv":[4.5,0.0,9.0,4.5],"texture":"#0"}}}],"gui_light":"front"}