{"textures":{"0":"mcc:island_cosmetics/general/hat/crusader/black_knight","particle":"mcc:island_cosmetics/general/hat/crusader/black_knight"},"elements":[{"from":[3.0,1.0,3.0],"to":[13.0,13.0,13.0],"rotation":{"angle":0.0,"axis":"y","origin":[0.0,0.0,-1.0]},"faces":{"north":{"uv":[0.0,0.25,2.5,3.25],"texture":"#0"},"east":{"uv":[2.5,0.25,5.0,3.25],"texture":"#0"},"south":{"uv":[7.5,0.25,5.0,3.25],"texture":"#0"},"west":{"uv":[5.0,0.25,2.5,3.25],"texture":"#0"},"up":{"uv":[0.0,3.25,2.5,5.75],"texture":"#0"},"down":{"uv":[5.0,3.25,7.5,5.75],"texture":"#0"}}},{"from":[3.0,1.0,3.0],"to":[13.0,13.0,13.0],"rotation":{"angle":0.0,"axis":"y","origin":[0.0,0.0,-1.0]},"faces":{"north":{"uv":[0.25,9.5,2.75,12.5],"texture":"#0","tintindex":0},"east":{"uv":[2.75,9.5,5.25,12.5],"texture":"#0","tintindex":0},"south":{"uv":[5.25,9.5,7.75,12.5],"texture":"#0","tintindex":0},"west":{"uv":[5.25,9.5,2.75,12.5],"texture":"#0","tintindex":0},"down":{"uv":[0.25,13.25,2.75,15.75],"texture":"#0","tintindex":0}}},{"from":[2.7,0.7,2.7],"to":[13.3,13.3,13.3],"rotation":{"angle":0.0,"axis":"y","origin":[0.0,0.0,-1.0]},"faces":{"north":{"uv":[2.50001,6.0,5.0,9.25],"texture":"#0"},"east":{"uv":[9.5,0.0,12.0,3.25],"texture":"#0"},"south":{"uv":[9.5,6.5,12.0,9.75],"texture":"#0"},"west":{"uv":[12.0,0.0,9.5,3.25],"texture":"#0"},"up":{"uv":[0.0,5.75,2.5,8.25],"texture":"#0"},"down":{"uv":[5.0,3.25,7.5,5.75],"texture":"#0"}}},{"from":[2.7,0.7,2.7],"to":[13.3,13.3,13.3],"rotation":{"angle":0.0,"axis":"y","origin":[0.0,0.0,-1.0]},"faces":{"north":{"uv":[5.25001,6.0,7.75,9.25],"texture":"#0","tintindex":0},"east":{"uv":[12.25,0.0,14.75,3.25],"texture":"#0","tintindex":0},"south":{"uv":[12.25,6.5,14.75,9.75],"texture":"#0","tintindex":0},"west":{"uv":[14.75,0.0,12.25,3.25],"texture":"#0","tintindex":0}}}],"display":{"thirdperson_righthand":{"translation":[0.0,1.0,0.75],"rotation":[55.5,34.0,0.0],"scale":[0.52539,0.52539,0.52539]},"thirdperson_lefthand":{"translation":[0.0,1.0,0.75],"rotation":[55.5,34.0,0.0],"scale":[0.52539,0.52539,0.52539]},"firstperson_righthand":{"translation":[9.5,0.0,-5.75],"rotation":[21.0,114.5,-13.75],"scale":[0.41992,0.41992,0.41992]},"firstperson_lefthand":{"translation":[9.5,0.0,-5.75],"rotation":[21.0,114.5,-13.75],"scale":[0.41992,0.41992,0.41992]},"gui":{"translation":[0.0,0.75,0.0],"rotation":[-149.61,-31.92,-180.0],"scale":[0.8164,0.8164,0.8164]},"head":{"translation":[0.0,2.25,0.0],"scale":[1.6,1.6,1.6]}},"credit":"Made with Blockbench","gui_light":"front"}