{"textures":{"1":"mcc:island_cosmetics/general/hat/crusader/celestial_anim_1","2":"mcc:island_cosmetics/general/hat/crusader/celestial_2","3":"mcc:island_cosmetics/general/hat/crusader/sun_anim","particle":"mcc:island_cosmetics/general/hat/crusader/sun_anim"},"elements":[{"from":[13.665,13.695,13.665],"to":[2.335,0.305,2.335],"rotation":{"angle":0.0,"axis":"y","origin":[10.575,-0.21,9.545]},"faces":{"north":{"uv":[11.0,2.0,12.0,3.0],"texture":"#1"},"east":{"uv":[11.0,2.0,12.0,3.0],"texture":"#1"},"south":{"uv":[11.0,2.0,12.0,3.0],"texture":"#1"},"west":{"uv":[11.0,2.0,12.0,3.0],"texture":"#1"},"up":{"uv":[11.0,2.0,12.0,3.0],"texture":"#1"},"down":{"uv":[11.0,2.0,12.0,3.0],"texture":"#1"}}},{"from":[14.28815,14.43145,14.28815],"to":[1.71185,-0.43145,1.71185],"rotation":{"angle":0.0,"axis":"y","origin":[10.85825,-1.0031,9.71495]},"faces":{"north":{"uv":[11.0,0.0,12.0,1.0],"texture":"#1"},"east":{"uv":[11.0,0.0,12.0,1.0],"texture":"#1"},"south":{"uv":[11.0,0.0,12.0,1.0],"texture":"#1"},"west":{"uv":[11.0,0.0,12.0,1.0],"texture":"#1"},"up":{"uv":[11.0,0.0,12.0,1.0],"texture":"#1"},"down":{"uv":[11.0,0.0,12.0,1.0],"texture":"#1"}}},{"from":[2.7,0.7,2.7],"to":[13.3,13.3,13.3],"rotation":{"angle":0.0,"axis":"y","origin":[0.0,0.0,-1.0]},"faces":{"north":{"uv":[3.33334,8.0,6.66667,12.33333],"texture":"#2"},"east":{"uv":[12.66667,0.0,16.0,4.33333],"texture":"#2"},"south":{"uv":[12.66667,8.66667,16.0,13.0],"texture":"#2"},"west":{"uv":[16.0,0.0,12.66667,4.33333],"texture":"#2"},"up":{"uv":[0.0,7.66667,3.33333,11.0],"texture":"#2"},"down":{"uv":[6.66667,4.33333,10.0,7.66667],"texture":"#2"}}},{"from":[3.0,1.0,3.0],"to":[13.0,13.0,13.0],"rotation":{"angle":0.0,"axis":"y","origin":[0.0,0.0,-1.0]},"faces":{"north":{"uv":[0.0,0.33333,3.33333,4.33333],"texture":"#2"},"east":{"uv":[3.33333,0.33333,6.66666,4.33333],"texture":"#2"},"south":{"uv":[10.0,0.33333,6.66667,4.33333],"texture":"#2"},"west":{"uv":[6.66666,0.33333,3.33333,4.33333],"texture":"#2"},"up":{"uv":[0.0,4.33333,3.33333,7.66667],"texture":"#2"},"down":{"uv":[6.66667,4.33333,10.0,7.66667],"texture":"#2"}}},{"from":[1.0,7.0,7.0],"to":[1.0,12.0,17.0],"rotation":{"angle":0.0,"axis":"y","origin":[8.0,9.5,12.0]},"faces":{"north":{"uv":[0.0,0.0,0.33333,0.33333],"texture":"#3"},"east":{"uv":[3.33333,0.0,0.0,1.66667],"texture":"#3"},"south":{"uv":[0.0,0.0,0.33333,0.33333],"texture":"#3"},"west":{"uv":[0.0,0.0,3.33333,1.66667],"texture":"#3"},"up":{"uv":[0.0,0.0,0.33333,0.33333],"texture":"#3"},"down":{"uv":[0.0,0.0,0.33333,0.33333],"texture":"#3"}}},{"from":[15.0,7.0,7.0],"to":[15.0,12.0,17.0],"rotation":{"angle":0.0,"axis":"y","origin":[8.0,9.5,12.0]},"faces":{"north":{"uv":[0.33333,0.0,0.0,0.33333],"texture":"#3"},"east":{"uv":[3.33333,0.0,0.0,1.66667],"texture":"#3"},"south":{"uv":[0.33333,0.0,0.0,0.33333],"texture":"#3"},"west":{"uv":[0.0,0.0,3.33333,1.66667],"texture":"#3"},"up":{"uv":[0.33333,0.0,0.0,0.33333],"texture":"#3"},"down":{"uv":[0.33333,0.0,0.0,0.33333],"texture":"#3"}}},{"from":[-10.5,8.5,-11.5],"to":[26.5,8.5,10.5],"rotation":{"angle":45.0,"axis":"x","origin":[12.5,9.5,9.0]},"faces":{"north":{"uv":[0.0,0.0,0.0,0.0],"texture":"#3"},"east":{"uv":[0.0,0.0,0.0,0.0],"texture":"#3"},"south":{"uv":[0.0,0.0,0.0,0.0],"texture":"#3"},"west":{"uv":[0.0,0.0,0.0,0.0],"texture":"#3"},"up":{"uv":[0.0,9.0,12.33333,1.66667],"texture":"#3","rotation":180},"down":{"uv":[0.0,1.66667,12.33333,9.0],"texture":"#3","rotation":180}}}],"display":{"thirdperson_righthand":{"translation":[0.0,1.0,0.75],"rotation":[55.5,34.0,0.0],"scale":[0.52539,0.52539,0.52539]},"thirdperson_lefthand":{"translation":[0.0,1.0,0.75],"rotation":[55.5,34.0,0.0],"scale":[0.52539,0.52539,0.52539]},"firstperson_righthand":{"translation":[9.5,0.0,-5.75],"rotation":[21.0,114.5,-13.75],"scale":[0.41992,0.41992,0.41992]},"firstperson_lefthand":{"translation":[9.5,0.0,-5.75],"rotation":[21.0,114.5,-13.75],"scale":[0.41992,0.41992,0.41992]},"gui":{"translation":[-0.25,-1.75,0.0],"rotation":[171.47,-31.48,174.46],"scale":[0.61913,0.61913,0.61913]},"head":{"translation":[0.0,2.25,0.0],"scale":[1.6,1.6,1.6]}},"credit":"Made with Blockbench","gui_light":"front"}