{"textures":{"4":"mcc:island_cosmetics/general/hat/glimmering_flower_crown/glimmer_anim","8":"mcc:island_cosmetics/general/hat/glimmering_flower_crown/glimmer_flower_crown"},"elements":[{"from":[3.0,9.0,3.0],"to":[13.0,11.0,13.0],"rotation":{"angle":0.0,"axis":"y","origin":[7.0,9.0,7.0]},"faces":{"north":{"uv":[2.75,5.0,5.25,5.5],"texture":"#8"},"east":{"uv":[0.0,5.5,2.5,6.0],"texture":"#8"},"south":{"uv":[5.5,5.0,8.0,5.5],"texture":"#8"},"west":{"uv":[2.75,5.75,5.25,6.25],"texture":"#8"},"up":{"uv":[2.5,2.5,0.0,0.0],"texture":"#8"},"down":{"uv":[2.5,2.75,0.0,5.25],"texture":"#8"}}},{"from":[2.0,9.25,12.0],"to":[4.0,11.25,14.0],"rotation":{"angle":-45.0,"axis":"y","origin":[3.0,10.25,13.0]},"faces":{"north":{"uv":[0.0,7.25,0.5,7.75],"texture":"#8"},"east":{"uv":[7.25,0.0,7.75,0.5],"texture":"#8"},"south":{"uv":[0.75,7.25,1.25,7.75],"texture":"#8"},"west":{"uv":[7.25,0.75,7.75,1.25],"texture":"#8"},"up":{"uv":[2.0,7.75,1.5,7.25],"texture":"#8"},"down":{"uv":[7.75,1.5,7.25,2.0],"texture":"#8"}}},{"from":[0.0,7.25,13.0],"to":[6.0,13.25,13.0],"rotation":{"angle":-45.0,"axis":"y","origin":[3.0,10.25,13.0]},"faces":{"north":{"uv":[2.75,0.0,4.25,1.5],"texture":"#8"},"east":{"uv":[6.0,8.25,6.0,9.75],"texture":"#8"},"south":{"uv":[2.75,0.0,4.25,1.5],"texture":"#8"},"west":{"uv":[6.25,8.25,6.25,9.75],"texture":"#8"},"up":{"uv":[9.75,7.25,8.25,7.25],"texture":"#8"},"down":{"uv":[9.75,7.5,8.25,7.5],"texture":"#8"}}},{"from":[11.0,8.0,1.5],"to":[13.0,10.0,3.5],"rotation":{"angle":-22.5,"axis":"y","origin":[12.0,9.0,2.5]},"faces":{"north":{"uv":[7.5,2.25,8.0,2.75],"texture":"#8"},"east":{"uv":[2.75,7.5,3.25,8.0],"texture":"#8"},"south":{"uv":[5.0,7.5,5.5,8.0],"texture":"#8"},"west":{"uv":[5.75,7.5,6.25,8.0],"texture":"#8"},"up":{"uv":[8.0,6.25,7.5,5.75],"texture":"#8"},"down":{"uv":[8.0,6.5,7.5,7.0],"texture":"#8"}}},{"from":[9.0,6.0,2.5],"to":[15.0,12.0,2.5],"rotation":{"angle":-22.5,"axis":"y","origin":[12.0,9.0,2.5]},"faces":{"north":{"uv":[2.75,1.75,4.25,3.25],"texture":"#8"},"east":{"uv":[4.75,8.5,4.75,10.0],"texture":"#8"},"south":{"uv":[2.75,1.75,4.25,3.25],"texture":"#8"},"west":{"uv":[6.5,8.5,6.5,10.0],"texture":"#8"},"up":{"uv":[10.0,6.25,8.5,6.25],"texture":"#8"},"down":{"uv":[10.0,6.5,8.5,6.5],"texture":"#8"}}},{"from":[12.74375,8.75625,9.5],"to":[13.74375,10.75625,11.5],"rotation":{"angle":22.5,"axis":"z","origin":[13.5,9.75625,10.5]},"faces":{"north":{"uv":[8.25,2.0,8.5,2.5],"texture":"#8"},"east":{"uv":[3.75,7.25,4.25,7.75],"texture":"#8"},"south":{"uv":[2.75,8.25,3.0,8.75],"texture":"#8"},"west":{"uv":[7.25,4.0,7.75,4.5],"texture":"#8"},"up":{"uv":[8.5,3.25,8.25,2.75],"texture":"#8"},"down":{"uv":[5.25,8.25,5.0,8.75],"texture":"#8"}}},{"from":[13.74375,7.75625,8.5],"to":[13.76875,11.75625,12.5],"rotation":{"angle":22.5,"axis":"z","origin":[13.5,9.75625,10.5]},"faces":{"north":{"uv":[4.5,7.25,4.75,8.25],"texture":"#8"},"east":{"uv":[6.0,0.0,7.0,1.0],"texture":"#8"},"south":{"uv":[6.5,7.25,6.75,8.25],"texture":"#8"},"west":{"uv":[6.0,0.0,7.0,1.0],"texture":"#8"},"up":{"uv":[7.25,8.25,7.0,7.25],"texture":"#8"},"down":{"uv":[2.5,7.5,2.25,8.5],"texture":"#8"}}},{"from":[3.25,10.5,1.75],"to":[5.25,11.5,3.75],"rotation":{"angle":-45.0,"axis":"x","origin":[4.25,11.25625,2.75]},"faces":{"north":{"uv":[8.0,1.5,8.5,1.75],"texture":"#8"},"east":{"uv":[8.0,4.0,8.5,4.25],"texture":"#8"},"south":{"uv":[8.0,4.5,8.5,4.75],"texture":"#8"},"west":{"uv":[7.5,8.0,8.0,8.25],"texture":"#8"},"up":{"uv":[7.25,6.25,6.75,5.75],"texture":"#8"},"down":{"uv":[7.25,6.5,6.75,7.0],"texture":"#8"}}},{"from":[2.25,11.5,0.75],"to":[6.25,11.525,4.75],"rotation":{"angle":-45.0,"axis":"x","origin":[4.25,11.25625,2.75]},"faces":{"north":{"uv":[4.5,3.0,5.5,3.25],"texture":"#8"},"east":{"uv":[7.0,3.0,8.0,3.25],"texture":"#8"},"south":{"uv":[7.0,3.5,8.0,3.75],"texture":"#8"},"west":{"uv":[5.25,7.0,6.25,7.25],"texture":"#8"},"up":{"uv":[6.75,4.0,5.75,3.0],"texture":"#8"},"down":{"uv":[6.5,5.75,5.5,6.75],"texture":"#8"}}},{"from":[2.50625,9.25625,7.25],"to":[3.50625,11.25625,9.25],"rotation":{"angle":22.5,"axis":"x","origin":[2.75,10.25625,8.25]},"faces":{"north":{"uv":[8.25,2.0,8.5,2.5],"texture":"#8"},"east":{"uv":[7.25,4.0,7.75,4.5],"texture":"#8"},"south":{"uv":[2.75,8.25,3.0,8.75],"texture":"#8"},"west":{"uv":[3.75,7.25,4.25,7.75],"texture":"#8"},"up":{"uv":[8.5,5.5,8.25,5.0],"texture":"#8"},"down":{"uv":[5.75,8.25,5.5,8.75],"texture":"#8"}}},{"from":[2.48125,8.25625,6.25],"to":[2.50625,12.25625,10.25],"rotation":{"angle":22.5,"axis":"x","origin":[2.75,10.25625,8.25]},"faces":{"north":{"uv":[4.5,7.25,4.75,8.25],"texture":"#8"},"east":{"uv":[6.0,0.0,7.0,1.0],"texture":"#8"},"south":{"uv":[6.5,7.25,6.75,8.25],"texture":"#8"},"west":{"uv":[6.0,0.0,7.0,1.0],"texture":"#8"},"up":{"uv":[3.75,9.0,3.5,8.0],"texture":"#8"},"down":{"uv":[4.25,8.0,4.0,9.0],"texture":"#8"}}},{"from":[12.5,9.0,5.0],"to":[14.5,11.0,7.0],"rotation":{"angle":-22.5,"axis":"z","origin":[13.45746,10.70675,6.0]},"faces":{"north":{"uv":[5.75,4.25,6.25,4.75],"texture":"#8"},"east":{"uv":[6.0,2.25,6.5,2.75],"texture":"#8"},"south":{"uv":[3.75,6.5,4.25,7.0],"texture":"#8"},"west":{"uv":[6.5,4.25,7.0,4.75],"texture":"#8"},"up":{"uv":[5.0,7.0,4.5,6.5],"texture":"#8"},"down":{"uv":[7.25,2.25,6.75,2.75],"texture":"#8"}}},{"from":[10.91492,8.91351,6.0],"to":[15.91492,13.91351,6.0],"rotation":{"angle":-22.5,"axis":"z","origin":[13.45746,10.70675,6.0]},"faces":{"north":{"uv":[2.75,3.5,4.0,4.75],"texture":"#8"},"east":{"uv":[3.25,8.25,3.25,9.5],"texture":"#8"},"south":{"uv":[4.25,3.5,5.5,4.75],"texture":"#8"},"west":{"uv":[8.25,5.75,8.25,7.0],"texture":"#8"},"up":{"uv":[9.5,3.5,8.25,3.5],"texture":"#8"},"down":{"uv":[9.5,3.75,8.25,3.75],"texture":"#8"}}},{"from":[13.41492,8.91351,3.5],"to":[13.41492,13.91351,8.5],"rotation":{"angle":-22.5,"axis":"z","origin":[13.41492,11.41351,6.0]},"faces":{"north":{"uv":[8.25,5.75,8.25,7.0],"texture":"#8"},"east":{"uv":[2.75,3.5,4.0,4.75],"texture":"#8"},"south":{"uv":[3.25,8.25,3.25,9.5],"texture":"#8"},"west":{"uv":[4.25,3.5,5.5,4.75],"texture":"#8"},"up":{"uv":[9.5,3.5,8.25,3.5],"texture":"#8"},"down":{"uv":[9.5,3.75,8.25,3.75],"texture":"#8"}}},{"from":[4.95746,11.0,12.04254],"to":[6.95746,13.0,14.04254],"rotation":{"angle":45.0,"axis":"y","origin":[5.95746,12.70675,13.0]},"faces":{"north":{"uv":[7.5,7.25,8.0,7.75],"texture":"#8"},"east":{"uv":[0.0,8.0,0.5,8.5],"texture":"#8"},"south":{"uv":[8.0,0.0,8.5,0.5],"texture":"#8"},"west":{"uv":[0.75,8.0,1.25,8.5],"texture":"#8"},"up":{"uv":[8.5,1.25,8.0,0.75],"texture":"#8"},"down":{"uv":[2.0,8.0,1.5,8.5],"texture":"#8"}}},{"from":[5.95746,10.91351,10.45746],"to":[5.95746,15.91351,15.45746],"rotation":{"angle":45.0,"axis":"y","origin":[5.95746,12.70675,13.0]},"faces":{"north":{"uv":[6.75,8.5,6.75,9.75],"texture":"#8"},"east":{"uv":[4.5,0.0,5.75,1.25],"texture":"#8"},"south":{"uv":[7.0,8.5,7.0,9.75],"texture":"#8"},"west":{"uv":[4.5,1.5,5.75,2.75],"texture":"#8"},"up":{"uv":[7.25,9.75,7.25,8.5],"texture":"#8"},"down":{"uv":[7.5,8.5,7.5,9.75],"texture":"#8"}}},{"from":[3.41492,10.91351,13.0],"to":[8.41492,15.91351,13.0],"rotation":{"angle":45.0,"axis":"y","origin":[5.91492,13.41351,13.0]},"faces":{"north":{"uv":[4.5,1.5,5.75,2.75],"texture":"#8"},"east":{"uv":[6.75,8.5,6.75,9.75],"texture":"#8"},"south":{"uv":[4.5,0.0,5.75,1.25],"texture":"#8"},"west":{"uv":[7.0,8.5,7.0,9.75],"texture":"#8"},"up":{"uv":[7.25,9.75,7.25,8.5],"texture":"#8"},"down":{"uv":[7.5,8.5,7.5,9.75],"texture":"#8"}}},{"from":[8.0,10.5,13.5],"to":[12.0,13.5,13.5],"rotation":{"angle":22.5,"axis":"x","origin":[10.0,12.0,13.5]},"faces":{"north":{"uv":[6.0,1.25,7.0,2.0],"texture":"#8"},"east":{"uv":[8.25,7.75,8.25,8.5],"texture":"#8"},"south":{"uv":[0.0,6.25,1.0,7.0],"texture":"#8"},"west":{"uv":[4.5,8.5,4.5,9.25],"texture":"#8"},"up":{"uv":[9.5,5.75,8.5,5.75],"texture":"#8"},"down":{"uv":[9.5,6.0,8.5,6.0],"texture":"#8"}}},{"from":[10.0,10.5,11.5],"to":[10.0,13.5,15.5],"rotation":{"angle":22.5,"axis":"x","origin":[10.0,12.0,13.5]},"faces":{"north":{"uv":[4.5,8.5,4.5,9.25],"texture":"#8"},"east":{"uv":[6.0,1.25,7.0,2.0],"texture":"#8"},"south":{"uv":[8.25,7.75,8.25,8.5],"texture":"#8"},"west":{"uv":[0.0,6.25,1.0,7.0],"texture":"#8"},"up":{"uv":[9.5,5.75,8.5,5.75],"texture":"#8"},"down":{"uv":[9.5,6.0,8.5,6.0],"texture":"#8"}}},{"from":[5.75,10.5,2.75],"to":[9.75,13.5,2.75],"rotation":{"angle":-22.5,"axis":"y","origin":[7.75,12.0,2.75]},"faces":{"north":{"uv":[1.25,6.25,2.25,7.0],"texture":"#8"},"east":{"uv":[7.75,8.5,7.75,9.25],"texture":"#8"},"south":{"uv":[2.5,6.5,3.5,7.25],"texture":"#8"},"west":{"uv":[8.5,7.75,8.5,8.5],"texture":"#8"},"up":{"uv":[9.5,6.75,8.5,6.75],"texture":"#8"},"down":{"uv":[9.5,7.0,8.5,7.0],"texture":"#8"}}},{"from":[5.75,10.5,2.75],"to":[9.75,13.5,2.75],"rotation":{"angle":45.0,"axis":"y","origin":[7.75,12.0,2.75]},"faces":{"north":{"uv":[1.25,6.25,2.25,7.0],"texture":"#8"},"east":{"uv":[7.75,8.5,7.75,9.25],"texture":"#8"},"south":{"uv":[2.5,6.5,3.5,7.25],"texture":"#8"},"west":{"uv":[8.5,7.75,8.5,8.5],"texture":"#8"},"up":{"uv":[9.5,6.75,8.5,6.75],"texture":"#8"},"down":{"uv":[9.5,7.0,8.5,7.0],"texture":"#8"}}},{"from":[1.0,6.25,4.75],"to":[4.0,10.25,4.75],"rotation":{"angle":45.0,"axis":"z","origin":[2.5,8.25,4.75]},"faces":{"north":{"uv":[6.0,1.25,7.0,2.0],"texture":"#8"},"east":{"uv":[8.5,5.75,9.5,5.75],"texture":"#8"},"south":{"uv":[0.0,6.25,1.0,7.0],"texture":"#8"},"west":{"uv":[8.5,6.0,9.5,6.0],"texture":"#8"},"up":{"uv":[4.5,9.25,4.5,8.5],"texture":"#8"},"down":{"uv":[8.25,7.75,8.25,8.5],"texture":"#8"}}},{"from":[1.0,8.25,2.75],"to":[4.0,8.25,6.75],"rotation":{"angle":45.0,"axis":"z","origin":[2.5,8.25,4.75]},"faces":{"north":{"uv":[4.5,8.5,4.5,9.25],"texture":"#8"},"east":{"uv":[8.5,5.75,9.5,5.75],"texture":"#8"},"south":{"uv":[8.25,7.75,8.25,8.5],"texture":"#8"},"west":{"uv":[8.5,6.0,9.5,6.0],"texture":"#8"},"up":{"uv":[1.0,7.0,0.0,6.25],"texture":"#8"},"down":{"uv":[7.0,1.25,6.0,2.0],"texture":"#8"}}},{"from":[-7.0,-6.0,8.0],"to":[25.0,26.0,8.0],"rotation":{"angle":45.0,"axis":"y","origin":[9.0,10.0,8.0]},"faces":{"north":{"uv":[0.0,0.0,16.0,16.0],"texture":"#4"},"east":{"uv":[0.0,0.0,0.0,8.0],"texture":"#4"},"south":{"uv":[0.0,0.0,16.0,16.0],"texture":"#4"},"west":{"uv":[0.0,0.0,0.0,8.0],"texture":"#4"},"up":{"uv":[0.0,0.0,8.0,0.0],"texture":"#4"},"down":{"uv":[0.0,0.0,8.0,0.0],"texture":"#4"}}},{"from":[-7.0,-6.0,8.0],"to":[25.0,26.0,8.0],"rotation":{"angle":-45.0,"axis":"y","origin":[9.0,10.0,8.0]},"faces":{"north":{"uv":[0.0,0.0,16.0,16.0],"texture":"#4"},"east":{"uv":[0.0,0.0,0.0,8.0],"texture":"#4"},"south":{"uv":[0.0,0.0,16.0,16.0],"texture":"#4"},"west":{"uv":[0.0,0.0,0.0,8.0],"texture":"#4"},"up":{"uv":[0.0,0.0,8.0,0.0],"texture":"#4"},"down":{"uv":[0.0,0.0,8.0,0.0],"texture":"#4"}}}],"display":{"thirdperson_righthand":{"translation":[0.0,-1.0,0.0],"rotation":[-10.73,1.5,12.57],"scale":[0.5,0.5,0.5]},"thirdperson_lefthand":{"translation":[0.0,-1.0,0.0],"rotation":[-10.73,1.5,12.57],"scale":[0.5,0.5,0.5]},"firstperson_righthand":{"rotation":[176.98,64.0,-172.85],"scale":[0.5,0.5,0.5]},"firstperson_lefthand":{"rotation":[176.98,64.0,-172.85],"scale":[0.5,0.5,0.5]},"ground":{"rotation":[10.0,0.0,0.0],"scale":[0.5,0.5,0.5]},"gui":{"translation":[0.0,-3.0,0.0],"rotation":[-170.25,18.23,-176.66],"scale":[0.7,0.7,0.7]},"head":{"scale":[1.6,1.6,1.6]},"fixed":{"translation":[0.0,-2.75,-2.25],"rotation":[-27.75,0.0,0.0]}},"credit":"Made with Blockbench","gui_light":"front"}