{"textures":{"1":"mcc:island_cosmetics/general/hat/diving_helmet/raptured"},"elements":[{"from":[2.5,-1.0,2.5],"to":[13.5,10.0,13.5],"rotation":{"angle":0.0,"axis":"x","origin":[7.5,9.5,7.5]},"faces":{"north":{"uv":[0.33333,2.0,4.0,5.66667],"texture":"#1"},"east":{"uv":[0.33333,2.0,4.0,5.66667],"texture":"#1"},"south":{"uv":[0.33333,2.0,4.0,5.66667],"texture":"#1"},"west":{"uv":[0.33333,2.0,4.0,5.66667],"texture":"#1"},"up":{"uv":[4.0,2.0,7.66667,5.66667],"texture":"#1"},"down":{"uv":[7.66667,2.0,11.33333,5.66667],"texture":"#1"}}},{"from":[2.5,-1.0,2.5],"to":[13.5,10.0,13.5],"rotation":{"angle":0.0,"axis":"x","origin":[7.5,9.5,7.5]},"faces":{"north":{"uv":[0.0,10.66667,3.66667,14.33333],"texture":"#1","tintindex":0},"east":{"uv":[0.0,10.66667,3.66667,14.33333],"texture":"#1","tintindex":0},"south":{"uv":[0.0,10.66667,3.66667,14.33333],"texture":"#1","tintindex":0},"west":{"uv":[0.0,10.66667,3.66667,14.33333],"texture":"#1","tintindex":0},"up":{"uv":[0.0,14.33333,3.66667,10.66667],"texture":"#1","tintindex":0}}},{"from":[1.5,-8.25,2.5],"to":[14.5,-2.25,4.5],"rotation":{"angle":22.5,"axis":"x","origin":[8.0,-4.0,4.5]},"faces":{"north":{"uv":[4.33333,0.0,8.66667,2.0],"texture":"#1"},"east":{"uv":[2.33333,8.0,3.0,10.0],"texture":"#1"},"south":{"uv":[0.0,0.0,4.33333,2.0],"texture":"#1"},"west":{"uv":[3.0,8.0,2.33333,10.0],"texture":"#1"},"down":{"uv":[7.66667,10.66667,12.0,10.0],"texture":"#1"}}},{"from":[1.5,-8.25,2.5],"to":[14.5,-2.25,4.5],"rotation":{"angle":22.5,"axis":"x","origin":[8.0,-4.0,4.5]},"faces":{"north":{"uv":[8.66667,0.0,13.0,2.0],"texture":"#1"},"south":{"uv":[8.66667,0.0,13.0,2.0],"texture":"#1"}}},{"from":[1.5,-8.25,11.5],"to":[14.5,-2.25,13.5],"rotation":{"angle":-22.5,"axis":"x","origin":[8.0,-4.0,11.5]},"faces":{"north":{"uv":[4.33333,0.0,0.0,2.0],"texture":"#1"},"east":{"uv":[3.0,8.0,2.33333,10.0],"texture":"#1"},"south":{"uv":[8.66667,0.0,4.33333,2.0],"texture":"#1"},"west":{"uv":[2.33333,8.0,3.0,10.0],"texture":"#1"},"down":{"uv":[7.66667,10.0,12.0,10.66667],"texture":"#1"}}},{"from":[1.5,-8.25,11.5],"to":[14.5,-2.25,13.5],"rotation":{"angle":-22.5,"axis":"x","origin":[8.0,-4.0,11.5]},"faces":{"north":{"uv":[13.0,0.0,8.66667,2.0],"texture":"#1"},"south":{"uv":[13.0,0.0,8.66667,2.0],"texture":"#1"}}},{"from":[4.5,1.0,0.5],"to":[11.5,8.0,2.5],"rotation":{"angle":0.0,"axis":"y","origin":[8.0,4.5,1.5]},"faces":{"north":{"uv":[0.33333,5.66667,2.66667,8.0],"texture":"#1","rotation":270},"east":{"uv":[2.66667,5.66667,3.33333,8.0],"texture":"#1"},"west":{"uv":[3.33333,5.66667,2.66667,8.0],"texture":"#1"},"up":{"uv":[2.66667,5.66667,3.33333,8.0],"texture":"#1","rotation":270},"down":{"uv":[3.33333,8.0,2.66667,5.66667],"texture":"#1","rotation":270}}},{"from":[4.5,1.0,13.5],"to":[11.5,8.0,15.5],"rotation":{"angle":0.0,"axis":"y","origin":[8.0,4.5,8.0]},"faces":{"east":{"uv":[3.33333,5.66667,2.66667,8.0],"texture":"#1"},"south":{"uv":[2.33334,8.0,0.0,10.33333],"texture":"#1"},"west":{"uv":[2.66667,5.66667,3.33333,8.0],"texture":"#1"},"up":{"uv":[3.33333,5.66667,2.66667,8.0],"texture":"#1","rotation":270},"down":{"uv":[2.66667,8.0,3.33333,5.66667],"texture":"#1","rotation":270}}},{"from":[7.0,3.5,15.5],"to":[9.0,5.5,18.5],"rotation":{"angle":0.0,"axis":"y","origin":[8.0,4.5,8.0]},"faces":{"north":{"uv":[7.66667,11.0,8.33334,11.66667],"texture":"#1","rotation":90},"east":{"uv":[7.66667,10.0,8.66667,10.66667],"texture":"#1"},"south":{"uv":[7.66667,11.0,8.33334,11.66667],"texture":"#1","rotation":90},"west":{"uv":[7.66667,10.0,8.66667,10.66667],"texture":"#1"},"up":{"uv":[7.66667,10.0,8.66667,10.33334],"texture":"#1","rotation":90},"down":{"uv":[7.66667,10.33334,8.66667,10.66667],"texture":"#1","rotation":90}}},{"from":[4.5,1.0,17.0],"to":[11.5,8.0,17.0],"rotation":{"angle":0.0,"axis":"y","origin":[8.0,4.5,17.0]},"faces":{"north":{"uv":[8.66667,11.0,11.0,13.33334],"texture":"#1","rotation":90},"east":{"uv":[7.66667,10.0,8.66667,11.0],"texture":"#1"},"south":{"uv":[8.66667,11.0,11.0,13.33334],"texture":"#1","rotation":90},"west":{"uv":[7.66667,10.0,8.66667,11.0],"texture":"#1"},"up":{"uv":[7.66667,10.0,8.66667,10.33334],"texture":"#1","rotation":90},"down":{"uv":[7.66667,10.66667,8.66667,11.0],"texture":"#1","rotation":90}}},{"from":[13.5,1.0,4.5],"to":[15.5,8.0,11.5],"rotation":{"angle":0.0,"axis":"y","origin":[8.0,4.5,8.0]},"faces":{"north":{"uv":[3.33333,5.66667,2.66667,8.0],"texture":"#1"},"east":{"uv":[0.33333,5.66667,2.66667,8.0],"texture":"#1"},"south":{"uv":[2.66667,5.66667,3.33333,8.0],"texture":"#1"},"up":{"uv":[2.66667,5.66667,3.33333,8.0],"texture":"#1"},"down":{"uv":[3.33333,8.0,2.66667,5.66667],"texture":"#1","rotation":180}}},{"from":[0.5,1.0,4.5],"to":[2.5,8.0,11.5],"rotation":{"angle":0.0,"axis":"y","origin":[8.0,4.5,8.0]},"faces":{"north":{"uv":[2.66667,5.66667,3.33333,8.0],"texture":"#1"},"south":{"uv":[3.33333,5.66667,2.66667,8.0],"texture":"#1"},"west":{"uv":[2.66667,5.66667,0.33333,8.0],"texture":"#1"},"up":{"uv":[3.33333,5.66667,2.66667,8.0],"texture":"#1"},"down":{"uv":[2.66667,8.0,3.33333,5.66667],"texture":"#1","rotation":180}}},{"from":[4.5,10.0,4.5],"to":[11.5,12.0,11.5],"rotation":{"angle":0.0,"axis":"z","origin":[8.0,4.5,8.0]},"faces":{"north":{"uv":[3.33333,5.66667,2.66667,8.0],"texture":"#1","rotation":90},"east":{"uv":[3.33333,8.0,2.66667,5.66667],"texture":"#1","rotation":90},"south":{"uv":[2.66667,5.66667,3.33333,8.0],"texture":"#1","rotation":270},"west":{"uv":[2.66667,5.66667,3.33333,8.0],"texture":"#1","rotation":270},"up":{"uv":[0.33333,5.66667,2.66667,8.0],"texture":"#1","rotation":270}}},{"from":[1.48,-3.02,1.48],"to":[14.52,-0.98,14.52],"rotation":{"angle":0.0,"axis":"x","origin":[8.0,4.5,8.0]},"faces":{"north":{"uv":[3.33333,5.66667,7.66667,6.33333],"texture":"#1"},"east":{"uv":[3.33333,5.66667,7.66667,6.33333],"texture":"#1"},"south":{"uv":[3.33333,5.66667,7.66667,6.33333],"texture":"#1"},"west":{"uv":[3.33333,5.66667,7.66667,6.33333],"texture":"#1"},"up":{"uv":[3.33333,6.33333,7.66667,10.66667],"texture":"#1"},"down":{"uv":[7.66667,5.66667,12.0,10.0],"texture":"#1"}}},{"from":[10.5,7.0,2.5],"to":[5.5,2.0,-5.5],"rotation":{"angle":0.0,"axis":"y","origin":[8.0,4.5,1.5]},"faces":{"east":{"uv":[7.33333,13.66667,4.0,11.33334],"texture":"#1","tintindex":0},"west":{"uv":[4.0,13.66667,7.33333,11.33334],"texture":"#1","tintindex":0},"up":{"uv":[4.0,13.66666,7.33333,11.33334],"texture":"#1","tintindex":0,"rotation":90},"down":{"uv":[7.33333,11.33334,4.0,13.66666],"texture":"#1","tintindex":0,"rotation":90}}},{"from":[2.43121,12.0,1.11314],"to":[-1.56879,8.0,-3.88686],"rotation":{"angle":22.5,"axis":"y","origin":[-0.06879,9.5,-2.88686]},"faces":{"east":{"uv":[7.33333,13.66667,5.66667,11.33334],"texture":"#1","tintindex":0},"west":{"uv":[5.66667,13.66667,7.33333,11.33334],"texture":"#1","tintindex":0},"up":{"uv":[7.33333,11.33334,5.66667,13.66666],"texture":"#1","tintindex":0,"rotation":270},"down":{"uv":[5.66667,13.66666,7.33333,11.33334],"texture":"#1","tintindex":0,"rotation":270}}},{"from":[0.0,8.0,1.0],"to":[4.0,12.0,4.0],"rotation":{"angle":22.5,"axis":"y","origin":[1.0,9.0,1.0]},"faces":{"north":{"uv":[0.66666,14.66667,2.0,16.0],"texture":"#1","tintindex":0},"east":{"uv":[2.0,14.66667,3.0,16.0],"texture":"#1"},"south":{"uv":[3.0,14.66667,4.33333,16.0],"texture":"#1","rotation":90},"west":{"uv":[2.0,14.66667,3.0,16.0],"texture":"#1"},"up":{"uv":[2.0,14.66667,3.0,16.0],"texture":"#1","rotation":90},"down":{"uv":[2.0,14.66667,3.0,16.0],"texture":"#1","rotation":90}}},{"from":[2.5,8.0,11.5],"to":[0.5,1.0,4.5],"rotation":{"angle":0.0,"axis":"y","origin":[8.0,4.5,8.0]},"faces":{"north":{"uv":[3.33333,8.0,2.66667,5.66667],"texture":"#1"},"east":{"uv":[2.66667,8.0,0.33333,5.66667],"texture":"#1"},"south":{"uv":[2.66667,8.0,3.33333,5.66667],"texture":"#1"},"up":{"uv":[3.33333,8.0,2.66667,5.66667],"texture":"#1","rotation":180},"down":{"uv":[2.66667,5.66667,3.33333,8.0],"texture":"#1"}}},{"from":[11.5,12.0,11.5],"to":[4.5,10.0,4.5],"rotation":{"angle":0.0,"axis":"z","origin":[8.0,4.5,8.0]},"faces":{"north":{"uv":[3.33333,5.66667,2.66667,8.0],"texture":"#1","rotation":270},"east":{"uv":[3.33333,5.66667,2.66667,8.0],"texture":"#1","rotation":270},"south":{"uv":[2.66667,5.66667,3.33333,8.0],"texture":"#1","rotation":90},"west":{"uv":[2.66667,8.0,3.33333,5.66667],"texture":"#1","rotation":90},"down":{"uv":[0.33333,8.0,2.66667,5.66667],"texture":"#1","rotation":270}}},{"from":[15.5,8.0,11.5],"to":[13.5,1.0,4.5],"rotation":{"angle":0.0,"axis":"y","origin":[8.0,4.5,8.0]},"faces":{"north":{"uv":[2.66667,8.0,3.33333,5.66667],"texture":"#1"},"south":{"uv":[3.33333,8.0,2.66667,5.66667],"texture":"#1"},"west":{"uv":[0.33333,8.0,2.66667,5.66667],"texture":"#1"},"up":{"uv":[2.66667,8.0,3.33333,5.66667],"texture":"#1","rotation":180},"down":{"uv":[3.33333,5.66667,2.66667,8.0],"texture":"#1"}}},{"from":[11.5,8.0,2.5],"to":[4.5,1.0,0.5],"rotation":{"angle":0.0,"axis":"y","origin":[8.0,4.5,1.5]},"faces":{"east":{"uv":[3.33333,8.0,2.66667,5.66667],"texture":"#1"},"south":{"uv":[2.66667,5.66667,0.33333,8.0],"texture":"#1","rotation":270},"west":{"uv":[2.66667,8.0,3.33333,5.66667],"texture":"#1"},"up":{"uv":[3.33333,5.66667,2.66667,8.0],"texture":"#1","rotation":270},"down":{"uv":[2.66667,8.0,3.33333,5.66667],"texture":"#1","rotation":270}}}],"display":{"thirdperson_righthand":{"translation":[0.0,1.0,0.75],"rotation":[55.5,34.0,0.0],"scale":[0.52539,0.52539,0.52539]},"thirdperson_lefthand":{"translation":[0.0,1.0,0.75],"rotation":[55.5,34.0,0.0],"scale":[0.52539,0.52539,0.52539]},"firstperson_righthand":{"translation":[9.5,0.0,-5.75],"rotation":[21.0,114.5,-13.75],"scale":[0.41992,0.41992,0.41992]},"firstperson_lefthand":{"translation":[9.5,0.0,-5.75],"rotation":[21.0,114.5,-13.75],"scale":[0.41992,0.41992,0.41992]},"gui":{"translation":[-1.0,3.75,0.0],"rotation":[-149.61,-31.92,-180.0],"scale":[0.64843,0.64843,0.64843]},"head":{"translation":[0.0,7.5,0.0],"scale":[1.61758,1.61758,1.61758]}},"credit":"Made with Blockbench","gui_light":"front"}