{"textures":{"0":"mcc:island_cosmetics/head/head_5","particle":"mcc:island_cosmetics/head/head_5"},"credit":"Made with Blockbench","texture_size":[128.0,128.0],"elements":[{"from":[6.94398,-3.8,2.5],"to":[10.69398,4.45,12.5],"rotation":{"angle":22.5,"axis":"z","origin":[2.69398,10.80898,9.5]},"faces":{"north":{"uv":[12.75,6.25,12.28125,7.25],"texture":"#0","tintindex":0.0},"east":{"uv":[14.125,6.0,12.875,7.0],"texture":"#0","tintindex":0.0},"south":{"uv":[15.625,6.5,15.25,7.5],"texture":"#0","tintindex":0.0},"west":{"uv":[0.625,1.375,0.75,1.5],"texture":"#0","tintindex":0.0},"up":{"uv":[0.625,1.375,0.75,1.5],"texture":"#0","tintindex":0.0},"down":{"uv":[11.59375,7.25,11.125,8.5],"texture":"#0","tintindex":0.0}}},{"from":[5.30602,-3.8,2.5],"to":[9.05602,4.45,12.5],"rotation":{"angle":-22.5,"axis":"z","origin":[13.30602,10.80898,9.5]},"faces":{"north":{"uv":[12.28125,6.25,12.75,7.25],"texture":"#0","tintindex":0.0},"east":{"uv":[0.75,1.375,0.625,1.5],"texture":"#0","tintindex":0.0},"south":{"uv":[15.25,6.5,15.625,7.5],"texture":"#0","tintindex":0.0},"west":{"uv":[12.875,6.0,14.125,7.0],"texture":"#0","tintindex":0.0},"up":{"uv":[0.75,1.375,0.625,1.5],"texture":"#0","tintindex":0.0},"down":{"uv":[11.125,7.25,11.59375,8.5],"texture":"#0","tintindex":0.0}}},{"from":[3.48,-1.02,2.48],"to":[12.52,10.02,12.52],"rotation":{"angle":0.0,"axis":"x","origin":[8.0,4.5,9.0]},"faces":{"north":{"uv":[12.125,5.875,11.0,7.25],"texture":"#0","tintindex":0.0},"east":{"uv":[14.0,7.25,12.75,8.625],"texture":"#0","tintindex":0.0},"south":{"uv":[16.0,7.75,14.875,9.125],"texture":"#0","tintindex":0.0},"west":{"uv":[12.75,7.25,14.0,8.625],"texture":"#0","tintindex":0.0},"up":{"uv":[15.25,6.0,14.125,7.25],"texture":"#0","tintindex":0.0},"down":{"uv":[13.75,8.625,14.875,9.875],"texture":"#0","tintindex":0.0}}},{"from":[5.99,9.51455,9.82559],"to":[10.01,11.53455,12.84559],"rotation":{"angle":22.5,"axis":"x","origin":[9.5,4.02455,7.33559]},"faces":{"north":{"uv":[10.125,7.375,10.25,7.5],"texture":"#0","tintindex":0.0},"east":{"uv":[14.875,7.25,14.5,7.5],"texture":"#0","tintindex":0.0},"south":{"uv":[14.5,7.625,14.0,7.875],"texture":"#0","tintindex":0.0},"west":{"uv":[14.5,7.25,14.875,7.5],"texture":"#0","tintindex":0.0},"up":{"uv":[14.5,7.25,14.0,7.625],"texture":"#0","tintindex":0.0},"down":{"uv":[15.0,7.5,14.5,7.875],"texture":"#0","tintindex":0.0}}},{"from":[3.0,-3.75,2.44975],"to":[13.0,0.25,12.44975],"rotation":{"angle":-22.5,"axis":"x","origin":[8.5,-0.5,5.44975]},"faces":{"north":{"uv":[12.5,8.625,13.75,9.125],"texture":"#0","tintindex":0.0},"east":{"uv":[12.5,8.625,13.75,9.125],"texture":"#0","tintindex":0.0},"south":{"uv":[12.5,8.625,13.75,9.125],"texture":"#0","tintindex":0.0},"west":{"uv":[12.5,8.625,13.75,9.125],"texture":"#0","tintindex":0.0},"up":{"uv":[11.25,8.5,12.5,9.75],"texture":"#0","tintindex":0.0},"down":{"uv":[11.25,8.5,12.5,9.75],"texture":"#0","tintindex":0.0}}},{"name":"cube inverted","from":[12.52,10.02,12.52],"to":[3.48,-1.02,2.48],"rotation":{"angle":0.0,"axis":"x","origin":[8.0,4.5,9.0]},"faces":{"north":{"uv":[16.0,9.125,14.875,7.75],"texture":"#0","tintindex":0.0},"east":{"uv":[12.75,8.625,14.0,7.25],"texture":"#0","tintindex":0.0},"south":{"uv":[12.125,7.25,11.0,5.875],"texture":"#0","tintindex":0.0},"west":{"uv":[14.0,8.625,12.75,7.25],"texture":"#0","tintindex":0.0},"up":{"uv":[14.875,8.625,13.75,9.875],"texture":"#0","tintindex":0.0},"down":{"uv":[14.125,6.0,15.25,7.25],"texture":"#0","tintindex":0.0}}},{"name":"cube inverted","from":[10.69398,4.45,12.5],"to":[6.94398,-3.8,2.5],"rotation":{"angle":22.5,"axis":"z","origin":[2.69398,10.80898,9.5]},"faces":{"north":{"uv":[15.625,7.5,15.25,6.5],"texture":"#0","tintindex":0.0},"east":{"uv":[0.625,1.5,0.75,1.375],"texture":"#0","tintindex":0.0},"south":{"uv":[12.75,7.25,12.28125,6.25],"texture":"#0","tintindex":0.0},"west":{"uv":[14.125,7.0,12.875,6.0],"texture":"#0","tintindex":0.0},"up":{"uv":[11.125,7.25,11.6875,8.5],"texture":"#0","tintindex":0.0},"down":{"uv":[0.75,1.375,0.625,1.5],"texture":"#0","tintindex":0.0}}},{"name":"cube inverted","from":[9.05602,4.45,12.5],"to":[5.30602,-3.8,2.5],"rotation":{"angle":-22.5,"axis":"z","origin":[13.30602,10.80898,9.5]},"faces":{"north":{"uv":[15.25,7.5,15.625,6.5],"texture":"#0","tintindex":0.0},"east":{"uv":[12.875,7.0,14.125,6.0],"texture":"#0","tintindex":0.0},"south":{"uv":[12.28125,7.25,12.75,6.25],"texture":"#0","tintindex":0.0},"west":{"uv":[0.75,1.5,0.625,1.375],"texture":"#0","tintindex":0.0},"up":{"uv":[11.6875,7.25,11.125,8.5],"texture":"#0","tintindex":0.0},"down":{"uv":[0.625,1.375,0.75,1.5],"texture":"#0","tintindex":0.0}}}],"gui_light":"front","display":{"thirdperson_righthand":{"rotation":[55.5,34.0,0.0],"translation":[0.0,1.0,0.75],"scale":[0.52539,0.52539,0.52539]},"thirdperson_lefthand":{"rotation":[55.5,34.0,0.0],"translation":[0.0,1.0,0.75],"scale":[0.52539,0.52539,0.52539]},"firstperson_righthand":{"rotation":[21.0,114.5,-13.75],"translation":[9.5,0.0,-5.75],"scale":[0.41992,0.41992,0.41992]},"firstperson_lefthand":{"rotation":[21.0,114.5,-13.75],"translation":[9.5,0.0,-5.75],"scale":[0.41992,0.41992,0.41992]},"gui":{"rotation":[-149.61,-31.92,-180.0],"translation":[-0.25,3.5,0.0],"scale":[0.77539,0.77539,0.77539]},"head":{"rotation":[-1.75,0.0,0.0],"translation":[0.0,6.25,0.25],"scale":[1.6,1.6,1.6]}}}