{"textures":{"0":"mcc:island_cosmetics/general/hat/witch_doctors_mask/witch_doctors_mask","2":"mcc:island_cosmetics/general/hat/witch_doctors_mask/witch_doctor_anim","particle":"mcc:island_cosmetics/general/hat/witch_doctors_mask/witch_doctors_mask"},"elements":[{"from":[2.5,0.0,3.0],"to":[13.5,15.0,5.0],"rotation":{"angle":0.0,"axis":"y","origin":[7.90465,7.25,8.0005]},"faces":{"north":{"uv":[0.0,4.0,2.75,7.75],"texture":"#0"},"east":{"uv":[0.0,7.75,0.5,11.5],"texture":"#0"},"south":{"uv":[2.75,4.0,5.5,7.75],"texture":"#0"},"west":{"uv":[0.5,7.75,0.0,11.5],"texture":"#0"},"up":{"uv":[0.5,7.75,3.25,8.25],"texture":"#0"},"down":{"uv":[0.5,8.25,3.25,8.75],"texture":"#0"}}},{"from":[3.3,1.8,3.3],"to":[12.7,13.2,12.7],"rotation":{"angle":0.0,"axis":"y","origin":[7.90465,7.25,8.0005]},"faces":{"north":{"uv":[5.75,0.0,3.5,2.75],"texture":"#0","tintindex":0},"east":{"uv":[8.0,0.0,5.75,2.75],"texture":"#0","tintindex":0},"south":{"uv":[5.75,0.0,3.5,2.75],"texture":"#0","tintindex":0},"west":{"uv":[5.75,0.0,8.0,2.75],"texture":"#0","tintindex":0},"up":{"uv":[5.75,2.75,8.0,5.0],"texture":"#0","tintindex":0},"down":{"uv":[5.75,5.0,8.0,7.25],"texture":"#0","tintindex":0}}},{"from":[6.53171,14.0,-2.25413],"to":[7.53171,14.0,2.74587],"rotation":{"angle":22.5,"axis":"y","origin":[7.90465,7.25,8.0005]},"faces":{"up":{"uv":[0.75,9.0,1.0,10.25],"texture":"#0"},"down":{"uv":[1.0,10.25,0.75,9.0],"texture":"#0"}}},{"from":[6.03171,13.0,-2.25413],"to":[8.03171,15.0,-2.25413],"rotation":{"angle":22.5,"axis":"y","origin":[7.90465,7.25,8.0005]},"faces":{"north":{"uv":[1.75,9.5,1.25,9.0],"texture":"#0"},"south":{"uv":[1.75,9.5,1.25,9.0],"texture":"#0"}}},{"from":[7.999,0.0,6.501],"to":[7.999,15.0,17.501],"rotation":{"angle":0.0,"axis":"y","origin":[7.90465,7.25,8.0005]},"faces":{"east":{"uv":[0.0,0.0,2.75,3.75],"texture":"#0","tintindex":0},"west":{"uv":[2.75,0.0,0.0,3.75],"texture":"#0","tintindex":0}}},{"from":[11.34776,7.37663,-4.66881],"to":[13.34776,9.37663,-4.66881],"rotation":{"angle":45.0,"axis":"x","origin":[7.90465,7.25,8.0005]},"faces":{"north":{"uv":[1.25,9.5,1.75,9.0],"texture":"#0","rotation":90},"south":{"uv":[1.25,9.5,1.75,9.0],"texture":"#0","rotation":90}}},{"from":[12.34776,7.87663,-4.66881],"to":[12.34776,8.87663,0.33119],"rotation":{"angle":45.0,"axis":"x","origin":[7.90465,7.25,8.0005]},"faces":{"east":{"uv":[0.75,10.25,1.0,9.0],"texture":"#0","rotation":270},"west":{"uv":[1.0,9.0,0.75,10.25],"texture":"#0","rotation":270}}},{"from":[8.41853,1.0,6.57773],"to":[21.41853,16.0,6.57773],"rotation":{"angle":-22.5,"axis":"y","origin":[7.90465,7.25,8.0005]},"faces":{"north":{"uv":[0.0,0.0,3.25,3.75],"texture":"#0","tintindex":0},"south":{"uv":[3.25,0.0,0.0,3.75],"texture":"#0","tintindex":0}}},{"from":[-5.43304,1.0,6.65071],"to":[7.56696,16.0,6.65071],"rotation":{"angle":22.5,"axis":"y","origin":[7.90465,7.25,8.0005]},"faces":{"north":{"uv":[3.25,0.0,0.0,3.75],"texture":"#0","tintindex":0},"south":{"uv":[0.0,0.0,3.25,3.75],"texture":"#0","tintindex":0}}},{"from":[4.5,2.0,-2.0],"to":[6.5,4.0,-2.0],"rotation":{"angle":0.0,"axis":"y","origin":[7.90465,7.25,8.0005]},"faces":{"north":{"uv":[1.75,9.5,1.25,9.0],"texture":"#0"},"south":{"uv":[1.75,9.5,1.25,9.0],"texture":"#0"}}},{"from":[5.0,3.0,-2.0],"to":[6.0,3.0,3.0],"rotation":{"angle":0.0,"axis":"y","origin":[7.90465,7.25,8.0005]},"faces":{"up":{"uv":[0.75,9.0,1.0,10.25],"texture":"#0"},"down":{"uv":[1.0,10.25,0.75,9.0],"texture":"#0"}}},{"from":[7.01677,4.0,-3.73669],"to":[9.01677,6.0,-3.73669],"rotation":{"angle":-45.0,"axis":"y","origin":[7.90465,7.25,8.0005]},"faces":{"north":{"uv":[1.75,9.5,1.25,9.0],"texture":"#0"},"south":{"uv":[1.75,9.5,1.25,9.0],"texture":"#0"}}},{"from":[7.51677,5.0,-3.73669],"to":[8.51677,5.0,1.26331],"rotation":{"angle":-45.0,"axis":"y","origin":[7.90465,7.25,8.0005]},"faces":{"up":{"uv":[0.75,9.0,1.0,10.25],"texture":"#0"},"down":{"uv":[1.0,10.25,0.75,9.0],"texture":"#0"}}},{"from":[0.5,6.0,5.0],"to":[15.5,9.0,8.0],"rotation":{"angle":0.0,"axis":"y","origin":[7.90465,7.25,8.0005]},"faces":{"north":{"uv":[4.5,8.0,8.25,8.75],"texture":"#0"},"east":{"uv":[3.5,8.0,4.25,8.75],"texture":"#0"},"south":{"uv":[4.5,8.0,8.25,8.75],"texture":"#0"},"west":{"uv":[3.5,8.0,4.25,8.75],"texture":"#0"},"up":{"uv":[4.5,8.0,8.25,8.75],"texture":"#0"},"down":{"uv":[4.5,8.0,8.25,8.75],"texture":"#0"}}},{"from":[13.69487,10.0,5.20863],"to":[21.69487,14.0,5.20863],"rotation":{"angle":22.5,"axis":"y","origin":[7.90465,7.25,8.0005]},"faces":{"north":{"uv":[8.0,0.0,16.0,4.0],"texture":"#2","tintindex":0},"east":{"uv":[0.0,0.0,0.0,1.33333],"texture":"#2","tintindex":0},"south":{"uv":[16.0,0.0,8.0,4.0],"texture":"#2","tintindex":0},"west":{"uv":[0.0,0.0,0.0,1.33333],"texture":"#2","tintindex":0},"up":{"uv":[3.33333,0.0,0.0,0.0],"texture":"#2","tintindex":0},"down":{"uv":[3.33333,0.0,0.0,0.0],"texture":"#2","tintindex":0}}},{"from":[14.17733,3.0,7.21787],"to":[22.17733,7.0,7.21787],"rotation":{"angle":0.0,"axis":"y","origin":[7.90465,7.25,8.0005]},"faces":{"north":{"uv":[8.0,4.0,16.0,8.0],"texture":"#2","tintindex":0},"east":{"uv":[0.0,0.0,0.0,1.33333],"texture":"#2","tintindex":0},"south":{"uv":[16.0,4.0,8.0,8.0],"texture":"#2","tintindex":0},"west":{"uv":[0.0,0.0,0.0,1.33333],"texture":"#2","tintindex":0},"up":{"uv":[3.33333,0.0,0.0,0.0],"texture":"#2","tintindex":0},"down":{"uv":[3.33333,0.0,0.0,0.0],"texture":"#2","tintindex":0}}},{"from":[-5.29517,1.0,7.40773],"to":[2.70483,5.0,7.40773],"rotation":{"angle":-22.5,"axis":"y","origin":[7.90465,7.25,8.0005]},"faces":{"north":{"uv":[8.0,0.0,0.0,4.0],"texture":"#2","tintindex":0},"east":{"uv":[0.0,0.0,0.0,1.33333],"texture":"#2","tintindex":0},"south":{"uv":[0.0,0.0,8.0,4.0],"texture":"#2","tintindex":0},"west":{"uv":[0.0,0.0,0.0,1.33333],"texture":"#2","tintindex":0},"up":{"uv":[0.0,0.0,3.33333,0.0],"texture":"#2","tintindex":0,"rotation":180},"down":{"uv":[0.0,0.0,3.33333,0.0],"texture":"#2","tintindex":0,"rotation":180}}},{"from":[-1.37072,16.0,6.75386],"to":[6.62928,20.0,6.75386],"rotation":{"angle":45.0,"axis":"y","origin":[7.90465,7.25,8.0005]},"faces":{"north":{"uv":[8.0,4.0,0.0,8.0],"texture":"#2","tintindex":0},"east":{"uv":[0.0,0.0,0.0,1.33333],"texture":"#2","tintindex":0},"south":{"uv":[0.0,4.0,8.0,8.0],"texture":"#2","tintindex":0},"west":{"uv":[0.0,0.0,0.0,1.33333],"texture":"#2","tintindex":0},"up":{"uv":[0.0,0.0,3.33333,0.0],"texture":"#2","tintindex":0,"rotation":180},"down":{"uv":[0.0,0.0,3.33333,0.0],"texture":"#2","tintindex":0,"rotation":180}}},{"from":[2.5,0.0,3.0],"to":[13.5,15.0,5.0],"rotation":{"angle":0.0,"axis":"y","origin":[7.90465,7.25,8.0005]},"faces":{"north":{"uv":[8.25,0.25,11.0,4.0],"texture":"#0","tintindex":0}}},{"from":[6.53171,13.5,-2.25413],"to":[7.53171,13.5,2.74587],"rotation":{"angle":22.5,"axis":"y","origin":[7.90465,7.25,8.0005]},"faces":{"up":{"uv":[9.25,9.0,9.5,10.25],"texture":"#0"},"down":{"uv":[9.5,10.25,9.25,9.0],"texture":"#0"}}},{"from":[6.03171,12.5,-2.25413],"to":[8.03171,14.5,-2.25413],"rotation":{"angle":22.5,"axis":"y","origin":[7.90465,7.25,8.0005]},"faces":{"north":{"uv":[10.25,9.5,9.75,9.0],"texture":"#0"},"south":{"uv":[10.25,9.5,9.75,9.0],"texture":"#0"}}},{"from":[11.34776,7.02308,-4.31526],"to":[13.34776,9.02308,-4.31526],"rotation":{"angle":45.0,"axis":"x","origin":[7.90465,7.25,8.0005]},"faces":{"north":{"uv":[9.75,9.5,10.25,9.0],"texture":"#0","rotation":90},"south":{"uv":[9.75,9.5,10.25,9.0],"texture":"#0","rotation":90}}},{"from":[12.34776,7.52308,-4.31526],"to":[12.34776,8.52308,0.68474],"rotation":{"angle":45.0,"axis":"x","origin":[7.90465,7.25,8.0005]},"faces":{"east":{"uv":[9.25,10.25,9.5,9.0],"texture":"#0","rotation":270},"west":{"uv":[9.5,9.0,9.25,10.25],"texture":"#0","rotation":270}}},{"from":[4.5,1.5,-2.0],"to":[6.5,3.5,-2.0],"rotation":{"angle":0.0,"axis":"y","origin":[7.90465,7.25,8.0005]},"faces":{"north":{"uv":[10.25,9.5,9.75,9.0],"texture":"#0"},"south":{"uv":[10.25,9.5,9.75,9.0],"texture":"#0"}}},{"from":[5.0,2.5,-2.0],"to":[6.0,2.5,3.0],"rotation":{"angle":0.0,"axis":"y","origin":[7.90465,7.25,8.0005]},"faces":{"up":{"uv":[9.25,9.0,9.5,10.25],"texture":"#0"},"down":{"uv":[9.5,10.25,9.25,9.0],"texture":"#0"}}},{"from":[7.01677,3.5,-3.73669],"to":[9.01677,5.5,-3.73669],"rotation":{"angle":-45.0,"axis":"y","origin":[7.90465,7.25,8.0005]},"faces":{"north":{"uv":[10.25,9.5,9.75,9.0],"texture":"#0"},"south":{"uv":[10.25,9.5,9.75,9.0],"texture":"#0"}}},{"from":[7.51677,4.5,-3.73669],"to":[8.51677,4.5,1.26331],"rotation":{"angle":-45.0,"axis":"y","origin":[7.90465,7.25,8.0005]},"faces":{"up":{"uv":[9.25,9.0,9.5,10.25],"texture":"#0"},"down":{"uv":[9.5,10.25,9.25,9.0],"texture":"#0"}}},{"from":[2.5,-0.5,3.0],"to":[13.5,14.5,5.0],"rotation":{"angle":0.0,"axis":"y","origin":[7.90465,7.25,8.0005]},"faces":{"north":{"uv":[8.5,4.0,11.25,7.75],"texture":"#0"},"east":{"uv":[8.5,7.75,9.0,11.5],"texture":"#0"},"south":{"uv":[11.25,4.0,14.0,7.75],"texture":"#0"},"west":{"uv":[9.0,7.75,8.5,11.5],"texture":"#0"},"up":{"uv":[9.0,7.75,11.75,8.25],"texture":"#0"},"down":{"uv":[9.0,8.25,11.75,8.75],"texture":"#0"}}},{"from":[2.5,-0.5,3.0],"to":[13.5,14.5,5.0],"rotation":{"angle":0.0,"axis":"y","origin":[7.90465,7.25,8.0005]},"faces":{"north":{"uv":[11.0,0.25,13.75,4.0],"texture":"#0","tintindex":0}}},{"from":[0.5,5.5,5.0],"to":[15.5,8.5,8.0],"rotation":{"angle":0.0,"axis":"y","origin":[7.90465,7.25,8.0005]},"faces":{"north":{"uv":[9.75,15.25,13.5,16.0],"texture":"#0"},"east":{"uv":[8.75,15.25,9.5,16.0],"texture":"#0"},"south":{"uv":[9.75,15.25,13.5,16.0],"texture":"#0"},"west":{"uv":[8.75,15.25,9.5,16.0],"texture":"#0"},"up":{"uv":[9.75,15.25,13.5,16.0],"texture":"#0"},"down":{"uv":[9.75,15.25,13.5,16.0],"texture":"#0"}}},{"from":[3.3,1.05,3.3],"to":[12.7,12.45,12.7],"rotation":{"angle":0.0,"axis":"y","origin":[7.90465,7.25,8.0005]},"faces":{"north":{"uv":[13.75,8.75,11.5,11.5],"texture":"#0","tintindex":0},"east":{"uv":[16.0,8.75,13.75,11.5],"texture":"#0","tintindex":0},"south":{"uv":[13.75,8.75,11.5,11.5],"texture":"#0","tintindex":0},"west":{"uv":[13.75,8.75,16.0,11.5],"texture":"#0","tintindex":0},"up":{"uv":[13.75,11.5,16.0,13.75],"texture":"#0","tintindex":0},"down":{"uv":[13.75,13.75,16.0,16.0],"texture":"#0","tintindex":0}}},{"from":[8.41853,0.25,6.57773],"to":[21.41853,15.25,6.57773],"rotation":{"angle":-22.5,"axis":"y","origin":[7.90465,7.25,8.0005]},"faces":{"north":{"uv":[3.75,12.0,7.0,15.75],"texture":"#0","tintindex":0},"south":{"uv":[7.0,12.0,3.75,15.75],"texture":"#0","tintindex":0}}},{"from":[-5.43304,0.25,6.65071],"to":[7.56696,15.25,6.65071],"rotation":{"angle":22.5,"axis":"y","origin":[7.90465,7.25,8.0005]},"faces":{"north":{"uv":[7.0,12.0,3.75,15.75],"texture":"#0","tintindex":0},"south":{"uv":[3.75,12.0,7.0,15.75],"texture":"#0","tintindex":0}}},{"from":[7.999,-0.75,6.501],"to":[7.999,14.25,17.501],"rotation":{"angle":0.0,"axis":"y","origin":[7.90465,7.25,8.0005]},"faces":{"east":{"uv":[3.75,12.0,6.5,15.75],"texture":"#0","tintindex":0},"west":{"uv":[6.5,12.0,3.75,15.75],"texture":"#0","tintindex":0}}}],"display":{"ground":{"translation":[0.0,5.5,0.0]},"gui":{"translation":[1.25,0.0,0.0],"rotation":[-149.61,-31.92,-180.0],"scale":[0.67969,0.67969,0.67969]},"head":{"translation":[0.0,-0.75,-0.75],"scale":[1.62148,1.62148,1.62148]}},"credit":"Made with Blockbench","gui_light":"front"}