{"textures":{"2":"mcc:island_cosmetics/general/hat/night_vision/night_vision","3":"mcc:island_cosmetics/general/hat/night_vision/dual"},"display":{"thirdperson_righthand":{"rotation":[64.25,0.0,0.0],"scale":[0.44336,0.44336,0.44336]},"thirdperson_lefthand":{"rotation":[64.25,0.0,0.0],"scale":[0.44336,0.44336,0.44336]},"firstperson_righthand":{"scale":[0.0,0.0,0.0]},"firstperson_lefthand":{"scale":[0.0,0.0,0.0]},"ground":{"translation":[0.0,4.25,0.0],"scale":[0.43945,0.43945,0.43945]},"gui":{"translation":[-1.25,4.0,0.0],"rotation":[-149.61,-31.92,-180.0],"scale":[0.79101,0.79101,0.79101]},"head":{"translation":[0.0,8.0,1.0],"scale":[1.64492,1.64492,1.64492]}},"credit":"Made with Blockbench","texture_size":[32.0,32.0],"elements":[{"from":[3.5,-2.0,3.0],"to":[12.5,2.0,12.0],"rotation":{"angle":0.0,"axis":"y","origin":[-0.5,0.0,0.0]},"faces":{"north":{"uv":[12.5,5.5,13.0,6.0],"texture":"#3"},"east":{"uv":[11.0,0.0,15.5,2.0],"texture":"#3"},"south":{"uv":[12.5,5.5,13.0,6.0],"texture":"#3"},"west":{"uv":[15.5,0.0,11.0,2.0],"texture":"#3"},"up":{"uv":[12.5,5.5,13.0,6.0],"texture":"#3"},"down":{"uv":[11.0,2.0,15.5,6.5],"texture":"#3"}}},{"from":[2.5,2.0,2.0],"to":[13.5,8.0,13.0],"rotation":{"angle":0.0,"axis":"y","origin":[-0.5,0.0,0.0]},"faces":{"north":{"uv":[5.5,0.0,0.0,3.0],"texture":"#3"},"east":{"uv":[5.5,3.0,0.0,6.0],"texture":"#3"},"south":{"uv":[11.0,0.0,5.5,3.0],"texture":"#3"},"west":{"uv":[0.0,3.0,5.5,6.0],"texture":"#3"},"up":{"uv":[5.5,6.0,0.0,11.5],"texture":"#3"},"down":{"uv":[11.0,3.0,5.5,8.5],"texture":"#3"}}},{"from":[3.0,0.0,0.0],"to":[7.0,4.0,3.0],"rotation":{"angle":0.0,"axis":"y","origin":[16.0,0.0,0.0]},"faces":{"north":{"uv":[4.0,14.0,2.0,16.0],"texture":"#2"},"east":{"uv":[7.5,14.0,6.0,16.0],"texture":"#2"},"south":{"uv":[7.5,14.0,9.5,16.0],"texture":"#2"},"west":{"uv":[6.0,14.0,7.5,16.0],"texture":"#2"},"up":{"uv":[6.0,14.5,4.0,16.0],"texture":"#2"},"down":{"uv":[2.0,14.5,0.0,16.0],"texture":"#2"}}},{"from":[9.0,0.0,0.0],"to":[13.0,4.0,3.0],"rotation":{"angle":0.0,"axis":"y","origin":[16.0,0.0,0.0]},"faces":{"north":{"uv":[4.0,14.0,2.0,16.0],"texture":"#2"},"east":{"uv":[7.5,14.0,6.0,16.0],"texture":"#2"},"south":{"uv":[7.5,14.0,9.5,16.0],"texture":"#2"},"west":{"uv":[6.0,14.0,7.5,16.0],"texture":"#2"},"up":{"uv":[6.0,14.5,4.0,16.0],"texture":"#2"},"down":{"uv":[2.0,14.5,0.0,16.0],"texture":"#2"}}},{"from":[4.0,1.0,-2.0],"to":[6.0,3.0,1.0],"faces":{"north":{"uv":[6.0,6.0,7.0,7.0],"texture":"#2","tintindex":0.0},"east":{"uv":[11.5,10.5,12.5,12.0],"rotation":90.0,"texture":"#2"},"south":{"uv":[11.5,11.0,12.5,12.0],"texture":"#2","tintindex":0.0},"west":{"uv":[12.5,12.0,11.5,10.5],"rotation":90.0,"texture":"#2"},"up":{"uv":[11.5,10.5,12.5,12.0],"texture":"#2"},"down":{"uv":[11.5,10.5,12.5,12.0],"rotation":180.0,"texture":"#2"}}},{"from":[6.0,3.0,-2.0],"to":[4.0,1.0,-8.0],"faces":{"east":{"uv":[8.5,12.0,11.5,11.0],"rotation":180.0,"texture":"#2","tintindex":0.0},"west":{"uv":[8.5,12.0,11.5,11.0],"texture":"#2","tintindex":0.0},"up":{"uv":[8.5,12.0,11.5,11.0],"rotation":90.0,"texture":"#2","tintindex":0.0},"down":{"uv":[8.5,12.0,11.5,11.0],"rotation":270.0,"texture":"#2","tintindex":0.0}}},{"from":[10.0,1.0,-2.0],"to":[12.0,3.0,1.0],"faces":{"north":{"uv":[6.0,6.0,7.0,7.0],"texture":"#2","tintindex":0.0},"east":{"uv":[11.5,10.5,12.5,12.0],"rotation":90.0,"texture":"#2"},"south":{"uv":[11.5,11.0,12.5,12.0],"texture":"#2","tintindex":0.0},"west":{"uv":[12.5,12.0,11.5,10.5],"rotation":90.0,"texture":"#2"},"up":{"uv":[11.5,10.5,12.5,12.0],"texture":"#2"},"down":{"uv":[11.5,10.5,12.5,12.0],"rotation":180.0,"texture":"#2"}}},{"from":[12.0,3.0,-2.0],"to":[10.0,1.0,-8.0],"faces":{"east":{"uv":[8.5,12.0,11.5,11.0],"rotation":180.0,"texture":"#2","tintindex":0.0},"west":{"uv":[8.5,12.0,11.5,11.0],"texture":"#2","tintindex":0.0},"up":{"uv":[8.5,12.0,11.5,11.0],"rotation":90.0,"texture":"#2","tintindex":0.0},"down":{"uv":[8.5,12.0,11.5,11.0],"rotation":270.0,"texture":"#2","tintindex":0.0}}},{"name":"cube inverted","from":[12.5,2.0,12.0],"to":[3.5,-2.0,3.0],"rotation":{"angle":0.0,"axis":"y","origin":[-0.5,0.0,0.0]},"faces":{"north":{"uv":[12.5,6.0,13.0,5.5],"texture":"#3"},"east":{"uv":[15.5,2.0,11.0,0.0],"texture":"#3"},"south":{"uv":[12.5,6.0,13.0,5.5],"texture":"#3"},"west":{"uv":[11.0,2.0,15.5,0.0],"texture":"#3"},"up":{"uv":[15.5,2.0,11.0,6.5],"texture":"#3"},"down":{"uv":[13.0,5.5,12.5,6.0],"texture":"#3"}}}],"gui_light":"front"}