{"textures":{"1":"mcc:island_cosmetics/general/hat/burger_head/monarch_2","2":"mcc:island_cosmetics/general/hat/burger_head/monarch","7":"mcc:island_cosmetics/general/hat/8_ball/gold_shine","particle":"mcc:island_cosmetics/general/hat/burger_head/monarch"},"elements":[{"from":[1.5,-2.0,1.5],"to":[14.5,1.0,14.5],"rotation":{"angle":0.0,"axis":"y","origin":[7.5,9.5,8.5]},"faces":{"north":{"uv":[4.33333,0.0,0.0,1.0],"texture":"#1"},"east":{"uv":[4.33333,0.0,0.0,1.0],"texture":"#1"},"south":{"uv":[4.33333,0.0,0.0,1.0],"texture":"#1"},"west":{"uv":[4.33333,0.0,0.0,1.0],"texture":"#1"},"up":{"uv":[5.0,10.0,9.33333,5.66667],"texture":"#1"},"down":{"uv":[5.0,10.0,9.33333,5.66667],"texture":"#1"}}},{"from":[1.5,4.0,1.5],"to":[14.5,10.0,14.5],"rotation":{"angle":0.0,"axis":"y","origin":[7.5,9.5,8.5]},"faces":{"north":{"uv":[4.33333,11.33333,0.0,13.0],"texture":"#1"},"east":{"uv":[4.33333,11.33333,0.0,13.0],"texture":"#1"},"south":{"uv":[4.33333,11.33333,0.0,13.0],"texture":"#1"},"west":{"uv":[4.33333,11.33333,0.0,13.0],"texture":"#1"},"up":{"uv":[4.33333,15.66667,8.66667,11.33333],"texture":"#1"},"down":{"uv":[8.66667,15.66666,13.0,11.33333],"texture":"#1"}}},{"from":[2.0,1.0,2.0],"to":[14.0,3.0,14.0],"rotation":{"angle":0.0,"axis":"y","origin":[7.0,9.5,8.0]},"faces":{"north":{"uv":[8.0,0.0,4.33333,0.66667],"texture":"#1"},"east":{"uv":[8.0,0.0,4.33333,0.66667],"texture":"#1"},"south":{"uv":[8.0,0.0,4.33333,0.66667],"texture":"#1"},"west":{"uv":[8.0,0.0,4.33333,0.66667],"texture":"#1"},"up":{"uv":[5.33333,0.66667,5.66667,0.33333],"texture":"#1"},"down":{"uv":[5.33333,0.66667,5.66667,0.33333],"texture":"#1"}}},{"from":[2.0,2.2,2.0],"to":[14.0,5.2,14.0],"rotation":{"angle":0.0,"axis":"y","origin":[8.0,9.5,8.0]},"faces":{"north":{"uv":[3.66667,9.66667,0.0,10.66667],"texture":"#1"},"east":{"uv":[3.66667,9.66667,0.0,10.66667],"texture":"#1"},"south":{"uv":[3.66667,9.66667,0.0,10.66667],"texture":"#1"},"west":{"uv":[3.66667,9.66667,0.0,10.66667],"texture":"#1"},"up":{"uv":[9.66667,0.33333,10.0,0.0],"texture":"#1"},"down":{"uv":[9.66667,0.33333,10.0,0.0],"texture":"#1"}}},{"from":[1.5,2.0,1.5],"to":[14.5,3.0,14.5],"rotation":{"angle":0.0,"axis":"y","origin":[8.0,2.75,8.0]},"faces":{"north":{"uv":[14.33333,5.0,9.33333,5.33333],"texture":"#1"},"east":{"uv":[14.33333,5.0,9.33333,5.33333],"texture":"#1"},"south":{"uv":[14.33333,5.0,9.33333,5.33333],"texture":"#1"},"west":{"uv":[14.33333,5.0,9.33333,5.33333],"texture":"#1"},"up":{"uv":[11.0,6.33333,11.33333,6.0],"texture":"#1"},"down":{"uv":[11.0,6.33333,11.33333,6.0],"texture":"#1"}}},{"from":[1.5,5.75,1.5],"to":[14.5,5.75,14.5],"rotation":{"angle":0.0,"axis":"y","origin":[8.0,5.75,8.0]},"faces":{"north":{"uv":[8.0,0.0,4.33333,0.66667],"texture":"#1"},"east":{"uv":[8.0,0.0,4.33333,0.66667],"texture":"#1"},"south":{"uv":[8.0,0.0,4.33333,0.66667],"texture":"#1"},"west":{"uv":[8.0,0.0,4.33333,0.66667],"texture":"#1"},"up":{"uv":[4.33333,5.33333,0.0,9.66667],"texture":"#1","rotation":90},"down":{"uv":[4.33333,5.33333,0.0,9.66667],"texture":"#1","rotation":90}}},{"from":[-1.0,3.86739,-1.0],"to":[17.0,3.86739,17.0],"rotation":{"angle":0.0,"axis":"y","origin":[0.0,4.36739,8.5]},"faces":{"north":{"uv":[8.0,0.0,4.33333,0.66667],"texture":"#1"},"east":{"uv":[8.0,0.0,4.33333,0.66667],"texture":"#1"},"south":{"uv":[8.0,0.0,4.33333,0.66667],"texture":"#1"},"west":{"uv":[8.0,0.0,4.33333,0.66667],"texture":"#1"},"up":{"uv":[9.66666,11.33334,15.33333,5.66667],"texture":"#1","rotation":180},"down":{"uv":[9.66666,11.33334,15.33333,5.66667],"texture":"#1","rotation":180}}},{"from":[15.0731,0.1138,2.0],"to":[15.0731,3.1138,14.0],"rotation":{"angle":22.5,"axis":"z","origin":[15.0731,1.6138,9.5]},"faces":{"north":{"uv":[4.33333,0.66667,8.0,0.0],"texture":"#1","rotation":90},"east":{"uv":[3.66667,10.0,7.66667,11.0],"texture":"#1","rotation":180},"south":{"uv":[4.33333,0.66667,8.0,0.0],"texture":"#1","rotation":270},"west":{"uv":[7.66667,10.0,3.66667,11.0],"texture":"#1","rotation":180},"up":{"uv":[8.0,0.0,4.33333,0.66667],"texture":"#1","rotation":90},"down":{"uv":[8.0,0.0,4.33333,0.66667],"texture":"#1","rotation":90}}},{"from":[0.9269,0.1138,2.0],"to":[0.9269,3.1138,14.0],"rotation":{"angle":-22.5,"axis":"z","origin":[0.9269,1.6138,6.5]},"faces":{"north":{"uv":[4.33333,0.66667,8.0,0.0],"texture":"#1","rotation":270},"east":{"uv":[7.66667,10.0,3.66667,11.0],"texture":"#1","rotation":180},"south":{"uv":[4.33333,0.66667,8.0,0.0],"texture":"#1","rotation":90},"west":{"uv":[3.66667,10.0,7.66667,11.0],"texture":"#1","rotation":180},"up":{"uv":[4.33333,0.66667,8.0,0.0],"texture":"#1","rotation":90},"down":{"uv":[4.33333,0.66667,8.0,0.0],"texture":"#1","rotation":90}}},{"from":[2.0,-2.59296,14.53469],"to":[14.0,0.40704,14.53469],"rotation":{"angle":-22.5,"axis":"x","origin":[8.0,1.6138,8.0]},"faces":{"north":{"uv":[7.66667,10.0,3.66667,11.0],"texture":"#1","rotation":180},"east":{"uv":[4.33333,0.66667,8.0,0.0],"texture":"#1","rotation":90},"south":{"uv":[3.66667,10.0,7.66667,11.0],"texture":"#1","rotation":180},"west":{"uv":[4.33333,0.66667,8.0,0.0],"texture":"#1","rotation":270},"up":{"uv":[8.0,0.0,4.33333,0.66667],"texture":"#1","rotation":180},"down":{"uv":[8.0,0.0,4.33333,0.66667],"texture":"#1"}}},{"from":[2.0,-2.59296,1.46531],"to":[14.0,0.40704,1.46531],"rotation":{"angle":22.5,"axis":"x","origin":[8.0,1.6138,8.0]},"faces":{"north":{"uv":[3.66667,10.0,7.66667,11.0],"texture":"#1","rotation":180},"east":{"uv":[4.33333,0.66667,8.0,0.0],"texture":"#1","rotation":270},"south":{"uv":[7.66667,10.0,3.66667,11.0],"texture":"#1","rotation":180},"west":{"uv":[4.33333,0.66667,8.0,0.0],"texture":"#1","rotation":90},"up":{"uv":[4.33333,0.66667,8.0,0.0],"texture":"#1","rotation":180},"down":{"uv":[4.33333,0.66667,8.0,0.0],"texture":"#1"}}},{"from":[1.3,4.8,1.3],"to":[14.7,10.2,14.7],"rotation":{"angle":0.0,"axis":"y","origin":[7.5,9.5,8.5]},"faces":{"north":{"uv":[16.0,1.66667,11.66667,3.33334],"texture":"#1"},"east":{"uv":[16.0,0.0,11.66667,1.66667],"texture":"#1"},"south":{"uv":[16.0,0.0,11.66667,1.66667],"texture":"#1"},"west":{"uv":[16.0,0.0,11.66667,1.66667],"texture":"#1"},"up":{"uv":[8.0,4.66667,12.33333,0.33333],"texture":"#1"}}},{"from":[1.2,3.95,0.95],"to":[14.8,9.55,4.55],"rotation":{"angle":0.0,"axis":"y","origin":[7.5,9.5,8.5]},"faces":{"north":{"uv":[6.5,11.5,0.0,14.0],"texture":"#2"},"east":{"uv":[12.0,13.0,13.5,15.5],"texture":"#2"},"west":{"uv":[13.5,13.0,12.0,15.5],"texture":"#2"}}},{"from":[14.7,10.2,14.7],"to":[1.3,4.8,1.3],"rotation":{"angle":0.0,"axis":"y","origin":[7.5,9.5,8.5]},"faces":{"north":{"uv":[16.0,1.66667,11.66667,0.0],"texture":"#1"},"east":{"uv":[16.0,1.66667,11.66667,0.0],"texture":"#1"},"south":{"uv":[16.0,1.66667,11.66667,0.0],"texture":"#1"},"west":{"uv":[16.0,1.66667,11.66667,0.0],"texture":"#1"},"down":{"uv":[12.33333,4.66667,8.0,0.33333],"texture":"#1"}}},{"from":[5.5,10.0,5.5],"to":[10.5,18.0,10.5],"rotation":{"angle":0.0,"axis":"y","origin":[0.5,-25.0,15.5]},"faces":{"north":{"uv":[2.5,0.0,0.0,4.0],"texture":"#2"},"east":{"uv":[2.5,0.0,0.0,4.0],"texture":"#2"},"south":{"uv":[2.5,0.0,0.0,4.0],"texture":"#2"},"west":{"uv":[2.5,0.0,0.0,4.0],"texture":"#2"}}},{"from":[10.5,18.0,10.5],"to":[5.5,10.0,5.5],"rotation":{"angle":0.0,"axis":"y","origin":[0.5,-25.0,15.5]},"faces":{"north":{"uv":[2.5,4.0,0.0,0.0],"texture":"#2"},"east":{"uv":[2.5,4.0,0.0,0.0],"texture":"#2"},"south":{"uv":[2.5,4.0,0.0,0.0],"texture":"#2"},"west":{"uv":[2.5,4.0,0.0,0.0],"texture":"#2"}}},{"from":[10.0,9.0,1.0],"to":[17.0,16.0,1.0],"rotation":{"angle":45.0,"axis":"y","origin":[13.5,12.5,1.0]},"faces":{"north":{"uv":[7.0,1.0,0.0,8.0],"texture":"#7"},"east":{"uv":[1.0,0.0,0.0,1.0],"texture":"#7"},"south":{"uv":[7.0,1.0,0.0,8.0],"texture":"#7"},"west":{"uv":[1.0,0.0,0.0,1.0],"texture":"#7"},"up":{"uv":[0.0,1.0,1.0,0.0],"texture":"#7"},"down":{"uv":[0.0,1.0,1.0,0.0],"texture":"#7"}}},{"from":[10.0,9.0,1.0],"to":[17.0,16.0,1.0],"rotation":{"angle":-45.0,"axis":"y","origin":[13.5,12.5,1.0]},"faces":{"north":{"uv":[7.0,1.0,0.0,8.0],"texture":"#7"},"east":{"uv":[1.0,0.0,0.0,1.0],"texture":"#7"},"south":{"uv":[7.0,1.0,0.0,8.0],"texture":"#7"},"west":{"uv":[1.0,0.0,0.0,1.0],"texture":"#7"},"up":{"uv":[0.0,1.0,1.0,0.0],"texture":"#7"},"down":{"uv":[0.0,1.0,1.0,0.0],"texture":"#7"}}},{"from":[4.0,12.0,11.0],"to":[11.0,19.0,11.0],"rotation":{"angle":22.5,"axis":"y","origin":[0.5,-11.5,24.0]},"faces":{"north":{"uv":[15.0,1.0,8.0,8.0],"texture":"#7"},"east":{"uv":[1.0,0.0,0.0,1.0],"texture":"#7"},"south":{"uv":[15.0,1.0,8.0,8.0],"texture":"#7"},"west":{"uv":[1.0,0.0,0.0,1.0],"texture":"#7"},"up":{"uv":[0.0,1.0,1.0,0.0],"texture":"#7"},"down":{"uv":[0.0,1.0,1.0,0.0],"texture":"#7"}}},{"from":[7.5,12.0,7.5],"to":[7.5,19.0,14.5],"rotation":{"angle":22.5,"axis":"y","origin":[0.5,-11.5,24.0]},"faces":{"north":{"uv":[1.0,0.0,0.0,1.0],"texture":"#7"},"east":{"uv":[15.0,1.0,8.0,8.0],"texture":"#7"},"south":{"uv":[1.0,0.0,0.0,1.0],"texture":"#7"},"west":{"uv":[15.0,1.0,8.0,8.0],"texture":"#7"},"up":{"uv":[1.0,0.0,0.0,1.0],"texture":"#7","rotation":270},"down":{"uv":[1.0,0.0,0.0,1.0],"texture":"#7","rotation":90}}}],"display":{"thirdperson_righthand":{"translation":[0.0,1.0,0.75],"rotation":[55.5,34.0,0.0],"scale":[0.52539,0.52539,0.52539]},"thirdperson_lefthand":{"translation":[0.0,1.0,0.75],"rotation":[55.5,34.0,0.0],"scale":[0.52539,0.52539,0.52539]},"firstperson_righthand":{"translation":[9.5,0.0,-5.75],"rotation":[21.0,114.5,-13.75],"scale":[0.41992,0.41992,0.41992]},"firstperson_lefthand":{"translation":[9.5,0.0,-5.75],"rotation":[21.0,114.5,-13.75],"scale":[0.41992,0.41992,0.41992]},"gui":{"translation":[0.0,1.25,0.0],"rotation":[-149.61,-31.92,-180.0],"scale":[0.65234,0.65234,0.65234]},"head":{"translation":[0.0,9.5,0.0],"scale":[1.6,1.6,1.6]}},"credit":"Made with Blockbench","gui_light":"front"}