{"textures":{"0":"mcc:island_cosmetics/general/hat/skull/skull","1":"mcc:island_cosmetics/general/hat/skull/skull_laughing_anim","particle":"mcc:island_cosmetics/general/hat/skull/skull"},"display":{"thirdperson_righthand":{"translation":[0.0,1.0,0.75],"rotation":[55.5,34.0,0.0],"scale":[0.52539,0.52539,0.52539]},"thirdperson_lefthand":{"translation":[0.0,1.0,0.75],"rotation":[55.5,34.0,0.0],"scale":[0.52539,0.52539,0.52539]},"firstperson_righthand":{"translation":[9.5,0.0,-5.75],"rotation":[21.0,114.5,-13.75],"scale":[0.41992,0.41992,0.41992]},"firstperson_lefthand":{"translation":[9.5,0.0,-5.75],"rotation":[21.0,114.5,-13.75],"scale":[0.41992,0.41992,0.41992]},"gui":{"translation":[0.0,2.25,0.0],"rotation":[-149.61,-31.92,-180.0],"scale":[0.80273,0.80273,0.80273]},"head":{"translation":[0.0,4.5,0.0],"rotation":[3.45,0.0,0.0],"scale":[1.62539,1.62539,1.62539]}},"credit":"Made with Blockbench","texture_size":[48.0,48.0],"elements":[{"from":[3.0,-0.51,4.24],"to":[13.0,3.49,14.24],"rotation":{"angle":-22.5,"axis":"x","origin":[25.01,0.0,8.0]},"faces":{"north":{"uv":[0.0,8.0,5.0,10.0],"texture":"#1"},"east":{"uv":[5.0,6.0,0.0,8.0],"texture":"#1"},"west":{"uv":[0.0,6.0,5.0,8.0],"texture":"#1"},"down":{"uv":[0.0,0.0,5.0,5.0],"texture":"#1"}}},{"from":[3.0,-1.51,4.24],"to":[13.0,2.49,14.24],"rotation":{"angle":-22.5,"axis":"x","origin":[39.01,0.0,8.0]},"faces":{"north":{"uv":[6.5,8.0,11.5,10.0],"texture":"#1"},"east":{"uv":[11.5,6.0,6.5,8.0],"texture":"#1"},"west":{"uv":[6.5,6.0,11.5,8.0],"texture":"#1"},"down":{"uv":[6.5,0.0,11.5,5.0],"texture":"#1"}}},{"name":"cube inverted","from":[13.0,3.49,14.24],"to":[3.0,-0.51,4.24],"rotation":{"angle":-22.5,"axis":"x","origin":[25.01,0.0,8.0]},"faces":{"north":{"uv":[7.0,15.875,7.125,15.75],"texture":"#0"},"east":{"uv":[0.0,8.0,5.0,6.0],"texture":"#1"},"south":{"uv":[0.0,10.0,5.0,8.0],"texture":"#1"},"west":{"uv":[5.0,8.0,0.0,6.0],"texture":"#1"},"up":{"uv":[5.0,0.0,0.0,5.0],"texture":"#1"},"down":{"uv":[7.125,15.75,7.0,15.875],"texture":"#0"}}},{"from":[2.5,2.0,2.5],"to":[13.5,11.0,13.5],"rotation":{"angle":0.0,"axis":"y","origin":[8.5,9.5,7.5]},"faces":{"north":{"uv":[1.66667,12.0,5.33333,15.0],"texture":"#0"},"east":{"uv":[9.0,12.0,5.33333,15.0],"texture":"#0"},"south":{"uv":[9.0,12.0,12.66667,15.0],"texture":"#0"},"west":{"uv":[5.33333,12.0,9.0,15.0],"texture":"#0"},"up":{"uv":[9.0,8.33333,5.33333,12.0],"texture":"#0"},"down":{"uv":[9.0,8.33333,12.66667,12.0],"texture":"#0"}}},{"from":[4.0,0.0,2.5],"to":[12.0,2.0,4.5],"rotation":{"angle":0.0,"axis":"y","origin":[8.0,0.5,4.5]},"faces":{"north":{"uv":[1.66667,15.0,4.33333,15.66667],"texture":"#0"},"east":{"uv":[4.33333,15.0,5.0,15.66667],"texture":"#0"},"south":{"uv":[1.66667,15.0,4.33333,15.66667],"texture":"#0"},"west":{"uv":[4.33333,15.0,5.0,15.66667],"texture":"#0"},"up":{"uv":[1.66667,15.0,4.33333,15.33333],"texture":"#0"},"down":{"uv":[5.0,15.0,7.66667,15.66667],"texture":"#0"}}},{"name":"cube inverted","from":[13.5,9.0,3.5],"to":[2.5,3.0,2.5],"rotation":{"angle":0.0,"axis":"y","origin":[8.5,9.5,7.5]},"faces":{"north":{"uv":[4.0,8.0,7.66667,6.0],"texture":"#0","tintindex":0.0},"east":{"uv":[0.0,0.0,0.0,0.0],"texture":"#0"},"south":{"uv":[0.0,0.0,0.0,0.0],"texture":"#0"},"west":{"uv":[0.0,0.0,0.0,0.0],"texture":"#0"},"up":{"uv":[0.0,0.0,0.0,0.0],"texture":"#0"},"down":{"uv":[0.0,0.0,0.0,0.0],"texture":"#0"}}},{"name":"cube inverted","from":[13.5,9.0,3.5],"to":[2.5,3.0,2.5],"rotation":{"angle":0.0,"axis":"y","origin":[8.5,9.5,7.5]},"faces":{"north":{"uv":[7.66667,8.0,11.33333,6.0],"texture":"#0"},"east":{"uv":[7.66667,8.0,8.0,6.0],"texture":"#0"},"south":{"uv":[0.0,0.0,0.0,0.0],"texture":"#0"},"west":{"uv":[7.66667,8.0,8.0,6.0],"texture":"#0"},"up":{"uv":[7.66667,7.66667,11.33333,8.0],"texture":"#0"},"down":{"uv":[7.66667,6.0,11.33333,6.33333],"texture":"#0"}}},{"name":"cube inverted","from":[13.0,3.49,14.24],"to":[3.0,-0.51,4.24],"rotation":{"angle":-22.5,"axis":"x","origin":[25.01,0.0,8.0]},"faces":{"east":{"uv":[0.0,8.0,5.0,6.0],"texture":"#1"},"south":{"uv":[0.0,10.0,5.0,8.0],"texture":"#1"},"west":{"uv":[5.0,8.0,0.0,6.0],"texture":"#1"},"up":{"uv":[5.0,0.0,0.0,5.0],"texture":"#1"}}},{"name":"cube inverted","from":[13.0,2.49,14.24],"to":[3.0,-1.51,4.24],"rotation":{"angle":-22.5,"axis":"x","origin":[39.01,0.0,8.0]},"faces":{"east":{"uv":[6.5,8.0,11.5,6.0],"texture":"#1"},"south":{"uv":[6.5,10.0,11.5,8.0],"texture":"#1"},"west":{"uv":[11.5,8.0,6.5,6.0],"texture":"#1"},"up":{"uv":[11.5,0.0,6.5,5.0],"texture":"#1"}}}],"gui_light":"front"}