{
	"sources": [
        {
            "type": "directory",
            "source": "island_winter",
            "prefix": "island_winter/"
        }, 
        {
            "type": "directory",
            "source": "block",
            "prefix": "block/"
        }, 
        {
            "type": "directory",
            "source": "colormap",
            "prefix": "colormap/"
        }, 
        {
            "type": "directory",
            "source": "island_lobby",
            "prefix": "island_lobby/"
        }, 
        {
            "type": "directory",
            "source": "island_items",
            "prefix": "island_items/"
        }, 
        {
            "type": "directory",
            "source": "sounds_games_battle_box",
            "prefix": "sounds_games_battle_box/"
        }, 
        {
            "type": "directory",
            "source": "shared_lobby",
            "prefix": "shared_lobby/"
        }, 
        {
            "type": "directory",
            "source": "island_gadgets",
            "prefix": "island_gadgets/"
        }, 
        {
            "type": "directory",
            "source": "sounds_games_ace_race",
            "prefix": "sounds_games_ace_race/"
        }, 
        {
            "type": "directory",
            "source": "sounds_ui_server",
            "prefix": "sounds_ui_server/"
        }, 
        {
            "type": "directory",
            "source": "sounds_ui_global",
            "prefix": "sounds_ui_global/"
        }, 
        {
            "type": "directory",
            "source": "sounds_misc_server",
            "prefix": "sounds_misc_server/"
        }, 
        {
            "type": "directory",
            "source": "sounds_misc_global",
            "prefix": "sounds_misc_global/"
        }, 
        {
            "type": "directory",
            "source": "sounds_games_global",
            "prefix": "sounds_games_global/"
        }, 
        {
            "type": "directory",
            "source": "island_furniture",
            "prefix": "island_furniture/"
        }, 
        {
            "type": "directory",
            "source": "island_interface",
            "prefix": "island_interface/"
        }, 
        {
            "type": "directory",
            "source": "gui",
            "prefix": "gui/"
        }, 
        {
            "type": "directory",
            "source": "item",
            "prefix": "item/"
        }, 
        {
            "type": "directory",
            "source": "mob_effect",
            "prefix": "mob_effect/"
        }, 
        {
            "type": "directory",
            "source": "island_cosmetics",
            "prefix": "island_cosmetics/"
        }, 
        {
            "type": "directory",
            "source": "gold_block",
            "prefix": "gold_block/"
        }, 
        {
            "type": "directory",
            "source": "global_island",
            "prefix": "global_island/"
        }, 
        {
            "type": "directory",
            "source": "global_base",
            "prefix": "global_base/"
        }, 
        {
            "type": "directory",
            "source": "entity",
            "prefix": "entity/"
        }, 
        {
            "type": "directory",
            "source": "particle",
            "prefix": "particle/"
        }, 
        {
            "type": "directory",
            "source": "common",
            "prefix": "common/"
        }, 
        {
            "type": "directory",
            "source": "custom",
            "prefix": "custom/"
        }, 
        {
            "type": "directory",
            "source": "_fonts",
            "prefix": "_fonts/"
        },
        {
            "type": "single",
            "resource": "delta:transparent"
        },
        {
            "type": "single",
            "resource": "delta:particle/explosion_0"
        },
        {
            "type": "single",
            "resource": "delta:particle/explosion_1"
        },
        {
            "type": "single",
            "resource": "delta:particle/explosion_2"
        },
        {
            "type": "single",
            "resource": "delta:particle/explosion_3"
        },
        {
            "type": "single",
            "resource": "delta:particle/explosion_4"
        },
        {
            "type": "single",
            "resource": "delta:particle/explosion_5"
        },
        {
            "type": "single",
            "resource": "delta:particle/explosion_6"
        },
        {
            "type": "single",
            "resource": "delta:particle/explosion_7"
        },
        {
            "type": "single",
            "resource": "delta:particle/explosion_8"
        },
        {
            "type": "single",
            "resource": "delta:particle/explosion_9"
        },
        {
            "type": "single",
            "resource": "delta:particle/explosion_10"
        },
        {
            "type": "single",
            "resource": "delta:particle/explosion_11"
        },
        {
            "type": "single",
            "resource": "delta:particle/explosion_12"
        },
        {
            "type": "single",
            "resource": "delta:particle/explosion_13"
        },
        {
            "type": "single",
            "resource": "delta:particle/explosion_14"
        },
        {
            "type": "single",
            "resource": "delta:particle/explosion_15"
        }
    ]
}