{"textures":{"0":"mcc:island_cosmetics/general/hat/lotus_crown/lotus_crown","1":"mcc:island_cosmetics/general/hat/lotus_crown/lotus_crown_anim","particle":"mcc:island_cosmetics/general/hat/lotus_crown/lotus_crown"},"elements":[{"from":[7.0,12.0,7.0],"to":[9.0,14.0,9.0],"rotation":{"angle":0.0,"axis":"y","origin":[7.0,12.0,7.0]},"faces":{"north":{"uv":[6.0,9.0,7.0,10.0],"texture":"#0"},"east":{"uv":[10.0,7.0,11.0,8.0],"texture":"#0"},"south":{"uv":[7.5,10.0,8.5,11.0],"texture":"#0"},"west":{"uv":[10.0,8.5,11.0,9.5],"texture":"#0"},"up":{"uv":[10.0,11.0,9.0,10.0],"texture":"#0"},"down":{"uv":[11.5,0.0,10.5,1.0],"texture":"#0"}}},{"from":[6.5,12.0,8.0],"to":[9.5,17.0,8.0],"rotation":{"angle":0.0,"axis":"y","origin":[7.0,12.0,7.0]},"faces":{"north":{"uv":[8.0,7.0,9.5,9.5],"texture":"#0"},"east":{"uv":[7.0,10.5,7.0,13.0],"texture":"#0"},"south":{"uv":[8.0,7.0,9.5,9.5],"texture":"#0"},"west":{"uv":[10.5,10.0,10.5,12.5],"texture":"#0"},"up":{"uv":[12.0,6.5,10.5,6.5],"texture":"#0"},"down":{"uv":[12.5,10.0,11.0,10.0],"texture":"#0"}}},{"from":[8.0,12.0,6.5],"to":[8.0,17.0,9.5],"rotation":{"angle":0.0,"axis":"y","origin":[8.0,14.5,8.0]},"faces":{"north":{"uv":[11.0,10.5,11.0,13.0],"texture":"#0"},"east":{"uv":[5.5,9.0,4.0,11.5],"texture":"#0"},"south":{"uv":[11.5,7.0,11.5,9.5],"texture":"#0"},"west":{"uv":[4.0,9.0,5.5,11.5],"texture":"#0"},"up":{"uv":[7.5,13.0,7.5,11.5],"texture":"#0"},"down":{"uv":[8.0,11.5,8.0,13.0],"texture":"#0"}}},{"from":[4.0,12.0,-1.0],"to":[12.0,12.0,7.0],"rotation":{"angle":22.5,"axis":"x","origin":[8.0,12.0,7.0]},"faces":{"north":{"uv":[10.5,1.5,14.5,1.5],"texture":"#0"},"east":{"uv":[10.5,2.0,14.5,2.0],"texture":"#0"},"south":{"uv":[10.5,2.5,14.5,2.5],"texture":"#0"},"west":{"uv":[10.5,3.0,14.5,3.0],"texture":"#0"},"up":{"uv":[4.0,4.0,0.0,0.0],"texture":"#0"},"down":{"uv":[4.0,0.0,0.0,4.0],"texture":"#0"}}},{"from":[5.0,12.0,-1.0],"to":[11.0,12.0,7.0],"rotation":{"angle":45.0,"axis":"x","origin":[8.0,12.0,7.0]},"faces":{"north":{"uv":[10.5,3.5,13.5,3.5],"texture":"#0"},"east":{"uv":[10.5,4.0,14.5,4.0],"texture":"#0"},"south":{"uv":[10.5,4.5,13.5,4.5],"texture":"#0"},"west":{"uv":[10.5,5.0,14.5,5.0],"texture":"#0"},"up":{"uv":[7.5,4.0,4.5,0.0],"texture":"#0"},"down":{"uv":[7.5,0.0,4.5,4.0],"texture":"#0"}}},{"from":[6.0,12.0,7.0],"to":[10.0,18.0,7.0],"rotation":{"angle":-22.5,"axis":"x","origin":[8.0,12.0,7.0]},"faces":{"north":{"uv":[10.0,3.5,8.0,6.5],"texture":"#0"},"east":{"uv":[6.0,10.5,6.0,13.5],"texture":"#0"},"south":{"uv":[8.0,3.5,10.0,6.5],"texture":"#0"},"west":{"uv":[6.5,10.5,6.5,13.5],"texture":"#0"},"up":{"uv":[12.5,5.5,10.5,5.5],"texture":"#0"},"down":{"uv":[12.5,6.0,10.5,6.0],"texture":"#0"}}},{"from":[4.0,12.0,9.0],"to":[12.0,12.0,17.0],"rotation":{"angle":-22.5,"axis":"x","origin":[8.0,12.0,9.0]},"faces":{"north":{"uv":[14.5,2.5,10.5,2.5],"texture":"#0"},"east":{"uv":[14.5,2.0,10.5,2.0],"texture":"#0"},"south":{"uv":[14.5,1.5,10.5,1.5],"texture":"#0"},"west":{"uv":[14.5,3.0,10.5,3.0],"texture":"#0"},"up":{"uv":[4.0,0.0,0.0,4.0],"texture":"#0"},"down":{"uv":[4.0,4.0,0.0,0.0],"texture":"#0"}}},{"from":[5.0,12.0,9.0],"to":[11.0,12.0,17.0],"rotation":{"angle":-45.0,"axis":"x","origin":[8.0,12.0,9.0]},"faces":{"north":{"uv":[13.5,4.5,10.5,4.5],"texture":"#0"},"east":{"uv":[14.5,4.0,10.5,4.0],"texture":"#0"},"south":{"uv":[13.5,3.5,10.5,3.5],"texture":"#0"},"west":{"uv":[14.5,5.0,10.5,5.0],"texture":"#0"},"up":{"uv":[7.5,0.0,4.5,4.0],"texture":"#0"},"down":{"uv":[7.5,4.0,4.5,0.0],"texture":"#0"}}},{"from":[6.0,12.0,9.0],"to":[10.0,18.0,9.0],"rotation":{"angle":22.5,"axis":"x","origin":[8.0,12.0,9.0]},"faces":{"north":{"uv":[10.0,3.5,8.0,6.5],"texture":"#0"},"east":{"uv":[6.0,10.5,6.0,13.5],"texture":"#0"},"south":{"uv":[8.0,3.5,10.0,6.5],"texture":"#0"},"west":{"uv":[6.5,10.5,6.5,13.5],"texture":"#0"},"up":{"uv":[12.5,5.5,10.5,5.5],"texture":"#0"},"down":{"uv":[12.5,6.0,10.5,6.0],"texture":"#0"}}},{"from":[-1.0,12.0,4.0],"to":[7.0,12.0,12.0],"rotation":{"angle":-22.5,"axis":"z","origin":[7.0,12.0,8.0]},"faces":{"north":{"uv":[14.5,3.0,10.5,3.0],"texture":"#0"},"east":{"uv":[14.5,2.5,10.5,2.5],"texture":"#0"},"south":{"uv":[14.5,2.0,10.5,2.0],"texture":"#0"},"west":{"uv":[14.5,1.5,10.5,1.5],"texture":"#0"},"up":{"uv":[4.0,0.0,0.0,4.0],"texture":"#0","rotation":90},"down":{"uv":[4.0,4.0,0.0,0.0],"texture":"#0","rotation":270}}},{"from":[-1.0,12.0,5.0],"to":[7.0,12.0,11.0],"rotation":{"angle":-45.0,"axis":"z","origin":[7.0,12.0,8.0]},"faces":{"north":{"uv":[14.5,5.0,10.5,5.0],"texture":"#0"},"east":{"uv":[13.5,4.5,10.5,4.5],"texture":"#0"},"south":{"uv":[14.5,4.0,10.5,4.0],"texture":"#0"},"west":{"uv":[13.5,3.5,10.5,3.5],"texture":"#0"},"up":{"uv":[7.5,0.0,4.5,4.0],"texture":"#0","rotation":90},"down":{"uv":[7.5,4.0,4.5,0.0],"texture":"#0","rotation":270}}},{"from":[7.0,12.0,6.0],"to":[7.0,18.0,10.0],"rotation":{"angle":22.5,"axis":"z","origin":[7.0,12.0,8.0]},"faces":{"north":{"uv":[6.5,10.5,6.5,13.5],"texture":"#0"},"east":{"uv":[10.0,3.5,8.0,6.5],"texture":"#0"},"south":{"uv":[6.0,10.5,6.0,13.5],"texture":"#0"},"west":{"uv":[8.0,3.5,10.0,6.5],"texture":"#0"},"up":{"uv":[12.5,5.5,10.5,5.5],"texture":"#0","rotation":90},"down":{"uv":[12.5,6.0,10.5,6.0],"texture":"#0","rotation":270}}},{"from":[9.0,12.0,4.0],"to":[17.0,12.0,12.0],"rotation":{"angle":22.5,"axis":"z","origin":[9.0,12.0,8.0]},"faces":{"north":{"uv":[10.5,3.0,14.5,3.0],"texture":"#0"},"east":{"uv":[10.5,1.5,14.5,1.5],"texture":"#0"},"south":{"uv":[10.5,2.0,14.5,2.0],"texture":"#0"},"west":{"uv":[10.5,2.5,14.5,2.5],"texture":"#0"},"up":{"uv":[4.0,4.0,0.0,0.0],"texture":"#0","rotation":90},"down":{"uv":[4.0,0.0,0.0,4.0],"texture":"#0","rotation":270}}},{"from":[9.0,12.0,5.0],"to":[17.0,12.0,11.0],"rotation":{"angle":45.0,"axis":"z","origin":[9.0,12.0,8.0]},"faces":{"north":{"uv":[10.5,5.0,14.5,5.0],"texture":"#0"},"east":{"uv":[10.5,3.5,13.5,3.5],"texture":"#0"},"south":{"uv":[10.5,4.0,14.5,4.0],"texture":"#0"},"west":{"uv":[10.5,4.5,13.5,4.5],"texture":"#0"},"up":{"uv":[7.5,4.0,4.5,0.0],"texture":"#0","rotation":90},"down":{"uv":[7.5,0.0,4.5,4.0],"texture":"#0","rotation":270}}},{"from":[9.0,12.0,6.0],"to":[9.0,18.0,10.0],"rotation":{"angle":-22.5,"axis":"z","origin":[9.0,12.0,8.0]},"faces":{"north":{"uv":[6.5,10.5,6.5,13.5],"texture":"#0"},"east":{"uv":[10.0,3.5,8.0,6.5],"texture":"#0"},"south":{"uv":[6.0,10.5,6.0,13.5],"texture":"#0"},"west":{"uv":[8.0,3.5,10.0,6.5],"texture":"#0"},"up":{"uv":[12.5,5.5,10.5,5.5],"texture":"#0","rotation":90},"down":{"uv":[12.5,6.0,10.5,6.0],"texture":"#0","rotation":270}}},{"from":[0.0,14.0,7.975],"to":[16.0,30.0,8.025],"rotation":{"angle":0.0,"axis":"y","origin":[7.0,14.0,7.0]},"faces":{"north":{"uv":[0.0,0.0,16.0,16.0],"texture":"#1"},"east":{"uv":[0.0,0.0,0.025,8.0],"texture":"#1"},"south":{"uv":[16.0,0.0,0.0,16.0],"texture":"#1"},"west":{"uv":[0.0,0.0,0.025,8.0],"texture":"#1"},"up":{"uv":[0.0,0.0,8.0,0.025],"texture":"#1"},"down":{"uv":[0.0,0.0,8.0,0.025],"texture":"#1"}}},{"from":[7.975,15.0,0.0],"to":[8.025,31.0,16.0],"rotation":{"angle":0.0,"axis":"y","origin":[8.0,23.0,8.0]},"faces":{"north":{"uv":[0.0,0.0,0.025,8.0],"texture":"#1"},"east":{"uv":[0.0,0.0,16.0,16.0],"texture":"#1"},"south":{"uv":[0.0,0.0,0.025,8.0],"texture":"#1"},"west":{"uv":[16.0,0.0,0.0,16.0],"texture":"#1"},"up":{"uv":[0.0,0.0,8.0,0.025],"texture":"#1","rotation":90},"down":{"uv":[0.0,0.0,8.0,0.025],"texture":"#1","rotation":270}}}],"display":{"thirdperson_righthand":{"translation":[0.0,-1.75,0.0],"rotation":[16.5,0.0,0.0],"scale":[0.5,0.5,0.5]},"thirdperson_lefthand":{"translation":[0.0,-1.75,0.0],"rotation":[16.5,0.0,0.0],"scale":[0.5,0.5,0.5]},"firstperson_righthand":{"translation":[0.0,-2.5,0.0],"rotation":[-180.0,82.25,-180.0],"scale":[0.7,0.7,0.7]},"firstperson_lefthand":{"translation":[0.0,-2.5,0.0],"rotation":[-180.0,82.25,-180.0],"scale":[0.7,0.7,0.7]},"ground":{"scale":[0.5,0.5,0.5]},"gui":{"translation":[0.0,-6.0,0.0],"rotation":[25.75,37.75,0.0]},"head":{"scale":[1.6,1.6,1.6]},"fixed":{"translation":[0.0,0.25,5.0],"rotation":[-90.0,23.0,0.0]}},"credit":"Made with Blockbench","gui_light":"front"}