{"textures":{"2":"mcc:island_cosmetics/general/hat/banana_hat/banana_hat_crazy_nana","3":"mcc:island_cosmetics/general/hat/banana_hat/crazy_nana","4":"mcc:island_cosmetics/general/hat/banana_hat/banana_hat"},"display":{"thirdperson_righthand":{"rotation":[64.25,0.0,0.0],"scale":[0.44336,0.44336,0.44336]},"thirdperson_lefthand":{"rotation":[64.25,0.0,0.0],"scale":[0.44336,0.44336,0.44336]},"firstperson_righthand":{"scale":[0.0,0.0,0.0]},"firstperson_lefthand":{"scale":[0.0,0.0,0.0]},"ground":{"translation":[0.0,4.25,0.0],"scale":[0.43945,0.43945,0.43945]},"gui":{"translation":[-0.25,3.25,0.0],"rotation":[-149.61,-31.92,-180.0],"scale":[0.625,0.625,0.625]},"head":{"translation":[0.0,8.5,0.0],"scale":[1.70352,1.70352,1.70352]}},"credit":"Made with Blockbench","elements":[{"from":[3.5,-1.0,3.5],"to":[12.5,9.0,12.5],"rotation":{"angle":0.0,"axis":"y","origin":[10.0,6.24,8.5]},"faces":{"north":{"uv":[10.0,2.66667,13.0,6.0],"texture":"#3"},"east":{"uv":[13.0,2.66667,16.0,6.0],"texture":"#3"},"south":{"uv":[0.0,3.0,3.0,6.33333],"texture":"#3"},"west":{"uv":[16.0,2.66667,13.0,6.0],"texture":"#3"},"up":{"uv":[0.0,0.0,3.0,3.0],"texture":"#3"},"down":{"uv":[3.0,0.0,6.0,3.0],"texture":"#3"}}},{"from":[9.5,3.0,2.5],"to":[13.5,7.0,6.5],"rotation":{"angle":0.0,"axis":"y","origin":[10.0,6.24,8.5]},"faces":{"north":{"uv":[10.0,0.0,11.33333,1.33333],"texture":"#3"},"east":{"uv":[11.33333,0.0,10.0,1.33333],"texture":"#3"},"south":{"uv":[11.0,0.0,11.33333,1.33333],"texture":"#3"},"west":{"uv":[11.0,0.0,11.33333,1.33333],"texture":"#3"},"up":{"uv":[10.0,1.33333,11.33333,2.66667],"rotation":90.0,"texture":"#3"},"down":{"uv":[12.66667,0.0,14.0,1.33333],"rotation":180.0,"texture":"#3"}}},{"from":[2.5,3.0,2.5],"to":[6.5,7.0,6.5],"rotation":{"angle":0.0,"axis":"y","origin":[6.0,6.24,8.5]},"faces":{"north":{"uv":[5.0,1.0,1.0,5.0],"texture":"#2"},"east":{"uv":[4.0,1.0,5.0,5.0],"texture":"#2"},"south":{"uv":[4.0,1.0,5.0,5.0],"texture":"#2"},"west":{"uv":[1.0,1.0,5.0,5.0],"texture":"#2"},"up":{"uv":[10.0,2.66667,11.33333,1.33333],"rotation":90.0,"texture":"#3"},"down":{"uv":[14.0,0.0,12.66667,1.33333],"rotation":180.0,"texture":"#3"}}},{"from":[14.0,7.5,7.0],"to":[9.0,2.5,2.0],"rotation":{"angle":0.0,"axis":"y","origin":[10.0,6.24,8.5]},"faces":{"north":{"uv":[10.33333,0.66667,10.66667,1.0],"texture":"#3"},"south":{"uv":[10.33333,0.66667,10.66667,1.0],"texture":"#3"},"west":{"uv":[10.33333,0.66667,10.66667,1.0],"texture":"#3"}}},{"from":[13.0,9.5,13.0],"to":[3.0,-1.5,3.0],"rotation":{"angle":0.0,"axis":"y","origin":[10.0,6.24,8.5]},"faces":{"north":{"uv":[10.33333,0.66667,10.66667,1.0],"texture":"#3"},"east":{"uv":[10.33333,0.66667,10.66667,1.0],"texture":"#3"},"south":{"uv":[10.33333,0.66667,10.66667,1.0],"texture":"#3"},"west":{"uv":[10.33333,0.66667,10.66667,1.0],"texture":"#3"}}},{"from":[12.0,14.5,12.5],"to":[4.0,7.5,4.5],"rotation":{"angle":-22.5,"axis":"x","origin":[10.0,6.24,8.5]},"faces":{"north":{"uv":[10.33333,0.66667,10.66667,1.0],"texture":"#3"},"east":{"uv":[10.33333,0.66667,10.66667,1.0],"texture":"#3"},"south":{"uv":[10.33333,0.66667,10.66667,1.0],"texture":"#3"},"west":{"uv":[10.33333,0.66667,10.66667,1.0],"texture":"#3"},"up":{"uv":[10.33333,0.66667,10.66667,1.0],"texture":"#3"},"down":{"uv":[10.33333,0.66667,10.66667,1.0],"texture":"#3"}}},{"from":[7.0,7.5,7.0],"to":[2.0,2.5,2.0],"rotation":{"angle":0.0,"axis":"y","origin":[6.0,6.24,8.5]},"faces":{"north":{"uv":[10.33333,0.66667,10.66667,1.0],"texture":"#3"},"east":{"uv":[10.33333,0.66667,10.66667,1.0],"texture":"#3"},"south":{"uv":[10.33333,0.66667,10.66667,1.0],"texture":"#3"}}},{"from":[4.5,8.0,5.0],"to":[11.5,14.0,12.0],"rotation":{"angle":-22.5,"axis":"x","origin":[10.0,6.24,9.0]},"faces":{"north":{"uv":[5.33333,7.66667,7.66667,9.66667],"texture":"#3"},"east":{"uv":[7.66667,7.66667,10.0,9.66667],"texture":"#3"},"south":{"uv":[5.33333,5.66667,7.66667,7.66667],"texture":"#3"},"west":{"uv":[10.0,7.66667,7.66667,9.66667],"texture":"#3"},"up":{"uv":[7.66667,5.33333,10.0,7.66667],"texture":"#3"},"down":{"uv":[17.33333,4.33333,17.66667,4.66667],"texture":"#3"}}},{"from":[10.5,17.60828,11.03521],"to":[5.5,12.60828,6.03521],"rotation":{"angle":45.0,"axis":"x","origin":[8.0,19.76119,4.96581]},"faces":{"north":{"uv":[10.33333,0.66667,10.66667,1.0],"texture":"#3"},"east":{"uv":[10.33333,0.66667,10.66667,1.0],"texture":"#3"},"south":{"uv":[10.33333,0.66667,10.66667,1.0],"texture":"#3"},"west":{"uv":[10.33333,0.66667,10.66667,1.0],"texture":"#3"},"up":{"uv":[10.33333,0.66667,10.66667,1.0],"texture":"#3"},"down":{"uv":[10.33333,0.66667,10.66667,1.0],"texture":"#3"}}},{"from":[12.0,0.5,12.5],"to":[4.0,-6.5,4.5],"rotation":{"angle":22.5,"axis":"x","origin":[10.0,1.76,8.5]},"faces":{"north":{"uv":[10.33333,0.66667,10.66667,1.0],"texture":"#3"},"east":{"uv":[10.33333,0.66667,10.66667,1.0],"texture":"#3"},"south":{"uv":[10.33333,0.66667,10.66667,1.0],"texture":"#3"},"west":{"uv":[10.33333,0.66667,10.66667,1.0],"texture":"#3"},"up":{"uv":[10.33333,0.66667,10.66667,1.0],"texture":"#3"},"down":{"uv":[10.33333,0.66667,10.66667,1.0],"texture":"#3"}}},{"from":[4.5,-6.0,5.0],"to":[11.5,0.0,12.0],"rotation":{"angle":22.5,"axis":"x","origin":[10.0,1.76,9.0]},"faces":{"north":{"uv":[5.33333,9.66667,7.66667,7.66667],"texture":"#3"},"east":{"uv":[7.66667,9.66667,10.0,7.66667],"texture":"#3"},"south":{"uv":[5.33333,7.66667,7.66667,5.66667],"texture":"#3"},"west":{"uv":[10.0,9.66667,7.66667,7.66667],"texture":"#3"},"up":{"uv":[17.33333,4.66667,17.66667,4.33333],"texture":"#3"},"down":{"uv":[7.66667,7.66667,10.0,5.33333],"texture":"#3"}}},{"from":[10.5,-4.60828,11.03521],"to":[5.5,-9.60828,6.03521],"rotation":{"angle":-45.0,"axis":"x","origin":[8.0,-11.76119,4.96581]},"faces":{"north":{"uv":[10.33333,0.66667,10.66667,1.0],"texture":"#3"},"east":{"uv":[10.33333,0.66667,10.66667,1.0],"texture":"#3"},"south":{"uv":[10.33333,0.66667,10.66667,1.0],"texture":"#3"},"west":{"uv":[10.33333,0.66667,10.66667,1.0],"texture":"#3"},"up":{"uv":[10.33333,0.66667,10.66667,1.0],"texture":"#3"},"down":{"uv":[10.33333,0.66667,10.66667,1.0],"texture":"#3"}}},{"from":[6.0,12.75,9.0],"to":[10.0,16.75,13.0],"rotation":{"angle":-45.0,"axis":"x","origin":[9.5,6.24,9.0]},"faces":{"north":{"uv":[9.0,1.5,11.0,3.5],"texture":"#4"},"east":{"uv":[9.0,1.5,11.0,3.5],"texture":"#4"},"south":{"uv":[9.0,1.5,11.0,3.5],"texture":"#4"},"west":{"uv":[9.0,1.5,11.0,3.5],"texture":"#4"},"up":{"uv":[11.0,1.5,13.0,3.5],"texture":"#4"},"down":{"uv":[0.0,0.0,0.0,0.0],"texture":"#4"}}},{"from":[6.0,-6.85828,1.03521],"to":[10.0,-2.85828,5.03521],"rotation":{"angle":-45.0,"axis":"x","origin":[8.0,-3.76119,4.96581]},"faces":{"north":{"uv":[11.0,1.5,13.0,3.5],"rotation":180.0,"texture":"#4"},"east":{"uv":[9.0,1.5,11.0,3.5],"rotation":90.0,"texture":"#4"},"south":{"uv":[0.0,0.0,0.0,0.0],"texture":"#4"},"west":{"uv":[9.0,1.5,11.0,3.5],"rotation":270.0,"texture":"#4"},"up":{"uv":[9.0,1.5,11.0,3.5],"texture":"#4"},"down":{"uv":[9.0,1.5,11.0,3.5],"rotation":180.0,"texture":"#4"}}}],"gui_light":"front"}