{"textures":{"1":"mcc:island_cosmetics/general/hat/hot_choco/hot_choco","2":"mcc:island_cosmetics/general/hat/hot_choco/hot_choco_face","particle":"mcc:island_cosmetics/general/hat/hot_choco/hot_choco_face"},"elements":[{"from":[2.9,0.9,2.65],"to":[13.1,8.1,4.85],"rotation":{"angle":0.0,"axis":"y","origin":[7.0,-23.0,11.0]},"faces":{"north":{"uv":[0.0,0.5,5.0,4.0],"texture":"#2"},"east":{"uv":[6.66667,7.33333,7.0,9.66667],"texture":"#1"},"west":{"uv":[6.66667,7.33333,7.0,9.66667],"texture":"#1"}}},{"from":[10.5,3.0,8.0],"to":[17.5,11.0,8.0],"rotation":{"angle":22.5,"axis":"z","origin":[15.0,7.0,8.0]},"faces":{"north":{"uv":[3.33333,3.33333,5.66667,6.0],"texture":"#1"},"south":{"uv":[5.66667,3.33333,3.33333,6.0],"texture":"#1"}}},{"from":[2.7,8.7,2.7],"to":[13.3,11.3,13.3],"rotation":{"angle":0.0,"axis":"y","origin":[7.0,-23.0,11.0]},"faces":{"north":{"uv":[3.33333,6.33333,6.66667,7.0],"texture":"#1"},"east":{"uv":[3.33333,6.33333,6.66667,7.0],"texture":"#1"},"south":{"uv":[3.33333,6.33333,6.66667,7.0],"texture":"#1"},"west":{"uv":[3.33333,6.33333,6.66667,7.0],"texture":"#1"},"up":{"uv":[3.33333,0.0,6.66667,3.33333],"texture":"#1"}}},{"from":[3.0,0.0,3.0],"to":[13.0,11.0,13.0],"rotation":{"angle":0.0,"axis":"y","origin":[7.0,-23.0,11.0]},"faces":{"north":{"uv":[0.0,0.0,3.33333,3.66667],"texture":"#1"},"east":{"uv":[0.0,0.0,3.33333,3.66667],"texture":"#1"},"south":{"uv":[0.0,0.0,3.33333,3.66667],"texture":"#1"},"west":{"uv":[0.0,0.0,3.33333,3.66667],"texture":"#1"},"up":{"uv":[0.0,7.0,3.33333,10.33333],"texture":"#1"},"down":{"uv":[0.0,3.66667,3.33333,7.0],"texture":"#1"}}},{"from":[4.0,11.0,3.0],"to":[13.0,14.0,13.0],"rotation":{"angle":0.0,"axis":"y","origin":[0.0,-23.0,0.0]},"faces":{"north":{"uv":[3.33333,11.66667,6.33333,12.66667],"texture":"#1"},"east":{"uv":[6.33333,15.0,9.66667,16.0],"texture":"#1"},"south":{"uv":[3.33333,11.66667,6.33333,12.66667],"texture":"#1"},"west":{"uv":[6.33333,15.0,9.66667,16.0],"texture":"#1"},"up":{"uv":[3.33333,12.66667,6.33333,16.0],"texture":"#1"}}},{"from":[5.0,14.0,5.0],"to":[10.0,16.0,10.0],"rotation":{"angle":0.0,"axis":"y","origin":[0.0,-23.0,0.0]},"faces":{"north":{"uv":[6.33333,14.33333,8.0,15.0],"texture":"#1"},"east":{"uv":[6.33333,14.33333,8.0,15.0],"texture":"#1"},"south":{"uv":[6.33333,14.33333,8.0,15.0],"texture":"#1"},"west":{"uv":[6.33333,14.33333,8.0,15.0],"texture":"#1"},"up":{"uv":[6.33333,12.66667,8.0,14.33333],"texture":"#1"}}},{"from":[2.6,6.6,2.6],"to":[13.4,11.4,13.4],"rotation":{"angle":0.0,"axis":"y","origin":[7.0,-23.0,11.0]},"faces":{"north":{"uv":[0.0,6.0,5.0,8.0],"texture":"#2"},"east":{"uv":[5.0,6.0,10.0,8.0],"texture":"#2"},"south":{"uv":[0.0,6.0,5.0,8.0],"texture":"#2"},"west":{"uv":[5.0,6.0,10.0,8.0],"texture":"#2"},"up":{"uv":[0.0,11.66667,3.33333,15.0],"texture":"#1"}}},{"from":[3.73223,10.26777,9.0],"to":[5.73223,17.26777,11.0],"rotation":{"angle":22.5,"axis":"z","origin":[2.23223,13.76777,10.0]},"faces":{"north":{"uv":[8.0,12.66667,8.66667,15.0],"texture":"#1"},"east":{"uv":[8.0,12.66667,8.66667,15.0],"texture":"#1"},"south":{"uv":[8.0,12.66667,8.66667,15.0],"texture":"#1"},"west":{"uv":[8.0,12.66667,8.66667,15.0],"texture":"#1"},"up":{"uv":[8.66667,14.33333,9.33333,15.0],"texture":"#1"},"down":{"uv":[8.66667,14.33333,9.33333,15.0],"texture":"#1"}}},{"from":[3.0,11.0,6.0],"to":[5.0,18.0,8.0],"rotation":{"angle":45.0,"axis":"z","origin":[4.0,12.0,1.0]},"faces":{"north":{"uv":[8.0,12.66667,8.66667,15.0],"texture":"#1"},"east":{"uv":[8.0,12.66667,8.66667,15.0],"texture":"#1"},"south":{"uv":[8.0,12.66667,8.66667,15.0],"texture":"#1"},"west":{"uv":[8.0,12.66667,8.66667,15.0],"texture":"#1"},"up":{"uv":[8.66667,14.33333,9.33333,15.0],"texture":"#1"},"down":{"uv":[8.66667,14.33333,9.33333,15.0],"texture":"#1"}}},{"from":[4.8,13.8,4.8],"to":[10.2,16.2,10.2],"rotation":{"angle":0.0,"axis":"y","origin":[0.0,-23.0,0.0]},"faces":{"north":{"uv":[10.0,1.33333,11.66667,2.0],"texture":"#1"},"east":{"uv":[10.0,1.33333,11.66667,2.0],"texture":"#1"},"south":{"uv":[10.0,1.33333,11.66667,2.0],"texture":"#1"},"west":{"uv":[10.0,1.33333,11.66667,2.0],"texture":"#1"},"up":{"uv":[10.0,2.33333,11.66667,4.0],"texture":"#1"}}},{"from":[3.8,10.8,2.8],"to":[13.2,14.2,13.2],"rotation":{"angle":0.0,"axis":"y","origin":[0.0,-23.0,0.0]},"faces":{"north":{"uv":[10.0,0.0,13.0,1.0],"texture":"#1"},"east":{"uv":[6.66667,0.0,10.0,1.0],"texture":"#1"},"south":{"uv":[10.0,0.0,13.0,1.0],"texture":"#1"},"west":{"uv":[6.66667,0.0,10.0,1.0],"texture":"#1"},"up":{"uv":[6.66667,1.0,9.66667,4.33333],"texture":"#1"}}}],"display":{"thirdperson_righthand":{"translation":[0.0,1.0,-1.0],"rotation":[63.0,34.0,0.0],"scale":[0.52539,0.52539,0.52539]},"thirdperson_lefthand":{"translation":[0.0,1.0,-1.0],"rotation":[63.0,34.0,0.0],"scale":[0.52539,0.52539,0.52539]},"firstperson_righthand":{"translation":[9.5,0.0,-5.75],"rotation":[3.0,112.0,-13.0],"scale":[0.41992,0.41992,0.41992]},"firstperson_lefthand":{"translation":[9.5,0.0,-5.75],"rotation":[3.0,112.0,-13.0],"scale":[0.41992,0.41992,0.41992]},"ground":{"translation":[0.0,4.25,0.0],"scale":[0.28906,0.28906,0.28906]},"gui":{"translation":[0.0,-0.5,0.0],"rotation":[-149.61,-31.92,-180.0],"scale":[0.73828,0.74023,0.74023]},"head":{"translation":[0.0,5.25,0.0],"scale":[1.61172,1.61172,1.61172]},"fixed":{"translation":[0.0,-3.25,-7.5]}},"credit":"Made with Blockbench","gui_light":"front"}