{"textures":{"1":"mcc:island_cosmetics/general/hat/exo_helmet/exo_helmet"},"elements":[{"from":[3.0,0.5,9.0],"to":[13.0,10.5,13.0],"rotation":{"angle":0.0,"axis":"y","origin":[8.0,5.5,11.0]},"faces":{"north":{"uv":[10.5,0.0,5.5,5.0],"texture":"#1","tintindex":0},"east":{"uv":[12.5,0.0,10.5,5.0],"texture":"#1","tintindex":0},"south":{"uv":[15.0,5.0,10.0,10.0],"texture":"#1","tintindex":0},"west":{"uv":[12.5,0.0,10.5,5.0],"texture":"#1","tintindex":0},"up":{"uv":[5.0,5.0,0.0,7.0],"texture":"#1","tintindex":0},"down":{"uv":[10.0,5.0,5.0,7.0],"texture":"#1","tintindex":0}}},{"from":[4.0,-0.5,3.0],"to":[12.0,1.5,5.0],"rotation":{"angle":-22.5,"axis":"x","origin":[3.0,4.0,5.75]},"faces":{"north":{"uv":[4.0,0.0,0.0,1.0],"texture":"#1","tintindex":0},"south":{"uv":[4.0,1.0,0.0,0.0],"texture":"#1","tintindex":0},"up":{"uv":[4.0,0.0,0.0,1.0],"texture":"#1","tintindex":0},"down":{"uv":[4.0,0.0,0.0,1.0],"texture":"#1","tintindex":0}}},{"from":[12.0,-0.5,3.0],"to":[14.0,3.5,5.0],"rotation":{"angle":-22.5,"axis":"x","origin":[13.0,4.0,5.75]},"faces":{"north":{"uv":[1.0,1.0,0.0,3.0],"texture":"#1","tintindex":0},"east":{"uv":[1.0,1.0,0.0,3.0],"texture":"#1","tintindex":0},"south":{"uv":[1.0,1.0,0.0,3.0],"texture":"#1","tintindex":0},"west":{"uv":[1.0,1.0,0.0,3.0],"texture":"#1","tintindex":0},"up":{"uv":[0.0,1.0,0.5,1.5],"texture":"#1","tintindex":0},"down":{"uv":[0.5,2.5,1.0,3.0],"texture":"#1","tintindex":0}}},{"from":[12.0,3.5,3.0],"to":[14.0,5.5,12.0],"rotation":{"angle":-22.5,"axis":"x","origin":[13.0,4.0,5.75]},"faces":{"north":{"uv":[2.0,3.0,1.0,2.0],"texture":"#1","tintindex":0,"rotation":90},"east":{"uv":[5.5,1.0,1.0,2.0],"texture":"#1","tintindex":0},"south":{"uv":[2.0,3.0,1.0,2.0],"texture":"#1","tintindex":0,"rotation":90},"west":{"uv":[1.0,2.0,5.5,1.0],"texture":"#1","tintindex":0},"up":{"uv":[1.0,1.0,5.5,2.0],"texture":"#1","tintindex":0,"rotation":90},"down":{"uv":[5.5,2.0,1.0,1.0],"texture":"#1","tintindex":0,"rotation":90}}},{"from":[11.8,3.3,5.8],"to":[14.2,5.7,10.2],"rotation":{"angle":-22.5,"axis":"x","origin":[13.0,4.0,5.75]},"faces":{"east":{"uv":[4.0,2.0,2.0,3.0],"texture":"#1"},"west":{"uv":[4.0,3.0,2.0,2.0],"texture":"#1"},"up":{"uv":[2.0,2.0,4.0,3.0],"texture":"#1","rotation":90},"down":{"uv":[4.0,3.0,2.0,2.0],"texture":"#1","rotation":90}}},{"from":[4.0,1.5,11.0],"to":[12.0,6.5,15.0],"rotation":{"angle":22.5,"axis":"x","origin":[8.0,4.0,14.0]},"faces":{"east":{"uv":[2.0,7.0,0.0,9.5],"texture":"#1","tintindex":0},"south":{"uv":[10.0,7.0,6.0,9.5],"texture":"#1","tintindex":0},"west":{"uv":[0.0,7.0,2.0,9.5],"texture":"#1","tintindex":0},"up":{"uv":[6.0,7.0,2.0,9.0],"texture":"#1","tintindex":0},"down":{"uv":[0.0,9.5,4.0,11.5],"texture":"#1","tintindex":0}}},{"from":[5.0,6.5,14.0],"to":[8.0,18.5,14.0],"rotation":{"angle":0.0,"axis":"y","origin":[0.0,-22.0,0.0]},"faces":{"north":{"uv":[14.5,10.0,16.0,16.0],"texture":"#1"},"south":{"uv":[16.0,10.0,14.5,16.0],"texture":"#1"}}},{"from":[11.9,2.9,2.4],"to":[14.1,6.1,5.6],"rotation":{"angle":-22.5,"axis":"x","origin":[13.0,4.0,5.75]},"faces":{"north":{"uv":[0.0,3.0,0.5,4.5],"texture":"#1","tintindex":0},"east":{"uv":[1.5,3.0,0.0,4.5],"texture":"#1","tintindex":0},"south":{"uv":[0.0,3.0,0.5,4.5],"texture":"#1","tintindex":0},"west":{"uv":[1.5,3.0,0.0,4.5],"texture":"#1","tintindex":0},"up":{"uv":[0.0,3.0,0.5,3.5],"texture":"#1","tintindex":0},"down":{"uv":[0.0,4.0,0.5,4.5],"texture":"#1","tintindex":0}}},{"from":[1.9,2.9,2.4],"to":[4.1,6.1,5.6],"rotation":{"angle":-22.5,"axis":"x","origin":[3.0,4.0,5.75]},"faces":{"north":{"uv":[0.5,3.0,0.0,4.5],"texture":"#1","tintindex":0},"east":{"uv":[0.0,3.0,1.5,4.5],"texture":"#1","tintindex":0},"south":{"uv":[0.5,3.0,0.0,4.5],"texture":"#1","tintindex":0},"west":{"uv":[0.0,3.0,1.5,4.5],"texture":"#1","tintindex":0},"up":{"uv":[0.5,3.0,0.0,3.5],"texture":"#1","tintindex":0},"down":{"uv":[0.5,4.0,0.0,4.5],"texture":"#1","tintindex":0}}},{"from":[2.0,-0.5,3.0],"to":[4.0,3.5,5.0],"rotation":{"angle":-22.5,"axis":"x","origin":[3.0,4.0,5.75]},"faces":{"north":{"uv":[0.0,1.0,1.0,3.0],"texture":"#1","tintindex":0},"east":{"uv":[0.0,1.0,1.0,3.0],"texture":"#1","tintindex":0},"south":{"uv":[0.0,1.0,1.0,3.0],"texture":"#1","tintindex":0},"west":{"uv":[0.0,1.0,1.0,3.0],"texture":"#1","tintindex":0},"up":{"uv":[0.5,1.0,0.0,1.5],"texture":"#1","tintindex":0},"down":{"uv":[1.0,2.5,0.5,3.0],"texture":"#1","tintindex":0}}},{"from":[1.8,3.3,5.8],"to":[4.2,5.7,10.2],"rotation":{"angle":-22.5,"axis":"x","origin":[3.0,4.0,5.75]},"faces":{"east":{"uv":[2.0,3.0,4.0,2.0],"texture":"#1"},"west":{"uv":[2.0,2.0,4.0,3.0],"texture":"#1"},"up":{"uv":[2.0,3.0,4.0,2.0],"texture":"#1","rotation":90},"down":{"uv":[4.0,2.0,2.0,3.0],"texture":"#1","rotation":90}}},{"from":[2.0,3.5,3.0],"to":[4.0,5.5,12.0],"rotation":{"angle":-22.5,"axis":"x","origin":[3.0,4.0,5.75]},"faces":{"north":{"uv":[2.0,2.0,1.0,3.0],"texture":"#1","tintindex":0,"rotation":90},"east":{"uv":[5.5,2.0,1.0,1.0],"texture":"#1","tintindex":0},"south":{"uv":[2.0,2.0,1.0,3.0],"texture":"#1","tintindex":0,"rotation":90},"west":{"uv":[1.0,1.0,5.5,2.0],"texture":"#1","tintindex":0},"up":{"uv":[1.0,2.0,5.5,1.0],"texture":"#1","tintindex":0,"rotation":90},"down":{"uv":[5.5,1.0,1.0,2.0],"texture":"#1","tintindex":0,"rotation":90}}},{"from":[3.0,0.5,9.0],"to":[13.0,10.5,13.0],"rotation":{"angle":0.0,"axis":"y","origin":[8.0,5.5,11.0]},"faces":{"north":{"uv":[13.5,11.0,8.5,16.0],"texture":"#1"},"down":{"uv":[8.5,14.0,3.5,16.0],"texture":"#1"}}},{"from":[5.8,-0.7,2.8],"to":[10.2,1.7,5.2],"rotation":{"angle":-22.5,"axis":"x","origin":[3.0,4.0,5.75]},"faces":{"north":{"uv":[4.0,2.0,2.0,3.0],"texture":"#1"},"south":{"uv":[4.0,3.0,2.0,2.0],"texture":"#1"},"up":{"uv":[4.0,2.0,2.0,3.0],"texture":"#1"},"down":{"uv":[4.0,2.0,2.0,3.0],"texture":"#1"}}}],"display":{"thirdperson_righthand":{"translation":[0.0,1.0,-1.0],"rotation":[63.0,34.0,0.0],"scale":[0.52539,0.52539,0.52539]},"thirdperson_lefthand":{"translation":[0.0,1.0,-1.0],"rotation":[63.0,34.0,0.0],"scale":[0.52539,0.52539,0.52539]},"firstperson_righthand":{"translation":[9.5,0.0,-5.75],"rotation":[3.0,112.0,-13.0],"scale":[0.41992,0.41992,0.41992]},"firstperson_lefthand":{"translation":[9.5,0.0,-5.75],"rotation":[3.0,112.0,-13.0],"scale":[0.41992,0.41992,0.41992]},"ground":{"translation":[0.0,15.5,0.0],"scale":[0.74609,0.74609,0.74609]},"gui":{"translation":[-0.5,-0.5,0.0],"rotation":[-149.61,-31.92,-180.0],"scale":[0.69531,0.69531,0.69531]},"head":{"translation":[0.0,4.0,0.0],"scale":[1.64102,1.64102,1.64102]},"fixed":{"translation":[0.0,-3.25,-7.5]}},"credit":"Made with Blockbench","gui_light":"front"}