{"textures":{"0":"mcc:island_cosmetics/head/head_7","1":"mcc:island_cosmetics/head/tv_head","particle":"mcc:island_cosmetics/head/head_7"},"credit":"Made with Blockbench","elements":[{"from":[0.5,-1.0,1.5],"to":[15.5,12.0,7.5],"rotation":{"angle":0.0,"axis":"x","origin":[4.5,9.5,7.5]},"faces":{"north":{"uv":[14.125,14.375,16.0,16.0],"texture":"#0","tintindex":0.0},"east":{"uv":[13.375,14.375,14.125,16.0],"texture":"#0","tintindex":0.0},"south":{"uv":[12.375,11.375,14.25,13.0],"texture":"#0","tintindex":0.0},"west":{"uv":[14.125,14.375,13.375,16.0],"texture":"#0","tintindex":0.0},"up":{"uv":[11.5,14.0,13.375,14.75],"texture":"#0","tintindex":0.0},"down":{"uv":[12.5,10.625,14.375,11.375],"texture":"#0","tintindex":0.0}}},{"from":[14.5,11.0,2.5],"to":[1.5,1.0,1.5],"rotation":{"angle":0.0,"axis":"x","origin":[6.5,9.5,7.5]},"faces":{"north":{"uv":[3.0,14.0,16.0,4.0],"texture":"#1"},"east":{"uv":[14.25,13.125,14.375,14.375],"texture":"#0"},"south":{"uv":[13.75,12.125,13.875,12.25],"texture":"#0","tintindex":0.0},"west":{"uv":[14.25,13.125,14.375,14.375],"texture":"#0"},"up":{"uv":[14.375,13.0,16.0,13.125],"texture":"#0"},"down":{"uv":[14.375,13.0,16.0,13.125],"texture":"#0"}}},{"from":[1.5,0.0,7.5],"to":[14.5,11.0,13.5],"rotation":{"angle":0.0,"axis":"x","origin":[5.5,9.5,7.5]},"faces":{"north":{"uv":[13.75,12.125,13.875,12.25],"texture":"#0","tintindex":0.0},"east":{"uv":[13.5,13.0,14.25,14.375],"texture":"#0","tintindex":0.0},"south":{"uv":[14.375,11.625,16.0,13.0],"texture":"#0","tintindex":0.0},"west":{"uv":[14.25,13.0,13.5,14.375],"texture":"#0","tintindex":0.0},"up":{"uv":[11.875,13.25,13.5,14.0],"texture":"#0","tintindex":0.0},"down":{"uv":[14.375,10.875,16.0,11.625],"texture":"#0","tintindex":0.0}}},{"from":[5.5,11.0,5.5],"to":[10.5,13.0,10.5],"rotation":{"angle":0.0,"axis":"x","origin":[5.5,9.5,7.5]},"faces":{"north":{"uv":[12.875,13.0,13.5,13.25],"texture":"#0","tintindex":0.0},"east":{"uv":[12.875,13.0,13.5,13.25],"texture":"#0","tintindex":0.0},"south":{"uv":[12.875,13.0,13.5,13.25],"texture":"#0","tintindex":0.0},"west":{"uv":[12.875,13.0,13.5,13.25],"texture":"#0","tintindex":0.0},"up":{"uv":[11.75,12.625,12.375,13.25],"texture":"#0","tintindex":0.0},"down":{"uv":[12.625,12.375,12.75,12.5],"texture":"#0","tintindex":0.0}}},{"from":[8.5,13.0,8.5],"to":[9.5,24.0,8.5],"rotation":{"angle":-22.5,"axis":"z","origin":[8.0,12.0,8.0]},"faces":{"north":{"uv":[14.25,11.75,14.375,13.125],"texture":"#0"},"east":{"uv":[5.125,7.0,6.5,8.375],"texture":"#missing"},"south":{"uv":[14.25,11.75,14.375,13.125],"texture":"#0"},"west":{"uv":[5.125,7.0,6.5,8.375],"texture":"#missing"},"up":{"uv":[5.125,7.0,6.5,8.375],"texture":"#missing"},"down":{"uv":[5.125,7.0,6.5,8.375],"texture":"#missing"}}},{"from":[6.5,13.0,8.5],"to":[7.5,24.0,8.5],"rotation":{"angle":22.5,"axis":"z","origin":[8.0,12.0,8.0]},"faces":{"north":{"uv":[14.25,11.75,14.375,13.125],"texture":"#0"},"east":{"uv":[6.5,7.0,5.125,8.375],"texture":"#missing"},"south":{"uv":[14.25,11.75,14.375,13.125],"texture":"#0"},"west":{"uv":[6.5,7.0,5.125,8.375],"texture":"#missing"},"up":{"uv":[6.5,7.0,5.125,8.375],"texture":"#missing"},"down":{"uv":[6.5,7.0,5.125,8.375],"texture":"#missing"}}}],"gui_light":"front","display":{"thirdperson_righthand":{"rotation":[55.5,34.0,0.0],"translation":[0.0,1.0,0.75],"scale":[0.52539,0.52539,0.52539]},"thirdperson_lefthand":{"rotation":[55.5,34.0,0.0],"translation":[0.0,1.0,0.75],"scale":[0.52539,0.52539,0.52539]},"firstperson_righthand":{"rotation":[21.0,114.5,-13.75],"translation":[9.5,0.0,-5.75],"scale":[0.41992,0.41992,0.41992]},"firstperson_lefthand":{"rotation":[21.0,114.5,-13.75],"translation":[9.5,0.0,-5.75],"scale":[0.41992,0.41992,0.41992]},"gui":{"rotation":[-149.61,-31.92,-180.0],"translation":[-0.25,-0.5,0.0],"scale":[0.58593,0.58593,0.58593]},"head":{"translation":[0.0,6.25,0.0],"scale":[1.62539,1.62539,1.62539]}}}