{"textures":{"1":"mcc:island_cosmetics/general/hat/burger_cap/burger_cap"},"elements":[{"from":[2.0,10.25,2.5],"to":[14.0,12.25,14.5],"rotation":{"angle":22.5,"axis":"x","origin":[9.25,11.5,7.25]},"faces":{"north":{"uv":[4.0,6.0,8.0,6.66667],"texture":"#1"},"east":{"uv":[4.0,6.0,8.0,6.66667],"texture":"#1"},"south":{"uv":[4.0,6.0,8.0,6.66667],"texture":"#1"},"west":{"uv":[4.0,6.0,8.0,6.66667],"texture":"#1"},"up":{"uv":[0.0,9.0,4.0,13.0],"texture":"#1"},"down":{"uv":[4.0,6.66667,8.0,10.66667],"texture":"#1","tintindex":0}}},{"from":[2.0,13.69363,-5.3123],"to":[14.0,13.69363,2.6877],"rotation":{"angle":22.5,"axis":"x","origin":[8.0,13.69363,-1.3123]},"faces":{"north":{"uv":[0.0,0.0,0.14815,0.14815],"texture":"#1","tintindex":0},"east":{"uv":[0.0,0.0,0.14815,0.14815],"texture":"#1","tintindex":0},"south":{"uv":[0.0,0.0,0.14815,0.14815],"texture":"#1","tintindex":0},"west":{"uv":[0.0,0.0,0.14815,0.14815],"texture":"#1","tintindex":0},"up":{"uv":[8.0,6.0,12.0,8.66667],"texture":"#1","tintindex":0},"down":{"uv":[8.0,8.66667,12.0,6.0],"texture":"#1","tintindex":0}}},{"from":[2.0,14.25,2.5],"to":[14.0,17.25,14.5],"rotation":{"angle":22.5,"axis":"x","origin":[9.25,11.5,7.25]},"faces":{"north":{"uv":[0.0,0.0,4.0,1.0],"texture":"#1"},"east":{"uv":[0.0,0.0,4.0,1.0],"texture":"#1"},"south":{"uv":[0.0,0.0,4.0,1.0],"texture":"#1"},"west":{"uv":[0.0,0.0,4.0,1.0],"texture":"#1"},"up":{"uv":[0.0,1.0,4.0,5.0],"texture":"#1"},"down":{"uv":[0.0,5.0,4.0,9.0],"texture":"#1"}}},{"from":[0.0,13.25,0.5],"to":[16.0,13.25,16.5],"rotation":{"angle":22.5,"axis":"x","origin":[9.25,11.5,7.25]},"faces":{"north":{"uv":[0.0,2.66667,2.66667,3.33333],"texture":"#1"},"east":{"uv":[0.0,3.33333,2.66667,4.0],"texture":"#1"},"south":{"uv":[0.0,4.66667,2.66667,5.33333],"texture":"#1"},"west":{"uv":[0.0,2.66667,2.66667,3.33333],"texture":"#1"},"up":{"uv":[4.0,0.0,9.33333,5.33333],"texture":"#1"},"down":{"uv":[4.0,0.0,9.33333,5.33333],"texture":"#1"}}},{"from":[3.0,12.25,3.5],"to":[13.0,14.25,13.5],"rotation":{"angle":22.5,"axis":"x","origin":[9.25,11.5,7.25]},"faces":{"north":{"uv":[4.0,5.33333,7.33333,6.0],"texture":"#1"},"east":{"uv":[4.0,5.33333,7.33333,6.0],"texture":"#1"},"south":{"uv":[4.0,5.33333,7.33333,6.0],"texture":"#1"},"west":{"uv":[4.0,5.33333,7.33333,6.0],"texture":"#1"},"up":{"uv":[0.0,0.0,0.0,0.0],"texture":"#1"},"down":{"uv":[0.0,0.0,0.0,0.0],"texture":"#1"}}},{"from":[1.7,13.95,2.2],"to":[14.3,17.55,14.8],"rotation":{"angle":22.5,"axis":"x","origin":[9.25,11.5,7.25]},"faces":{"north":{"uv":[4.0,10.66667,8.0,11.66667],"texture":"#1"},"east":{"uv":[4.0,10.66667,8.0,11.66667],"texture":"#1"},"south":{"uv":[4.0,10.66667,8.0,11.66667],"texture":"#1"},"west":{"uv":[4.0,10.66667,8.0,11.66667],"texture":"#1"},"up":{"uv":[4.0,11.66667,8.0,15.66667],"texture":"#1"}}}],"display":{"thirdperson_righthand":{"translation":[0.0,1.0,0.75],"rotation":[55.5,34.0,0.0],"scale":[0.52539,0.52539,0.52539]},"thirdperson_lefthand":{"translation":[0.0,1.0,0.75],"rotation":[55.5,34.0,0.0],"scale":[0.52539,0.52539,0.52539]},"firstperson_righthand":{"translation":[9.5,0.0,-5.75],"rotation":[21.0,114.5,-13.75],"scale":[0.41992,0.41992,0.41992]},"firstperson_lefthand":{"translation":[9.5,0.0,-5.75],"rotation":[21.0,114.5,-13.75],"scale":[0.41992,0.41992,0.41992]},"ground":{"translation":[0.0,4.25,0.0],"scale":[0.28906,0.28906,0.28906]},"gui":{"translation":[-0.5,-2.25,0.0],"rotation":[-137.86,-31.92,-180.0],"scale":[0.77734,0.77734,0.77734]},"head":{"translation":[0.0,-0.25,0.0],"rotation":[1.75,0.0,0.0],"scale":[1.61172,1.61172,1.61172]},"fixed":{"translation":[0.0,-3.25,-7.5]}},"credit":"Made with Blockbench","gui_light":"front"}