{"textures":{"1":"mcc:island_cosmetics/general/hat/chicken_copter/chicken_copter_anim","2":"mcc:island_cosmetics/general/hat/chicken_copter/chicken_copter","3":"mcc:island_cosmetics/general/hat/chicken_copter/mcsquawk","particle":"mcc:island_cosmetics/general/hat/chicken_copter/mcsquawk"},"display":{"thirdperson_righthand":{"translation":[0.0,1.0,-1.0],"rotation":[63.0,34.0,0.0],"scale":[0.37891,0.37891,0.37891]},"thirdperson_lefthand":{"translation":[0.0,1.0,-1.0],"rotation":[63.0,34.0,0.0],"scale":[0.37891,0.37891,0.37891]},"firstperson_righthand":{"translation":[9.5,0.0,-5.75],"rotation":[3.0,112.0,-13.0],"scale":[0.35547,0.35547,0.35547]},"firstperson_lefthand":{"translation":[9.5,0.0,-5.75],"rotation":[3.0,112.0,-13.0],"scale":[0.35547,0.35547,0.35547]},"ground":{"translation":[0.0,4.25,0.0],"scale":[0.28906,0.28906,0.28906]},"gui":{"translation":[0.0,1.75,0.0],"rotation":[-149.61,-31.92,-180.0],"scale":[0.66015,0.66015,0.66015]},"head":{"translation":[0.0,10.25,0.5],"rotation":[-0.5,0.0,0.0],"scale":[1.62539,1.62539,1.62539]},"fixed":{"translation":[0.0,-3.25,-7.5]}},"credit":"Made with Blockbench","texture_size":[32.0,32.0],"elements":[{"from":[2.225,3.875,1.2],"to":[13.775,5.975,7.5],"rotation":{"angle":0.0,"axis":"y","origin":[2.225,3.35,3.3]},"faces":{"north":{"uv":[11.0,11.5,5.5,12.5],"texture":"#2"},"east":{"uv":[15.5,7.5,12.5,8.5],"texture":"#2"},"west":{"uv":[12.5,7.5,15.5,8.5],"texture":"#2"},"up":{"uv":[5.5,13.0,0.0,10.0],"texture":"#2"},"down":{"uv":[11.0,15.5,5.5,12.5],"texture":"#2"}}},{"from":[2.225,-1.375,7.5],"to":[13.775,5.975,9.6],"rotation":{"angle":0.0,"axis":"y","origin":[2.225,3.35,3.3]},"faces":{"north":{"uv":[16.0,10.5,12.5,16.0],"rotation":90.0,"texture":"#2"},"east":{"uv":[14.0,3.0,13.0,6.5],"texture":"#2"},"south":{"uv":[13.5,3.0,14.0,6.5],"texture":"#2"},"west":{"uv":[13.0,3.0,14.0,6.5],"texture":"#2"},"up":{"uv":[13.0,3.0,14.0,3.5],"rotation":90.0,"texture":"#2"},"down":{"uv":[0.0,15.0,5.5,16.0],"texture":"#2"}}},{"from":[2.225,-1.375,9.6],"to":[13.775,0.725,13.8],"rotation":{"angle":0.0,"axis":"y","origin":[2.225,3.35,3.3]},"faces":{"north":{"uv":[0.0,0.0,1.0,1.0],"texture":"#missing"},"east":{"uv":[16.0,8.5,14.0,9.5],"texture":"#2"},"south":{"uv":[5.5,11.5,11.0,12.5],"texture":"#2"},"west":{"uv":[14.0,8.5,16.0,9.5],"texture":"#2"},"up":{"uv":[0.0,11.0,5.5,13.0],"texture":"#2"},"down":{"uv":[0.0,13.0,5.5,15.0],"texture":"#2"}}},{"from":[2.729,-0.346,2.229],"to":[13.271,9.146,12.771],"rotation":{"angle":0.0,"axis":"y","origin":[2.75,3.35,3.3]},"faces":{"north":{"uv":[6.0,11.5,11.0,16.0],"texture":"#3","tintindex":0.0},"east":{"uv":[5.5,0.0,10.5,4.5],"texture":"#2","tintindex":0.0},"south":{"uv":[11.0,6.0,16.0,10.5],"texture":"#3","tintindex":0.0},"west":{"uv":[10.5,0.0,5.5,4.5],"texture":"#2","tintindex":0.0},"up":{"uv":[11.0,11.0,16.0,16.0],"texture":"#3","tintindex":0.0}}},{"from":[2.729,0.704,2.229],"to":[13.271,9.146,12.771],"rotation":{"angle":0.0,"axis":"y","origin":[2.75,3.35,3.3]},"faces":{"north":{"uv":[6.0,7.5,11.0,11.5],"texture":"#3"},"south":{"uv":[0.0,12.0,5.0,16.0],"texture":"#3"},"up":{"uv":[0.0,11.0,5.0,16.0],"texture":"#3"}}},{"from":[6.95,9.125,6.45],"to":[9.05,12.275,8.55],"rotation":{"angle":0.0,"axis":"y","origin":[8.0,3.35,7.5]},"faces":{"north":{"uv":[12.0,0.0,11.0,1.5],"texture":"#2"},"east":{"uv":[12.0,0.0,11.0,1.5],"texture":"#2"},"south":{"uv":[12.0,0.0,11.0,1.5],"texture":"#2"},"west":{"uv":[12.0,0.0,11.0,1.5],"texture":"#2"}}},{"from":[-4.6,11.225,5.4],"to":[6.95,11.225,9.6],"rotation":{"angle":45.0,"axis":"y","origin":[8.0,11.225,7.5]},"faces":{"north":{"uv":[1.0,0.0,0.0,1.0],"texture":"#missing"},"east":{"uv":[1.0,0.0,0.0,1.0],"texture":"#missing"},"south":{"uv":[1.0,0.0,0.0,1.0],"texture":"#missing"},"west":{"uv":[1.0,0.0,0.0,1.0],"texture":"#missing"},"up":{"uv":[4.0,11.0,0.0,0.0],"rotation":90.0,"texture":"#1"},"down":{"uv":[4.0,11.0,0.0,0.0],"rotation":90.0,"texture":"#1"}}},{"from":[9.05,11.225,5.4],"to":[20.6,11.225,9.6],"rotation":{"angle":45.0,"axis":"y","origin":[8.0,11.225,7.5]},"faces":{"north":{"uv":[0.0,0.0,1.0,1.0],"texture":"#missing"},"east":{"uv":[0.0,0.0,1.0,1.0],"texture":"#missing"},"south":{"uv":[0.0,0.0,1.0,1.0],"texture":"#missing"},"west":{"uv":[0.0,0.0,1.0,1.0],"texture":"#missing"},"up":{"uv":[4.0,0.0,0.0,11.0],"rotation":90.0,"texture":"#1"},"down":{"uv":[4.0,0.0,0.0,11.0],"rotation":90.0,"texture":"#1"}}},{"from":[-4.6,11.225,5.4],"to":[6.95,11.225,9.6],"rotation":{"angle":-45.0,"axis":"y","origin":[8.0,11.225,7.5]},"faces":{"north":{"uv":[1.0,0.0,0.0,1.0],"texture":"#missing"},"east":{"uv":[1.0,0.0,0.0,1.0],"texture":"#missing"},"south":{"uv":[1.0,0.0,0.0,1.0],"texture":"#missing"},"west":{"uv":[1.0,0.0,0.0,1.0],"texture":"#missing"},"up":{"uv":[4.0,11.0,0.0,0.0],"rotation":90.0,"texture":"#1"},"down":{"uv":[4.0,11.0,0.0,0.0],"rotation":90.0,"texture":"#1"}}},{"from":[9.05,11.225,5.4],"to":[20.6,11.225,9.6],"rotation":{"angle":-45.0,"axis":"y","origin":[8.0,11.225,7.5]},"faces":{"north":{"uv":[0.0,0.0,1.0,1.0],"texture":"#missing"},"east":{"uv":[0.0,0.0,1.0,1.0],"texture":"#missing"},"south":{"uv":[0.0,0.0,1.0,1.0],"texture":"#missing"},"west":{"uv":[0.0,0.0,1.0,1.0],"texture":"#missing"},"up":{"uv":[4.0,0.0,0.0,11.0],"rotation":90.0,"texture":"#1"},"down":{"uv":[4.0,0.0,0.0,11.0],"rotation":90.0,"texture":"#1"}}},{"from":[5.9,11.225,-5.1],"to":[10.1,11.225,6.45],"rotation":{"angle":22.5,"axis":"y","origin":[8.0,11.225,7.5]},"faces":{"north":{"uv":[1.0,0.0,0.0,1.0],"texture":"#missing"},"east":{"uv":[1.0,0.0,0.0,1.0],"texture":"#missing"},"south":{"uv":[1.0,0.0,0.0,1.0],"texture":"#missing"},"west":{"uv":[1.0,0.0,0.0,1.0],"texture":"#missing"},"up":{"uv":[8.0,11.0,4.0,0.0],"rotation":180.0,"texture":"#1"},"down":{"uv":[8.0,11.0,4.0,0.0],"texture":"#1"}}},{"from":[5.9,11.225,8.55],"to":[10.1,11.225,20.1],"rotation":{"angle":22.5,"axis":"y","origin":[8.0,11.225,7.5]},"faces":{"north":{"uv":[0.0,0.0,1.0,1.0],"texture":"#missing"},"east":{"uv":[0.0,0.0,1.0,1.0],"texture":"#missing"},"south":{"uv":[0.0,0.0,1.0,1.0],"texture":"#missing"},"west":{"uv":[0.0,0.0,1.0,1.0],"texture":"#missing"},"up":{"uv":[8.0,0.0,4.0,11.0],"rotation":180.0,"texture":"#1"},"down":{"uv":[8.0,0.0,4.0,11.0],"texture":"#1"}}},{"from":[-4.6,11.225,5.4],"to":[6.95,11.225,9.6],"rotation":{"angle":22.5,"axis":"y","origin":[8.0,11.225,7.5]},"faces":{"north":{"uv":[1.0,0.0,0.0,1.0],"texture":"#missing"},"east":{"uv":[1.0,0.0,0.0,1.0],"texture":"#missing"},"south":{"uv":[1.0,0.0,0.0,1.0],"texture":"#missing"},"west":{"uv":[1.0,0.0,0.0,1.0],"texture":"#missing"},"up":{"uv":[8.0,11.0,4.0,0.0],"rotation":90.0,"texture":"#1"},"down":{"uv":[8.0,11.0,4.0,0.0],"rotation":90.0,"texture":"#1"}}},{"from":[9.05,11.225,5.4],"to":[20.6,11.225,9.6],"rotation":{"angle":22.5,"axis":"y","origin":[8.0,11.225,7.5]},"faces":{"north":{"uv":[0.0,0.0,1.0,1.0],"texture":"#missing"},"east":{"uv":[0.0,0.0,1.0,1.0],"texture":"#missing"},"south":{"uv":[0.0,0.0,1.0,1.0],"texture":"#missing"},"west":{"uv":[0.0,0.0,1.0,1.0],"texture":"#missing"},"up":{"uv":[8.0,0.0,4.0,11.0],"rotation":90.0,"texture":"#1"},"down":{"uv":[8.0,0.0,4.0,11.0],"rotation":90.0,"texture":"#1"}}},{"from":[5.9,11.225,-5.1],"to":[10.1,11.225,6.45],"rotation":{"angle":0.0,"axis":"y","origin":[8.0,11.225,7.5]},"faces":{"north":{"uv":[1.0,0.0,0.0,1.0],"texture":"#missing"},"east":{"uv":[1.0,0.0,0.0,1.0],"texture":"#missing"},"south":{"uv":[1.0,0.0,0.0,1.0],"texture":"#missing"},"west":{"uv":[1.0,0.0,0.0,1.0],"texture":"#missing"},"up":{"uv":[12.0,11.0,8.0,0.0],"rotation":180.0,"texture":"#1"},"down":{"uv":[12.0,11.0,8.0,0.0],"texture":"#1"}}},{"from":[5.9,11.225,8.55],"to":[10.1,11.225,20.1],"rotation":{"angle":0.0,"axis":"y","origin":[8.0,11.225,7.5]},"faces":{"north":{"uv":[0.0,0.0,1.0,1.0],"texture":"#missing"},"east":{"uv":[0.0,0.0,1.0,1.0],"texture":"#missing"},"south":{"uv":[0.0,0.0,1.0,1.0],"texture":"#missing"},"west":{"uv":[0.0,0.0,1.0,1.0],"texture":"#missing"},"up":{"uv":[12.0,0.0,8.0,11.0],"rotation":180.0,"texture":"#1"},"down":{"uv":[12.0,0.0,8.0,11.0],"texture":"#1"}}},{"from":[-4.6,11.225,5.4],"to":[6.95,11.225,9.6],"rotation":{"angle":0.0,"axis":"y","origin":[8.0,11.225,7.5]},"faces":{"north":{"uv":[1.0,0.0,0.0,1.0],"texture":"#missing"},"east":{"uv":[1.0,0.0,0.0,1.0],"texture":"#missing"},"south":{"uv":[1.0,0.0,0.0,1.0],"texture":"#missing"},"west":{"uv":[1.0,0.0,0.0,1.0],"texture":"#missing"},"up":{"uv":[12.0,11.0,8.0,0.0],"rotation":90.0,"texture":"#1"},"down":{"uv":[12.0,11.0,8.0,0.0],"rotation":90.0,"texture":"#1"}}},{"from":[9.05,11.225,5.4],"to":[20.6,11.225,9.6],"rotation":{"angle":0.0,"axis":"y","origin":[8.0,11.225,7.5]},"faces":{"north":{"uv":[0.0,0.0,1.0,1.0],"texture":"#missing"},"east":{"uv":[0.0,0.0,1.0,1.0],"texture":"#missing"},"south":{"uv":[0.0,0.0,1.0,1.0],"texture":"#missing"},"west":{"uv":[0.0,0.0,1.0,1.0],"texture":"#missing"},"up":{"uv":[12.0,0.0,8.0,11.0],"rotation":90.0,"texture":"#1"},"down":{"uv":[12.0,0.0,8.0,11.0],"rotation":90.0,"texture":"#1"}}},{"from":[5.9,11.225,-5.1],"to":[10.1,11.225,6.45],"rotation":{"angle":-22.5,"axis":"y","origin":[8.0,11.225,7.5]},"faces":{"north":{"uv":[1.0,0.0,0.0,1.0],"texture":"#missing"},"east":{"uv":[1.0,0.0,0.0,1.0],"texture":"#missing"},"south":{"uv":[1.0,0.0,0.0,1.0],"texture":"#missing"},"west":{"uv":[1.0,0.0,0.0,1.0],"texture":"#missing"},"up":{"uv":[16.0,11.0,12.0,0.0],"rotation":180.0,"texture":"#1"},"down":{"uv":[16.0,11.0,12.0,0.0],"texture":"#1"}}},{"from":[5.9,11.225,8.55],"to":[10.1,11.225,20.1],"rotation":{"angle":-22.5,"axis":"y","origin":[8.0,11.225,7.5]},"faces":{"north":{"uv":[0.0,0.0,1.0,1.0],"texture":"#missing"},"east":{"uv":[0.0,0.0,1.0,1.0],"texture":"#missing"},"south":{"uv":[0.0,0.0,1.0,1.0],"texture":"#missing"},"west":{"uv":[0.0,0.0,1.0,1.0],"texture":"#missing"},"up":{"uv":[16.0,0.0,12.0,11.0],"rotation":180.0,"texture":"#1"},"down":{"uv":[16.0,0.0,12.0,11.0],"texture":"#1"}}},{"from":[-4.6,11.225,5.4],"to":[6.95,11.225,9.6],"rotation":{"angle":-22.5,"axis":"y","origin":[8.0,11.225,7.5]},"faces":{"north":{"uv":[1.0,0.0,0.0,1.0],"texture":"#missing"},"east":{"uv":[1.0,0.0,0.0,1.0],"texture":"#missing"},"south":{"uv":[1.0,0.0,0.0,1.0],"texture":"#missing"},"west":{"uv":[1.0,0.0,0.0,1.0],"texture":"#missing"},"up":{"uv":[16.0,11.0,12.0,0.0],"rotation":90.0,"texture":"#1"},"down":{"uv":[16.0,11.0,12.0,0.0],"rotation":90.0,"texture":"#1"}}},{"from":[9.05,11.225,5.4],"to":[20.6,11.225,9.6],"rotation":{"angle":-22.5,"axis":"y","origin":[8.0,11.225,7.5]},"faces":{"north":{"uv":[0.0,0.0,1.0,1.0],"texture":"#missing"},"east":{"uv":[0.0,0.0,1.0,1.0],"texture":"#missing"},"south":{"uv":[0.0,0.0,1.0,1.0],"texture":"#missing"},"west":{"uv":[0.0,0.0,1.0,1.0],"texture":"#missing"},"up":{"uv":[16.0,0.0,12.0,11.0],"rotation":90.0,"texture":"#1"},"down":{"uv":[16.0,0.0,12.0,11.0],"rotation":90.0,"texture":"#1"}}},{"from":[5.9,12.275,5.4],"to":[10.1,14.375,9.6],"rotation":{"angle":0.0,"axis":"y","origin":[8.0,3.35,7.5]},"faces":{"north":{"uv":[14.0,0.0,12.0,1.0],"texture":"#2"},"east":{"uv":[14.0,0.0,12.0,1.0],"texture":"#2"},"south":{"uv":[14.0,0.0,12.0,1.0],"texture":"#2"},"west":{"uv":[14.0,0.0,12.0,1.0],"texture":"#2"},"up":{"uv":[14.0,1.0,12.0,3.0],"texture":"#2"},"down":{"uv":[16.0,0.0,14.0,2.0],"texture":"#2"}}},{"from":[3.0,-4.0,2.5],"to":[13.0,4.0,12.5],"faces":{"north":{"uv":[0.0,4.0,5.0,8.0],"texture":"#3"},"east":{"uv":[0.0,0.0,5.0,4.0],"texture":"#3"},"south":{"uv":[5.0,3.5,10.0,7.5],"texture":"#3"},"west":{"uv":[5.0,0.0,0.0,4.0],"texture":"#3"}}},{"from":[15.75,-3.0,6.5],"to":[18.75,5.0,6.5],"rotation":{"angle":-45.0,"axis":"y","origin":[15.5,0.0,2.5]},"faces":{"north":{"uv":[14.5,0.0,16.0,4.0],"texture":"#3"},"east":{"uv":[0.0,0.0,5.0,4.0],"texture":"#3"},"south":{"uv":[16.0,0.0,14.5,4.0],"texture":"#3"},"west":{"uv":[5.0,0.0,0.0,4.0],"texture":"#3"}}},{"from":[-2.75,-3.0,6.5],"to":[0.25,5.0,6.5],"rotation":{"angle":45.0,"axis":"y","origin":[0.5,0.0,2.5]},"faces":{"north":{"uv":[16.0,0.0,14.5,4.0],"texture":"#3"},"east":{"uv":[0.0,0.0,5.0,4.0],"texture":"#3"},"south":{"uv":[14.5,0.0,16.0,4.0],"texture":"#3"},"west":{"uv":[5.0,0.0,0.0,4.0],"texture":"#3"}}},{"from":[4.0,-0.5,-2.25],"to":[12.0,2.5,2.75],"faces":{"north":{"uv":[5.0,1.5,9.0,3.0],"texture":"#3"},"east":{"uv":[7.5,0.0,5.0,1.5],"texture":"#3"},"south":{"uv":[0.0,0.0,0.5,0.5],"texture":"#missing"},"west":{"uv":[5.0,0.0,7.5,1.5],"texture":"#3"},"up":{"uv":[9.0,0.0,13.0,2.5],"texture":"#3"},"down":{"uv":[10.0,2.5,14.0,5.0],"texture":"#3"}}},{"from":[6.0,-3.5,0.0],"to":[10.0,-0.5,3.0],"faces":{"north":{"uv":[4.0,9.5,2.0,11.0],"texture":"#3"},"east":{"uv":[2.0,8.0,3.5,9.5],"texture":"#3"},"south":{"uv":[0.0,8.0,2.0,9.5],"texture":"#3"},"west":{"uv":[3.5,8.0,2.0,9.5],"texture":"#3"},"down":{"uv":[0.0,9.5,2.0,11.0],"texture":"#3"}}},{"name":"cube inverted","from":[13.0,4.0,12.5],"to":[3.0,-4.0,2.5],"faces":{"north":{"uv":[5.0,7.5,10.0,3.5],"texture":"#3"},"east":{"uv":[5.0,4.0,0.0,0.0],"texture":"#3"},"south":{"uv":[0.0,8.0,5.0,4.0],"texture":"#3"},"west":{"uv":[0.0,4.0,5.0,0.0],"texture":"#3"}}}],"gui_light":"front"}