{"textures":{"0":"mcc:island_cosmetics/general/hat/mega_whip/mega_whip","1":"mcc:island_cosmetics/general/hat/mega_whip/ice_cream_melt","particle":"mcc:island_cosmetics/general/hat/mega_whip/mega_whip"},"display":{"thirdperson_righthand":{"translation":[0.0,1.0,-1.0],"rotation":[63.0,34.0,0.0],"scale":[0.52539,0.52539,0.52539]},"thirdperson_lefthand":{"translation":[0.0,1.0,-1.0],"rotation":[63.0,34.0,0.0],"scale":[0.52539,0.52539,0.52539]},"firstperson_righthand":{"translation":[9.5,0.0,-5.75],"rotation":[3.0,112.0,-13.0],"scale":[0.41992,0.41992,0.41992]},"firstperson_lefthand":{"translation":[9.5,0.0,-5.75],"rotation":[3.0,112.0,-13.0],"scale":[0.41992,0.41992,0.41992]},"ground":{"translation":[0.0,10.75,0.0],"rotation":[12.86,1.34,0.9],"scale":[0.97265,0.97265,0.97265]},"gui":{"translation":[-0.75,0.5,0.0],"rotation":[176.54,-44.79,146.45],"scale":[0.75195,0.75195,0.75195]},"head":{"translation":[-1.5,11.0,4.0],"rotation":[20.58,0.06,8.52],"scale":[1.60196,1.60196,1.60196]},"fixed":{"translation":[0.0,-3.25,-7.5]}},"credit":"Made with Blockbench","elements":[{"from":[2.0,0.75,2.25],"to":[14.0,5.75,13.25],"rotation":{"angle":0.0,"axis":"x","origin":[8.5,7.25,9.0]},"faces":{"north":{"uv":[0.0,0.0,4.0,1.66667],"rotation":180.0,"texture":"#0","tintindex":0.0},"east":{"uv":[3.66667,2.0,0.0,3.66667],"rotation":180.0,"texture":"#0","tintindex":0.0},"south":{"uv":[0.0,0.0,4.0,1.66667],"rotation":180.0,"texture":"#0","tintindex":0.0},"west":{"uv":[0.0,2.0,3.66667,3.66667],"rotation":180.0,"texture":"#0","tintindex":0.0},"up":{"uv":[0.0,6.0,4.0,9.66667],"rotation":180.0,"texture":"#0","tintindex":0.0},"down":{"uv":[7.0,0.0,11.0,3.66667],"rotation":180.0,"texture":"#0","tintindex":0.0}}},{"from":[1.8,0.55,2.05],"to":[14.2,2.95,13.45],"rotation":{"angle":0.0,"axis":"x","origin":[8.5,7.25,9.0]},"faces":{"north":{"uv":[11.0,0.0,15.0,0.66667],"rotation":180.0,"texture":"#0","tintindex":0.0},"east":{"uv":[11.0,0.0,14.66667,0.66667],"rotation":180.0,"texture":"#0","tintindex":0.0},"south":{"uv":[11.0,0.0,15.0,0.66667],"rotation":180.0,"texture":"#0","tintindex":0.0},"west":{"uv":[11.0,0.0,14.66667,0.66667],"rotation":180.0,"texture":"#0","tintindex":0.0}}},{"from":[4.0,5.75,4.25],"to":[12.0,9.75,12.25],"rotation":{"angle":0.0,"axis":"x","origin":[8.5,7.25,9.0]},"faces":{"north":{"uv":[4.33333,0.0,7.0,1.33333],"rotation":180.0,"texture":"#0","tintindex":0.0},"east":{"uv":[4.33333,0.0,7.0,1.33333],"rotation":180.0,"texture":"#0","tintindex":0.0},"south":{"uv":[4.33333,0.0,7.0,1.33333],"rotation":180.0,"texture":"#0","tintindex":0.0},"west":{"uv":[4.33333,0.0,7.0,1.33333],"rotation":180.0,"texture":"#0","tintindex":0.0},"down":{"uv":[0.0,0.0,3.66667,3.0],"rotation":180.0,"texture":"#missing","tintindex":0.0}}},{"from":[3.8,5.55,4.05],"to":[12.2,9.95,12.45],"rotation":{"angle":0.0,"axis":"x","origin":[8.5,7.25,9.0]},"faces":{"north":{"uv":[4.33333,2.33333,7.0,3.66667],"rotation":180.0,"texture":"#0"},"east":{"uv":[7.0,2.33333,4.33333,3.66667],"rotation":180.0,"texture":"#0"},"south":{"uv":[4.33333,2.33333,7.0,3.66667],"rotation":180.0,"texture":"#0"},"west":{"uv":[7.0,2.33333,4.33333,3.66667],"rotation":180.0,"texture":"#0"},"up":{"uv":[4.33333,3.66667,7.0,6.33333],"rotation":180.0,"texture":"#0"},"down":{"uv":[0.0,0.0,3.66667,3.0],"rotation":180.0,"texture":"#missing"}}},{"from":[3.9,5.65,4.15],"to":[12.1,9.85,12.35],"rotation":{"angle":0.0,"axis":"x","origin":[8.5,7.25,9.0]},"faces":{"north":{"uv":[8.0,7.33333,10.66667,8.66667],"rotation":180.0,"texture":"#0"},"east":{"uv":[8.0,7.33333,10.66667,8.66667],"rotation":180.0,"texture":"#0"},"south":{"uv":[8.0,7.33333,10.66667,8.66667],"rotation":180.0,"texture":"#0"},"west":{"uv":[8.0,7.33333,10.66667,8.66667],"rotation":180.0,"texture":"#0"}}},{"from":[1.7,0.45,1.95],"to":[14.3,6.05,13.55],"rotation":{"angle":0.0,"axis":"x","origin":[8.5,7.25,9.0]},"faces":{"north":{"uv":[4.0,6.33333,8.0,8.0],"rotation":180.0,"texture":"#0"},"east":{"uv":[4.0,8.33333,7.66667,10.0],"rotation":180.0,"texture":"#0"},"south":{"uv":[4.0,6.33333,8.0,8.0],"rotation":180.0,"texture":"#0"},"west":{"uv":[4.0,8.33333,7.66667,10.0],"rotation":180.0,"texture":"#0"},"up":{"uv":[8.0,3.66667,12.0,7.33333],"rotation":180.0,"texture":"#0"}}},{"from":[5.0,9.75,6.25],"to":[9.0,12.75,10.25],"rotation":{"angle":0.0,"axis":"x","origin":[8.5,7.25,9.0]},"faces":{"north":{"uv":[4.0,1.33333,5.33333,2.33333],"rotation":180.0,"texture":"#0"},"east":{"uv":[4.0,1.33333,5.33333,2.33333],"rotation":180.0,"texture":"#0"},"south":{"uv":[4.0,1.33333,5.33333,2.33333],"rotation":180.0,"texture":"#0"},"west":{"uv":[4.0,1.33333,5.33333,2.33333],"rotation":180.0,"texture":"#0"},"up":{"uv":[3.0,4.66667,4.33333,6.0],"rotation":180.0,"texture":"#0"},"down":{"uv":[0.0,0.0,3.66667,3.0],"rotation":180.0,"texture":"#missing"}}},{"from":[6.0,10.0,5.0],"to":[10.0,14.0,9.0],"faces":{"north":{"uv":[0.0,10.66667,1.33333,12.0],"rotation":180.0,"texture":"#0"},"east":{"uv":[0.0,10.66667,1.33333,12.0],"rotation":180.0,"texture":"#0"},"south":{"uv":[0.0,10.66667,1.33333,12.0],"rotation":180.0,"texture":"#0"},"west":{"uv":[0.0,10.66667,1.33333,12.0],"rotation":180.0,"texture":"#0"},"up":{"uv":[0.0,12.0,1.33333,13.33333],"rotation":180.0,"texture":"#0"}}},{"from":[5.0,14.0,7.0],"to":[10.0,17.0,7.0],"faces":{"north":{"uv":[1.33333,10.66667,3.0,11.66667],"rotation":180.0,"texture":"#0"},"east":{"uv":[0.0,10.66667,1.33333,12.0],"rotation":180.0,"texture":"#0"},"south":{"uv":[3.0,10.66667,1.33333,11.66667],"rotation":180.0,"texture":"#0"},"west":{"uv":[0.0,10.66667,1.33333,12.0],"rotation":180.0,"texture":"#0"},"up":{"uv":[0.0,12.0,1.33333,13.33333],"rotation":180.0,"texture":"#0"}}},{"from":[11.78858,4.63173,9.0],"to":[13.78858,13.63173,11.0],"rotation":{"angle":-22.5,"axis":"z","origin":[14.78858,9.13173,10.0]},"faces":{"north":{"uv":[0.0,13.33333,0.33333,13.66667],"texture":"#0"},"east":{"uv":[0.0,13.33333,0.33333,13.66667],"texture":"#0"},"south":{"uv":[0.0,13.33333,0.33333,13.66667],"texture":"#0"},"west":{"uv":[0.0,13.33333,0.33333,13.66667],"texture":"#0"},"up":{"uv":[0.0,13.66667,0.66667,14.33333],"texture":"#0"},"down":{"uv":[0.0,13.66667,0.66667,14.33333],"texture":"#0"}}},{"from":[11.68858,4.53173,8.9],"to":[13.88858,13.73173,11.1],"rotation":{"angle":-22.5,"axis":"z","origin":[14.78858,9.13173,10.0]},"faces":{"north":{"uv":[1.33333,13.0,2.0,16.0],"texture":"#0"},"east":{"uv":[1.33333,13.0,2.0,16.0],"texture":"#0"},"south":{"uv":[1.33333,13.0,2.0,16.0],"texture":"#0"},"west":{"uv":[1.33333,13.0,2.0,16.0],"texture":"#0"}}},{"from":[3.0,1.0,7.0],"to":[9.0,9.0,8.0],"rotation":{"angle":45.0,"axis":"z","origin":[1.0,1.0,9.5]},"faces":{"north":{"uv":[2.0,13.0,4.0,15.66667],"texture":"#0"},"east":{"uv":[2.0,13.0,2.33333,15.66667],"texture":"#0"},"south":{"uv":[4.0,13.0,2.0,15.66667],"texture":"#0"},"west":{"uv":[3.66667,13.0,4.0,15.66667],"texture":"#0"},"up":{"uv":[4.0,13.33333,2.0,13.0],"texture":"#0"},"down":{"uv":[4.0,15.66667,2.0,15.33333],"texture":"#0"}}},{"from":[2.0,-2.25,2.25],"to":[14.0,0.75,13.25],"rotation":{"angle":0.0,"axis":"y","origin":[8.5,7.25,9.0]},"faces":{"north":{"uv":[4.0,8.0,16.0,5.0],"rotation":180.0,"texture":"#1","tintindex":0.0},"east":{"uv":[0.0,13.0,12.0,10.0],"rotation":180.0,"texture":"#1","tintindex":0.0},"south":{"uv":[1.0,13.0,13.0,10.0],"rotation":180.0,"texture":"#1","tintindex":0.0}}},{"name":"cube inverted","from":[14.0,0.75,13.25],"to":[2.0,-2.25,2.25],"rotation":{"angle":0.0,"axis":"y","origin":[8.5,7.25,9.0]},"faces":{"north":{"uv":[1.0,10.0,13.0,13.0],"rotation":180.0,"texture":"#1","tintindex":0.0},"east":{"uv":[0.0,0.0,0.0,0.0],"rotation":180.0,"texture":"#1","tintindex":0.0},"south":{"uv":[4.0,5.0,16.0,8.0],"rotation":180.0,"texture":"#1","tintindex":0.0},"west":{"uv":[0.0,10.0,12.0,13.0],"rotation":180.0,"texture":"#1","tintindex":0.0}}}],"gui_light":"front"}