{"textures":{"1":"mcc:island_cosmetics/general/hat/pirate_hat/pirate_hat_ashen","2":"mcc:island_cosmetics/general/hat/pirate_hat/pirate_hat_anim","particle":"mcc:island_cosmetics/general/hat/pirate_hat/pirate_hat_ashen"},"elements":[{"from":[-0.62132,2.29289,1.5],"to":[-0.62132,9.29289,14.5],"rotation":{"angle":45.0,"axis":"z","origin":[-0.62132,8.12132,12.0]},"faces":{"north":{"uv":[7.75,9.0,7.75,10.75],"texture":"#1"},"east":{"uv":[6.75,2.0,3.5,3.75],"texture":"#1"},"south":{"uv":[8.0,9.0,8.0,10.75],"texture":"#1"},"west":{"uv":[3.5,2.0,6.75,3.75],"texture":"#1"},"up":{"uv":[9.0,12.0,9.0,8.75],"texture":"#1"},"down":{"uv":[5.0,9.25,5.0,12.5],"texture":"#1"}}},{"from":[16.62132,2.29289,1.5],"to":[16.62132,9.29289,14.5],"rotation":{"angle":-45.0,"axis":"z","origin":[16.62132,8.12132,12.0]},"faces":{"north":{"uv":[7.75,9.0,7.75,10.75],"texture":"#1"},"east":{"uv":[6.75,2.0,3.5,3.75],"texture":"#1"},"south":{"uv":[8.0,9.0,8.0,10.75],"texture":"#1"},"west":{"uv":[3.5,2.0,6.75,3.75],"texture":"#1"},"up":{"uv":[9.0,12.0,9.0,8.75],"texture":"#1"},"down":{"uv":[5.0,9.25,5.0,12.5],"texture":"#1"}}},{"from":[1.5,3.602,14.50188],"to":[14.5,9.602,14.50188],"rotation":{"angle":22.5,"axis":"x","origin":[7.5,8.83558,14.50188]},"faces":{"north":{"uv":[10.25,0.0,7.0,1.5],"texture":"#1"},"east":{"uv":[8.75,8.75,8.75,10.25],"texture":"#1"},"south":{"uv":[7.0,0.0,10.25,1.5],"texture":"#1"},"west":{"uv":[7.5,9.0,7.5,10.5],"texture":"#1"},"up":{"uv":[12.25,4.75,9.0,4.75],"texture":"#1"},"down":{"uv":[12.25,5.0,9.0,5.0],"texture":"#1"}}},{"from":[1.5,3.60162,1.4972],"to":[14.5,11.60162,1.4972],"rotation":{"angle":-22.5,"axis":"x","origin":[7.5,8.8352,1.4972]},"faces":{"north":{"uv":[0.0,0.0,3.25,2.0],"texture":"#1"},"east":{"uv":[8.25,8.5,8.25,10.5],"texture":"#1"},"south":{"uv":[3.25,0.0,0.0,2.0],"texture":"#1"},"west":{"uv":[8.5,8.25,8.5,10.25],"texture":"#1"},"up":{"uv":[12.0,8.25,8.75,8.25],"texture":"#1"},"down":{"uv":[12.0,8.5,8.75,8.5],"texture":"#1"}}},{"from":[3.5,4.0,3.5],"to":[12.5,9.0,12.5],"rotation":{"angle":0.0,"axis":"y","origin":[8.0,7.5,7.80866]},"faces":{"north":{"uv":[7.0,1.75,9.25,3.0],"texture":"#1"},"east":{"uv":[7.0,3.25,9.25,4.5],"texture":"#1"},"south":{"uv":[0.0,8.25,2.25,9.5],"texture":"#1"},"west":{"uv":[2.5,8.5,4.75,9.75],"texture":"#1"},"up":{"uv":[5.75,8.25,3.5,6.0],"texture":"#1"},"down":{"uv":[8.25,6.0,6.0,8.25],"texture":"#1"}}},{"from":[6.5,4.0,1.5],"to":[9.5,6.0,3.5],"rotation":{"angle":0.0,"axis":"y","origin":[6.5,4.0,1.5]},"faces":{"north":{"uv":[7.0,4.75,7.75,5.25],"texture":"#1"},"east":{"uv":[6.0,8.5,6.5,9.0],"texture":"#1"},"south":{"uv":[8.0,4.75,8.75,5.25],"texture":"#1"},"west":{"uv":[8.5,6.25,9.0,6.75],"texture":"#1"},"up":{"uv":[5.75,9.0,5.0,8.5],"texture":"#1"},"down":{"uv":[9.25,5.5,8.5,6.0],"texture":"#1"}}},{"from":[7.0,3.0,1.5],"to":[9.0,4.0,3.5],"rotation":{"angle":0.0,"axis":"y","origin":[6.5,2.0,1.5]},"faces":{"north":{"uv":[7.0,5.5,7.5,5.75],"texture":"#1"},"east":{"uv":[7.75,5.5,8.25,5.75],"texture":"#1"},"south":{"uv":[7.5,8.5,8.0,8.75],"texture":"#1"},"west":{"uv":[8.5,7.75,9.0,8.0],"texture":"#1"},"up":{"uv":[7.25,9.0,6.75,8.5],"texture":"#1"},"down":{"uv":[9.0,7.0,8.5,7.5],"texture":"#1"}}},{"from":[-8.0,0.0,8.0],"to":[24.0,32.0,8.0],"rotation":{"angle":0.0,"axis":"y","origin":[0.0,15.0,7.0]},"faces":{"north":{"uv":[0.0,0.0,16.0,16.0],"texture":"#2"},"east":{"uv":[0.0,0.0,0.0,8.0],"texture":"#2"},"south":{"uv":[16.0,0.0,0.0,16.0],"texture":"#2"},"west":{"uv":[0.0,0.0,0.0,8.0],"texture":"#2"},"up":{"uv":[0.0,0.0,8.0,0.0],"texture":"#2"},"down":{"uv":[0.0,0.0,8.0,0.0],"texture":"#2"}}},{"from":[8.0,0.0,-8.0],"to":[8.0,32.0,24.0],"rotation":{"angle":0.0,"axis":"y","origin":[8.0,16.0,8.0]},"faces":{"north":{"uv":[0.0,0.0,0.0,8.0],"texture":"#2"},"east":{"uv":[16.0,0.0,0.0,16.0],"texture":"#2"},"south":{"uv":[0.0,0.0,0.0,8.0],"texture":"#2"},"west":{"uv":[0.0,0.0,16.0,16.0],"texture":"#2"},"up":{"uv":[0.0,0.0,8.0,0.0],"texture":"#2","rotation":270},"down":{"uv":[0.0,0.0,8.0,0.0],"texture":"#2","rotation":90}}}],"display":{"thirdperson_righthand":{"translation":[-3.0,0.0,0.0],"rotation":[34.51,17.04,4.96],"scale":[0.5,0.5,0.5]},"thirdperson_lefthand":{"translation":[-3.0,0.0,0.0],"rotation":[34.51,17.04,4.96],"scale":[0.5,0.5,0.5]},"firstperson_righthand":{"translation":[0.0,2.75,0.0],"rotation":[-180.0,55.0,-180.0],"scale":[0.5,0.5,0.5]},"firstperson_lefthand":{"translation":[0.0,2.75,0.0],"rotation":[-180.0,55.0,-180.0],"scale":[0.5,0.5,0.5]},"ground":{"translation":[0.0,1.5,0.0],"scale":[0.5,0.5,0.5]},"gui":{"translation":[0.0,-1.75,0.0],"rotation":[-168.0,40.0,-180.0],"scale":[0.8,0.8,0.8]},"head":{"translation":[0.0,6.75,0.0],"scale":[1.61,1.61,1.61]},"fixed":{"translation":[0.0,0.0,-1.25],"rotation":[-19.25,0.0,0.0]}},"credit":"Made with Blockbench","gui_light":"front"}