{"textures":{"1":"mcc:island_cosmetics/general/hat/bucket_hat/variant_bucket_hat","2":"mcc:island_cosmetics/general/hat/bucket_hat/bucket_hat","particle":"mcc:island_cosmetics/general/hat/bucket_hat/bucket_hat"},"elements":[{"from":[3.5,-2.26,3.5],"to":[12.5,2.74,12.5],"rotation":{"angle":0.0,"axis":"y","origin":[-0.49,0.0,-0.49]},"faces":{"north":{"uv":[7.0,9.0,16.0,14.0],"texture":"#2","tintindex":0},"east":{"uv":[7.0,9.0,16.0,14.0],"texture":"#2","tintindex":0},"south":{"uv":[7.0,9.0,16.0,14.0],"texture":"#2","tintindex":0},"west":{"uv":[7.0,9.0,16.0,14.0],"texture":"#2","tintindex":0},"up":{"uv":[7.0,0.0,16.0,9.0],"texture":"#2","tintindex":0}}},{"from":[11.75,2.99,8.0],"to":[15.75,6.99,8.0],"rotation":{"angle":-45.0,"axis":"z","origin":[10.5,5.24,8.0]},"faces":{"north":{"uv":[0.875,8.0,1.375,8.5],"texture":"#1","tintindex":0},"south":{"uv":[0.875,8.0,1.375,8.5],"texture":"#1","tintindex":0}}},{"from":[11.75,2.99,8.0],"to":[15.75,6.99,8.0],"rotation":{"angle":-45.0,"axis":"z","origin":[10.5,5.24,8.0]},"faces":{"north":{"uv":[1.5,8.0,2.0,8.5],"texture":"#1"},"south":{"uv":[1.5,8.0,2.0,8.5],"texture":"#1"}}},{"from":[0.25,2.99,8.0],"to":[4.25,6.99,8.0],"rotation":{"angle":45.0,"axis":"z","origin":[5.5,5.24,8.0]},"faces":{"north":{"uv":[1.375,8.0,0.875,8.5],"texture":"#1","tintindex":0},"south":{"uv":[1.375,8.0,0.875,8.5],"texture":"#1","tintindex":0}}},{"from":[0.25,2.99,8.0],"to":[4.25,6.99,8.0],"rotation":{"angle":45.0,"axis":"z","origin":[5.5,5.24,8.0]},"faces":{"north":{"uv":[2.0,8.0,1.5,8.5],"texture":"#1"},"south":{"uv":[2.0,8.0,1.5,8.5],"texture":"#1"}}},{"from":[1.5,-5.26,3.5],"to":[14.5,-2.26,3.5],"rotation":{"angle":45.0,"axis":"x","origin":[8.0,-2.26,3.5]},"faces":{"north":{"uv":[1.75,6.875,0.125,7.25],"texture":"#1","tintindex":0},"east":{"uv":[0.25,6.125,1.375,5.5],"texture":"#1","tintindex":0,"rotation":270},"south":{"uv":[1.75,7.25,0.125,6.875],"texture":"#1","tintindex":0,"rotation":180},"west":{"uv":[0.25,6.125,1.375,5.5],"texture":"#1","tintindex":0,"rotation":90},"up":{"uv":[0.25,6.125,1.375,5.5],"texture":"#1","tintindex":0,"rotation":180},"down":{"uv":[0.25,6.125,1.375,5.5],"texture":"#1","tintindex":0}}},{"from":[4.06802,-8.75264,1.5],"to":[4.06802,-5.75264,14.5],"rotation":{"angle":-45.0,"axis":"z","origin":[8.0,-3.32066,8.0]},"faces":{"north":{"uv":[0.25,5.5,1.375,6.125],"texture":"#1","tintindex":0,"rotation":90},"east":{"uv":[0.125,7.25,1.75,6.875],"texture":"#1","tintindex":0,"rotation":180},"south":{"uv":[0.25,5.5,1.375,6.125],"texture":"#1","tintindex":0,"rotation":270},"west":{"uv":[0.125,6.875,1.75,7.25],"texture":"#1","tintindex":0},"up":{"uv":[0.25,5.5,1.375,6.125],"texture":"#1","tintindex":0,"rotation":270},"down":{"uv":[0.25,5.5,1.375,6.125],"texture":"#1","tintindex":0,"rotation":270}}},{"from":[1.5,-5.26,12.5],"to":[14.5,-2.26,12.5],"rotation":{"angle":-45.0,"axis":"x","origin":[8.0,-2.26,12.5]},"faces":{"north":{"uv":[0.125,7.25,1.75,6.875],"texture":"#1","tintindex":0,"rotation":180},"east":{"uv":[0.25,5.5,1.375,6.125],"texture":"#1","tintindex":0,"rotation":270},"south":{"uv":[0.125,6.875,1.75,7.25],"texture":"#1","tintindex":0},"west":{"uv":[0.25,5.5,1.375,6.125],"texture":"#1","tintindex":0,"rotation":90},"up":{"uv":[0.25,5.5,1.375,6.125],"texture":"#1","tintindex":0,"rotation":180},"down":{"uv":[0.25,5.5,1.375,6.125],"texture":"#1","tintindex":0}}},{"from":[11.93198,-8.75264,1.5],"to":[11.93198,-5.75264,14.5],"rotation":{"angle":45.0,"axis":"z","origin":[8.0,-3.32066,8.0]},"faces":{"north":{"uv":[0.25,6.125,1.375,5.5],"texture":"#1","tintindex":0,"rotation":90},"east":{"uv":[1.75,6.875,0.125,7.25],"texture":"#1","tintindex":0},"south":{"uv":[0.25,6.125,1.375,5.5],"texture":"#1","tintindex":0,"rotation":270},"west":{"uv":[1.75,7.25,0.125,6.875],"texture":"#1","tintindex":0,"rotation":180},"up":{"uv":[0.25,6.125,1.375,5.5],"texture":"#1","tintindex":0,"rotation":270},"down":{"uv":[0.25,6.125,1.375,5.5],"texture":"#1","tintindex":0,"rotation":270}}}],"display":{"thirdperson_righthand":{"rotation":[64.25,0.0,0.0],"scale":[0.44336,0.44336,0.44336]},"thirdperson_lefthand":{"rotation":[64.25,0.0,0.0],"scale":[0.44336,0.44336,0.44336]},"firstperson_righthand":{"scale":[0.0,0.0,0.0]},"firstperson_lefthand":{"scale":[0.0,0.0,0.0]},"ground":{"translation":[0.0,4.25,0.0],"scale":[0.43945,0.43945,0.43945]},"gui":{"translation":[0.0,7.0,0.0],"rotation":[-149.61,-31.92,-180.0],"scale":[0.91601,0.91601,0.91601]},"head":{"translation":[0.0,20.5,1.75],"rotation":[5.75,0.0,0.0],"scale":[1.68789,1.68789,1.68789]}},"credit":"Made with Blockbench","gui_light":"front"}