{"textures":{"0":"mcc:island_cosmetics/general/hat/rat_head/zombie","1":"mcc:island_cosmetics/general/hat/scavenger_crown/scavenger_glow","2":"mcc:island_cosmetics/general/accessory/mjolnir/charged_anim","3":"mcc:island_cosmetics/general/hat/rat_head/zombie_blink","particle":"mcc:island_cosmetics/general/hat/rat_head/zombie"},"elements":[{"from":[3.0,0.0,3.0],"to":[13.0,10.0,13.0],"rotation":{"angle":0.0,"axis":"y","origin":[0.0,-21.0,0.0]},"faces":{"north":{"uv":[0.0,0.0,5.0,5.0],"texture":"#3"},"east":{"uv":[0.0,5.5,5.0,10.5],"texture":"#3"},"south":{"uv":[2.75,5.5,5.25,8.0],"texture":"#0"},"west":{"uv":[10.5,0.0,5.5,5.0],"texture":"#3"},"up":{"uv":[0.0,5.5,2.5,8.0],"texture":"#0"},"down":{"uv":[7.0,2.75,9.5,5.25],"texture":"#0"}}},{"from":[3.5,0.5,3.5],"to":[12.5,9.5,12.5],"rotation":{"angle":0.0,"axis":"y","origin":[0.0,-21.0,0.0]},"faces":{"north":{"uv":[7.0,5.5,9.5,8.0],"texture":"#0"},"west":{"uv":[6.75,8.25,4.25,10.75],"texture":"#0"},"up":{"uv":[7.0,8.25,9.5,10.75],"texture":"#0"}}},{"from":[3.3,0.3,3.3],"to":[12.7,9.7,12.7],"rotation":{"angle":0.0,"axis":"y","origin":[0.0,-21.0,0.0]},"faces":{"north":{"uv":[9.75,0.0,12.25,2.5],"texture":"#0"},"west":{"uv":[12.25,2.75,9.75,5.25],"texture":"#0"},"up":{"uv":[9.75,5.5,12.25,8.0],"texture":"#0"}}},{"from":[5.0,0.0,-2.0],"to":[11.0,4.0,3.0],"rotation":{"angle":0.0,"axis":"y","origin":[0.0,-21.0,0.0]},"faces":{"north":{"uv":[2.75,0.0,4.25,1.0],"texture":"#0"},"east":{"uv":[2.75,1.25,4.0,2.25],"texture":"#0"},"west":{"uv":[4.0,1.25,2.75,2.25],"texture":"#0"},"up":{"uv":[4.5,0.0,6.0,1.25],"texture":"#0"},"down":{"uv":[2.5,8.25,4.0,9.5],"texture":"#0"}}},{"from":[5.5,-2.0,-1.0],"to":[10.5,0.0,-1.0],"rotation":{"angle":0.0,"axis":"y","origin":[0.0,-21.0,0.0]},"faces":{"north":{"uv":[0.75,8.25,2.0,8.75],"texture":"#0"},"east":{"uv":[2.75,1.25,4.0,2.25],"texture":"#0"},"south":{"uv":[0.75,8.25,2.25,8.75],"texture":"#0"},"west":{"uv":[4.0,1.25,2.75,2.25],"texture":"#0"},"up":{"uv":[4.5,2.5,6.0,2.5],"texture":"#0"},"down":{"uv":[2.5,8.25,4.0,9.5],"texture":"#0"}}},{"from":[11.65685,6.0,7.65685],"to":[13.65685,14.0,15.65685],"rotation":{"angle":45.0,"axis":"y","origin":[13.65685,10.0,11.65685]},"faces":{"north":{"uv":[1.75,9.75,2.0,11.75],"texture":"#0"},"east":{"uv":[0.0,9.75,2.0,11.75],"texture":"#0"},"south":{"uv":[0.0,12.0,0.5,14.0],"texture":"#0"},"west":{"uv":[4.0,9.75,2.0,11.75],"texture":"#0"},"up":{"uv":[2.0,9.75,0.0,10.0],"texture":"#0","rotation":90},"down":{"uv":[0.75,12.0,1.25,14.0],"texture":"#0"}}},{"from":[8.0,6.0,10.0],"to":[10.0,14.0,18.0],"rotation":{"angle":-45.0,"axis":"y","origin":[8.0,6.0,6.0]},"faces":{"north":{"uv":[4.75,2.75,4.5,4.75],"texture":"#0"},"east":{"uv":[4.75,2.75,6.75,4.75],"texture":"#0"},"south":{"uv":[6.0,5.5,5.5,7.5],"texture":"#0"},"west":{"uv":[4.75,2.75,2.75,4.75],"texture":"#0"},"up":{"uv":[4.75,3.0,2.75,2.75],"texture":"#0","rotation":90},"down":{"uv":[6.75,5.5,6.25,7.5],"texture":"#0"}}},{"from":[11.0,0.0,1.0],"to":[17.0,5.0,1.0],"faces":{"north":{"uv":[4.25,1.5,5.75,2.75],"texture":"#0"},"east":{"uv":[12.0,1.25,13.25,2.25],"texture":"#0"},"south":{"uv":[5.75,1.5,4.25,2.75],"texture":"#0"},"west":{"uv":[13.25,1.25,12.0,2.25],"texture":"#0"},"up":{"uv":[13.75,0.0,15.25,1.25],"texture":"#0"},"down":{"uv":[6.0,0.0,4.0,2.0],"texture":"#0"}}},{"from":[-1.0,0.0,1.0],"to":[5.0,5.0,1.0],"rotation":{"angle":0.0,"axis":"y","origin":[16.0,0.0,0.0]},"faces":{"north":{"uv":[5.75,1.5,4.25,2.75],"texture":"#0"},"east":{"uv":[12.0,1.25,13.25,2.25],"texture":"#0"},"south":{"uv":[4.25,1.5,5.75,2.75],"texture":"#0"},"west":{"uv":[13.25,1.25,12.0,2.25],"texture":"#0"},"up":{"uv":[15.25,0.0,13.75,1.25],"texture":"#0"},"down":{"uv":[4.0,0.0,6.0,2.0],"texture":"#0"}}},{"from":[13.65685,11.0,15.65685],"to":[11.65685,6.0,12.65685],"rotation":{"angle":45.0,"axis":"y","origin":[13.65685,10.0,11.65685]},"faces":{"south":{"uv":[5.5,10.5,5.75,10.75],"texture":"#0"},"down":{"uv":[5.5,10.5,5.75,10.75],"texture":"#0"}}},{"from":[13.65685,14.0,15.65685],"to":[11.65685,6.0,7.65685],"rotation":{"angle":45.0,"axis":"y","origin":[13.65685,10.0,11.65685]},"faces":{"north":{"uv":[0.0,14.0,0.5,12.0],"texture":"#0"},"east":{"uv":[4.0,11.75,2.0,9.75],"texture":"#0"},"south":{"uv":[1.75,11.75,2.0,9.75],"texture":"#0"},"west":{"uv":[0.0,11.75,2.0,9.75],"texture":"#0"},"up":{"uv":[1.25,12.0,0.75,14.0],"texture":"#0"},"down":{"uv":[2.0,10.0,0.0,9.75],"texture":"#0","rotation":90}}},{"from":[10.4,14.4,18.4],"to":[7.6,5.6,9.6],"rotation":{"angle":-45.0,"axis":"y","origin":[8.0,6.0,6.0]},"faces":{"north":{"uv":[3.25,4.0,3.5,4.25],"texture":"#1","tintindex":0},"east":{"uv":[3.25,4.0,3.5,4.25],"texture":"#1","tintindex":0},"south":{"uv":[3.25,4.0,3.5,4.25],"texture":"#1","tintindex":0},"west":{"uv":[3.25,4.0,3.5,4.25],"texture":"#1","tintindex":0},"up":{"uv":[3.25,4.0,3.5,4.25],"texture":"#1","tintindex":0},"down":{"uv":[3.25,4.0,3.5,4.25],"texture":"#1","tintindex":0}}},{"from":[14.05685,14.4,16.05685],"to":[11.25685,5.6,7.25685],"rotation":{"angle":45.0,"axis":"y","origin":[13.65685,10.0,11.65685]},"faces":{"north":{"uv":[11.45,6.1,5.25,5.0],"texture":"#1","tintindex":0,"rotation":90},"east":{"uv":[4.95,8.9,1.45,6.0],"texture":"#1","tintindex":0,"rotation":90},"south":{"uv":[3.25,4.0,3.5,4.25],"texture":"#1","tintindex":0},"west":{"uv":[4.95,6.0,1.45,8.9],"texture":"#1","tintindex":0,"rotation":90},"up":{"uv":[9.25,6.0,5.25,5.0],"texture":"#1","tintindex":0,"rotation":90},"down":{"uv":[3.25,4.0,3.5,4.25],"texture":"#1","tintindex":0}}},{"from":[13.4,10.4,13.4],"to":[2.6,-0.4,2.6],"rotation":{"angle":0.0,"axis":"y","origin":[0.0,-21.0,0.0]},"faces":{"north":{"uv":[3.25,4.0,3.5,4.25],"texture":"#1","tintindex":0},"east":{"uv":[3.25,4.0,3.5,4.25],"texture":"#1","tintindex":0},"south":{"uv":[3.25,4.0,3.5,4.25],"texture":"#1","tintindex":0},"west":{"uv":[3.25,4.0,3.5,4.25],"texture":"#1","tintindex":0},"up":{"uv":[3.25,4.0,3.5,4.25],"texture":"#1","tintindex":0},"down":{"uv":[3.25,4.0,3.5,4.25],"texture":"#1","tintindex":0}}},{"from":[11.4,4.4,3.4],"to":[4.6,-0.4,-2.4],"rotation":{"angle":0.0,"axis":"y","origin":[0.0,-21.0,0.0]},"faces":{"east":{"uv":[3.25,4.0,3.5,4.25],"texture":"#1","tintindex":0},"south":{"uv":[3.25,4.0,3.5,4.25],"texture":"#1","tintindex":0},"west":{"uv":[3.25,4.0,3.5,4.25],"texture":"#1","tintindex":0},"up":{"uv":[3.25,4.0,3.5,4.25],"texture":"#1","tintindex":0},"down":{"uv":[3.25,4.0,3.5,4.25],"texture":"#1","tintindex":0}}},{"from":[13.58645,5.25,11.02317],"to":[20.58645,8.25,11.02317],"rotation":{"angle":-45.0,"axis":"y","origin":[16.08645,6.75,9.02317]},"faces":{"north":{"uv":[1.0,5.0,8.0,8.0],"texture":"#2","tintindex":0},"east":{"uv":[0.0,0.0,0.0,0.0],"texture":"#2"},"south":{"uv":[8.0,5.0,1.0,8.0],"texture":"#2","tintindex":0},"west":{"uv":[0.0,0.0,0.0,0.0],"texture":"#2"},"up":{"uv":[0.0,0.0,0.0,0.0],"texture":"#2"},"down":{"uv":[0.0,0.0,0.0,0.0],"texture":"#2"}}},{"from":[11.14124,8.25,4.21662],"to":[18.14124,11.25,4.21662],"rotation":{"angle":22.5,"axis":"y","origin":[16.64124,9.75,1.21662]},"faces":{"north":{"uv":[9.0,5.0,16.0,8.0],"texture":"#2","tintindex":0},"east":{"uv":[0.0,0.0,0.0,0.0],"texture":"#2"},"south":{"uv":[16.0,5.0,9.0,8.0],"texture":"#2","tintindex":0},"west":{"uv":[0.0,0.0,0.0,0.0],"texture":"#2"},"up":{"uv":[0.0,0.0,0.0,0.0],"texture":"#2"},"down":{"uv":[0.0,0.0,0.0,0.0],"texture":"#2"}}},{"from":[13.64124,4.25,15.71662],"to":[13.64124,7.25,22.71662],"rotation":{"angle":-22.5,"axis":"y","origin":[16.64124,9.75,1.21662]},"faces":{"north":{"uv":[0.0,0.0,0.0,0.0],"texture":"#2"},"east":{"uv":[9.0,5.0,16.0,8.0],"texture":"#2","tintindex":0},"south":{"uv":[0.0,0.0,0.0,0.0],"texture":"#2"},"west":{"uv":[16.0,5.0,9.0,8.0],"texture":"#2","tintindex":0},"up":{"uv":[0.0,0.0,0.0,0.0],"texture":"#2","rotation":90},"down":{"uv":[0.0,0.0,0.0,0.0],"texture":"#2","rotation":270}}},{"from":[0.35876,3.25,-1.28338],"to":[0.35876,6.25,5.71662],"rotation":{"angle":45.0,"axis":"y","origin":[-0.64124,16.75,1.21662]},"faces":{"north":{"uv":[0.0,0.0,0.0,0.0],"texture":"#2"},"east":{"uv":[16.0,0.0,9.0,3.0],"texture":"#2","tintindex":0},"south":{"uv":[0.0,0.0,0.0,0.0],"texture":"#2"},"west":{"uv":[9.0,0.0,16.0,3.0],"texture":"#2","tintindex":0},"up":{"uv":[0.0,0.0,0.0,0.0],"texture":"#2"},"down":{"uv":[0.0,0.0,0.0,0.0],"texture":"#2"}}},{"from":[-0.64124,5.25,8.21662],"to":[6.35876,8.25,8.21662],"rotation":{"angle":-22.5,"axis":"y","origin":[-0.64124,12.75,1.21662]},"faces":{"north":{"uv":[8.0,5.0,1.0,8.0],"texture":"#2","tintindex":0},"east":{"uv":[0.0,0.0,0.0,0.0],"texture":"#2"},"south":{"uv":[1.0,5.0,8.0,8.0],"texture":"#2","tintindex":0},"west":{"uv":[0.0,0.0,0.0,0.0],"texture":"#2"},"up":{"uv":[0.0,0.0,0.0,0.0],"texture":"#2"},"down":{"uv":[0.0,0.0,0.0,0.0],"texture":"#2"}}},{"from":[13.0,10.0,13.0],"to":[3.0,0.0,3.0],"rotation":{"angle":0.0,"axis":"y","origin":[0.0,-21.0,0.0]},"faces":{"north":{"uv":[2.75,8.0,5.25,5.5],"texture":"#0"},"east":{"uv":[10.5,5.0,5.5,0.0],"texture":"#3"},"south":{"uv":[0.0,5.0,5.0,0.0],"texture":"#3"},"west":{"uv":[0.0,10.5,5.0,5.5],"texture":"#3"},"up":{"uv":[9.5,2.75,7.0,5.25],"texture":"#0"},"down":{"uv":[2.5,5.5,0.0,8.0],"texture":"#0"}}}],"display":{"thirdperson_righthand":{"translation":[0.0,1.0,-1.0],"rotation":[63.0,34.0,0.0],"scale":[0.37891,0.37891,0.37891]},"thirdperson_lefthand":{"translation":[0.0,1.0,-1.0],"rotation":[63.0,34.0,0.0],"scale":[0.37891,0.37891,0.37891]},"firstperson_righthand":{"translation":[9.5,0.0,-5.75],"rotation":[3.0,112.0,-13.0],"scale":[0.35547,0.35547,0.35547]},"firstperson_lefthand":{"translation":[9.5,0.0,-5.75],"rotation":[3.0,112.0,-13.0],"scale":[0.35547,0.35547,0.35547]},"ground":{"translation":[0.0,4.25,0.0],"scale":[0.28906,0.28906,0.28906]},"gui":{"translation":[0.5,0.75,0.0],"rotation":[-150.49,-38.49,-179.03],"scale":[0.6793,0.6793,0.6793]},"head":{"translation":[0.0,5.25,-0.25],"scale":[1.64883,1.64883,1.64883]},"fixed":{"translation":[0.0,-3.25,-7.5]}},"credit":"Made with Blockbench","gui_light":"front"}