{"textures":{"1":"mcc:island_cosmetics/general/hat/alien_visor/alien_visor","3":"mcc:island_cosmetics/general/accessory/ray_blaster/glow","particle":"mcc:island_cosmetics/general/hat/alien_visor/alien_visor"},"display":{"thirdperson_righthand":{"translation":[0.0,1.0,0.75],"rotation":[55.5,34.0,0.0],"scale":[0.52539,0.52539,0.52539]},"thirdperson_lefthand":{"translation":[0.0,1.0,0.75],"rotation":[55.5,34.0,0.0],"scale":[0.52539,0.52539,0.52539]},"firstperson_righthand":{"translation":[9.5,0.0,-5.75],"rotation":[21.0,114.5,-13.75],"scale":[0.41992,0.41992,0.41992]},"firstperson_lefthand":{"translation":[9.5,0.0,-5.75],"rotation":[21.0,114.5,-13.75],"scale":[0.41992,0.41992,0.41992]},"gui":{"translation":[0.25,-0.5,0.0],"rotation":[-149.61,-31.92,-180.0],"scale":[0.83789,0.83789,0.83789]},"head":{"translation":[0.0,2.5,0.0],"scale":[1.64493,1.64493,1.64493]}},"credit":"Made with Blockbench","texture_size":[128.0,128.0],"elements":[{"name":"head","from":[3.485,1.8475,3.49367],"to":[12.515,10.8775,12.52367],"rotation":{"angle":0.0,"axis":"y","origin":[-0.4,-22.5125,-0.39133]},"faces":{"north":{"uv":[0.0,13.33333,2.66667,16.0],"texture":"#1"},"east":{"uv":[0.0,13.33333,2.66667,16.0],"texture":"#1"},"south":{"uv":[0.0,13.33333,2.66667,16.0],"texture":"#1"},"west":{"uv":[0.0,13.33333,2.66667,16.0],"texture":"#1"},"down":{"uv":[2.66667,13.33333,5.33333,16.0],"texture":"#1"}}},{"name":"head","from":[2.75,4.7875,2.75867],"to":[13.25,11.0875,13.25867],"rotation":{"angle":0.0,"axis":"y","origin":[0.65,-22.5125,0.65867]},"faces":{"north":{"uv":[0.0,0.0,3.33333,2.0],"texture":"#1"},"east":{"uv":[6.66667,0.0,3.33333,2.0],"texture":"#1"},"south":{"uv":[6.66667,0.0,10.0,2.0],"texture":"#1"},"west":{"uv":[3.33333,0.0,6.66667,2.0],"texture":"#1"},"up":{"uv":[3.33333,6.0,0.0,9.33333],"texture":"#1"},"down":{"uv":[6.66667,2.0,10.0,5.33333],"texture":"#1"}}},{"name":"head","from":[3.275,1.6375,8.53367],"to":[12.725,5.8375,12.73367],"rotation":{"angle":0.0,"axis":"y","origin":[0.125,-22.5125,0.13367]},"faces":{"north":{"uv":[5.66667,8.0,6.0,9.33333],"texture":"#1"},"east":{"uv":[7.0,8.0,5.66667,9.33333],"texture":"#1"},"south":{"uv":[7.0,8.0,10.0,9.33333],"texture":"#1"},"west":{"uv":[5.66667,8.0,7.0,9.33333],"texture":"#1"},"up":{"uv":[6.66667,9.66667,7.0,10.0],"texture":"#1"},"down":{"uv":[5.66667,9.33333,8.66667,10.66667],"texture":"#1"}}},{"name":"head","from":[6.95,15.2875,6.95867],"to":[9.05,17.3875,9.05867],"rotation":{"angle":0.0,"axis":"y","origin":[-0.4,-22.5125,-0.39133]},"faces":{"north":{"uv":[2.66667,10.0,3.33333,10.66667],"texture":"#1","tintindex":0.0},"east":{"uv":[2.66667,10.0,3.33333,10.66667],"texture":"#1","tintindex":0.0},"south":{"uv":[2.66667,10.0,3.33333,10.66667],"texture":"#1","tintindex":0.0},"west":{"uv":[2.66667,10.0,3.33333,10.66667],"texture":"#1","tintindex":0.0},"up":{"uv":[2.66667,10.0,3.0,10.33333],"texture":"#1","tintindex":0.0},"down":{"uv":[2.66667,10.33333,3.0,10.66667],"texture":"#1","tintindex":0.0}}},{"name":"head","from":[5.9,11.0875,5.90867],"to":[10.1,12.1375,10.10867],"rotation":{"angle":0.0,"axis":"y","origin":[0.65,-22.5125,0.65867]},"faces":{"north":{"uv":[0.0,9.33333,1.33333,9.66667],"texture":"#1","tintindex":0.0},"east":{"uv":[0.0,9.33333,1.33333,9.66667],"texture":"#1","tintindex":0.0},"south":{"uv":[0.0,9.33333,1.33333,9.66667],"texture":"#1","tintindex":0.0},"west":{"uv":[0.0,9.33333,1.33333,9.66667],"texture":"#1","tintindex":0.0},"up":{"uv":[1.33333,9.33333,2.66667,10.66667],"texture":"#1","tintindex":0.0},"down":{"uv":[1.33333,9.33333,2.66667,10.66667],"texture":"#1","tintindex":0.0}}},{"name":"head","from":[7.58,11.1925,7.58867],"to":[8.42,16.2325,8.42867],"rotation":{"angle":0.0,"axis":"y","origin":[0.125,-22.5125,0.13367]},"faces":{"north":{"uv":[10.33333,0.0,10.66667,1.66667],"texture":"#1"},"east":{"uv":[10.33333,0.0,10.66667,1.66667],"texture":"#1"},"south":{"uv":[10.33333,0.0,10.66667,1.66667],"texture":"#1"},"west":{"uv":[10.33333,0.0,10.66667,1.66667],"texture":"#1"}}},{"name":"head inverted","from":[9.575,17.9125,9.58367],"to":[6.425,14.7625,6.43367],"rotation":{"angle":0.0,"axis":"y","origin":[-0.4,-22.5125,-0.39133]},"faces":{"north":{"uv":[4.5,0.0,3.5,1.0],"texture":"#3","tintindex":0.0},"east":{"uv":[4.5,0.0,3.5,1.0],"texture":"#3","tintindex":0.0},"south":{"uv":[4.5,0.0,3.5,1.0],"texture":"#3","tintindex":0.0},"west":{"uv":[4.5,0.0,3.5,1.0],"texture":"#3","tintindex":0.0},"up":{"uv":[4.5,0.0,3.5,1.0],"texture":"#3","tintindex":0.0},"down":{"uv":[4.5,0.0,3.5,1.0],"texture":"#3","tintindex":0.0}}},{"name":"head","from":[1.7,3.7375,7.48367],"to":[3.8,7.9375,15.88367],"rotation":{"angle":-22.5,"axis":"x","origin":[2.75,6.3625,11.15867]},"faces":{"north":{"uv":[6.66667,5.33333,7.0,6.66667],"texture":"#1","tintindex":0.0},"east":{"uv":[9.33333,5.33333,6.66667,6.66667],"texture":"#1","tintindex":0.0},"south":{"uv":[9.0,5.33333,9.33333,6.66667],"texture":"#1","tintindex":0.0},"west":{"uv":[6.66667,5.33333,9.33333,6.66667],"texture":"#1","tintindex":0.0},"up":{"uv":[6.66667,5.33333,9.33333,5.66667],"rotation":90.0,"texture":"#1","tintindex":0.0},"down":{"uv":[9.33333,6.66667,6.66667,6.33333],"rotation":90.0,"texture":"#1","tintindex":0.0}}},{"name":"head","from":[2.75,4.7875,2.75867],"to":[13.25,11.0875,13.25867],"rotation":{"angle":0.0,"axis":"y","origin":[0.65,-22.5125,0.65867]},"faces":{"north":{"uv":[0.0,2.0,3.33333,4.0],"texture":"#1","tintindex":0.0},"east":{"uv":[3.33333,2.0,6.66667,4.0],"texture":"#1","tintindex":0.0},"south":{"uv":[0.0,4.0,3.33333,6.0],"texture":"#1","tintindex":0.0},"west":{"uv":[6.66667,2.0,3.33333,4.0],"texture":"#1","tintindex":0.0},"down":{"uv":[6.66667,4.0,3.33333,7.33333],"texture":"#1","tintindex":0.0}}},{"name":"head","from":[4.325,13.7125,4.33367],"to":[11.675,13.7125,11.68367],"rotation":{"angle":0.0,"axis":"y","origin":[0.125,-22.5125,0.13367]},"faces":{"north":{"uv":[1.6,1.6,3.2,3.2],"texture":"#missing","tintindex":0.0},"east":{"uv":[0.0,1.6,1.6,3.2],"texture":"#missing","tintindex":0.0},"south":{"uv":[4.8,1.6,6.4,3.2],"texture":"#missing","tintindex":0.0},"west":{"uv":[3.2,1.6,4.8,3.2],"texture":"#missing","tintindex":0.0},"up":{"uv":[3.33333,7.33333,5.66667,9.66667],"texture":"#1","tintindex":0.0},"down":{"uv":[3.33333,7.33333,5.66667,9.66667],"texture":"#1","tintindex":0.0}}},{"name":"head","from":[1.7,3.7375,7.48367],"to":[3.8,7.9375,15.88367],"rotation":{"angle":-22.5,"axis":"x","origin":[2.75,6.3625,11.15867]},"faces":{"east":{"uv":[9.33333,6.66667,6.66667,8.0],"texture":"#1"},"west":{"uv":[6.66667,6.66667,9.33333,8.0],"texture":"#1"}}},{"name":"head","from":[12.2,3.7375,7.48367],"to":[14.3,7.9375,15.88367],"rotation":{"angle":-22.5,"axis":"x","origin":[13.25,6.3625,11.15867]},"faces":{"east":{"uv":[9.33333,6.66667,6.66667,8.0],"texture":"#1"}}},{"name":"head","from":[12.2,3.7375,7.48367],"to":[14.3,7.9375,15.88367],"rotation":{"angle":-22.5,"axis":"x","origin":[13.25,6.3625,11.15867]},"faces":{"north":{"uv":[7.0,5.33333,6.66667,6.66667],"texture":"#1","tintindex":0.0},"east":{"uv":[9.33333,5.33333,6.66667,6.66667],"texture":"#1","tintindex":0.0},"south":{"uv":[9.33333,5.33333,9.0,6.66667],"texture":"#1","tintindex":0.0},"west":{"uv":[6.66667,5.33333,9.33333,6.66667],"texture":"#1","tintindex":0.0},"up":{"uv":[6.66667,5.66667,9.33333,5.33333],"rotation":90.0,"texture":"#1","tintindex":0.0},"down":{"uv":[9.33333,6.33333,6.66667,6.66667],"rotation":90.0,"texture":"#1","tintindex":0.0}}},{"name":"head inverted","from":[9.995,18.3325,10.00367],"to":[6.005,14.3425,6.01367],"rotation":{"angle":0.0,"axis":"y","origin":[-0.4,-22.5125,-0.39133]},"faces":{"north":{"uv":[1.5,0.0,0.5,1.0],"texture":"#3","tintindex":0.0},"east":{"uv":[1.5,0.0,0.5,1.0],"texture":"#3","tintindex":0.0},"south":{"uv":[1.5,0.0,0.5,1.0],"texture":"#3","tintindex":0.0},"west":{"uv":[1.5,0.0,0.5,1.0],"texture":"#3","tintindex":0.0},"up":{"uv":[1.5,0.0,0.5,1.0],"texture":"#3","tintindex":0.0},"down":{"uv":[1.5,0.0,0.5,1.0],"texture":"#3","tintindex":0.0}}},{"name":"head","from":[3.275,1.6375,8.53367],"to":[12.725,5.8375,12.73367],"rotation":{"angle":0.0,"axis":"y","origin":[0.125,-22.5125,0.13367]},"faces":{"north":{"uv":[5.66667,8.0,6.16667,9.33333],"texture":"#1"},"east":{"uv":[7.0,8.0,5.66667,9.33333],"texture":"#1"},"south":{"uv":[7.0,8.0,10.0,9.33333],"texture":"#1"},"west":{"uv":[5.66667,8.0,7.0,9.33333],"texture":"#1"},"up":{"uv":[3.2,1.6,1.6,0.0],"texture":"#missing"},"down":{"uv":[5.66667,9.33333,8.66667,10.66667],"texture":"#1"}}},{"name":"head","from":[6.425,1.1125,2.75867],"to":[9.575,3.2125,4.85867],"rotation":{"angle":0.0,"axis":"y","origin":[0.125,-22.5125,0.13367]},"faces":{"north":{"uv":[8.66667,9.33333,9.66667,10.0],"texture":"#1"},"east":{"uv":[8.66667,9.33333,9.66667,10.0],"texture":"#1"},"south":{"uv":[8.66667,9.33333,9.66667,10.0],"texture":"#1"},"west":{"uv":[8.66667,9.33333,9.66667,10.0],"texture":"#1"},"up":{"uv":[8.66667,9.33333,9.66667,9.66667],"texture":"#1"},"down":{"uv":[8.66667,9.66667,9.66667,10.0],"texture":"#1"}}}],"gui_light":"front","groups":[{"name":"group","origin":[0.5,0.0,0.5],"color":0.0,"nbt":"{}","armAnimationEnabled":false,"children":[0.0,1.0,2.0,3.0,4.0,5.0,6.0,7.0,8.0,9.0,10.0,11.0,12.0,13.0,14.0,15.0]}]}