{"textures":{"0":"mcc:island_cosmetics/general/hat/coral_crown/coral_crown","particle":"mcc:island_cosmetics/general/hat/coral_crown/coral_crown"},"elements":[{"from":[3.0,4.0,3.0],"to":[13.0,15.0,13.0],"rotation":{"angle":0.0,"axis":"y","origin":[1.0,0.0,-1.0]},"faces":{"north":{"uv":[0.0,7.0,3.33333,10.66667],"texture":"#0"},"east":{"uv":[0.0,7.0,3.33333,10.66667],"texture":"#0"},"south":{"uv":[0.0,7.0,3.33333,10.66667],"texture":"#0"},"west":{"uv":[0.0,7.0,3.33333,10.66667],"texture":"#0"}}},{"from":[2.7,1.7,2.7],"to":[13.3,10.3,13.3],"rotation":{"angle":0.0,"axis":"y","origin":[1.0,0.0,-1.0]},"faces":{"north":{"uv":[6.66667,2.66667,10.0,5.33333],"texture":"#0"},"east":{"uv":[6.66667,2.66667,10.0,5.33333],"texture":"#0"},"south":{"uv":[6.66667,2.66667,10.0,5.33333],"texture":"#0"},"west":{"uv":[6.66667,2.66667,10.0,5.33333],"texture":"#0"}}},{"from":[5.0,4.0,2.25],"to":[11.0,10.0,2.25],"rotation":{"angle":0.0,"axis":"x","origin":[8.0,7.25,2.0]},"faces":{"north":{"uv":[3.66667,2.66667,5.66667,4.66667],"texture":"#0"},"south":{"uv":[3.66667,2.66667,5.66667,4.66667],"texture":"#0"},"up":{"uv":[3.66667,2.66667,5.66667,2.66667],"texture":"#0"}}},{"from":[13.0,15.0,13.0],"to":[3.0,4.0,3.0],"rotation":{"angle":0.0,"axis":"y","origin":[1.0,0.0,-1.0]},"faces":{"north":{"uv":[0.0,10.66667,3.33333,7.0],"texture":"#0"},"east":{"uv":[0.0,10.66667,3.33333,7.0],"texture":"#0"},"south":{"uv":[0.0,10.66667,3.33333,7.0],"texture":"#0"},"west":{"uv":[0.0,10.66667,3.33333,7.0],"texture":"#0"}}},{"from":[13.3,10.3,13.3],"to":[2.7,1.7,2.7],"rotation":{"angle":0.0,"axis":"y","origin":[1.0,0.0,-1.0]},"faces":{"north":{"uv":[6.66667,5.33333,10.0,2.66667],"texture":"#0"},"east":{"uv":[6.66667,5.33333,10.0,2.66667],"texture":"#0"},"south":{"uv":[6.66667,5.33333,10.0,2.66667],"texture":"#0"},"west":{"uv":[6.66667,5.33333,10.0,2.66667],"texture":"#0"}}},{"from":[1.0,4.0,1.0],"to":[15.0,11.0,15.0],"rotation":{"angle":0.0,"axis":"y","origin":[-1.0,0.0,1.0]},"faces":{"north":{"uv":[3.66667,8.33333,8.33333,10.66667],"texture":"#0"},"east":{"uv":[0.33333,10.66667,5.0,13.0],"texture":"#0"},"south":{"uv":[0.33333,10.66667,5.0,13.0],"texture":"#0"},"west":{"uv":[0.33333,10.66667,5.0,13.0],"texture":"#0"},"down":{"uv":[5.33333,11.0,10.0,15.66667],"texture":"#0"}}},{"from":[15.0,11.0,15.0],"to":[1.0,4.0,1.0],"rotation":{"angle":0.0,"axis":"y","origin":[-1.0,0.0,1.0]},"faces":{"north":{"uv":[0.33333,13.0,5.0,10.66667],"texture":"#0"},"east":{"uv":[0.33333,13.0,5.0,10.66667],"texture":"#0"},"south":{"uv":[3.66667,10.66667,8.33333,8.33333],"texture":"#0"},"west":{"uv":[0.33333,13.0,5.0,10.66667],"texture":"#0"},"up":{"uv":[10.0,11.0,5.33333,15.66667],"texture":"#0"}}}],"display":{"thirdperson_righthand":{"translation":[0.0,1.0,0.75],"rotation":[55.5,34.0,0.0],"scale":[0.52539,0.52539,0.52539]},"thirdperson_lefthand":{"translation":[0.0,1.0,0.75],"rotation":[55.5,34.0,0.0],"scale":[0.52539,0.52539,0.52539]},"firstperson_righthand":{"translation":[9.5,0.0,-5.75],"rotation":[21.0,114.5,-13.75],"scale":[0.41992,0.41992,0.41992]},"firstperson_lefthand":{"translation":[9.5,0.0,-5.75],"rotation":[21.0,114.5,-13.75],"scale":[0.41992,0.41992,0.41992]},"ground":{"translation":[0.0,12.75,0.0],"scale":[0.70117,0.70117,0.70117]},"gui":{"translation":[0.0,0.5,0.0],"rotation":[-165.29,-36.05,165.43],"scale":[0.70898,0.70898,0.70898]},"head":{"translation":[0.0,6.75,0.5],"rotation":[7.25,0.0,0.0],"scale":[1.56289,1.56289,1.56289]}},"credit":"Made with Blockbench","gui_light":"front"}