{"textures":{"0":"mcc:island_cosmetics/head/head_faction_features","particle":"mcc:island_cosmetics/head/head_faction_features"},"credit":"Made with Blockbench","texture_size":[128.0,128.0],"elements":[{"from":[3.3,6.8,3.3],"to":[12.7,9.2,12.7],"rotation":{"angle":0.0,"axis":"x","origin":[8.18333,7.5,8.0]},"faces":{"north":{"uv":[10.25,8.0,11.375,8.25],"texture":"#0","tintindex":0.0},"east":{"uv":[10.25,7.625,11.375,7.875],"texture":"#0","tintindex":0.0},"south":{"uv":[10.25,7.625,11.375,7.875],"texture":"#0","tintindex":0.0},"west":{"uv":[10.25,7.625,11.375,7.875],"texture":"#0","tintindex":0.0},"up":{"uv":[9.625,8.375,9.75,8.5],"texture":"#0","tintindex":0.0},"down":{"uv":[9.625,8.375,9.75,8.5],"texture":"#0","tintindex":0.0}}},{"from":[3.3,6.8,3.3],"to":[12.7,9.2,3.3],"rotation":{"angle":0.0,"axis":"y","origin":[8.0,7.5,8.18333]},"faces":{"north":{"uv":[10.25,8.375,11.375,8.625],"texture":"#0"},"east":{"uv":[10.25,7.625,11.375,8.0],"texture":"#0"},"south":{"uv":[11.375,8.375,10.25,8.625],"texture":"#0"},"west":{"uv":[10.25,7.625,11.375,8.0],"texture":"#0"},"up":{"uv":[7.5,10.25,7.625,10.375],"rotation":90.0,"texture":"#0"},"down":{"uv":[7.5,10.25,7.625,10.375],"rotation":270.0,"texture":"#0"}}},{"from":[3.5,7.0,3.5],"to":[12.5,12.0,12.5],"rotation":{"angle":0.0,"axis":"x","origin":[8.0,10.5,8.0]},"faces":{"north":{"uv":[10.25,7.25,11.375,7.875],"texture":"#0","tintindex":0.0},"east":{"uv":[10.0,6.625,11.125,7.25],"texture":"#0","tintindex":0.0},"south":{"uv":[10.0,6.625,11.125,7.25],"texture":"#0","tintindex":0.0},"west":{"uv":[10.0,6.625,11.125,7.25],"texture":"#0","tintindex":0.0},"up":{"uv":[9.125,7.25,10.25,8.375],"texture":"#0","tintindex":0.0},"down":{"uv":[11.375,7.25,12.5,8.375],"texture":"#0","tintindex":0.0}}},{"from":[3.05867,11.5,8.02446],"to":[7.05867,19.5,8.02446],"rotation":{"angle":0.0,"axis":"z","origin":[5.55867,16.0,8.02446]},"faces":{"north":{"uv":[12.5,6.125,12.0,7.125],"rotation":180.0,"texture":"#0","tintindex":0.0},"east":{"uv":[11.375,7.25,10.25,7.875],"rotation":180.0,"texture":"#0","tintindex":0.0},"south":{"uv":[12.0,6.125,12.5,7.125],"rotation":180.0,"texture":"#0","tintindex":0.0},"west":{"uv":[11.375,7.25,10.25,7.875],"rotation":180.0,"texture":"#0","tintindex":0.0},"up":{"uv":[12.5,7.25,11.375,8.375],"rotation":180.0,"texture":"#0","tintindex":0.0},"down":{"uv":[10.25,7.25,9.125,8.375],"rotation":180.0,"texture":"#0","tintindex":0.0}}},{"from":[8.94133,11.5,8.02446],"to":[12.94133,19.5,8.02446],"rotation":{"angle":0.0,"axis":"z","origin":[10.44133,16.0,8.02446]},"faces":{"north":{"uv":[12.0,6.125,12.5,7.125],"rotation":180.0,"texture":"#0","tintindex":0.0},"east":{"uv":[10.25,7.25,11.375,7.875],"rotation":180.0,"texture":"#0","tintindex":0.0},"south":{"uv":[12.5,6.125,12.0,7.125],"rotation":180.0,"texture":"#0","tintindex":0.0},"west":{"uv":[10.25,7.25,11.375,7.875],"rotation":180.0,"texture":"#0","tintindex":0.0},"up":{"uv":[11.375,7.25,12.5,8.375],"rotation":180.0,"texture":"#0","tintindex":0.0},"down":{"uv":[9.125,7.25,10.25,8.375],"rotation":180.0,"texture":"#0","tintindex":0.0}}},{"name":"cube inverted","from":[12.7,9.2,12.7],"to":[3.3,6.8,3.3],"rotation":{"angle":0.0,"axis":"x","origin":[8.18333,7.5,8.0]},"faces":{"north":{"uv":[10.25,7.875,11.375,7.625],"texture":"#0","tintindex":0.0},"east":{"uv":[10.25,7.875,11.375,7.625],"texture":"#0","tintindex":0.0},"south":{"uv":[10.25,8.25,11.375,8.0],"texture":"#0","tintindex":0.0},"west":{"uv":[10.25,7.875,11.375,7.625],"texture":"#0","tintindex":0.0},"up":{"uv":[9.625,8.375,9.75,8.5],"texture":"#0","tintindex":0.0},"down":{"uv":[9.625,8.375,9.75,8.5],"texture":"#0","tintindex":0.0}}}],"gui_light":"front","display":{"thirdperson_righthand":{"rotation":[55.5,34.0,0.0],"translation":[0.0,1.0,0.75],"scale":[0.52539,0.52539,0.52539]},"thirdperson_lefthand":{"rotation":[55.5,34.0,0.0],"translation":[0.0,1.0,0.75],"scale":[0.52539,0.52539,0.52539]},"firstperson_righthand":{"rotation":[21.0,114.5,-13.75],"translation":[9.5,0.0,-5.75],"scale":[0.41992,0.41992,0.41992]},"firstperson_lefthand":{"rotation":[21.0,114.5,-13.75],"translation":[9.5,0.0,-5.75],"scale":[0.41992,0.41992,0.41992]},"gui":{"rotation":[-168.09,-34.89,169.2],"translation":[0.0,-2.25,0.0],"scale":[0.97851,0.97851,0.97851]},"head":{"rotation":[5.73,-0.31,-3.25],"translation":[0.0,2.75,0.25],"scale":[1.76017,1.76017,1.76017]}}}