{
	"credit": "Made with Blockbench",
	"texture_size": [128, 128],
	"textures": {
		"1": "block/custom/pearlhat",
		"particle": "block/custom/pearlhat"
	},
	"elements": [
		{
			"from": [5.8, 16.8, 5.3],
			"to": [7.2, 20.2, 6.7],
			"rotation": {"angle": 0, "axis": "y", "origin": [0, 0, 2.5]},
			"faces": {
				"north": {"uv": [4, 7.375, 4.125, 7.75], "texture": "#1"},
				"east": {"uv": [4.125, 7.375, 4.25, 7.75], "texture": "#1"},
				"south": {"uv": [7.375, 4.25, 7.5, 4.625], "texture": "#1"},
				"west": {"uv": [4.625, 7.375, 4.75, 7.75], "texture": "#1"},
				"up": {"uv": [3, 8.125, 2.875, 8], "texture": "#1"},
				"down": {"uv": [8.125, 2.875, 8, 3], "texture": "#1"}
			}
		},
		{
			"from": [5, 20, 4.5],
			"to": [11, 24, 11.5],
			"rotation": {"angle": 0, "axis": "y", "origin": [0, 0, 2.5]},
			"faces": {
				"north": {"uv": [4.5, 1, 5.25, 1.5], "texture": "#1"},
				"east": {"uv": [4.125, 3.75, 5, 4.25], "texture": "#1"},
				"south": {"uv": [4.5, 1.5, 5.25, 2], "texture": "#1"},
				"west": {"uv": [4.125, 4.25, 5, 4.75], "texture": "#1"},
				"up": {"uv": [3.75, 3.625, 3, 2.75], "texture": "#1"},
				"down": {"uv": [3.75, 3.625, 3, 4.5], "texture": "#1"}
			}
		},
		{
			"from": [5.8, 16.8, 9.3],
			"to": [7.2, 20.2, 10.7],
			"rotation": {"angle": 0, "axis": "y", "origin": [0, 0, 2.5]},
			"faces": {
				"north": {"uv": [7.375, 1, 7.5, 1.375], "texture": "#1"},
				"east": {"uv": [1.25, 7.375, 1.375, 7.75], "texture": "#1"},
				"south": {"uv": [7.375, 2.25, 7.5, 2.625], "texture": "#1"},
				"west": {"uv": [3.375, 7.375, 3.5, 7.75], "texture": "#1"},
				"up": {"uv": [2.75, 8.125, 2.625, 8], "texture": "#1"},
				"down": {"uv": [8.125, 2.625, 8, 2.75], "texture": "#1"}
			}
		},
		{
			"from": [6, 20, 3.5],
			"to": [10, 31, 6.5],
			"rotation": {"angle": 0, "axis": "y", "origin": [0, 0, 2.5]},
			"faces": {
				"north": {"uv": [2, 2.75, 2.5, 4.125], "texture": "#1"},
				"east": {"uv": [3.75, 3, 4.125, 4.375], "texture": "#1"},
				"south": {"uv": [2.5, 2.75, 3, 4.125], "texture": "#1"},
				"west": {"uv": [0, 4, 0.375, 5.375], "texture": "#1"},
				"up": {"uv": [2, 5, 1.5, 4.625], "texture": "#1"},
				"down": {"uv": [2.875, 4.875, 2.375, 5.25], "texture": "#1"}
			}
		},
		{
			"from": [6.5, 27.5, 1.5],
			"to": [9.5, 29.5, 5.5],
			"rotation": {"angle": 0, "axis": "y", "origin": [-0.5, 0, 2.5]},
			"faces": {
				"north": {"uv": [0.125, 6.5, 0.5, 6.75], "texture": "#1"},
				"east": {"uv": [0.5, 5.75, 1, 6], "texture": "#1"},
				"south": {"uv": [6.5, 4.25, 6.875, 4.5], "texture": "#1"},
				"west": {"uv": [5.875, 1.125, 6.375, 1.375], "texture": "#1"},
				"up": {"uv": [1.875, 5.5, 1.5, 5], "texture": "#1"},
				"down": {"uv": [3.375, 5, 3, 5.5], "texture": "#1"}
			}
		},
		{
			"from": [8.4, 30.85, 4.025],
			"to": [9.4, 31.85, 5.025],
			"rotation": {"angle": 0, "axis": "y", "origin": [-0.5, 0, 2.5]},
			"faces": {
				"north": {"uv": [3.125, 8, 3.25, 8.125], "texture": "#1"},
				"east": {"uv": [8, 3.125, 8.125, 3.25], "texture": "#1"},
				"south": {"uv": [3.25, 8, 3.375, 8.125], "texture": "#1"},
				"west": {"uv": [8, 3.25, 8.125, 3.375], "texture": "#1"},
				"up": {"uv": [3.5, 8.125, 3.375, 8], "texture": "#1"},
				"down": {"uv": [8.125, 3.375, 8, 3.5], "texture": "#1"}
			}
		},
		{
			"from": [6.6, 30.85, 4.025],
			"to": [7.6, 31.85, 5.025],
			"rotation": {"angle": 0, "axis": "y", "origin": [16.5, 0, 2.5]},
			"faces": {
				"north": {"uv": [3.5, 8, 3.625, 8.125], "texture": "#1"},
				"east": {"uv": [8, 3.5, 8.125, 3.625], "texture": "#1"},
				"south": {"uv": [3.625, 8, 3.75, 8.125], "texture": "#1"},
				"west": {"uv": [8, 3.625, 8.125, 3.75], "texture": "#1"},
				"up": {"uv": [3.875, 8.125, 3.75, 8], "texture": "#1"},
				"down": {"uv": [8.125, 3.75, 8, 3.875], "texture": "#1"}
			}
		},
		{
			"from": [8.8, 16.8, 9.3],
			"to": [10.2, 20.2, 10.7],
			"rotation": {"angle": 0, "axis": "y", "origin": [0, 0, 2.5]},
			"faces": {
				"north": {"uv": [0.25, 7.375, 0.375, 7.75], "texture": "#1"},
				"east": {"uv": [0.375, 7.375, 0.5, 7.75], "texture": "#1"},
				"south": {"uv": [0.75, 7.375, 0.875, 7.75], "texture": "#1"},
				"west": {"uv": [0.875, 7.375, 1, 7.75], "texture": "#1"},
				"up": {"uv": [2.625, 8.125, 2.5, 8], "texture": "#1"},
				"down": {"uv": [8.125, 2.5, 8, 2.625], "texture": "#1"}
			}
		},
		{
			"from": [8.8, 16.8, 5.3],
			"to": [10.2, 20.2, 6.7],
			"rotation": {"angle": 0, "axis": "y", "origin": [0, 0, 2.5]},
			"faces": {
				"north": {"uv": [3.5, 7.375, 3.625, 7.75], "texture": "#1"},
				"east": {"uv": [3.625, 7.375, 3.75, 7.75], "texture": "#1"},
				"south": {"uv": [7.375, 3.75, 7.5, 4.125], "texture": "#1"},
				"west": {"uv": [3.875, 7.375, 4, 7.75], "texture": "#1"},
				"up": {"uv": [2.875, 8.125, 2.75, 8], "texture": "#1"},
				"down": {"uv": [8.125, 2.75, 8, 2.875], "texture": "#1"}
			}
		},
		{
			"from": [0, 13, 0],
			"to": [16, 14, 16],
			"faces": {
				"north": {"uv": [4, 4.75, 6, 4.875], "texture": "#1"},
				"east": {"uv": [4, 4.875, 6, 5], "texture": "#1"},
				"south": {"uv": [5, 0.25, 7, 0.375], "texture": "#1"},
				"west": {"uv": [5, 0.375, 7, 0.5], "texture": "#1"},
				"up": {"uv": [2, 2, 0, 0], "texture": "#1"},
				"down": {"uv": [2, 2, 0, 4], "texture": "#1"}
			}
		},
		{
			"from": [1, 11, 0],
			"to": [15, 13, 1],
			"faces": {
				"north": {"uv": [0.375, 4.375, 2.125, 4.625], "texture": "#1"},
				"east": {"uv": [3.125, 7.75, 3.25, 8], "texture": "#1"},
				"south": {"uv": [4.5, 0, 6.25, 0.25], "texture": "#1"},
				"west": {"uv": [7.75, 3.125, 7.875, 3.375], "texture": "#1"},
				"up": {"uv": [6.75, 0.875, 5, 0.75], "texture": "#1"},
				"down": {"uv": [6.75, 0.875, 5, 1], "texture": "#1"}
			}
		},
		{
			"from": [1, 2, 15],
			"to": [15, 13, 16],
			"faces": {
				"north": {"uv": [2, 0, 3.75, 1.375], "texture": "#1"},
				"east": {"uv": [4.75, 5, 4.875, 6.375], "texture": "#1"},
				"south": {"uv": [2, 1.375, 3.75, 2.75], "texture": "#1"},
				"west": {"uv": [4.875, 5, 5, 6.375], "texture": "#1"},
				"up": {"uv": [6.75, 0.625, 5, 0.5], "texture": "#1"},
				"down": {"uv": [6.75, 0.625, 5, 0.75], "texture": "#1"}
			}
		},
		{
			"from": [0, 11, 0],
			"to": [1, 13, 16],
			"faces": {
				"north": {"uv": [1.125, 5.125, 1.25, 5.375], "texture": "#1"},
				"east": {"uv": [0.375, 4.125, 2.375, 4.375], "texture": "#1"},
				"south": {"uv": [4.625, 6.125, 4.75, 6.375], "texture": "#1"},
				"west": {"uv": [4.125, 3, 6.125, 3.25], "texture": "#1"},
				"up": {"uv": [3, 6.125, 2.875, 4.125], "texture": "#1"},
				"down": {"uv": [2.25, 4.375, 2.125, 6.375], "texture": "#1"}
			}
		},
		{
			"from": [0, 10, 5],
			"to": [1, 11, 16],
			"faces": {
				"north": {"uv": [3.875, 8, 4, 8.125], "texture": "#1"},
				"east": {"uv": [0.375, 4, 1.75, 4.125], "texture": "#1"},
				"south": {"uv": [8, 3.875, 8.125, 4], "texture": "#1"},
				"west": {"uv": [3.375, 5, 4.75, 5.125], "texture": "#1"},
				"up": {"uv": [2.125, 6, 2, 4.625], "texture": "#1"},
				"down": {"uv": [2, 5, 1.875, 6.375], "texture": "#1"}
			}
		},
		{
			"from": [0, 9, 8],
			"to": [1, 10, 16],
			"faces": {
				"north": {"uv": [4, 8, 4.125, 8.125], "texture": "#1"},
				"east": {"uv": [5.875, 1.375, 6.875, 1.5], "texture": "#1"},
				"south": {"uv": [8, 4, 8.125, 4.125], "texture": "#1"},
				"west": {"uv": [5.875, 1.5, 6.875, 1.625], "texture": "#1"},
				"up": {"uv": [1.375, 6.125, 1.25, 5.125], "texture": "#1"},
				"down": {"uv": [4.75, 5.125, 4.625, 6.125], "texture": "#1"}
			}
		},
		{
			"from": [0, 8, 10],
			"to": [1, 9, 16],
			"faces": {
				"north": {"uv": [4.125, 8, 4.25, 8.125], "texture": "#1"},
				"east": {"uv": [6.5, 4.5, 7.25, 4.625], "texture": "#1"},
				"south": {"uv": [8, 4.125, 8.125, 4.25], "texture": "#1"},
				"west": {"uv": [6.5, 4.625, 7.25, 4.75], "texture": "#1"},
				"up": {"uv": [1.375, 6.875, 1.25, 6.125], "texture": "#1"},
				"down": {"uv": [4.375, 6.25, 4.25, 7], "texture": "#1"}
			}
		},
		{
			"from": [0, 7, 11],
			"to": [1, 8, 16],
			"faces": {
				"north": {"uv": [4.25, 8, 4.375, 8.125], "texture": "#1"},
				"east": {"uv": [6.75, 0.875, 7.375, 1], "texture": "#1"},
				"south": {"uv": [8, 4.25, 8.125, 4.375], "texture": "#1"},
				"west": {"uv": [6.75, 1.125, 7.375, 1.25], "texture": "#1"},
				"up": {"uv": [4.875, 7.25, 4.75, 6.625], "texture": "#1"},
				"down": {"uv": [5, 6.625, 4.875, 7.25], "texture": "#1"}
			}
		},
		{
			"from": [0, 5, 12],
			"to": [1, 7, 16],
			"faces": {
				"north": {"uv": [7.75, 1.75, 7.875, 2], "texture": "#1"},
				"east": {"uv": [5.875, 1.625, 6.375, 1.875], "texture": "#1"},
				"south": {"uv": [1.875, 7.75, 2, 8], "texture": "#1"},
				"west": {"uv": [3, 5.875, 3.5, 6.125], "texture": "#1"},
				"up": {"uv": [1.375, 7.375, 1.25, 6.875], "texture": "#1"},
				"down": {"uv": [2.375, 7, 2.25, 7.5], "texture": "#1"}
			}
		},
		{
			"from": [0, 2, 13],
			"to": [1, 5, 16],
			"faces": {
				"north": {"uv": [4.75, 7.375, 4.875, 7.75], "texture": "#1"},
				"east": {"uv": [3.75, 5.5, 4.125, 5.875], "texture": "#1"},
				"south": {"uv": [4.875, 7.375, 5, 7.75], "texture": "#1"},
				"west": {"uv": [4.125, 5.5, 4.5, 5.875], "texture": "#1"},
				"up": {"uv": [7.5, 5.375, 7.375, 5], "texture": "#1"},
				"down": {"uv": [5.375, 7.375, 5.25, 7.75], "texture": "#1"}
			}
		},
		{
			"from": [15, 2, 13],
			"to": [16, 5, 16],
			"rotation": {"angle": 0, "axis": "y", "origin": [16, 0, 0]},
			"faces": {
				"north": {"uv": [5.375, 7.375, 5.5, 7.75], "texture": "#1"},
				"east": {"uv": [5.5, 5.375, 5.875, 5.75], "texture": "#1"},
				"south": {"uv": [5.5, 7.375, 5.625, 7.75], "texture": "#1"},
				"west": {"uv": [2.375, 5.625, 2.75, 6], "texture": "#1"},
				"up": {"uv": [5.75, 7.75, 5.625, 7.375], "texture": "#1"},
				"down": {"uv": [5.875, 7.375, 5.75, 7.75], "texture": "#1"}
			}
		},
		{
			"from": [15, 5, 12],
			"to": [16, 7, 16],
			"rotation": {"angle": 0, "axis": "y", "origin": [16, 0, 0]},
			"faces": {
				"north": {"uv": [2.5, 7.75, 2.625, 8], "texture": "#1"},
				"east": {"uv": [5.125, 5.875, 5.625, 6.125], "texture": "#1"},
				"south": {"uv": [7.75, 2.5, 7.875, 2.75], "texture": "#1"},
				"west": {"uv": [5.875, 5.375, 6.375, 5.625], "texture": "#1"},
				"up": {"uv": [4.375, 7.5, 4.25, 7], "texture": "#1"},
				"down": {"uv": [5.125, 7, 5, 7.5], "texture": "#1"}
			}
		},
		{
			"from": [15, 7, 11],
			"to": [16, 8, 16],
			"rotation": {"angle": 0, "axis": "y", "origin": [16, 0, 0]},
			"faces": {
				"north": {"uv": [4.75, 8, 4.875, 8.125], "texture": "#1"},
				"east": {"uv": [6.75, 1.25, 7.375, 1.375], "texture": "#1"},
				"south": {"uv": [8, 4.75, 8.125, 4.875], "texture": "#1"},
				"west": {"uv": [6.75, 2, 7.375, 2.125], "texture": "#1"},
				"up": {"uv": [0.875, 7.375, 0.75, 6.75], "texture": "#1"},
				"down": {"uv": [1, 6.75, 0.875, 7.375], "texture": "#1"}
			}
		},
		{
			"from": [15, 9, 8],
			"to": [16, 10, 16],
			"rotation": {"angle": 0, "axis": "y", "origin": [16, 0, 0]},
			"faces": {
				"north": {"uv": [4.625, 8, 4.75, 8.125], "texture": "#1"},
				"east": {"uv": [5.875, 1.875, 6.875, 2], "texture": "#1"},
				"south": {"uv": [8, 4.625, 8.125, 4.75], "texture": "#1"},
				"west": {"uv": [3.5, 5.875, 4.5, 6], "texture": "#1"},
				"up": {"uv": [2.875, 6.25, 2.75, 5.25], "texture": "#1"},
				"down": {"uv": [4.625, 5.5, 4.5, 6.5], "texture": "#1"}
			}
		},
		{
			"from": [15, 8, 10],
			"to": [16, 9, 16],
			"rotation": {"angle": 0, "axis": "y", "origin": [16, 0, 0]},
			"faces": {
				"north": {"uv": [4.5, 8, 4.625, 8.125], "texture": "#1"},
				"east": {"uv": [5.625, 6.5, 6.375, 6.625], "texture": "#1"},
				"south": {"uv": [8, 4.5, 8.125, 4.625], "texture": "#1"},
				"west": {"uv": [6.375, 6.5, 7.125, 6.625], "texture": "#1"},
				"up": {"uv": [2, 7.125, 1.875, 6.375], "texture": "#1"},
				"down": {"uv": [2.25, 6.375, 2.125, 7.125], "texture": "#1"}
			}
		},
		{
			"from": [15, 10, 5],
			"to": [16, 11, 16],
			"rotation": {"angle": 0, "axis": "y", "origin": [16, 0, 0]},
			"faces": {
				"north": {"uv": [4.375, 8, 4.5, 8.125], "texture": "#1"},
				"east": {"uv": [5, 3.75, 6.375, 3.875], "texture": "#1"},
				"south": {"uv": [8, 4.375, 8.125, 4.5], "texture": "#1"},
				"west": {"uv": [5, 3.875, 6.375, 4], "texture": "#1"},
				"up": {"uv": [5.125, 6.375, 5, 5], "texture": "#1"},
				"down": {"uv": [0.5, 5.125, 0.375, 6.5], "texture": "#1"}
			}
		},
		{
			"from": [15, 11, 0],
			"to": [16, 13, 16],
			"rotation": {"angle": 0, "axis": "y", "origin": [16, 0, 0]},
			"faces": {
				"north": {"uv": [2.125, 7.75, 2.25, 8], "texture": "#1"},
				"east": {"uv": [4.125, 3.25, 6.125, 3.5], "texture": "#1"},
				"south": {"uv": [7.75, 2.25, 7.875, 2.5], "texture": "#1"},
				"west": {"uv": [4.125, 3.5, 6.125, 3.75], "texture": "#1"},
				"up": {"uv": [2.375, 6.375, 2.25, 4.375], "texture": "#1"},
				"down": {"uv": [1.5, 4.625, 1.375, 6.625], "texture": "#1"}
			}
		},
		{
			"from": [6, 14, 6],
			"to": [10, 15, 10],
			"rotation": {"angle": 0, "axis": "y", "origin": [-1, 0, 0]},
			"faces": {
				"north": {"uv": [6.75, 2.125, 7.25, 2.25], "texture": "#1"},
				"east": {"uv": [6.75, 2.25, 7.25, 2.375], "texture": "#1"},
				"south": {"uv": [2.375, 6.75, 2.875, 6.875], "texture": "#1"},
				"west": {"uv": [6.75, 2.375, 7.25, 2.5], "texture": "#1"},
				"up": {"uv": [5, 2.5, 4.5, 2], "texture": "#1"},
				"down": {"uv": [5, 2.5, 4.5, 3], "texture": "#1"}
			}
		},
		{
			"from": [7, 14, 4],
			"to": [9, 15, 6],
			"rotation": {"angle": 0, "axis": "y", "origin": [-1, 0, 0]},
			"faces": {
				"north": {"uv": [1.75, 4, 2, 4.125], "texture": "#1"},
				"east": {"uv": [3.75, 4.375, 4, 4.5], "texture": "#1"},
				"south": {"uv": [7.375, 1.375, 7.625, 1.5], "texture": "#1"},
				"west": {"uv": [7.375, 1.5, 7.625, 1.625], "texture": "#1"},
				"up": {"uv": [1.25, 6, 1, 5.75], "texture": "#1"},
				"down": {"uv": [5.875, 6.25, 5.625, 6.5], "texture": "#1"}
			}
		},
		{
			"from": [3, 17, 3],
			"to": [13, 18, 4],
			"rotation": {"angle": 0, "axis": "y", "origin": [-1, 0, 0]},
			"faces": {
				"north": {"uv": [5, 4, 6.25, 4.125], "texture": "#1"},
				"east": {"uv": [4.25, 6, 4.375, 6.125], "texture": "#1"},
				"south": {"uv": [5, 4.125, 6.25, 4.25], "texture": "#1"},
				"west": {"uv": [7.75, 2, 7.875, 2.125], "texture": "#1"},
				"up": {"uv": [6.25, 4.375, 5, 4.25], "texture": "#1"},
				"down": {"uv": [6.25, 4.375, 5, 4.5], "texture": "#1"}
			}
		},
		{
			"from": [3, 18, 3],
			"to": [5, 19, 4],
			"rotation": {"angle": 0, "axis": "y", "origin": [-1, 0, 0]},
			"faces": {
				"north": {"uv": [0.5, 7.5, 0.75, 7.625], "texture": "#1"},
				"east": {"uv": [7.75, 5.75, 7.875, 5.875], "texture": "#1"},
				"south": {"uv": [7.5, 1, 7.75, 1.125], "texture": "#1"},
				"west": {"uv": [7.75, 5.875, 7.875, 6], "texture": "#1"},
				"up": {"uv": [7.75, 1.25, 7.5, 1.125], "texture": "#1"},
				"down": {"uv": [7.75, 1.25, 7.5, 1.375], "texture": "#1"}
			}
		},
		{
			"from": [11, 18, 3],
			"to": [13, 19, 4],
			"rotation": {"angle": 0, "axis": "y", "origin": [17, 0, 0]},
			"faces": {
				"north": {"uv": [7.5, 5, 7.75, 5.125], "texture": "#1"},
				"east": {"uv": [0.875, 7.875, 1, 8], "texture": "#1"},
				"south": {"uv": [7.5, 5.125, 7.75, 5.25], "texture": "#1"},
				"west": {"uv": [7.875, 0.875, 8, 1], "texture": "#1"},
				"up": {"uv": [7.75, 5.375, 7.5, 5.25], "texture": "#1"},
				"down": {"uv": [7.75, 5.375, 7.5, 5.5], "texture": "#1"}
			}
		},
		{
			"from": [2, 17, 6],
			"to": [3, 18, 10],
			"rotation": {"angle": 0, "axis": "y", "origin": [-1, 0, 0]},
			"faces": {
				"north": {"uv": [7.75, 5, 7.875, 5.125], "texture": "#1"},
				"east": {"uv": [6.75, 4.875, 7.25, 5], "texture": "#1"},
				"south": {"uv": [7.75, 5.125, 7.875, 5.25], "texture": "#1"},
				"west": {"uv": [5.5, 6.75, 6, 6.875], "texture": "#1"},
				"up": {"uv": [6.125, 7.25, 6, 6.75], "texture": "#1"},
				"down": {"uv": [6.25, 6.75, 6.125, 7.25], "texture": "#1"}
			}
		},
		{
			"from": [2, 18, 5],
			"to": [3, 19, 11],
			"rotation": {"angle": 0, "axis": "y", "origin": [-1, 0, 0]},
			"faces": {
				"north": {"uv": [0.5, 7.875, 0.625, 8], "texture": "#1"},
				"east": {"uv": [3.625, 6.125, 4.375, 6.25], "texture": "#1"},
				"south": {"uv": [0.625, 7.875, 0.75, 8], "texture": "#1"},
				"west": {"uv": [6.125, 3.625, 6.875, 3.75], "texture": "#1"},
				"up": {"uv": [2.625, 6.75, 2.5, 6], "texture": "#1"},
				"down": {"uv": [2.75, 6, 2.625, 6.75], "texture": "#1"}
			}
		},
		{
			"from": [13, 17, 6],
			"to": [14, 18, 10],
			"rotation": {"angle": 0, "axis": "y", "origin": [17, 0, 0]},
			"faces": {
				"north": {"uv": [0.125, 7.875, 0.25, 8], "texture": "#1"},
				"east": {"uv": [6.25, 6.75, 6.75, 6.875], "texture": "#1"},
				"south": {"uv": [7.875, 0.125, 8, 0.25], "texture": "#1"},
				"west": {"uv": [6.75, 6.75, 7.25, 6.875], "texture": "#1"},
				"up": {"uv": [0.125, 7.375, 0, 6.875], "texture": "#1"},
				"down": {"uv": [0.25, 6.875, 0.125, 7.375], "texture": "#1"}
			}
		},
		{
			"from": [13, 18, 5],
			"to": [14, 19, 11],
			"rotation": {"angle": 0, "axis": "y", "origin": [17, 0, 0]},
			"faces": {
				"north": {"uv": [0.75, 7.875, 0.875, 8], "texture": "#1"},
				"east": {"uv": [5.125, 6.125, 5.875, 6.25], "texture": "#1"},
				"south": {"uv": [7.875, 0.75, 8, 0.875], "texture": "#1"},
				"west": {"uv": [6.125, 5.75, 6.875, 5.875], "texture": "#1"},
				"up": {"uv": [4.5, 6.75, 4.375, 6], "texture": "#1"},
				"down": {"uv": [0.125, 6.125, 0, 6.875], "texture": "#1"}
			}
		},
		{
			"from": [14, 19, 6],
			"to": [15, 20, 9],
			"rotation": {"angle": 0, "axis": "y", "origin": [17, 0, 0]},
			"faces": {
				"north": {"uv": [7.875, 4.625, 8, 4.75], "texture": "#1"},
				"east": {"uv": [7, 6.625, 7.375, 6.75], "texture": "#1"},
				"south": {"uv": [4.75, 7.875, 4.875, 8], "texture": "#1"},
				"west": {"uv": [7.125, 1.625, 7.5, 1.75], "texture": "#1"},
				"up": {"uv": [1.125, 7.625, 1, 7.25], "texture": "#1"},
				"down": {"uv": [1.25, 7.25, 1.125, 7.625], "texture": "#1"}
			}
		},
		{
			"from": [1, 19, 6],
			"to": [2, 20, 9],
			"rotation": {"angle": 0, "axis": "y", "origin": [-1, 0, 0]},
			"faces": {
				"north": {"uv": [7.875, 4.75, 8, 4.875], "texture": "#1"},
				"east": {"uv": [7.125, 1.75, 7.5, 1.875], "texture": "#1"},
				"south": {"uv": [4.875, 7.875, 5, 8], "texture": "#1"},
				"west": {"uv": [7.125, 5.375, 7.5, 5.5], "texture": "#1"},
				"up": {"uv": [1.5, 7.625, 1.375, 7.25], "texture": "#1"},
				"down": {"uv": [1.625, 7.25, 1.5, 7.625], "texture": "#1"}
			}
		},
		{
			"from": [1, 20, 5],
			"to": [2, 22, 10],
			"rotation": {"angle": 0, "axis": "y", "origin": [-1, 0, 0]},
			"faces": {
				"north": {"uv": [1.5, 7.625, 1.625, 7.875], "texture": "#1"},
				"east": {"uv": [5.25, 1, 5.875, 1.25], "texture": "#1"},
				"south": {"uv": [1.625, 7.625, 1.75, 7.875], "texture": "#1"},
				"west": {"uv": [5.25, 1.25, 5.875, 1.5], "texture": "#1"},
				"up": {"uv": [1.75, 7.25, 1.625, 6.625], "texture": "#1"},
				"down": {"uv": [1.875, 6.625, 1.75, 7.25], "texture": "#1"}
			}
		},
		{
			"from": [0, 22, 5],
			"to": [1, 24, 10],
			"rotation": {"angle": 0, "axis": "y", "origin": [-1, 0, 0]},
			"faces": {
				"north": {"uv": [2.375, 7.625, 2.5, 7.875], "texture": "#1"},
				"east": {"uv": [5.25, 1.5, 5.875, 1.75], "texture": "#1"},
				"south": {"uv": [7.625, 2.375, 7.75, 2.625], "texture": "#1"},
				"west": {"uv": [5.25, 1.75, 5.875, 2], "texture": "#1"},
				"up": {"uv": [3.5, 7.25, 3.375, 6.625], "texture": "#1"},
				"down": {"uv": [3.625, 6.625, 3.5, 7.25], "texture": "#1"}
			}
		},
		{
			"from": [-1, 23, 5],
			"to": [0, 24, 10],
			"rotation": {"angle": 0, "axis": "y", "origin": [-1, 0, 0]},
			"faces": {
				"north": {"uv": [7.875, 7.5, 8, 7.625], "texture": "#1"},
				"east": {"uv": [5.125, 6.625, 5.75, 6.75], "texture": "#1"},
				"south": {"uv": [7.625, 7.875, 7.75, 8], "texture": "#1"},
				"west": {"uv": [6.625, 5.625, 7.25, 5.75], "texture": "#1"},
				"up": {"uv": [4, 7.25, 3.875, 6.625], "texture": "#1"},
				"down": {"uv": [4.125, 6.625, 4, 7.25], "texture": "#1"}
			}
		},
		{
			"from": [14, 20, 5],
			"to": [15, 22, 10],
			"rotation": {"angle": 0, "axis": "y", "origin": [17, 0, 0]},
			"faces": {
				"north": {"uv": [1.375, 7.625, 1.5, 7.875], "texture": "#1"},
				"east": {"uv": [0.5, 5.125, 1.125, 5.375], "texture": "#1"},
				"south": {"uv": [7.625, 1.375, 7.75, 1.625], "texture": "#1"},
				"west": {"uv": [5.125, 5.125, 5.75, 5.375], "texture": "#1"},
				"up": {"uv": [1.5, 7.25, 1.375, 6.625], "texture": "#1"},
				"down": {"uv": [1.625, 6.625, 1.5, 7.25], "texture": "#1"}
			}
		},
		{
			"from": [3, 17, 4],
			"to": [4, 18, 6],
			"rotation": {"angle": 0, "axis": "y", "origin": [-1, 0, 0]},
			"faces": {
				"north": {"uv": [7.75, 6, 7.875, 6.125], "texture": "#1"},
				"east": {"uv": [7.5, 1.625, 7.75, 1.75], "texture": "#1"},
				"south": {"uv": [7.75, 6.125, 7.875, 6.25], "texture": "#1"},
				"west": {"uv": [7.5, 1.75, 7.75, 1.875], "texture": "#1"},
				"up": {"uv": [2, 7.75, 1.875, 7.5], "texture": "#1"},
				"down": {"uv": [2.25, 7.5, 2.125, 7.75], "texture": "#1"}
			}
		},
		{
			"from": [3, 17, 10],
			"to": [4, 18, 12],
			"rotation": {"angle": 0, "axis": "y", "origin": [-1, 0, 0]},
			"faces": {
				"north": {"uv": [0.25, 7.875, 0.375, 8], "texture": "#1"},
				"east": {"uv": [7.5, 3.75, 7.75, 3.875], "texture": "#1"},
				"south": {"uv": [7.875, 0.25, 8, 0.375], "texture": "#1"},
				"west": {"uv": [7.5, 3.875, 7.75, 4], "texture": "#1"},
				"up": {"uv": [4.375, 7.75, 4.25, 7.5], "texture": "#1"},
				"down": {"uv": [7.625, 4.25, 7.5, 4.5], "texture": "#1"}
			}
		},
		{
			"from": [3, 18, 4],
			"to": [4, 19, 5],
			"rotation": {"angle": 0, "axis": "y", "origin": [-1, 0, 0]},
			"faces": {
				"north": {"uv": [6.375, 7.75, 6.5, 7.875], "texture": "#1"},
				"east": {"uv": [6.5, 7.75, 6.625, 7.875], "texture": "#1"},
				"south": {"uv": [6.625, 7.75, 6.75, 7.875], "texture": "#1"},
				"west": {"uv": [6.75, 7.75, 6.875, 7.875], "texture": "#1"},
				"up": {"uv": [7.875, 6.875, 7.75, 6.75], "texture": "#1"},
				"down": {"uv": [7, 7.75, 6.875, 7.875], "texture": "#1"}
			}
		},
		{
			"from": [12, 18, 4],
			"to": [13, 19, 5],
			"rotation": {"angle": 0, "axis": "y", "origin": [17, 0, 0]},
			"faces": {
				"north": {"uv": [7.75, 6.875, 7.875, 7], "texture": "#1"},
				"east": {"uv": [7, 7.75, 7.125, 7.875], "texture": "#1"},
				"south": {"uv": [7.125, 7.75, 7.25, 7.875], "texture": "#1"},
				"west": {"uv": [7.25, 7.75, 7.375, 7.875], "texture": "#1"},
				"up": {"uv": [7.5, 7.875, 7.375, 7.75], "texture": "#1"},
				"down": {"uv": [7.875, 7.375, 7.75, 7.5], "texture": "#1"}
			}
		},
		{
			"from": [12, 18, 11],
			"to": [13, 19, 13],
			"rotation": {"angle": 0, "axis": "y", "origin": [17, 0, 16]},
			"faces": {
				"north": {"uv": [7.625, 7.75, 7.75, 7.875], "texture": "#1"},
				"east": {"uv": [2.625, 7.5, 2.875, 7.625], "texture": "#1"},
				"south": {"uv": [7.75, 7.75, 7.875, 7.875], "texture": "#1"},
				"west": {"uv": [2.875, 7.5, 3.125, 7.625], "texture": "#1"},
				"up": {"uv": [3.25, 7.75, 3.125, 7.5], "texture": "#1"},
				"down": {"uv": [3.375, 7.5, 3.25, 7.75], "texture": "#1"}
			}
		},
		{
			"from": [3, 18, 11],
			"to": [4, 19, 13],
			"rotation": {"angle": 0, "axis": "y", "origin": [-1, 0, 16]},
			"faces": {
				"north": {"uv": [7.5, 7.75, 7.625, 7.875], "texture": "#1"},
				"east": {"uv": [2.25, 7.5, 2.5, 7.625], "texture": "#1"},
				"south": {"uv": [7.75, 7.5, 7.875, 7.625], "texture": "#1"},
				"west": {"uv": [7.5, 2.25, 7.75, 2.375], "texture": "#1"},
				"up": {"uv": [7.625, 2.625, 7.5, 2.375], "texture": "#1"},
				"down": {"uv": [2.625, 7.5, 2.5, 7.75], "texture": "#1"}
			}
		},
		{
			"from": [12, 17, 10],
			"to": [13, 18, 12],
			"rotation": {"angle": 0, "axis": "y", "origin": [17, 0, 0]},
			"faces": {
				"north": {"uv": [5.25, 7.75, 5.375, 7.875], "texture": "#1"},
				"east": {"uv": [7.375, 7, 7.625, 7.125], "texture": "#1"},
				"south": {"uv": [7.75, 5.25, 7.875, 5.375], "texture": "#1"},
				"west": {"uv": [7.125, 7.375, 7.375, 7.5], "texture": "#1"},
				"up": {"uv": [7.5, 7.625, 7.375, 7.375], "texture": "#1"},
				"down": {"uv": [7.625, 0.25, 7.5, 0.5], "texture": "#1"}
			}
		},
		{
			"from": [12, 17, 4],
			"to": [13, 18, 6],
			"rotation": {"angle": 0, "axis": "y", "origin": [17, 0, 16]},
			"faces": {
				"north": {"uv": [0.375, 7.875, 0.5, 8], "texture": "#1"},
				"east": {"uv": [7.5, 4, 7.75, 4.125], "texture": "#1"},
				"south": {"uv": [7.875, 0.375, 8, 0.5], "texture": "#1"},
				"west": {"uv": [7.5, 4.5, 7.75, 4.625], "texture": "#1"},
				"up": {"uv": [4.625, 7.75, 4.5, 7.5], "texture": "#1"},
				"down": {"uv": [5.125, 7.5, 5, 7.75], "texture": "#1"}
			}
		},
		{
			"from": [3, 17, 12],
			"to": [13, 18, 13],
			"rotation": {"angle": 0, "axis": "y", "origin": [-1, 0, 0]},
			"faces": {
				"north": {"uv": [5, 4.5, 6.25, 4.625], "texture": "#1"},
				"east": {"uv": [4.875, 7.75, 5, 7.875], "texture": "#1"},
				"south": {"uv": [5, 4.625, 6.25, 4.75], "texture": "#1"},
				"west": {"uv": [5, 7.75, 5.125, 7.875], "texture": "#1"},
				"up": {"uv": [4.625, 5.25, 3.375, 5.125], "texture": "#1"},
				"down": {"uv": [6.375, 5, 5.125, 5.125], "texture": "#1"}
			}
		},
		{
			"from": [5.5, 17, 13],
			"to": [10.5, 18, 14],
			"rotation": {"angle": 0, "axis": "y", "origin": [-0.5, 0, 0]},
			"faces": {
				"north": {"uv": [0.125, 6.75, 0.75, 6.875], "texture": "#1"},
				"east": {"uv": [2.375, 8, 2.5, 8.125], "texture": "#1"},
				"south": {"uv": [6.75, 0.5, 7.375, 0.625], "texture": "#1"},
				"west": {"uv": [8, 2.375, 8.125, 2.5], "texture": "#1"},
				"up": {"uv": [7.375, 0.75, 6.75, 0.625], "texture": "#1"},
				"down": {"uv": [7.375, 0.75, 6.75, 0.875], "texture": "#1"}
			}
		},
		{
			"from": [6, 16, 12],
			"to": [10, 17, 13],
			"faces": {
				"north": {"uv": [6.25, 6.875, 6.75, 7], "texture": "#1"},
				"east": {"uv": [3, 8, 3.125, 8.125], "texture": "#1"},
				"south": {"uv": [6.75, 6.875, 7.25, 7], "texture": "#1"},
				"west": {"uv": [8, 3, 8.125, 3.125], "texture": "#1"},
				"up": {"uv": [7.5, 0.375, 7, 0.25], "texture": "#1"},
				"down": {"uv": [7.5, 0.375, 7, 0.5], "texture": "#1"}
			}
		},
		{
			"from": [4, 16, 4],
			"to": [12, 17, 5],
			"rotation": {"angle": 0, "axis": "y", "origin": [-1, 0, 0]},
			"faces": {
				"north": {"uv": [5.75, 2, 6.75, 2.125], "texture": "#1"},
				"east": {"uv": [4.625, 7.75, 4.75, 7.875], "texture": "#1"},
				"south": {"uv": [5.75, 2.125, 6.75, 2.25], "texture": "#1"},
				"west": {"uv": [4.75, 7.75, 4.875, 7.875], "texture": "#1"},
				"up": {"uv": [6.75, 2.375, 5.75, 2.25], "texture": "#1"},
				"down": {"uv": [6.75, 2.375, 5.75, 2.5], "texture": "#1"}
			}
		},
		{
			"from": [11, 16, 5],
			"to": [12, 17, 11],
			"rotation": {"angle": 0, "axis": "y", "origin": [-1, 0, 0]},
			"faces": {
				"north": {"uv": [5.5, 7.75, 5.625, 7.875], "texture": "#1"},
				"east": {"uv": [6.125, 3.125, 6.875, 3.25], "texture": "#1"},
				"south": {"uv": [7.75, 5.5, 7.875, 5.625], "texture": "#1"},
				"west": {"uv": [6.125, 3.25, 6.875, 3.375], "texture": "#1"},
				"up": {"uv": [0.375, 6.5, 0.25, 5.75], "texture": "#1"},
				"down": {"uv": [1.875, 5.875, 1.75, 6.625], "texture": "#1"}
			}
		},
		{
			"from": [4, 16, 5],
			"to": [5, 17, 11],
			"rotation": {"angle": 0, "axis": "y", "origin": [17, 0, 0]},
			"faces": {
				"north": {"uv": [5.625, 7.75, 5.75, 7.875], "texture": "#1"},
				"east": {"uv": [6.125, 3.375, 6.875, 3.5], "texture": "#1"},
				"south": {"uv": [5.75, 7.75, 5.875, 7.875], "texture": "#1"},
				"west": {"uv": [6.125, 3.5, 6.875, 3.625], "texture": "#1"},
				"up": {"uv": [2.125, 6.75, 2, 6], "texture": "#1"},
				"down": {"uv": [2.5, 6, 2.375, 6.75], "texture": "#1"}
			}
		},
		{
			"from": [4, 16, 11],
			"to": [12, 17, 12],
			"rotation": {"angle": 0, "axis": "y", "origin": [-1, 0, 0]},
			"faces": {
				"north": {"uv": [5.75, 2.5, 6.75, 2.625], "texture": "#1"},
				"east": {"uv": [5.375, 7.75, 5.5, 7.875], "texture": "#1"},
				"south": {"uv": [5.75, 2.625, 6.75, 2.75], "texture": "#1"},
				"west": {"uv": [7.75, 5.375, 7.875, 5.5], "texture": "#1"},
				"up": {"uv": [6.75, 2.875, 5.75, 2.75], "texture": "#1"},
				"down": {"uv": [6.75, 2.875, 5.75, 3], "texture": "#1"}
			}
		},
		{
			"from": [12, 16, 5.5],
			"to": [13, 17, 10.5],
			"rotation": {"angle": 0, "axis": "y", "origin": [-1, 0, -0.5]},
			"faces": {
				"north": {"uv": [4.125, 7.75, 4.25, 7.875], "texture": "#1"},
				"east": {"uv": [6.625, 0, 7.25, 0.125], "texture": "#1"},
				"south": {"uv": [4.25, 7.75, 4.375, 7.875], "texture": "#1"},
				"west": {"uv": [6.625, 0.125, 7.25, 0.25], "texture": "#1"},
				"up": {"uv": [2.375, 7, 2.25, 6.375], "texture": "#1"},
				"down": {"uv": [5.125, 6.375, 5, 7], "texture": "#1"}
			}
		},
		{
			"from": [3, 16, 5.5],
			"to": [4, 17, 10.5],
			"rotation": {"angle": 0, "axis": "y", "origin": [17, 0, -0.5]},
			"faces": {
				"north": {"uv": [4.5, 7.75, 4.625, 7.875], "texture": "#1"},
				"east": {"uv": [0.5, 6.625, 1.125, 6.75], "texture": "#1"},
				"south": {"uv": [7.75, 4.5, 7.875, 4.625], "texture": "#1"},
				"west": {"uv": [2.75, 6.625, 3.375, 6.75], "texture": "#1"},
				"up": {"uv": [4.625, 7.125, 4.5, 6.5], "texture": "#1"},
				"down": {"uv": [1.25, 6.625, 1.125, 7.25], "texture": "#1"}
			}
		},
		{
			"from": [5, 16, 3],
			"to": [11, 17, 4],
			"rotation": {"angle": 0, "axis": "y", "origin": [-1, 0, 0]},
			"faces": {
				"north": {"uv": [6, 4.75, 6.75, 4.875], "texture": "#1"},
				"east": {"uv": [3.875, 7.75, 4, 7.875], "texture": "#1"},
				"south": {"uv": [6, 4.875, 6.75, 5], "texture": "#1"},
				"west": {"uv": [7.75, 3.875, 7.875, 4], "texture": "#1"},
				"up": {"uv": [6.375, 6.125, 5.625, 6], "texture": "#1"},
				"down": {"uv": [1.25, 6.125, 0.5, 6.25], "texture": "#1"}
			}
		},
		{
			"from": [7, 16, 2],
			"to": [9, 17, 3],
			"rotation": {"angle": 0, "axis": "y", "origin": [-1, 0, 0]},
			"faces": {
				"north": {"uv": [7.375, 5.75, 7.625, 5.875], "texture": "#1"},
				"east": {"uv": [4, 7.75, 4.125, 7.875], "texture": "#1"},
				"south": {"uv": [7.375, 6, 7.625, 6.125], "texture": "#1"},
				"west": {"uv": [7.75, 4, 7.875, 4.125], "texture": "#1"},
				"up": {"uv": [7.625, 6.25, 7.375, 6.125], "texture": "#1"},
				"down": {"uv": [6.5, 7.375, 6.25, 7.5], "texture": "#1"}
			}
		},
		{
			"from": [7, 17, 1],
			"to": [9, 19, 2],
			"rotation": {"angle": 0, "axis": "y", "origin": [-1, 0, 0]},
			"faces": {
				"north": {"uv": [6.75, 5.125, 7, 5.375], "texture": "#1"},
				"east": {"uv": [7, 5.125, 7.125, 5.375], "texture": "#1"},
				"south": {"uv": [5.25, 6.75, 5.5, 7], "texture": "#1"},
				"west": {"uv": [5.875, 7.375, 6, 7.625], "texture": "#1"},
				"up": {"uv": [7.625, 6.375, 7.375, 6.25], "texture": "#1"},
				"down": {"uv": [6.75, 7.375, 6.5, 7.5], "texture": "#1"}
			}
		},
		{
			"from": [5, 17, 2],
			"to": [11, 19, 3],
			"rotation": {"angle": 0, "axis": "y", "origin": [-1, 0, 0]},
			"faces": {
				"north": {"uv": [5, 2, 5.75, 2.25], "texture": "#1"},
				"east": {"uv": [7.375, 6.75, 7.5, 7], "texture": "#1"},
				"south": {"uv": [5, 2.25, 5.75, 2.5], "texture": "#1"},
				"west": {"uv": [7, 7.375, 7.125, 7.625], "texture": "#1"},
				"up": {"uv": [3.625, 6.25, 2.875, 6.125], "texture": "#1"},
				"down": {"uv": [6.875, 3, 6.125, 3.125], "texture": "#1"}
			}
		},
		{
			"from": [4, 18, 13],
			"to": [12, 19, 14],
			"rotation": {"angle": 0, "axis": "y", "origin": [-1, 0, 16]},
			"faces": {
				"north": {"uv": [5.125, 5.75, 6.125, 5.875], "texture": "#1"},
				"east": {"uv": [0, 7.875, 0.125, 8], "texture": "#1"},
				"south": {"uv": [5.75, 5.125, 6.75, 5.25], "texture": "#1"},
				"west": {"uv": [7.875, 0, 8, 0.125], "texture": "#1"},
				"up": {"uv": [6.75, 5.375, 5.75, 5.25], "texture": "#1"},
				"down": {"uv": [6.875, 1, 5.875, 1.125], "texture": "#1"}
			}
		},
		{
			"from": [6, 19, 14],
			"to": [10, 23, 15],
			"rotation": {"angle": 0, "axis": "y", "origin": [-1, 0, 16]},
			"faces": {
				"north": {"uv": [3, 4.5, 3.5, 5], "texture": "#1"},
				"east": {"uv": [0.25, 6.875, 0.375, 7.375], "texture": "#1"},
				"south": {"uv": [3.5, 4.5, 4, 5], "texture": "#1"},
				"west": {"uv": [0.375, 6.875, 0.5, 7.375], "texture": "#1"},
				"up": {"uv": [7.375, 1.125, 6.875, 1], "texture": "#1"},
				"down": {"uv": [7.375, 1.375, 6.875, 1.5], "texture": "#1"}
			}
		},
		{
			"from": [5, 20, 14],
			"to": [6, 23, 15],
			"rotation": {"angle": 0, "axis": "y", "origin": [17, 0, 16]},
			"faces": {
				"north": {"uv": [3.125, 7.125, 3.25, 7.5], "texture": "#1"},
				"east": {"uv": [3.25, 7.125, 3.375, 7.5], "texture": "#1"},
				"south": {"uv": [7.125, 3.375, 7.25, 3.75], "texture": "#1"},
				"west": {"uv": [4.5, 7.125, 4.625, 7.5], "texture": "#1"},
				"up": {"uv": [3, 8, 2.875, 7.875], "texture": "#1"},
				"down": {"uv": [8, 2.875, 7.875, 3], "texture": "#1"}
			}
		},
		{
			"from": [10, 20, 14],
			"to": [11, 23, 15],
			"rotation": {"angle": 0, "axis": "y", "origin": [-1, 0, 16]},
			"faces": {
				"north": {"uv": [7.125, 5, 7.25, 5.375], "texture": "#1"},
				"east": {"uv": [7.125, 5.875, 7.25, 6.25], "texture": "#1"},
				"south": {"uv": [7.125, 6.25, 7.25, 6.625], "texture": "#1"},
				"west": {"uv": [7.125, 7, 7.25, 7.375], "texture": "#1"},
				"up": {"uv": [3.125, 8, 3, 7.875], "texture": "#1"},
				"down": {"uv": [8, 3, 7.875, 3.125], "texture": "#1"}
			}
		},
		{
			"from": [7, 19, 0],
			"to": [9, 22, 1],
			"rotation": {"angle": 0, "axis": "y", "origin": [-1, 0, 0]},
			"faces": {
				"north": {"uv": [0, 5.75, 0.25, 6.125], "texture": "#1"},
				"east": {"uv": [4, 4.375, 4.125, 4.75], "texture": "#1"},
				"south": {"uv": [1.5, 5.875, 1.75, 6.25], "texture": "#1"},
				"west": {"uv": [0.125, 6.125, 0.25, 6.5], "texture": "#1"},
				"up": {"uv": [7.625, 6.75, 7.375, 6.625], "texture": "#1"},
				"down": {"uv": [7, 7.375, 6.75, 7.5], "texture": "#1"}
			}
		},
		{
			"from": [6, 22, -3],
			"to": [10, 23, 1],
			"rotation": {"angle": 0, "axis": "y", "origin": [-1, 0, 0]},
			"faces": {
				"north": {"uv": [6.875, 1.5, 7.375, 1.625], "texture": "#1"},
				"east": {"uv": [6.875, 1.875, 7.375, 2], "texture": "#1"},
				"south": {"uv": [6.875, 4.25, 7.375, 4.375], "texture": "#1"},
				"west": {"uv": [6.875, 4.375, 7.375, 4.5], "texture": "#1"},
				"up": {"uv": [0.875, 5.125, 0.375, 4.625], "texture": "#1"},
				"down": {"uv": [1.375, 4.625, 0.875, 5.125], "texture": "#1"}
			}
		},
		{
			"from": [10, 23, -2],
			"to": [13, 24, 1],
			"rotation": {"angle": 0, "axis": "y", "origin": [-1, 0, 0]},
			"faces": {
				"north": {"uv": [7.25, 2.625, 7.625, 2.75], "texture": "#1"},
				"east": {"uv": [7.25, 2.75, 7.625, 2.875], "texture": "#1"},
				"south": {"uv": [7.25, 2.875, 7.625, 3], "texture": "#1"},
				"west": {"uv": [7.25, 3, 7.625, 3.125], "texture": "#1"},
				"up": {"uv": [5.5, 5.75, 5.125, 5.375], "texture": "#1"},
				"down": {"uv": [1.875, 5.5, 1.5, 5.875], "texture": "#1"}
			}
		},
		{
			"from": [13, 23, -1],
			"to": [14, 24, 2],
			"rotation": {"angle": 0, "axis": "y", "origin": [-1, 0, 0]},
			"faces": {
				"north": {"uv": [7.875, 6.25, 8, 6.375], "texture": "#1"},
				"east": {"uv": [7.25, 3.5, 7.625, 3.625], "texture": "#1"},
				"south": {"uv": [6.375, 7.875, 6.5, 8], "texture": "#1"},
				"west": {"uv": [7.25, 3.625, 7.625, 3.75], "texture": "#1"},
				"up": {"uv": [3.875, 7.625, 3.75, 7.25], "texture": "#1"},
				"down": {"uv": [7.375, 3.75, 7.25, 4.125], "texture": "#1"}
			}
		},
		{
			"from": [14, 23, 0],
			"to": [15, 24, 3],
			"rotation": {"angle": 0, "axis": "y", "origin": [-1, 0, 0]},
			"faces": {
				"north": {"uv": [7.875, 6.5, 8, 6.625], "texture": "#1"},
				"east": {"uv": [4.625, 7.25, 5, 7.375], "texture": "#1"},
				"south": {"uv": [6.625, 7.875, 6.75, 8], "texture": "#1"},
				"west": {"uv": [7.25, 4.875, 7.625, 5], "texture": "#1"},
				"up": {"uv": [7.375, 5.375, 7.25, 5], "texture": "#1"},
				"down": {"uv": [5.25, 7.25, 5.125, 7.625], "texture": "#1"}
			}
		},
		{
			"from": [1, 23, 0],
			"to": [2, 24, 3],
			"rotation": {"angle": 0, "axis": "y", "origin": [17, 0, 0]},
			"faces": {
				"north": {"uv": [7.875, 6.625, 8, 6.75], "texture": "#1"},
				"east": {"uv": [7.25, 5.625, 7.625, 5.75], "texture": "#1"},
				"south": {"uv": [6.75, 7.875, 6.875, 8], "texture": "#1"},
				"west": {"uv": [7.25, 5.875, 7.625, 6], "texture": "#1"},
				"up": {"uv": [6.125, 7.625, 6, 7.25], "texture": "#1"},
				"down": {"uv": [7.375, 6, 7.25, 6.375], "texture": "#1"}
			}
		},
		{
			"from": [2, 23, -1],
			"to": [3, 24, 2],
			"rotation": {"angle": 0, "axis": "y", "origin": [17, 0, 0]},
			"faces": {
				"north": {"uv": [7.875, 6.375, 8, 6.5], "texture": "#1"},
				"east": {"uv": [3.875, 7.25, 4.25, 7.375], "texture": "#1"},
				"south": {"uv": [6.5, 7.875, 6.625, 8], "texture": "#1"},
				"west": {"uv": [7.25, 4.125, 7.625, 4.25], "texture": "#1"},
				"up": {"uv": [4.5, 7.625, 4.375, 7.25], "texture": "#1"},
				"down": {"uv": [7.375, 4.5, 7.25, 4.875], "texture": "#1"}
			}
		},
		{
			"from": [3, 23, -2],
			"to": [6, 24, 1],
			"rotation": {"angle": 0, "axis": "y", "origin": [17, 0, 0]},
			"faces": {
				"north": {"uv": [7.25, 3.125, 7.625, 3.25], "texture": "#1"},
				"east": {"uv": [7.25, 3.25, 7.625, 3.375], "texture": "#1"},
				"south": {"uv": [3.375, 7.25, 3.75, 7.375], "texture": "#1"},
				"west": {"uv": [7.25, 3.375, 7.625, 3.5], "texture": "#1"},
				"up": {"uv": [3.375, 5.875, 3, 5.5], "texture": "#1"},
				"down": {"uv": [3.75, 5.5, 3.375, 5.875], "texture": "#1"}
			}
		},
		{
			"from": [4, 23, -3],
			"to": [6, 24, -2],
			"rotation": {"angle": 0, "axis": "y", "origin": [17, 0, 0]},
			"faces": {
				"north": {"uv": [7.625, 6.25, 7.875, 6.375], "texture": "#1"},
				"east": {"uv": [7.875, 6, 8, 6.125], "texture": "#1"},
				"south": {"uv": [6.375, 7.625, 6.625, 7.75], "texture": "#1"},
				"west": {"uv": [6.125, 7.875, 6.25, 8], "texture": "#1"},
				"up": {"uv": [7.875, 6.5, 7.625, 6.375], "texture": "#1"},
				"down": {"uv": [7.875, 6.5, 7.625, 6.625], "texture": "#1"}
			}
		},
		{
			"from": [10, 23, -3],
			"to": [12, 24, -2],
			"rotation": {"angle": 0, "axis": "y", "origin": [-1, 0, 0]},
			"faces": {
				"north": {"uv": [6.625, 7.625, 6.875, 7.75], "texture": "#1"},
				"east": {"uv": [7.875, 6.125, 8, 6.25], "texture": "#1"},
				"south": {"uv": [7.625, 6.625, 7.875, 6.75], "texture": "#1"},
				"west": {"uv": [6.25, 7.875, 6.375, 8], "texture": "#1"},
				"up": {"uv": [7.125, 7.75, 6.875, 7.625], "texture": "#1"},
				"down": {"uv": [7.875, 7, 7.625, 7.125], "texture": "#1"}
			}
		},
		{
			"from": [9, 19, 1],
			"to": [11, 22, 2],
			"rotation": {"angle": 0, "axis": "y", "origin": [-1, 0, 0]},
			"faces": {
				"north": {"uv": [5.875, 6.125, 6.125, 6.5], "texture": "#1"},
				"east": {"uv": [5.25, 7, 5.375, 7.375], "texture": "#1"},
				"south": {"uv": [6.125, 6.125, 6.375, 6.5], "texture": "#1"},
				"west": {"uv": [5.375, 7, 5.5, 7.375], "texture": "#1"},
				"up": {"uv": [7.75, 5.625, 7.5, 5.5], "texture": "#1"},
				"down": {"uv": [6.5, 7.5, 6.25, 7.625], "texture": "#1"}
			}
		},
		{
			"from": [11, 19, 2],
			"to": [13, 22, 3],
			"rotation": {"angle": 0, "axis": "y", "origin": [-1, 0, 0]},
			"faces": {
				"north": {"uv": [1, 6.25, 1.25, 6.625], "texture": "#1"},
				"east": {"uv": [5.75, 7, 5.875, 7.375], "texture": "#1"},
				"south": {"uv": [1.5, 6.25, 1.75, 6.625], "texture": "#1"},
				"west": {"uv": [5.875, 7, 6, 7.375], "texture": "#1"},
				"up": {"uv": [7.75, 6.875, 7.5, 6.75], "texture": "#1"},
				"down": {"uv": [7.75, 6.875, 7.5, 7], "texture": "#1"}
			}
		},
		{
			"from": [11, 22, 1],
			"to": [13, 23, 2],
			"rotation": {"angle": 0, "axis": "y", "origin": [-1, 0, 0]},
			"faces": {
				"north": {"uv": [7.625, 3.625, 7.875, 3.75], "texture": "#1"},
				"east": {"uv": [7.875, 5, 8, 5.125], "texture": "#1"},
				"south": {"uv": [7.625, 4.125, 7.875, 4.25], "texture": "#1"},
				"west": {"uv": [5.125, 7.875, 5.25, 8], "texture": "#1"},
				"up": {"uv": [7.875, 4.375, 7.625, 4.25], "texture": "#1"},
				"down": {"uv": [7.875, 4.375, 7.625, 4.5], "texture": "#1"}
			}
		},
		{
			"from": [3, 22, 1],
			"to": [5, 23, 2],
			"rotation": {"angle": 0, "axis": "y", "origin": [17, 0, 0]},
			"faces": {
				"north": {"uv": [7.625, 4.625, 7.875, 4.75], "texture": "#1"},
				"east": {"uv": [7.875, 5.125, 8, 5.25], "texture": "#1"},
				"south": {"uv": [7.625, 4.75, 7.875, 4.875], "texture": "#1"},
				"west": {"uv": [5.25, 7.875, 5.375, 8], "texture": "#1"},
				"up": {"uv": [7.875, 5, 7.625, 4.875], "texture": "#1"},
				"down": {"uv": [7.875, 5.625, 7.625, 5.75], "texture": "#1"}
			}
		},
		{
			"from": [13, 19, 3],
			"to": [14, 22, 5],
			"rotation": {"angle": 0, "axis": "y", "origin": [-1, 0, 0]},
			"faces": {
				"north": {"uv": [7, 7, 7.125, 7.375], "texture": "#1"},
				"east": {"uv": [6.25, 4, 6.5, 4.375], "texture": "#1"},
				"south": {"uv": [0.5, 7.125, 0.625, 7.5], "texture": "#1"},
				"west": {"uv": [6.25, 4.375, 6.5, 4.75], "texture": "#1"},
				"up": {"uv": [0.625, 7.875, 0.5, 7.625], "texture": "#1"},
				"down": {"uv": [0.75, 7.625, 0.625, 7.875], "texture": "#1"}
			}
		},
		{
			"from": [13, 22, 2],
			"to": [14, 23, 3],
			"rotation": {"angle": 0, "axis": "y", "origin": [-1, 0, 0]},
			"faces": {
				"north": {"uv": [7.875, 5.25, 8, 5.375], "texture": "#1"},
				"east": {"uv": [5.375, 7.875, 5.5, 8], "texture": "#1"},
				"south": {"uv": [7.875, 5.375, 8, 5.5], "texture": "#1"},
				"west": {"uv": [5.5, 7.875, 5.625, 8], "texture": "#1"},
				"up": {"uv": [8, 5.625, 7.875, 5.5], "texture": "#1"},
				"down": {"uv": [5.75, 7.875, 5.625, 8], "texture": "#1"}
			}
		},
		{
			"from": [2, 22, 2],
			"to": [3, 23, 3],
			"rotation": {"angle": 0, "axis": "y", "origin": [17, 0, 0]},
			"faces": {
				"north": {"uv": [7.875, 5.625, 8, 5.75], "texture": "#1"},
				"east": {"uv": [5.75, 7.875, 5.875, 8], "texture": "#1"},
				"south": {"uv": [7.875, 5.75, 8, 5.875], "texture": "#1"},
				"west": {"uv": [5.875, 7.875, 6, 8], "texture": "#1"},
				"up": {"uv": [8, 6, 7.875, 5.875], "texture": "#1"},
				"down": {"uv": [6.125, 7.875, 6, 8], "texture": "#1"}
			}
		},
		{
			"from": [14, 22, 3],
			"to": [15, 24, 5],
			"rotation": {"angle": 0, "axis": "y", "origin": [-1, 0, 0]},
			"faces": {
				"north": {"uv": [4.375, 7.625, 4.5, 7.875], "texture": "#1"},
				"east": {"uv": [6.875, 3, 7.125, 3.25], "texture": "#1"},
				"south": {"uv": [5.125, 7.625, 5.25, 7.875], "texture": "#1"},
				"west": {"uv": [3.125, 6.875, 3.375, 7.125], "texture": "#1"},
				"up": {"uv": [7.75, 6, 7.625, 5.75], "texture": "#1"},
				"down": {"uv": [6, 7.625, 5.875, 7.875], "texture": "#1"}
			}
		},
		{
			"from": [1, 22, 3],
			"to": [2, 24, 5],
			"rotation": {"angle": 0, "axis": "y", "origin": [17, 0, 0]},
			"faces": {
				"north": {"uv": [6, 7.625, 6.125, 7.875], "texture": "#1"},
				"east": {"uv": [6.875, 3.25, 7.125, 3.5], "texture": "#1"},
				"south": {"uv": [7.625, 6, 7.75, 6.25], "texture": "#1"},
				"west": {"uv": [6.875, 3.5, 7.125, 3.75], "texture": "#1"},
				"up": {"uv": [6.25, 7.875, 6.125, 7.625], "texture": "#1"},
				"down": {"uv": [6.375, 7.625, 6.25, 7.875], "texture": "#1"}
			}
		},
		{
			"from": [0, 23, 3],
			"to": [1, 24, 5],
			"rotation": {"angle": 0, "axis": "y", "origin": [17, 0, 0]},
			"faces": {
				"north": {"uv": [2, 8, 2.125, 8.125], "texture": "#1"},
				"east": {"uv": [7.75, 0.625, 8, 0.75], "texture": "#1"},
				"south": {"uv": [8, 2, 8.125, 2.125], "texture": "#1"},
				"west": {"uv": [0.75, 7.75, 1, 7.875], "texture": "#1"},
				"up": {"uv": [7.875, 1, 7.75, 0.75], "texture": "#1"},
				"down": {"uv": [7.875, 1, 7.75, 1.25], "texture": "#1"}
			}
		},
		{
			"from": [15, 23, 3],
			"to": [16, 24, 5],
			"rotation": {"angle": 0, "axis": "y", "origin": [-1, 0, 0]},
			"faces": {
				"north": {"uv": [2.125, 8, 2.25, 8.125], "texture": "#1"},
				"east": {"uv": [7.75, 1.25, 8, 1.375], "texture": "#1"},
				"south": {"uv": [8, 2.125, 8.125, 2.25], "texture": "#1"},
				"west": {"uv": [7.75, 1.375, 8, 1.5], "texture": "#1"},
				"up": {"uv": [1.375, 8, 1.25, 7.75], "texture": "#1"},
				"down": {"uv": [7.875, 1.5, 7.75, 1.75], "texture": "#1"}
			}
		},
		{
			"from": [2, 19, 3],
			"to": [3, 22, 5],
			"rotation": {"angle": 0, "axis": "y", "origin": [17, 0, 0]},
			"faces": {
				"north": {"uv": [0.625, 7.125, 0.75, 7.5], "texture": "#1"},
				"east": {"uv": [5.125, 6.25, 5.375, 6.625], "texture": "#1"},
				"south": {"uv": [1.875, 7.125, 2, 7.5], "texture": "#1"},
				"west": {"uv": [5.375, 6.25, 5.625, 6.625], "texture": "#1"},
				"up": {"uv": [1.125, 7.875, 1, 7.625], "texture": "#1"},
				"down": {"uv": [1.25, 7.625, 1.125, 7.875], "texture": "#1"}
			}
		},
		{
			"from": [2, 19, 10],
			"to": [3, 22, 13],
			"rotation": {"angle": 0, "axis": "y", "origin": [17, 0, 16]},
			"faces": {
				"north": {"uv": [2.75, 7.125, 2.875, 7.5], "texture": "#1"},
				"east": {"uv": [0.5, 5.375, 0.875, 5.75], "texture": "#1"},
				"south": {"uv": [2.875, 7.125, 3, 7.5], "texture": "#1"},
				"west": {"uv": [0.875, 5.375, 1.25, 5.75], "texture": "#1"},
				"up": {"uv": [3.125, 7.5, 3, 7.125], "texture": "#1"},
				"down": {"uv": [7.25, 3, 7.125, 3.375], "texture": "#1"}
			}
		},
		{
			"from": [1, 22, 10],
			"to": [2, 24, 13],
			"rotation": {"angle": 0, "axis": "y", "origin": [17, 0, 16]},
			"faces": {
				"north": {"uv": [2, 7.625, 2.125, 7.875], "texture": "#1"},
				"east": {"uv": [6.25, 0, 6.625, 0.25], "texture": "#1"},
				"south": {"uv": [2.25, 7.625, 2.375, 7.875], "texture": "#1"},
				"west": {"uv": [6.375, 1.125, 6.75, 1.375], "texture": "#1"},
				"up": {"uv": [1.75, 7.625, 1.625, 7.25], "texture": "#1"},
				"down": {"uv": [1.875, 7.25, 1.75, 7.625], "texture": "#1"}
			}
		},
		{
			"from": [0, 23, 10],
			"to": [1, 24, 13],
			"rotation": {"angle": 0, "axis": "y", "origin": [17, 0, 16]},
			"faces": {
				"north": {"uv": [7.875, 7.625, 8, 7.75], "texture": "#1"},
				"east": {"uv": [7.25, 6.375, 7.625, 6.5], "texture": "#1"},
				"south": {"uv": [7.75, 7.875, 7.875, 8], "texture": "#1"},
				"west": {"uv": [7.25, 6.5, 7.625, 6.625], "texture": "#1"},
				"up": {"uv": [6.25, 7.625, 6.125, 7.25], "texture": "#1"},
				"down": {"uv": [7.375, 6.75, 7.25, 7.125], "texture": "#1"}
			}
		},
		{
			"from": [13, 19, 10],
			"to": [14, 22, 13],
			"rotation": {"angle": 0, "axis": "y", "origin": [-1, 0, 16]},
			"faces": {
				"north": {"uv": [2.125, 7.125, 2.25, 7.5], "texture": "#1"},
				"east": {"uv": [2.375, 5.25, 2.75, 5.625], "texture": "#1"},
				"south": {"uv": [2.375, 7.125, 2.5, 7.5], "texture": "#1"},
				"west": {"uv": [0, 5.375, 0.375, 5.75], "texture": "#1"},
				"up": {"uv": [2.625, 7.5, 2.5, 7.125], "texture": "#1"},
				"down": {"uv": [2.75, 7.125, 2.625, 7.5], "texture": "#1"}
			}
		},
		{
			"from": [13, 19, 9],
			"to": [14, 20, 10],
			"rotation": {"angle": 0, "axis": "y", "origin": [-1, 0, 16]},
			"faces": {
				"north": {"uv": [7.875, 3.125, 8, 3.25], "texture": "#1"},
				"east": {"uv": [3.25, 7.875, 3.375, 8], "texture": "#1"},
				"south": {"uv": [7.875, 3.25, 8, 3.375], "texture": "#1"},
				"west": {"uv": [3.375, 7.875, 3.5, 8], "texture": "#1"},
				"up": {"uv": [8, 3.5, 7.875, 3.375], "texture": "#1"},
				"down": {"uv": [3.625, 7.875, 3.5, 8], "texture": "#1"}
			}
		},
		{
			"from": [13, 19, 5],
			"to": [14, 20, 6],
			"rotation": {"angle": 0, "axis": "y", "origin": [-1, 0, 0]},
			"faces": {
				"north": {"uv": [7.875, 3.5, 8, 3.625], "texture": "#1"},
				"east": {"uv": [3.625, 7.875, 3.75, 8], "texture": "#1"},
				"south": {"uv": [7.875, 3.625, 8, 3.75], "texture": "#1"},
				"west": {"uv": [3.75, 7.875, 3.875, 8], "texture": "#1"},
				"up": {"uv": [8, 3.875, 7.875, 3.75], "texture": "#1"},
				"down": {"uv": [4, 7.875, 3.875, 8], "texture": "#1"}
			}
		},
		{
			"from": [2, 19, 5],
			"to": [3, 20, 6],
			"rotation": {"angle": 0, "axis": "y", "origin": [17, 0, 0]},
			"faces": {
				"north": {"uv": [7.875, 4.25, 8, 4.375], "texture": "#1"},
				"east": {"uv": [4.375, 7.875, 4.5, 8], "texture": "#1"},
				"south": {"uv": [7.875, 4.375, 8, 4.5], "texture": "#1"},
				"west": {"uv": [4.5, 7.875, 4.625, 8], "texture": "#1"},
				"up": {"uv": [8, 4.625, 7.875, 4.5], "texture": "#1"},
				"down": {"uv": [4.75, 7.875, 4.625, 8], "texture": "#1"}
			}
		},
		{
			"from": [2, 19, 9],
			"to": [3, 20, 10],
			"rotation": {"angle": 0, "axis": "y", "origin": [17, 0, 16]},
			"faces": {
				"north": {"uv": [7.875, 3.875, 8, 4], "texture": "#1"},
				"east": {"uv": [4, 7.875, 4.125, 8], "texture": "#1"},
				"south": {"uv": [7.875, 4, 8, 4.125], "texture": "#1"},
				"west": {"uv": [4.125, 7.875, 4.25, 8], "texture": "#1"},
				"up": {"uv": [8, 4.25, 7.875, 4.125], "texture": "#1"},
				"down": {"uv": [4.375, 7.875, 4.25, 8], "texture": "#1"}
			}
		},
		{
			"from": [3, 19, 2],
			"to": [5, 22, 3],
			"rotation": {"angle": 0, "axis": "y", "origin": [17, 0, 0]},
			"faces": {
				"north": {"uv": [2.75, 6.25, 3, 6.625], "texture": "#1"},
				"east": {"uv": [6.25, 7, 6.375, 7.375], "texture": "#1"},
				"south": {"uv": [3, 6.25, 3.25, 6.625], "texture": "#1"},
				"west": {"uv": [6.375, 7, 6.5, 7.375], "texture": "#1"},
				"up": {"uv": [7.375, 7.625, 7.125, 7.5], "texture": "#1"},
				"down": {"uv": [7.75, 7.375, 7.5, 7.5], "texture": "#1"}
			}
		},
		{
			"from": [3, 19, 13],
			"to": [5, 22, 14],
			"rotation": {"angle": 0, "axis": "y", "origin": [17, 0, 16]},
			"faces": {
				"north": {"uv": [3.75, 6.25, 4, 6.625], "texture": "#1"},
				"east": {"uv": [6.75, 7, 6.875, 7.375], "texture": "#1"},
				"south": {"uv": [4, 6.25, 4.25, 6.625], "texture": "#1"},
				"west": {"uv": [6.875, 7, 7, 7.375], "texture": "#1"},
				"up": {"uv": [7.875, 0.25, 7.625, 0.125], "texture": "#1"},
				"down": {"uv": [7.875, 0.25, 7.625, 0.375], "texture": "#1"}
			}
		},
		{
			"from": [5, 19, 13],
			"to": [6, 20, 14],
			"rotation": {"angle": 0, "axis": "y", "origin": [17, 0, 16]},
			"faces": {
				"north": {"uv": [2, 7.875, 2.125, 8], "texture": "#1"},
				"east": {"uv": [7.875, 2, 8, 2.125], "texture": "#1"},
				"south": {"uv": [7.875, 2.125, 8, 2.25], "texture": "#1"},
				"west": {"uv": [2.25, 7.875, 2.375, 8], "texture": "#1"},
				"up": {"uv": [8, 2.375, 7.875, 2.25], "texture": "#1"},
				"down": {"uv": [2.5, 7.875, 2.375, 8], "texture": "#1"}
			}
		},
		{
			"from": [10, 19, 13],
			"to": [11, 20, 14],
			"rotation": {"angle": 0, "axis": "y", "origin": [-1, 0, 16]},
			"faces": {
				"north": {"uv": [7.875, 2.375, 8, 2.5], "texture": "#1"},
				"east": {"uv": [7.875, 2.5, 8, 2.625], "texture": "#1"},
				"south": {"uv": [2.625, 7.875, 2.75, 8], "texture": "#1"},
				"west": {"uv": [7.875, 2.625, 8, 2.75], "texture": "#1"},
				"up": {"uv": [2.875, 8, 2.75, 7.875], "texture": "#1"},
				"down": {"uv": [8, 2.75, 7.875, 2.875], "texture": "#1"}
			}
		},
		{
			"from": [11, 19, 13],
			"to": [13, 22, 14],
			"rotation": {"angle": 0, "axis": "y", "origin": [-1, 0, 16]},
			"faces": {
				"north": {"uv": [3.25, 6.25, 3.5, 6.625], "texture": "#1"},
				"east": {"uv": [6.5, 7, 6.625, 7.375], "texture": "#1"},
				"south": {"uv": [3.5, 6.25, 3.75, 6.625], "texture": "#1"},
				"west": {"uv": [6.625, 7, 6.75, 7.375], "texture": "#1"},
				"up": {"uv": [7.75, 7.625, 7.5, 7.5], "texture": "#1"},
				"down": {"uv": [7.875, 0, 7.625, 0.125], "texture": "#1"}
			}
		},
		{
			"from": [11, 22, 13],
			"to": [14, 23, 14],
			"rotation": {"angle": 0, "axis": "y", "origin": [-1, 0, 16]},
			"faces": {
				"north": {"uv": [7.375, 0.5, 7.75, 0.625], "texture": "#1"},
				"east": {"uv": [2.25, 8, 2.375, 8.125], "texture": "#1"},
				"south": {"uv": [7.375, 0.625, 7.75, 0.75], "texture": "#1"},
				"west": {"uv": [8, 2.25, 8.125, 2.375], "texture": "#1"},
				"up": {"uv": [7.75, 0.875, 7.375, 0.75], "texture": "#1"},
				"down": {"uv": [7.75, 0.875, 7.375, 1], "texture": "#1"}
			}
		},
		{
			"from": [13, 23, 13],
			"to": [14, 24, 14],
			"rotation": {"angle": 0, "axis": "y", "origin": [-1, 0, 16]},
			"faces": {
				"north": {"uv": [7.875, 6.75, 8, 6.875], "texture": "#1"},
				"east": {"uv": [6.875, 7.875, 7, 8], "texture": "#1"},
				"south": {"uv": [7.875, 6.875, 8, 7], "texture": "#1"},
				"west": {"uv": [7, 7.875, 7.125, 8], "texture": "#1"},
				"up": {"uv": [8, 7.125, 7.875, 7], "texture": "#1"},
				"down": {"uv": [7.25, 7.875, 7.125, 8], "texture": "#1"}
			}
		},
		{
			"from": [2, 22, 13],
			"to": [5, 23, 14],
			"rotation": {"angle": 0, "axis": "y", "origin": [17, 0, 16]},
			"faces": {
				"north": {"uv": [7.125, 5.5, 7.5, 5.625], "texture": "#1"},
				"east": {"uv": [7.875, 4.875, 8, 5], "texture": "#1"},
				"south": {"uv": [7.25, 0, 7.625, 0.125], "texture": "#1"},
				"west": {"uv": [5, 7.875, 5.125, 8], "texture": "#1"},
				"up": {"uv": [7.625, 0.25, 7.25, 0.125], "texture": "#1"},
				"down": {"uv": [7.625, 2.125, 7.25, 2.25], "texture": "#1"}
			}
		},
		{
			"from": [2, 23, 13],
			"to": [3, 24, 14],
			"rotation": {"angle": 0, "axis": "y", "origin": [17, 0, 16]},
			"faces": {
				"north": {"uv": [7.875, 7.125, 8, 7.25], "texture": "#1"},
				"east": {"uv": [7.25, 7.875, 7.375, 8], "texture": "#1"},
				"south": {"uv": [7.875, 7.25, 8, 7.375], "texture": "#1"},
				"west": {"uv": [7.375, 7.875, 7.5, 8], "texture": "#1"},
				"up": {"uv": [8, 7.5, 7.875, 7.375], "texture": "#1"},
				"down": {"uv": [7.625, 7.875, 7.5, 8], "texture": "#1"}
			}
		},
		{
			"from": [1, 23, 13],
			"to": [2, 24, 14],
			"rotation": {"angle": 0, "axis": "y", "origin": [17, 0, 16]},
			"faces": {
				"north": {"uv": [7.875, 7.75, 8, 7.875], "texture": "#1"},
				"east": {"uv": [7.875, 7.875, 8, 8], "texture": "#1"},
				"south": {"uv": [0, 8, 0.125, 8.125], "texture": "#1"},
				"west": {"uv": [8, 0, 8.125, 0.125], "texture": "#1"},
				"up": {"uv": [0.25, 8.125, 0.125, 8], "texture": "#1"},
				"down": {"uv": [8.125, 0.125, 8, 0.25], "texture": "#1"}
			}
		},
		{
			"from": [2, 23, 14],
			"to": [3, 24, 15],
			"rotation": {"angle": 0, "axis": "y", "origin": [17, 0, 16]},
			"faces": {
				"north": {"uv": [0.25, 8, 0.375, 8.125], "texture": "#1"},
				"east": {"uv": [8, 0.25, 8.125, 0.375], "texture": "#1"},
				"south": {"uv": [0.375, 8, 0.5, 8.125], "texture": "#1"},
				"west": {"uv": [8, 0.375, 8.125, 0.5], "texture": "#1"},
				"up": {"uv": [0.625, 8.125, 0.5, 8], "texture": "#1"},
				"down": {"uv": [8.125, 0.5, 8, 0.625], "texture": "#1"}
			}
		},
		{
			"from": [3, 22, 14],
			"to": [5, 24, 15],
			"rotation": {"angle": 0, "axis": "y", "origin": [17, 0, 16]},
			"faces": {
				"north": {"uv": [0.5, 6.875, 0.75, 7.125], "texture": "#1"},
				"east": {"uv": [1.75, 7.625, 1.875, 7.875], "texture": "#1"},
				"south": {"uv": [2.375, 6.875, 2.625, 7.125], "texture": "#1"},
				"west": {"uv": [7.625, 1.875, 7.75, 2.125], "texture": "#1"},
				"up": {"uv": [7.875, 0.5, 7.625, 0.375], "texture": "#1"},
				"down": {"uv": [7.875, 2.125, 7.625, 2.25], "texture": "#1"}
			}
		},
		{
			"from": [3, 23, 15],
			"to": [5, 24, 16],
			"rotation": {"angle": 0, "axis": "y", "origin": [17, 0, 16]},
			"faces": {
				"north": {"uv": [7.125, 7.625, 7.375, 7.75], "texture": "#1"},
				"east": {"uv": [0.625, 8, 0.75, 8.125], "texture": "#1"},
				"south": {"uv": [7.625, 7.125, 7.875, 7.25], "texture": "#1"},
				"west": {"uv": [8, 0.625, 8.125, 0.75], "texture": "#1"},
				"up": {"uv": [7.875, 7.375, 7.625, 7.25], "texture": "#1"},
				"down": {"uv": [7.625, 7.625, 7.375, 7.75], "texture": "#1"}
			}
		},
		{
			"from": [11, 23, 15],
			"to": [13, 24, 16],
			"rotation": {"angle": 0, "axis": "y", "origin": [-1, 0, 16]},
			"faces": {
				"north": {"uv": [7.625, 7.625, 7.875, 7.75], "texture": "#1"},
				"east": {"uv": [1.875, 8, 2, 8.125], "texture": "#1"},
				"south": {"uv": [0, 7.75, 0.25, 7.875], "texture": "#1"},
				"west": {"uv": [8, 1.875, 8.125, 2], "texture": "#1"},
				"up": {"uv": [0.5, 7.875, 0.25, 7.75], "texture": "#1"},
				"down": {"uv": [8, 0.5, 7.75, 0.625], "texture": "#1"}
			}
		},
		{
			"from": [13, 23, 14],
			"to": [14, 24, 15],
			"rotation": {"angle": 0, "axis": "y", "origin": [-1, 0, 16]},
			"faces": {
				"north": {"uv": [1.5, 8, 1.625, 8.125], "texture": "#1"},
				"east": {"uv": [8, 1.5, 8.125, 1.625], "texture": "#1"},
				"south": {"uv": [1.625, 8, 1.75, 8.125], "texture": "#1"},
				"west": {"uv": [8, 1.625, 8.125, 1.75], "texture": "#1"},
				"up": {"uv": [1.875, 8.125, 1.75, 8], "texture": "#1"},
				"down": {"uv": [8.125, 1.75, 8, 1.875], "texture": "#1"}
			}
		},
		{
			"from": [14, 23, 13],
			"to": [15, 24, 14],
			"rotation": {"angle": 0, "axis": "y", "origin": [-1, 0, 16]},
			"faces": {
				"north": {"uv": [1.125, 8, 1.25, 8.125], "texture": "#1"},
				"east": {"uv": [8, 1.125, 8.125, 1.25], "texture": "#1"},
				"south": {"uv": [1.25, 8, 1.375, 8.125], "texture": "#1"},
				"west": {"uv": [8, 1.25, 8.125, 1.375], "texture": "#1"},
				"up": {"uv": [1.5, 8.125, 1.375, 8], "texture": "#1"},
				"down": {"uv": [8.125, 1.375, 8, 1.5], "texture": "#1"}
			}
		},
		{
			"from": [15, 23, 10],
			"to": [16, 24, 13],
			"rotation": {"angle": 0, "axis": "y", "origin": [-1, 0, 16]},
			"faces": {
				"north": {"uv": [1, 8, 1.125, 8.125], "texture": "#1"},
				"east": {"uv": [7.25, 7.125, 7.625, 7.25], "texture": "#1"},
				"south": {"uv": [8, 1, 8.125, 1.125], "texture": "#1"},
				"west": {"uv": [7.25, 7.25, 7.625, 7.375], "texture": "#1"},
				"up": {"uv": [0.125, 7.75, 0, 7.375], "texture": "#1"},
				"down": {"uv": [0.25, 7.375, 0.125, 7.75], "texture": "#1"}
			}
		},
		{
			"from": [16, 23, 5],
			"to": [17, 24, 10],
			"rotation": {"angle": 0, "axis": "y", "origin": [17, 0, 0]},
			"faces": {
				"north": {"uv": [0.875, 8, 1, 8.125], "texture": "#1"},
				"east": {"uv": [5.75, 6.625, 6.375, 6.75], "texture": "#1"},
				"south": {"uv": [8, 0.875, 8.125, 1], "texture": "#1"},
				"west": {"uv": [6.375, 6.625, 7, 6.75], "texture": "#1"},
				"up": {"uv": [4.25, 7.25, 4.125, 6.625], "texture": "#1"},
				"down": {"uv": [4.75, 6.625, 4.625, 7.25], "texture": "#1"}
			}
		},
		{
			"from": [15, 22, 5],
			"to": [16, 24, 10],
			"rotation": {"angle": 0, "axis": "y", "origin": [17, 0, 0]},
			"faces": {
				"north": {"uv": [7.625, 3.375, 7.75, 3.625], "texture": "#1"},
				"east": {"uv": [3.375, 5.25, 4, 5.5], "texture": "#1"},
				"south": {"uv": [3.75, 7.625, 3.875, 7.875], "texture": "#1"},
				"west": {"uv": [4, 5.25, 4.625, 5.5], "texture": "#1"},
				"up": {"uv": [3.75, 7.25, 3.625, 6.625], "texture": "#1"},
				"down": {"uv": [3.875, 6.625, 3.75, 7.25], "texture": "#1"}
			}
		},
		{
			"from": [14, 22, 10],
			"to": [15, 24, 13],
			"rotation": {"angle": 0, "axis": "y", "origin": [-1, 0, 16]},
			"faces": {
				"north": {"uv": [3, 7.625, 3.125, 7.875], "texture": "#1"},
				"east": {"uv": [6.375, 3.75, 6.75, 4], "texture": "#1"},
				"south": {"uv": [7.625, 3.125, 7.75, 3.375], "texture": "#1"},
				"west": {"uv": [4.625, 6.375, 5, 6.625], "texture": "#1"},
				"up": {"uv": [2.125, 7.625, 2, 7.25], "texture": "#1"},
				"down": {"uv": [7.375, 2.25, 7.25, 2.625], "texture": "#1"}
			}
		},
		{
			"from": [11, 22, 14],
			"to": [13, 24, 15],
			"rotation": {"angle": 0, "axis": "y", "origin": [-1, 0, 16]},
			"faces": {
				"north": {"uv": [2.625, 6.875, 2.875, 7.125], "texture": "#1"},
				"east": {"uv": [2.75, 7.625, 2.875, 7.875], "texture": "#1"},
				"south": {"uv": [2.875, 6.875, 3.125, 7.125], "texture": "#1"},
				"west": {"uv": [2.875, 7.625, 3, 7.875], "texture": "#1"},
				"up": {"uv": [7.875, 3, 7.625, 2.875], "texture": "#1"},
				"down": {"uv": [7.875, 3, 7.625, 3.125], "texture": "#1"}
			}
		},
		{
			"from": [5, 22, 15],
			"to": [11, 24, 16],
			"rotation": {"angle": 0, "axis": "y", "origin": [-1, 0, 16]},
			"faces": {
				"north": {"uv": [5, 2.5, 5.75, 2.75], "texture": "#1"},
				"east": {"uv": [2.625, 7.625, 2.75, 7.875], "texture": "#1"},
				"south": {"uv": [5, 2.75, 5.75, 3], "texture": "#1"},
				"west": {"uv": [7.625, 2.625, 7.75, 2.875], "texture": "#1"},
				"up": {"uv": [7.125, 1.75, 6.375, 1.625], "texture": "#1"},
				"down": {"uv": [7.125, 1.75, 6.375, 1.875], "texture": "#1"}
			}
		},
		{
			"from": [5, 23, 16],
			"to": [11, 24, 17],
			"rotation": {"angle": 0, "axis": "y", "origin": [-1, 0, 16]},
			"faces": {
				"north": {"uv": [6.375, 5, 7.125, 5.125], "texture": "#1"},
				"east": {"uv": [0.75, 8, 0.875, 8.125], "texture": "#1"},
				"south": {"uv": [6.375, 5.375, 7.125, 5.5], "texture": "#1"},
				"west": {"uv": [8, 0.75, 8.125, 0.875], "texture": "#1"},
				"up": {"uv": [7.125, 5.625, 6.375, 5.5], "texture": "#1"},
				"down": {"uv": [7.125, 5.875, 6.375, 6], "texture": "#1"}
			}
		},
		{
			"from": [5, 19, 1],
			"to": [7, 22, 2],
			"rotation": {"angle": 0, "axis": "y", "origin": [17, 0, 0]},
			"faces": {
				"north": {"uv": [0.5, 6.25, 0.75, 6.625], "texture": "#1"},
				"east": {"uv": [5.5, 7, 5.625, 7.375], "texture": "#1"},
				"south": {"uv": [0.75, 6.25, 1, 6.625], "texture": "#1"},
				"west": {"uv": [5.625, 7, 5.75, 7.375], "texture": "#1"},
				"up": {"uv": [6.75, 7.625, 6.5, 7.5], "texture": "#1"},
				"down": {"uv": [7, 7.5, 6.75, 7.625], "texture": "#1"}
			}
		},
		{
			"from": [5, 22, 1],
			"to": [6, 23, 2],
			"rotation": {"angle": 0, "axis": "y", "origin": [17, 0, 0]},
			"faces": {
				"north": {"uv": [1, 7.875, 1.125, 8], "texture": "#1"},
				"east": {"uv": [7.875, 1, 8, 1.125], "texture": "#1"},
				"south": {"uv": [1.125, 7.875, 1.25, 8], "texture": "#1"},
				"west": {"uv": [7.875, 1.125, 8, 1.25], "texture": "#1"},
				"up": {"uv": [1.5, 8, 1.375, 7.875], "texture": "#1"},
				"down": {"uv": [1.625, 7.875, 1.5, 8], "texture": "#1"}
			}
		},
		{
			"from": [10, 22, 1],
			"to": [11, 23, 2],
			"rotation": {"angle": 0, "axis": "y", "origin": [-1, 0, 0]},
			"faces": {
				"north": {"uv": [7.875, 1.5, 8, 1.625], "texture": "#1"},
				"east": {"uv": [1.625, 7.875, 1.75, 8], "texture": "#1"},
				"south": {"uv": [7.875, 1.625, 8, 1.75], "texture": "#1"},
				"west": {"uv": [1.75, 7.875, 1.875, 8], "texture": "#1"},
				"up": {"uv": [8, 1.875, 7.875, 1.75], "texture": "#1"},
				"down": {"uv": [8, 1.875, 7.875, 2], "texture": "#1"}
			}
		},
		{
			"from": [5, 15, 5],
			"to": [11, 16, 11],
			"rotation": {"angle": 0, "axis": "y", "origin": [-1, 0, 0]},
			"faces": {
				"north": {"uv": [5.625, 5.875, 6.375, 6], "texture": "#1"},
				"east": {"uv": [5.875, 5.625, 6.625, 5.75], "texture": "#1"},
				"south": {"uv": [0.5, 6, 1.25, 6.125], "texture": "#1"},
				"west": {"uv": [3.5, 6, 4.25, 6.125], "texture": "#1"},
				"up": {"uv": [4.5, 0.75, 3.75, 0], "texture": "#1"},
				"down": {"uv": [4.5, 0.75, 3.75, 1.5], "texture": "#1"}
			}
		},
		{
			"from": [6, 15, 6],
			"to": [10, 16, 12],
			"rotation": {"angle": 0, "axis": "y", "origin": [-1, 0, 0]},
			"faces": {
				"north": {"uv": [5.5, 6.875, 6, 7], "texture": "#1"},
				"east": {"uv": [6.375, 6, 7.125, 6.125], "texture": "#1"},
				"south": {"uv": [6.875, 5.75, 7.375, 5.875], "texture": "#1"},
				"west": {"uv": [6.375, 6.125, 7.125, 6.25], "texture": "#1"},
				"up": {"uv": [2.875, 4.875, 2.375, 4.125], "texture": "#1"},
				"down": {"uv": [5, 0.25, 4.5, 1], "texture": "#1"}
			}
		},
		{
			"from": [5, 16, 5],
			"to": [11, 17, 11],
			"rotation": {"angle": 0, "axis": "y", "origin": [-1, 0, 0]},
			"faces": {
				"north": {"uv": [6.375, 6.25, 7.125, 6.375], "texture": "#1"},
				"east": {"uv": [6.375, 6.375, 7.125, 6.5], "texture": "#1"},
				"south": {"uv": [6.5, 4, 7.25, 4.125], "texture": "#1"},
				"west": {"uv": [6.5, 4.125, 7.25, 4.25], "texture": "#1"},
				"up": {"uv": [4.5, 2.25, 3.75, 1.5], "texture": "#1"},
				"down": {"uv": [4.5, 2.25, 3.75, 3], "texture": "#1"}
			}
		},
		{
			"from": [11, 15, 6],
			"to": [12, 16, 10],
			"rotation": {"angle": 0, "axis": "y", "origin": [-1, 0, 0]},
			"faces": {
				"north": {"uv": [3.375, 7.75, 3.5, 7.875], "texture": "#1"},
				"east": {"uv": [6.75, 2.875, 7.25, 3], "texture": "#1"},
				"south": {"uv": [7.75, 3.375, 7.875, 3.5], "texture": "#1"},
				"west": {"uv": [6.75, 3.75, 7.25, 3.875], "texture": "#1"},
				"up": {"uv": [1.125, 7.25, 1, 6.75], "texture": "#1"},
				"down": {"uv": [2.125, 6.75, 2, 7.25], "texture": "#1"}
			}
		},
		{
			"from": [4, 15, 6],
			"to": [5, 16, 10],
			"rotation": {"angle": 0, "axis": "y", "origin": [17, 0, 0]},
			"faces": {
				"north": {"uv": [3.5, 7.75, 3.625, 7.875], "texture": "#1"},
				"east": {"uv": [6.75, 3.875, 7.25, 4], "texture": "#1"},
				"south": {"uv": [7.75, 3.5, 7.875, 3.625], "texture": "#1"},
				"west": {"uv": [6.75, 4.75, 7.25, 4.875], "texture": "#1"},
				"up": {"uv": [4.5, 7.25, 4.375, 6.75], "texture": "#1"},
				"down": {"uv": [5.25, 6.75, 5.125, 7.25], "texture": "#1"}
			}
		},
		{
			"from": [6, 15, 4],
			"to": [10, 16, 5],
			"rotation": {"angle": 0, "axis": "y", "origin": [-1, 0, 0]},
			"faces": {
				"north": {"uv": [6.75, 2.5, 7.25, 2.625], "texture": "#1"},
				"east": {"uv": [7.75, 2.75, 7.875, 2.875], "texture": "#1"},
				"south": {"uv": [6.75, 2.625, 7.25, 2.75], "texture": "#1"},
				"west": {"uv": [3.25, 7.75, 3.375, 7.875], "texture": "#1"},
				"up": {"uv": [7.25, 2.875, 6.75, 2.75], "texture": "#1"},
				"down": {"uv": [3.375, 6.75, 2.875, 6.875], "texture": "#1"}
			}
		},
		{
			"from": [7, 15, 3],
			"to": [9, 16, 4],
			"rotation": {"angle": 0, "axis": "y", "origin": [-1, 0, 0]},
			"faces": {
				"north": {"uv": [7.375, 1.875, 7.625, 2], "texture": "#1"},
				"east": {"uv": [3.625, 7.75, 3.75, 7.875], "texture": "#1"},
				"south": {"uv": [7.375, 2, 7.625, 2.125], "texture": "#1"},
				"west": {"uv": [7.75, 3.75, 7.875, 3.875], "texture": "#1"},
				"up": {"uv": [7.625, 4.75, 7.375, 4.625], "texture": "#1"},
				"down": {"uv": [7.625, 4.75, 7.375, 4.875], "texture": "#1"}
			}
		}
	],
	"display": {
		"firstperson_righthand": {
			"translation": [0, -10, 0]
		},
		"firstperson_lefthand": {
			"translation": [0, -12, 0]
		},
		"head": {
			"translation": [0, 1.5, 0]
		}
	},
	"groups": [
		{
			"name": "Llama",
			"origin": [0, 0, 2.5],
			"color": 0,
			"children": [0, 1, 2, 3, 4, 5, 6, 7, 8]
		},
		{
			"name": "AnchorHat",
			"origin": [16, 0, 0],
			"color": 0,
			"children": [9, 10, 11, 12, 13, 14, 15, 16, 17, 18, 19, 20, 21, 22, 23, 24, 25]
		},
		{
			"name": "Hardhat",
			"origin": [-1, 0, 0],
			"color": 0,
			"children": [26, 27, 28, 29, 30, 31, 32, 33, 34, 35, 36, 37, 38, 39, 40, 41, 42, 43, 44, 45, 46, 47, 48, 49, 50, 51, 52, 53, 54, 55, 56, 57, 58, 59, 60, 61, 62, 63, 64, 65, 66, 67, 68, 69, 70, 71, 72, 73, 74, 75, 76, 77, 78, 79, 80, 81, 82, 83, 84, 85, 86, 87, 88, 89, 90, 91, 92, 93, 94, 95, 96, 97, 98, 99, 100, 101, 102, 103, 104, 105, 106, 107, 108, 109, 110, 111, 112, 113, 114, 115, 116, 117, 118, 119, 120, 121, 122, 123, 124, 125, 126, 127, 128]
		}
	]
}