{"textures":{"0":"mcc:island_cosmetics/head/head","particle":"mcc:island_cosmetics/head/head"},"credit":"Made with Blockbench","texture_size":[128.0,128.0],"elements":[{"from":[0.0,1.0,0.0],"to":[16.0,1.0,16.0],"rotation":{"angle":0.0,"axis":"y","origin":[8.0,0.75,8.0]},"faces":{"north":{"uv":[3.875,0.75,5.125,1.25],"texture":"#0"},"east":{"uv":[3.875,0.75,5.125,1.25],"texture":"#0"},"south":{"uv":[3.875,0.75,5.125,1.25],"texture":"#0"},"west":{"uv":[3.875,0.75,5.125,1.25],"texture":"#0"},"up":{"uv":[11.625,6.5,13.625,8.5],"texture":"#0"},"down":{"uv":[11.625,6.5,13.625,8.5],"texture":"#0"}}},{"from":[3.99,0.99,3.99],"to":[12.01,5.01,12.01],"rotation":{"angle":0.0,"axis":"y","origin":[8.0,3.5,8.0]},"faces":{"north":{"uv":[13.625,6.5,14.625,7.0],"texture":"#0"},"east":{"uv":[13.625,6.5,14.625,7.0],"texture":"#0"},"south":{"uv":[13.625,6.5,14.625,7.0],"texture":"#0"},"west":{"uv":[13.625,6.5,14.625,7.0],"texture":"#0"},"up":{"uv":[13.625,7.625,14.625,8.625],"texture":"#0"},"down":{"uv":[14.625,7.625,15.625,8.625],"texture":"#0"}}},{"from":[3.9,1.15,3.9],"to":[12.1,2.35,12.1],"rotation":{"angle":0.0,"axis":"y","origin":[8.01,2.76,8.01]},"faces":{"north":{"uv":[14.625,7.5,15.625,7.625],"texture":"#0","tintindex":0.0},"east":{"uv":[14.625,7.5,15.625,7.625],"texture":"#0","tintindex":0.0},"south":{"uv":[14.625,7.5,15.625,7.625],"texture":"#0","tintindex":0.0},"west":{"uv":[14.625,7.5,15.625,7.625],"texture":"#0","tintindex":0.0},"up":{"uv":[14.625,6.5,15.625,7.5],"texture":"#0","tintindex":0.0},"down":{"uv":[14.625,6.5,15.625,7.5],"texture":"#0","tintindex":0.0}}}],"gui_light":"front","display":{"thirdperson_righthand":{"rotation":[64.25,0.0,0.0],"scale":[0.44336,0.44336,0.44336]},"thirdperson_lefthand":{"rotation":[64.25,0.0,0.0],"scale":[0.44336,0.44336,0.44336]},"firstperson_righthand":{"scale":[0.0,0.0,0.0]},"firstperson_lefthand":{"scale":[0.0,0.0,0.0]},"ground":{"translation":[0.0,4.25,0.0],"scale":[0.43945,0.43945,0.43945]},"gui":{"rotation":[-149.61,-31.92,-180.0],"translation":[0.0,4.0,0.0],"scale":[0.82226,0.82226,0.82226]},"head":{"rotation":[4.75,0.0,0.0],"translation":[0.0,15.0,1.0],"scale":[1.88125,1.88125,1.88125]}}}