{"textures":{"1":"mcc:island_cosmetics/general/hat/scrap_crown/scrap_crown","particle":"mcc:island_cosmetics/general/hat/scrap_crown/scrap_crown"},"elements":[{"from":[3.0,2.0,3.0],"to":[13.0,6.0,13.0],"rotation":{"angle":0.0,"axis":"y","origin":[0.0,-30.0,0.0]},"faces":{"north":{"uv":[0.0,0.0,5.0,2.0],"texture":"#1","tintindex":0},"east":{"uv":[0.0,0.0,5.0,2.0],"texture":"#1","tintindex":0},"south":{"uv":[0.0,0.0,5.0,2.0],"texture":"#1","tintindex":0},"west":{"uv":[0.0,0.0,5.0,2.0],"texture":"#1","tintindex":0}}},{"from":[2.7,-0.3,2.7],"to":[13.3,2.3,13.3],"rotation":{"angle":0.0,"axis":"y","origin":[8.0,2.0,8.0]},"faces":{"north":{"uv":[7.0,6.0,2.0,7.0],"texture":"#1"},"east":{"uv":[7.0,6.0,2.0,7.0],"texture":"#1"},"south":{"uv":[7.0,6.0,2.0,7.0],"texture":"#1"},"west":{"uv":[7.0,6.0,2.0,7.0],"texture":"#1"},"up":{"uv":[5.0,6.0,5.5,6.5],"texture":"#1"},"down":{"uv":[5.0,7.0,0.0,12.0],"texture":"#1"}}},{"from":[-2.0,0.0,7.5],"to":[2.0,4.0,8.5],"rotation":{"angle":-45.0,"axis":"y","origin":[8.0,1.0,8.0]},"faces":{"north":{"uv":[0.0,5.0,2.0,7.0],"texture":"#1"},"east":{"uv":[1.5,5.0,2.0,7.0],"texture":"#1"},"south":{"uv":[2.0,5.0,0.0,7.0],"texture":"#1"},"west":{"uv":[1.5,5.0,2.0,7.0],"texture":"#1"},"up":{"uv":[0.0,5.0,2.0,5.5],"texture":"#1"},"down":{"uv":[2.0,5.5,0.0,5.0],"texture":"#1"}}},{"from":[14.0,0.0,7.5],"to":[18.0,4.0,8.5],"rotation":{"angle":45.0,"axis":"y","origin":[8.0,1.0,8.0]},"faces":{"north":{"uv":[2.0,5.0,0.0,7.0],"texture":"#1"},"east":{"uv":[2.0,5.0,1.5,7.0],"texture":"#1"},"south":{"uv":[0.0,5.0,2.0,7.0],"texture":"#1"},"west":{"uv":[2.0,5.0,1.5,7.0],"texture":"#1"},"up":{"uv":[2.0,5.0,0.0,5.5],"texture":"#1"},"down":{"uv":[0.0,5.5,2.0,5.0],"texture":"#1"}}},{"from":[14.0,0.0,7.5],"to":[18.0,4.0,8.5],"rotation":{"angle":-45.0,"axis":"y","origin":[8.0,1.0,8.0]},"faces":{"north":{"uv":[2.0,5.0,0.0,7.0],"texture":"#1"},"east":{"uv":[1.5,5.0,2.0,7.0],"texture":"#1"},"south":{"uv":[0.0,5.0,2.0,7.0],"texture":"#1"},"west":{"uv":[1.5,5.0,2.0,7.0],"texture":"#1"},"up":{"uv":[2.0,5.5,0.0,5.0],"texture":"#1"},"down":{"uv":[0.0,5.0,2.0,5.5],"texture":"#1"}}},{"from":[-2.0,0.0,7.5],"to":[2.0,4.0,8.5],"rotation":{"angle":45.0,"axis":"y","origin":[8.0,1.0,8.0]},"faces":{"north":{"uv":[0.0,5.0,2.0,7.0],"texture":"#1"},"east":{"uv":[2.0,5.0,1.5,7.0],"texture":"#1"},"south":{"uv":[2.0,5.0,0.0,7.0],"texture":"#1"},"west":{"uv":[2.0,5.0,1.5,7.0],"texture":"#1"},"up":{"uv":[0.0,5.5,2.0,5.0],"texture":"#1"},"down":{"uv":[2.0,5.0,0.0,5.5],"texture":"#1"}}},{"from":[4.0,2.0,4.0],"to":[12.0,7.0,12.0],"rotation":{"angle":0.0,"axis":"y","origin":[0.0,-30.0,0.0]},"faces":{"north":{"uv":[0.0,2.0,4.0,4.5],"texture":"#1"},"east":{"uv":[0.0,2.0,4.0,4.5],"texture":"#1"},"south":{"uv":[0.0,2.0,4.0,4.5],"texture":"#1"},"west":{"uv":[0.0,2.0,4.0,4.5],"texture":"#1"},"up":{"uv":[4.0,2.0,8.0,6.0],"texture":"#1"},"down":{"uv":[0.0,0.0,0.33333,0.33333],"texture":"#1"}}},{"from":[7.6,6.1,7.6],"to":[8.4,13.9,8.4],"rotation":{"angle":22.5,"axis":"y","origin":[8.0,10.25,8.0]},"faces":{"north":{"uv":[5.0,7.0,5.5,11.0],"texture":"#1"},"east":{"uv":[5.0,7.0,5.5,11.0],"texture":"#1"},"south":{"uv":[5.0,7.0,5.5,11.0],"texture":"#1"},"west":{"uv":[5.0,7.0,5.5,11.0],"texture":"#1"},"up":{"uv":[5.5,7.5,5.0,7.0],"texture":"#1","rotation":90},"down":{"uv":[5.5,11.0,5.0,10.5],"texture":"#1","rotation":270}}},{"from":[6.5,9.0,6.5],"to":[9.5,12.0,9.5],"rotation":{"angle":22.5,"axis":"y","origin":[8.0,10.25,8.0]},"faces":{"north":{"uv":[5.0,0.0,6.5,1.5],"texture":"#1"},"east":{"uv":[6.5,0.0,5.0,1.5],"texture":"#1"},"south":{"uv":[6.5,1.5,8.0,0.0],"texture":"#1","rotation":90},"west":{"uv":[6.5,1.5,8.0,0.0],"texture":"#1","rotation":90},"up":{"uv":[8.0,0.0,6.5,1.5],"texture":"#1","rotation":180},"down":{"uv":[8.0,0.0,6.5,1.5],"texture":"#1"}}},{"from":[6.7,9.2,6.7],"to":[9.3,11.8,9.3],"rotation":{"angle":22.5,"axis":"y","origin":[8.0,10.25,8.0]},"faces":{"north":{"uv":[9.0,0.0,8.0,1.0],"texture":"#1"},"east":{"uv":[9.0,0.0,8.0,1.0],"texture":"#1"},"south":{"uv":[9.0,0.0,8.0,1.0],"texture":"#1"},"west":{"uv":[9.0,0.0,8.0,1.0],"texture":"#1"},"up":{"uv":[8.0,0.5,9.0,0.0],"texture":"#1","rotation":90},"down":{"uv":[8.0,1.0,9.0,0.5],"texture":"#1","rotation":270}}},{"from":[9.5,12.0,9.5],"to":[6.5,9.0,6.5],"rotation":{"angle":22.5,"axis":"y","origin":[8.0,10.25,8.0]},"faces":{"north":{"uv":[8.0,1.5,6.5,0.0],"texture":"#1","rotation":90},"east":{"uv":[8.0,1.5,6.5,0.0],"texture":"#1","rotation":90},"south":{"uv":[5.0,1.5,6.5,0.0],"texture":"#1"},"west":{"uv":[6.5,1.5,5.0,0.0],"texture":"#1"},"up":{"uv":[8.0,1.5,6.5,0.0],"texture":"#1","rotation":180},"down":{"uv":[8.0,1.5,6.5,0.0],"texture":"#1"}}},{"from":[13.0,6.0,13.0],"to":[3.0,2.0,3.0],"rotation":{"angle":0.0,"axis":"y","origin":[0.0,-30.0,0.0]},"faces":{"north":{"uv":[0.0,2.0,5.0,0.0],"texture":"#1","tintindex":0},"east":{"uv":[0.0,2.0,5.0,0.0],"texture":"#1","tintindex":0},"south":{"uv":[0.0,2.0,5.0,0.0],"texture":"#1","tintindex":0},"west":{"uv":[0.0,2.0,5.0,0.0],"texture":"#1","tintindex":0}}}],"display":{"thirdperson_righthand":{"translation":[0.0,1.0,0.75],"rotation":[55.5,34.0,0.0],"scale":[0.52539,0.52539,0.52539]},"thirdperson_lefthand":{"translation":[0.0,1.0,0.75],"rotation":[55.5,34.0,0.0],"scale":[0.52539,0.52539,0.52539]},"firstperson_righthand":{"translation":[9.5,0.0,-5.75],"rotation":[21.0,114.5,-13.75],"scale":[0.41992,0.41992,0.41992]},"firstperson_lefthand":{"translation":[9.5,0.0,-5.75],"rotation":[21.0,114.5,-13.75],"scale":[0.41992,0.41992,0.41992]},"ground":{"translation":[0.0,15.25,0.0],"scale":[0.84961,0.84961,0.84961]},"gui":{"translation":[0.0,3.0,0.0],"rotation":[-149.61,-31.92,-180.0],"scale":[0.73632,0.73632,0.73632]},"head":{"translation":[1.0,16.25,2.75],"rotation":[12.22,-1.01,-4.63],"scale":[1.61172,1.61172,1.61172]}},"credit":"Made with Blockbench","gui_light":"front"}