{"textures":{"1":"mcc:island_cosmetics/general/hat/chicken_head/golden","2":"mcc:island_cosmetics/general/hat/8_ball/gold_shine","particle":"mcc:island_cosmetics/general/hat/8_ball/gold_shine"},"elements":[{"from":[2.5,-1.0,3.0],"to":[13.5,12.0,14.0],"rotation":{"angle":0.0,"axis":"y","origin":[0.5,0.0,0.0]},"faces":{"north":{"uv":[0.0,0.0,3.66667,4.33333],"texture":"#1"},"east":{"uv":[3.66667,0.0,7.33333,4.33333],"texture":"#1"},"south":{"uv":[4.0,11.33333,7.66667,15.66667],"texture":"#1"},"west":{"uv":[7.33333,0.0,3.66667,4.33333],"texture":"#1"},"up":{"uv":[2.0,4.33333,5.66667,8.0],"texture":"#1"}}},{"from":[14.0731,-3.8862,3.0],"to":[14.0731,-0.8862,14.0],"rotation":{"angle":22.5,"axis":"z","origin":[14.0731,-2.3862,8.5]},"faces":{"east":{"uv":[5.66667,4.33333,9.33333,5.33333],"texture":"#1"},"west":{"uv":[5.66667,4.33333,9.33333,5.33333],"texture":"#1"}}},{"from":[1.9269,-3.8862,3.0],"to":[1.9269,-0.8862,14.0],"rotation":{"angle":-22.5,"axis":"z","origin":[1.9269,-2.3862,8.5]},"faces":{"east":{"uv":[5.66667,4.33333,9.33333,5.33333],"texture":"#1"},"west":{"uv":[5.66667,4.33333,9.33333,5.33333],"texture":"#1"}}},{"from":[2.5,-6.21028,2.88919],"to":[13.5,-3.21028,2.88919],"rotation":{"angle":22.5,"axis":"x","origin":[8.0,-2.3862,8.5]},"faces":{"north":{"uv":[5.66667,4.33333,9.33333,5.33333],"texture":"#1"},"south":{"uv":[5.66667,4.33333,9.33333,5.33333],"texture":"#1"}}},{"from":[2.5,-6.21028,14.11081],"to":[13.5,-3.21028,14.11081],"rotation":{"angle":-22.5,"axis":"x","origin":[8.0,-2.3862,8.5]},"faces":{"north":{"uv":[5.66667,4.33333,9.33333,5.33333],"texture":"#1"},"south":{"uv":[5.66667,4.33333,9.33333,5.33333],"texture":"#1"}}},{"from":[0.5,5.0,1.0],"to":[5.5,10.0,6.0],"rotation":{"angle":0.0,"axis":"y","origin":[2.5,7.5,4.5]},"faces":{"north":{"uv":[9.33333,0.0,7.66667,1.66667],"texture":"#1"},"east":{"uv":[7.66667,1.66667,9.33333,3.33333],"texture":"#1"},"south":{"uv":[7.66667,1.66667,9.33333,3.33333],"texture":"#1"},"west":{"uv":[7.66667,0.0,9.33333,1.66667],"texture":"#1"},"up":{"uv":[9.33333,2.0,11.0,3.66667],"texture":"#1"},"down":{"uv":[11.0,2.0,12.66667,3.66667],"texture":"#1"}}},{"from":[10.5,5.0,1.0],"to":[15.5,10.0,6.0],"rotation":{"angle":0.0,"axis":"y","origin":[13.0,7.5,3.5]},"faces":{"north":{"uv":[7.66667,0.0,9.33333,1.66667],"texture":"#1"},"east":{"uv":[9.33333,0.0,7.66667,1.66667],"texture":"#1"},"south":{"uv":[9.33333,1.66667,7.66667,3.33333],"texture":"#1"},"west":{"uv":[9.33333,1.66667,7.66667,3.33333],"texture":"#1"},"up":{"uv":[11.0,2.0,9.33333,3.66667],"texture":"#1"},"down":{"uv":[12.66667,2.0,11.0,3.66667],"texture":"#1"}}},{"from":[4.0,3.0,-2.0],"to":[12.0,6.0,3.0],"faces":{"north":{"uv":[0.33333,9.33333,3.0,10.33333],"texture":"#1"},"east":{"uv":[2.0,10.33333,0.33333,11.33333],"texture":"#1"},"west":{"uv":[0.33333,10.33333,2.0,11.33333],"texture":"#1"},"up":{"uv":[5.66667,9.33333,3.0,11.0],"texture":"#1"},"down":{"uv":[5.66667,9.33333,8.33333,11.0],"texture":"#1"}}},{"from":[5.5,0.0,0.0],"to":[10.5,4.0,3.0],"rotation":{"angle":0.0,"axis":"y","origin":[-0.5,0.0,0.0]},"faces":{"north":{"uv":[10.0,6.0,8.33333,7.33333],"texture":"#1"},"east":{"uv":[9.33333,7.33333,8.33333,8.66667],"texture":"#1"},"west":{"uv":[8.33333,7.33333,9.33333,8.66667],"texture":"#1"},"down":{"uv":[11.0,7.33333,9.33333,8.33333],"texture":"#1"}}},{"from":[7.0,9.99889,2.85275],"to":[9.0,14.99889,7.85275],"rotation":{"angle":22.5,"axis":"x","origin":[8.0,12.49889,5.35275]},"faces":{"north":{"uv":[14.33333,4.0,13.66667,5.66667],"texture":"#1"},"east":{"uv":[13.0,4.0,11.33333,5.66667],"texture":"#1"},"south":{"uv":[15.0,4.0,14.33333,5.66667],"texture":"#1"},"west":{"uv":[11.33333,4.0,13.0,5.66667],"texture":"#1"},"up":{"uv":[13.0,4.0,13.66667,5.66667],"texture":"#1"},"down":{"uv":[15.66667,4.0,15.0,5.66667],"texture":"#1"}}},{"from":[8.0,9.73528,-1.84619],"to":[8.0,18.73528,9.15381],"rotation":{"angle":-22.5,"axis":"x","origin":[8.0,13.24784,4.58058]},"faces":{"east":{"uv":[11.66667,8.66667,15.33333,5.66667],"texture":"#1","rotation":180},"west":{"uv":[15.33333,8.66667,11.66667,5.66667],"texture":"#1","rotation":180}}},{"from":[8.4797,6.0,17.6704],"to":[15.4797,13.0,17.6704],"rotation":{"angle":22.5,"axis":"y","origin":[10.9797,6.5,15.6704]},"faces":{"north":{"uv":[8.0,1.0,15.0,8.0],"texture":"#2"},"east":{"uv":[0.0,0.0,1.0,1.0],"texture":"#2"},"south":{"uv":[8.0,1.0,15.0,8.0],"texture":"#2"},"west":{"uv":[0.0,0.0,1.0,1.0],"texture":"#2"},"up":{"uv":[0.0,0.0,1.0,1.0],"texture":"#2"},"down":{"uv":[0.0,0.0,1.0,1.0],"texture":"#2"}}},{"from":[11.9797,6.0,14.1704],"to":[11.9797,13.0,21.1704],"rotation":{"angle":22.5,"axis":"y","origin":[10.9797,6.5,15.6704]},"faces":{"north":{"uv":[0.0,0.0,1.0,1.0],"texture":"#2"},"east":{"uv":[8.0,1.0,15.0,8.0],"texture":"#2"},"south":{"uv":[0.0,0.0,1.0,1.0],"texture":"#2"},"west":{"uv":[8.0,1.0,15.0,8.0],"texture":"#2"},"up":{"uv":[0.0,0.0,1.0,1.0],"texture":"#2","rotation":90},"down":{"uv":[0.0,0.0,1.0,1.0],"texture":"#2","rotation":270}}},{"from":[14.0,0.0,7.75],"to":[21.0,7.0,7.75],"rotation":{"angle":0.0,"axis":"y","origin":[15.5,5.5,7.0]},"faces":{"north":{"uv":[8.0,9.0,15.0,16.0],"texture":"#2"},"east":{"uv":[0.0,0.0,1.0,1.0],"texture":"#2"},"south":{"uv":[8.0,9.0,15.0,16.0],"texture":"#2"},"west":{"uv":[0.0,0.0,1.0,1.0],"texture":"#2"},"up":{"uv":[0.0,0.0,1.0,1.0],"texture":"#2"},"down":{"uv":[0.0,0.0,1.0,1.0],"texture":"#2"}}},{"from":[17.34776,0.0,4.26537],"to":[17.34776,7.0,11.26537],"rotation":{"angle":0.0,"axis":"y","origin":[17.34776,5.5,7.76537]},"faces":{"north":{"uv":[0.0,0.0,1.0,1.0],"texture":"#2"},"east":{"uv":[8.0,9.0,15.0,16.0],"texture":"#2"},"south":{"uv":[0.0,0.0,1.0,1.0],"texture":"#2"},"west":{"uv":[8.0,9.0,15.0,16.0],"texture":"#2"},"up":{"uv":[0.0,0.0,1.0,1.0],"texture":"#2","rotation":90},"down":{"uv":[0.0,0.0,1.0,1.0],"texture":"#2","rotation":270}}},{"from":[-3.0,10.0,7.0],"to":[4.0,17.0,7.0],"rotation":{"angle":-45.0,"axis":"y","origin":[0.5,13.5,7.0]},"faces":{"north":{"uv":[0.0,1.0,7.0,8.0],"texture":"#2"},"east":{"uv":[0.0,0.0,1.0,1.0],"texture":"#2"},"south":{"uv":[0.0,1.0,7.0,8.0],"texture":"#2"},"west":{"uv":[0.0,0.0,1.0,1.0],"texture":"#2"},"up":{"uv":[0.0,0.0,1.0,1.0],"texture":"#2"},"down":{"uv":[0.0,0.0,1.0,1.0],"texture":"#2"}}},{"from":[-3.0,10.0,7.0],"to":[4.0,17.0,7.0],"rotation":{"angle":45.0,"axis":"y","origin":[0.5,13.5,7.0]},"faces":{"north":{"uv":[0.0,1.0,7.0,8.0],"texture":"#2"},"east":{"uv":[0.0,0.0,1.0,1.0],"texture":"#2"},"south":{"uv":[0.0,1.0,7.0,8.0],"texture":"#2"},"west":{"uv":[0.0,0.0,1.0,1.0],"texture":"#2"},"up":{"uv":[0.0,0.0,1.0,1.0],"texture":"#2"},"down":{"uv":[0.0,0.0,1.0,1.0],"texture":"#2"}}},{"from":[-6.0,-3.0,1.0],"to":[1.0,4.0,1.0],"rotation":{"angle":-22.5,"axis":"y","origin":[0.5,0.5,7.0]},"faces":{"north":{"uv":[8.0,1.0,15.0,8.0],"texture":"#2"},"east":{"uv":[0.0,0.0,1.0,1.0],"texture":"#2"},"south":{"uv":[8.0,1.0,15.0,8.0],"texture":"#2"},"west":{"uv":[0.0,0.0,1.0,1.0],"texture":"#2"},"up":{"uv":[0.0,0.0,1.0,1.0],"texture":"#2"},"down":{"uv":[0.0,0.0,1.0,1.0],"texture":"#2"}}},{"from":[-2.5,-3.0,-2.5],"to":[-2.5,4.0,4.5],"rotation":{"angle":-22.5,"axis":"y","origin":[0.5,0.5,7.0]},"faces":{"north":{"uv":[0.0,0.0,1.0,1.0],"texture":"#2"},"east":{"uv":[8.0,1.0,15.0,8.0],"texture":"#2"},"south":{"uv":[0.0,0.0,1.0,1.0],"texture":"#2"},"west":{"uv":[8.0,1.0,15.0,8.0],"texture":"#2"},"up":{"uv":[0.0,0.0,1.0,1.0],"texture":"#2","rotation":270},"down":{"uv":[0.0,0.0,1.0,1.0],"texture":"#2","rotation":90}}}],"display":{"thirdperson_righthand":{"translation":[0.0,1.0,-1.0],"rotation":[63.0,34.0,0.0],"scale":[0.52539,0.52539,0.52539]},"thirdperson_lefthand":{"translation":[0.0,1.0,-1.0],"rotation":[63.0,34.0,0.0],"scale":[0.52539,0.52539,0.52539]},"firstperson_righthand":{"translation":[9.5,0.0,-5.75],"rotation":[3.0,112.0,-13.0],"scale":[0.41992,0.41992,0.41992]},"firstperson_lefthand":{"translation":[9.5,0.0,-5.75],"rotation":[3.0,112.0,-13.0],"scale":[0.41992,0.41992,0.41992]},"ground":{"translation":[0.0,4.25,0.0],"scale":[0.28906,0.28906,0.28906]},"gui":{"translation":[-0.25,2.0,0.0],"rotation":[-149.61,-31.92,-180.0],"scale":[0.67968,0.67968,0.67968]},"head":{"translation":[0.0,4.75,0.0],"scale":[1.6,1.6,1.6]},"fixed":{"translation":[0.0,-3.25,-7.5]}},"credit":"Made with Blockbench","gui_light":"front"}