{"textures":{"1":"mcc:island_cosmetics/general/hat/slime_wall/slime_wall_anim","3":"mcc:island_cosmetics/general/hat/slimeling/slimeling","4":"mcc:island_cosmetics/general/hat/slimeling/king","particle":"mcc:island_cosmetics/general/hat/slimeling/king"},"elements":[{"from":[3.4,-0.1,3.4],"to":[12.6,9.1,12.6],"rotation":{"angle":0.0,"axis":"y","origin":[3.5,3.5,3.5]},"faces":{"north":{"uv":[0.0,11.5,4.5,16.0],"texture":"#3","tintindex":0},"east":{"uv":[0.0,11.5,4.5,16.0],"texture":"#3","tintindex":0},"south":{"uv":[0.0,11.5,4.5,16.0],"texture":"#3","tintindex":0},"west":{"uv":[0.0,11.5,4.5,16.0],"texture":"#3","tintindex":0},"up":{"uv":[0.0,7.0,4.5,11.5],"texture":"#3","tintindex":0},"down":{"uv":[4.5,11.5,9.0,16.0],"texture":"#3","tintindex":0}}},{"from":[4.5,-7.5,2.0],"to":[14.5,-1.5,2.0],"rotation":{"angle":0.0,"axis":"y","origin":[3.0,3.5,4.0]},"faces":{"north":{"uv":[0.0,1.0,10.0,7.0],"texture":"#1","tintindex":0},"east":{"uv":[0.0,0.0,0.0,0.0],"texture":"#1","tintindex":0},"south":{"uv":[10.0,1.0,0.0,7.0],"texture":"#1","tintindex":0},"west":{"uv":[0.0,0.0,0.0,0.0],"texture":"#1","tintindex":0},"up":{"uv":[0.0,0.0,0.0,0.0],"texture":"#1","tintindex":0},"down":{"uv":[0.0,0.0,0.0,0.0],"texture":"#1","tintindex":0}}},{"from":[1.5,-7.5,14.0],"to":[11.5,-1.5,14.0],"rotation":{"angle":0.0,"axis":"y","origin":[13.0,3.5,4.0]},"faces":{"north":{"uv":[10.0,1.0,0.0,7.0],"texture":"#1","tintindex":0},"east":{"uv":[0.0,0.0,0.0,0.0],"texture":"#1","tintindex":0},"south":{"uv":[0.0,1.0,10.0,7.0],"texture":"#1","tintindex":0},"west":{"uv":[0.0,0.0,0.0,0.0],"texture":"#1","tintindex":0},"up":{"uv":[0.0,0.0,0.0,0.0],"texture":"#1","tintindex":0},"down":{"uv":[0.0,0.0,0.0,0.0],"texture":"#1","tintindex":0}}},{"from":[14.0,10.5,14.0],"to":[2.0,-1.5,2.0],"rotation":{"angle":0.0,"axis":"y","origin":[6.0,3.5,2.0]},"faces":{"north":{"uv":[4.0,6.0,10.0,0.0],"texture":"#3","tintindex":0},"east":{"uv":[4.0,6.0,10.0,0.0],"texture":"#3","tintindex":0},"south":{"uv":[4.0,6.0,10.0,0.0],"texture":"#3","tintindex":0},"west":{"uv":[4.0,6.0,10.0,0.0],"texture":"#3","tintindex":0},"up":{"uv":[16.0,0.0,10.0,6.0],"texture":"#3","tintindex":0},"down":{"uv":[16.0,6.0,10.0,12.0],"texture":"#3","tintindex":0}}},{"from":[4.0,10.0,4.0],"to":[12.0,16.0,12.0],"rotation":{"angle":0.0,"axis":"y","origin":[7.0,0.0,7.0]},"faces":{"north":{"uv":[0.0,0.0,8.0,6.0],"texture":"#4"},"east":{"uv":[0.0,0.0,8.0,6.0],"texture":"#4"},"south":{"uv":[0.0,0.0,8.0,6.0],"texture":"#4"},"west":{"uv":[0.0,0.0,8.0,6.0],"texture":"#4"}}},{"from":[4.0,9.75,4.0],"to":[12.0,15.75,12.0],"rotation":{"angle":0.0,"axis":"y","origin":[7.0,0.0,7.0]},"faces":{"north":{"uv":[8.0,0.0,16.0,6.0],"texture":"#4"},"east":{"uv":[8.0,0.0,16.0,6.0],"texture":"#4"},"south":{"uv":[8.0,0.0,16.0,6.0],"texture":"#4"},"west":{"uv":[8.0,0.0,16.0,6.0],"texture":"#4"}}},{"from":[2.5,-1.0,1.5],"to":[13.5,7.0,1.5],"rotation":{"angle":0.0,"axis":"y","origin":[6.5,0.0,0.0]},"faces":{"north":{"uv":[0.0,6.0,11.0,14.0],"texture":"#4"},"south":{"uv":[0.0,6.0,11.0,14.0],"texture":"#4"}}},{"from":[12.0,16.0,12.0],"to":[4.0,10.0,4.0],"rotation":{"angle":0.0,"axis":"y","origin":[7.0,0.0,7.0]},"faces":{"north":{"uv":[0.0,6.0,8.0,0.0],"texture":"#4"},"east":{"uv":[0.0,6.0,8.0,0.0],"texture":"#4"},"south":{"uv":[0.0,6.0,8.0,0.0],"texture":"#4"},"west":{"uv":[0.0,6.0,8.0,0.0],"texture":"#4"}}},{"from":[12.0,15.75,12.0],"to":[4.0,9.75,4.0],"rotation":{"angle":0.0,"axis":"y","origin":[7.0,0.0,7.0]},"faces":{"north":{"uv":[8.0,6.0,16.0,0.0],"texture":"#4"},"east":{"uv":[8.0,6.0,16.0,0.0],"texture":"#4"},"south":{"uv":[8.0,6.0,16.0,0.0],"texture":"#4"},"west":{"uv":[8.0,6.0,16.0,0.0],"texture":"#4"}}}],"display":{"thirdperson_righthand":{"translation":[0.0,1.0,-1.0],"rotation":[63.0,34.0,0.0],"scale":[0.37891,0.37891,0.37891]},"thirdperson_lefthand":{"translation":[0.0,1.0,-1.0],"rotation":[63.0,34.0,0.0],"scale":[0.37891,0.37891,0.37891]},"firstperson_righthand":{"translation":[9.5,0.0,-5.75],"rotation":[3.0,112.0,-13.0],"scale":[0.35547,0.35547,0.35547]},"firstperson_lefthand":{"translation":[9.5,0.0,-5.75],"rotation":[3.0,112.0,-13.0],"scale":[0.35547,0.35547,0.35547]},"ground":{"translation":[0.0,4.25,0.0],"scale":[0.28906,0.28906,0.28906]},"gui":{"translation":[0.0,2.75,0.0],"rotation":[-149.61,-31.92,-180.0],"scale":[0.74609,0.74609,0.74609]},"head":{"translation":[0.0,7.0,0.0],"scale":[1.6918,1.6918,1.6918]},"fixed":{"translation":[0.0,-3.25,-7.5]}},"credit":"Made with Blockbench","gui_light":"front"}