{"textures":{"2":"mcc:island_cosmetics/general/hat/slimeling/slimeling_magma","3":"mcc:island_cosmetics/general/hat/slimeling/variant_slimeling"},"elements":[{"from":[3.5,0.0,3.5],"to":[12.5,9.0,12.5],"rotation":{"angle":0.0,"axis":"y","origin":[3.5,3.5,3.5]},"faces":{"north":{"uv":[2.625,3.25,3.75,4.375],"texture":"#3"},"east":{"uv":[2.625,3.25,3.75,4.375],"texture":"#3"},"south":{"uv":[2.625,3.25,3.75,4.375],"texture":"#3"},"west":{"uv":[2.625,3.25,3.75,4.375],"texture":"#3"},"up":{"uv":[2.625,2.125,3.75,3.25],"texture":"#3"},"down":{"uv":[3.75,2.25,4.875,3.375],"texture":"#3"}}},{"from":[13.5,10.0,13.5],"to":[2.5,-1.0,2.5],"rotation":{"angle":0.0,"axis":"y","origin":[13.5,3.5,13.5]},"faces":{"north":{"uv":[3.125,2.0,3.25,2.125],"texture":"#3"},"east":{"uv":[3.125,2.0,3.25,2.125],"texture":"#3"},"south":{"uv":[3.125,2.0,3.25,2.125],"texture":"#3"},"west":{"uv":[3.125,2.0,3.25,2.125],"texture":"#3"},"up":{"uv":[3.125,2.0,3.25,2.125],"texture":"#3"},"down":{"uv":[3.125,2.0,3.25,2.125],"texture":"#3"}}},{"from":[14.5,11.0,14.5],"to":[1.5,-2.0,1.5],"rotation":{"angle":0.0,"axis":"y","origin":[14.5,8.0,14.5]},"faces":{"north":{"uv":[3.125,1.875,3.25,2.0],"texture":"#3"},"east":{"uv":[3.125,1.875,3.25,2.0],"texture":"#3"},"south":{"uv":[3.125,1.875,3.25,2.0],"texture":"#3"},"west":{"uv":[3.125,1.875,3.25,2.0],"texture":"#3"},"up":{"uv":[3.125,1.875,3.25,2.0],"texture":"#3"},"down":{"uv":[3.125,1.875,3.25,2.0],"texture":"#3"}}},{"from":[2.0,-1.5,2.0],"to":[14.0,10.5,14.0],"rotation":{"angle":0.0,"axis":"y","origin":[6.0,3.5,2.0]},"faces":{"north":{"uv":[4.75,0.625,3.25,2.125],"texture":"#3"},"east":{"uv":[3.25,0.625,4.75,2.125],"texture":"#3"},"south":{"uv":[4.75,0.625,3.25,2.125],"texture":"#3"},"west":{"uv":[3.25,0.625,4.75,2.125],"texture":"#3"},"up":{"uv":[4.75,0.0,6.25,1.5],"texture":"#3"},"down":{"uv":[4.875,1.5,6.375,3.0],"texture":"#3"}}},{"from":[14.0,10.5,14.0],"to":[2.0,-1.5,2.0],"rotation":{"angle":0.0,"axis":"y","origin":[6.0,3.5,2.0]},"faces":{"north":{"uv":[4.75,2.125,3.25,0.625],"texture":"#3"},"east":{"uv":[3.25,2.125,4.75,0.625],"texture":"#3"},"south":{"uv":[4.75,2.125,3.25,0.625],"texture":"#3"},"west":{"uv":[3.25,2.125,4.75,0.625],"texture":"#3"},"up":{"uv":[6.375,1.5,4.875,3.0],"texture":"#3"},"down":{"uv":[6.25,0.0,4.75,1.5],"texture":"#3"}}},{"from":[2.5,-1.5,1.25],"to":[13.5,6.5,1.25],"faces":{"north":{"uv":[0.0,0.0,11.0,8.0],"texture":"#2"},"east":{"uv":[0.0,0.0,0.125,0.125],"texture":"#2"},"south":{"uv":[0.0,0.0,11.0,8.0],"texture":"#2"},"west":{"uv":[0.0,0.0,0.125,0.125],"texture":"#2"},"up":{"uv":[0.0,0.0,0.125,0.125],"texture":"#2"},"down":{"uv":[0.0,0.0,0.125,0.125],"texture":"#2"}}},{"from":[2.5,0.0,1.25],"to":[13.5,8.0,1.25],"faces":{"north":{"uv":[0.0,8.0,11.0,16.0],"texture":"#2"},"east":{"uv":[0.0,0.0,0.125,0.125],"texture":"#2"},"south":{"uv":[0.0,8.0,11.0,16.0],"texture":"#2"},"west":{"uv":[0.0,0.0,0.125,0.125],"texture":"#2"},"up":{"uv":[0.0,0.0,0.125,0.125],"texture":"#2"},"down":{"uv":[0.0,0.0,0.125,0.125],"texture":"#2"}}}],"display":{"thirdperson_righthand":{"translation":[0.0,1.0,-1.0],"rotation":[63.0,34.0,0.0],"scale":[0.37891,0.37891,0.37891]},"thirdperson_lefthand":{"translation":[0.0,1.0,-1.0],"rotation":[63.0,34.0,0.0],"scale":[0.37891,0.37891,0.37891]},"firstperson_righthand":{"translation":[9.5,0.0,-5.75],"rotation":[3.0,112.0,-13.0],"scale":[0.35547,0.35547,0.35547]},"firstperson_lefthand":{"translation":[9.5,0.0,-5.75],"rotation":[3.0,112.0,-13.0],"scale":[0.35547,0.35547,0.35547]},"ground":{"translation":[0.0,4.25,0.0],"scale":[0.28906,0.28906,0.28906]},"gui":{"translation":[0.0,2.5,0.0],"rotation":[-149.61,-31.92,-180.0],"scale":[0.76562,0.76562,0.76562]},"head":{"translation":[0.0,7.0,0.0],"scale":[1.6918,1.6918,1.6918]},"fixed":{"translation":[0.0,-3.25,-7.5]}},"credit":"Made with Blockbench","gui_light":"front"}