{"textures":{"2":"mcc:island_cosmetics/general/hat/forest_spirit_head/forest_spirit","3":"mcc:island_cosmetics/general/hat/forest_spirit_head/forest_spirit_anim"},"elements":[{"from":[3.5,3.0,2.5],"to":[12.5,13.0,6.5],"rotation":{"angle":-22.5,"axis":"x","origin":[8.0,5.67545,2.51256]},"faces":{"north":{"uv":[0.0,0.0,2.25,2.5],"texture":"#2"},"east":{"uv":[3.5,5.0,4.5,7.5],"texture":"#2"},"south":{"uv":[2.25,0.0,4.5,2.5],"texture":"#2"},"west":{"uv":[4.5,6.5,5.5,9.0],"texture":"#2"},"up":{"uv":[3.0,8.0,0.75,7.0],"texture":"#2"},"down":{"uv":[9.25,3.25,7.0,4.25],"texture":"#2"}}},{"from":[3.5,3.0,6.5],"to":[12.5,13.0,11.5],"rotation":{"angle":-22.5,"axis":"x","origin":[8.0,5.67545,2.51256]},"faces":{"north":{"uv":[0.0,2.5,2.25,5.0],"texture":"#2"},"east":{"uv":[5.75,0.0,7.0,2.5],"texture":"#2"},"south":{"uv":[2.25,2.5,4.5,5.0],"texture":"#2"},"west":{"uv":[5.75,2.5,7.0,5.0],"texture":"#2"},"up":{"uv":[8.0,6.25,5.75,5.0],"texture":"#2"},"down":{"uv":[8.0,6.25,5.75,7.5],"texture":"#2"}}},{"from":[6.0,2.32474,-3.59378],"to":[10.0,5.32474,5.40622],"rotation":{"angle":-45.0,"axis":"x","origin":[8.0,5.67545,2.51256]},"faces":{"north":{"uv":[9.0,6.5,10.0,7.25],"texture":"#2"},"east":{"uv":[7.0,4.25,9.25,5.0],"texture":"#2"},"south":{"uv":[9.0,7.25,10.0,8.0],"texture":"#2"},"west":{"uv":[7.75,2.5,10.0,3.25],"texture":"#2"},"up":{"uv":[4.0,9.75,3.0,7.5],"texture":"#2"},"down":{"uv":[6.5,7.5,5.5,9.75],"texture":"#2"}}},{"from":[5.5,-1.31105,-1.3116],"to":[10.5,11.68895,1.6884],"rotation":{"angle":22.5,"axis":"x","origin":[8.0,5.67545,2.51256]},"faces":{"north":{"uv":[4.5,0.0,5.75,3.25],"texture":"#2"},"east":{"uv":[0.0,7.0,0.75,10.25],"texture":"#2"},"south":{"uv":[4.5,3.25,5.75,6.5],"texture":"#2"},"west":{"uv":[7.0,0.0,7.75,3.25],"texture":"#2"},"up":{"uv":[9.25,5.75,8.0,5.0],"texture":"#2"},"down":{"uv":[9.25,5.75,8.0,6.5],"texture":"#2"}}},{"from":[-4.32763,17.73528,-1.50493],"to":[-4.32763,25.73528,2.49507],"rotation":{"angle":-45.0,"axis":"x","origin":[-4.32763,18.76041,1.26284]},"faces":{"north":{"uv":[7.5,7.5,7.5,9.5],"texture":"#2"},"east":{"uv":[8.5,7.5,7.5,9.5],"texture":"#2"},"south":{"uv":[7.5,7.5,7.5,9.5],"texture":"#2"},"west":{"uv":[7.5,7.5,8.5,9.5],"texture":"#2"},"up":{"uv":[7.5,7.5,7.5,8.5],"texture":"#2"},"down":{"uv":[7.5,7.5,7.5,8.5],"texture":"#2"}}},{"from":[1.0,12.0,4.0],"to":[3.0,19.0,6.0],"rotation":{"angle":45.0,"axis":"z","origin":[2.0,16.0,5.0]},"faces":{"north":{"uv":[4.0,7.5,4.5,9.25],"texture":"#2"},"east":{"uv":[8.5,6.5,9.0,8.25],"texture":"#2"},"south":{"uv":[8.5,8.25,9.0,10.0],"texture":"#2"},"west":{"uv":[4.5,9.0,5.0,10.75],"texture":"#2"},"up":{"uv":[3.5,7.5,3.0,7.0],"texture":"#2"},"down":{"uv":[8.5,6.5,8.0,7.0],"texture":"#2"}}},{"from":[-3.41421,16.82843,4.0],"to":[0.58579,18.82843,6.0],"rotation":{"angle":0.0,"axis":"y","origin":[-3.41421,17.82843,5.0]},"faces":{"north":{"uv":[9.25,0.0,10.25,0.5],"texture":"#2"},"east":{"uv":[8.0,7.0,8.5,7.5],"texture":"#2"},"south":{"uv":[9.25,0.5,10.25,1.0],"texture":"#2"},"west":{"uv":[9.25,2.0,9.75,2.5],"texture":"#2"},"up":{"uv":[10.25,1.5,9.25,1.0],"texture":"#2"},"down":{"uv":[10.25,1.5,9.25,2.0],"texture":"#2"}}},{"from":[-5.02107,16.82843,0.9218],"to":[-3.02107,18.82843,5.9218],"rotation":{"angle":22.5,"axis":"y","origin":[-4.02107,17.82843,1.9218]},"faces":{"north":{"uv":[9.25,3.25,9.75,3.75],"texture":"#2"},"east":{"uv":[9.0,8.0,10.25,8.5],"texture":"#2"},"south":{"uv":[9.25,3.75,9.75,4.25],"texture":"#2"},"west":{"uv":[9.0,8.5,10.25,9.0],"texture":"#2"},"up":{"uv":[5.5,10.25,5.0,9.0],"texture":"#2"},"down":{"uv":[9.5,9.0,9.0,10.25],"texture":"#2"}}},{"from":[-5.41421,18.82843,5.0],"to":[1.58579,26.82843,5.0],"rotation":{"angle":-22.5,"axis":"x","origin":[-3.41421,18.32843,5.0]},"faces":{"north":{"uv":[0.0,5.0,1.75,7.0],"texture":"#2"},"east":{"uv":[0.0,5.0,1.75,7.0],"texture":"#2"},"south":{"uv":[1.75,5.0,0.0,7.0],"texture":"#2"},"west":{"uv":[0.0,5.0,1.75,7.0],"texture":"#2"},"up":{"uv":[0.0,5.0,1.75,7.0],"texture":"#2"},"down":{"uv":[0.0,5.0,1.75,7.0],"texture":"#2"}}},{"from":[0.62132,15.44975,5.0],"to":[4.62132,21.44975,5.0],"rotation":{"angle":-22.5,"axis":"z","origin":[2.97487,16.47487,5.0]},"faces":{"north":{"uv":[0.75,8.0,1.75,9.5],"texture":"#2"},"east":{"uv":[0.75,8.0,1.75,9.5],"texture":"#2"},"south":{"uv":[1.75,8.0,0.75,9.5],"texture":"#2"},"west":{"uv":[0.75,8.0,1.75,9.5],"texture":"#2"},"up":{"uv":[0.75,8.0,1.75,9.5],"texture":"#2"},"down":{"uv":[0.75,8.0,1.75,9.5],"texture":"#2"}}},{"from":[-9.32834,18.82772,-0.6194],"to":[-3.32834,18.82772,4.3806],"rotation":{"angle":-45.0,"axis":"z","origin":[-5.32834,18.82772,1.8806]},"faces":{"north":{"uv":[9.25,1.25,7.75,2.5],"texture":"#2"},"east":{"uv":[9.25,1.25,7.75,2.5],"texture":"#2"},"south":{"uv":[9.25,1.25,7.75,2.5],"texture":"#2"},"west":{"uv":[9.25,1.25,7.75,2.5],"texture":"#2"},"up":{"uv":[9.25,1.25,7.75,2.5],"texture":"#2"},"down":{"uv":[9.25,2.5,7.75,1.25],"texture":"#2"}}},{"from":[20.32763,17.73528,-1.50493],"to":[20.32763,25.73528,2.49507],"rotation":{"angle":-45.0,"axis":"x","origin":[20.32763,18.76041,1.26284]},"faces":{"north":{"uv":[8.5,7.5,7.5,9.5],"texture":"#2"},"east":{"uv":[8.5,7.5,7.5,9.5],"texture":"#2"},"south":{"uv":[8.5,7.5,7.5,9.5],"texture":"#2"},"west":{"uv":[7.5,7.5,8.5,9.5],"texture":"#2"},"up":{"uv":[8.5,7.5,7.5,9.5],"texture":"#2"},"down":{"uv":[8.5,7.5,7.5,9.5],"texture":"#2"}}},{"from":[13.0,12.0,4.0],"to":[15.0,19.0,6.0],"rotation":{"angle":-45.0,"axis":"z","origin":[14.0,16.0,5.0]},"faces":{"north":{"uv":[4.5,7.5,4.0,9.25],"texture":"#2"},"east":{"uv":[5.0,9.0,4.5,10.75],"texture":"#2"},"south":{"uv":[9.0,8.25,8.5,10.0],"texture":"#2"},"west":{"uv":[9.0,6.5,8.5,8.25],"texture":"#2"},"up":{"uv":[3.0,7.5,3.5,7.0],"texture":"#2"},"down":{"uv":[8.0,6.5,8.5,7.0],"texture":"#2"}}},{"from":[15.41421,16.82843,4.0],"to":[19.41421,18.82843,6.0],"rotation":{"angle":0.0,"axis":"y","origin":[19.41421,17.82843,5.0]},"faces":{"north":{"uv":[10.25,0.0,9.25,0.5],"texture":"#2"},"east":{"uv":[9.75,2.0,9.25,2.5],"texture":"#2"},"south":{"uv":[10.25,0.5,9.25,1.0],"texture":"#2"},"west":{"uv":[8.5,7.0,8.0,7.5],"texture":"#2"},"up":{"uv":[9.25,1.5,10.25,1.0],"texture":"#2"},"down":{"uv":[9.25,1.5,10.25,2.0],"texture":"#2"}}},{"from":[19.02107,16.82843,0.9218],"to":[21.02107,18.82843,5.9218],"rotation":{"angle":-22.5,"axis":"y","origin":[20.02107,17.82843,1.9218]},"faces":{"north":{"uv":[9.75,3.25,9.25,3.75],"texture":"#2"},"east":{"uv":[10.25,8.5,9.0,9.0],"texture":"#2"},"south":{"uv":[9.75,3.75,9.25,4.25],"texture":"#2"},"west":{"uv":[10.25,8.0,9.0,8.5],"texture":"#2"},"up":{"uv":[5.0,10.25,5.5,9.0],"texture":"#2"},"down":{"uv":[9.0,9.0,9.5,10.25],"texture":"#2"}}},{"from":[14.41421,18.82843,5.0],"to":[21.41421,26.82843,5.0],"rotation":{"angle":-22.5,"axis":"x","origin":[19.41421,18.32843,5.0]},"faces":{"north":{"uv":[1.75,5.0,0.0,7.0],"texture":"#2"},"east":{"uv":[1.75,5.0,0.0,7.0],"texture":"#2"},"south":{"uv":[0.0,5.0,1.75,7.0],"texture":"#2"},"west":{"uv":[1.75,5.0,0.0,7.0],"texture":"#2"},"up":{"uv":[1.75,5.0,0.0,7.0],"texture":"#2"},"down":{"uv":[1.75,5.0,0.0,7.0],"texture":"#2"}}},{"from":[11.37868,15.44975,5.0],"to":[15.37868,21.44975,5.0],"rotation":{"angle":22.5,"axis":"z","origin":[13.02513,16.47487,5.0]},"faces":{"north":{"uv":[1.75,8.0,0.75,9.5],"texture":"#2"},"east":{"uv":[1.75,8.0,0.75,9.5],"texture":"#2"},"south":{"uv":[0.75,8.0,1.75,9.5],"texture":"#2"},"west":{"uv":[1.75,8.0,0.75,9.5],"texture":"#2"},"up":{"uv":[1.75,8.0,0.75,9.5],"texture":"#2"},"down":{"uv":[1.75,8.0,0.75,9.5],"texture":"#2"}}},{"from":[19.32834,18.82772,-0.6194],"to":[25.32834,18.82772,4.3806],"rotation":{"angle":45.0,"axis":"z","origin":[21.32834,18.82772,1.8806]},"faces":{"north":{"uv":[7.75,1.25,9.25,2.5],"texture":"#2"},"east":{"uv":[7.75,1.25,9.25,2.5],"texture":"#2"},"south":{"uv":[7.75,1.25,9.25,2.5],"texture":"#2"},"west":{"uv":[7.75,1.25,9.25,2.5],"texture":"#2"},"up":{"uv":[7.75,1.25,9.25,2.5],"texture":"#2"},"down":{"uv":[7.75,2.5,9.25,1.25],"texture":"#2"}}},{"from":[3.08472,-2.74967,-2.17127],"to":[8.08472,11.25033,-2.17127],"rotation":{"angle":-22.5,"axis":"y","origin":[8.05606,4.25033,-1.87641]},"faces":{"north":{"uv":[0.0,0.0,2.5,7.0],"texture":"#3"},"east":{"uv":[0.0,0.0,2.5,7.0],"texture":"#3"},"south":{"uv":[2.5,0.0,0.0,7.0],"texture":"#3"},"west":{"uv":[0.0,0.0,2.5,7.0],"texture":"#3"},"up":{"uv":[0.0,0.0,2.5,7.0],"texture":"#3","rotation":270},"down":{"uv":[0.0,0.0,2.5,7.0],"texture":"#3","rotation":90}}},{"from":[1.75,-2.74967,-5.60088],"to":[4.75,11.25033,-5.60088],"rotation":{"angle":22.5,"axis":"y","origin":[8.05606,4.25033,-1.87641]},"faces":{"north":{"uv":[2.5,0.0,4.0,7.0],"texture":"#3"},"east":{"uv":[2.5,0.0,4.0,7.0],"texture":"#3"},"south":{"uv":[4.0,0.0,2.5,7.0],"texture":"#3"},"west":{"uv":[2.5,0.0,4.0,7.0],"texture":"#3"},"up":{"uv":[2.5,0.0,4.0,7.0],"texture":"#3"},"down":{"uv":[2.5,0.0,4.0,7.0],"texture":"#3"}}},{"from":[0.9634,-2.74967,-0.05095],"to":[0.9634,11.25033,4.94905],"rotation":{"angle":-22.5,"axis":"y","origin":[8.05606,4.25033,-1.87641]},"faces":{"north":{"uv":[4.0,0.0,4.0,7.0],"texture":"#3"},"east":{"uv":[6.5,0.0,4.0,7.0],"texture":"#3"},"south":{"uv":[4.0,0.0,4.0,7.0],"texture":"#3"},"west":{"uv":[4.0,0.0,6.5,7.0],"texture":"#3"},"up":{"uv":[4.0,0.0,4.0,2.5],"texture":"#3"},"down":{"uv":[4.0,0.0,4.0,2.5],"texture":"#3"}}},{"from":[-10.96408,-2.74967,-5.81718],"to":[-0.96408,11.25033,-5.81718],"rotation":{"angle":45.0,"axis":"y","origin":[8.05606,4.25033,-1.87641]},"faces":{"north":{"uv":[6.5,0.0,11.5,7.0],"texture":"#3"},"east":{"uv":[6.5,0.0,11.5,7.0],"texture":"#3"},"south":{"uv":[11.5,0.0,6.5,7.0],"texture":"#3"},"west":{"uv":[6.5,0.0,11.5,7.0],"texture":"#3"},"up":{"uv":[6.5,0.0,11.5,7.0],"texture":"#3"},"down":{"uv":[6.5,0.0,11.5,7.0],"texture":"#3"}}},{"from":[7.91528,-2.74967,-2.17127],"to":[12.91528,11.25033,-2.17127],"rotation":{"angle":22.5,"axis":"y","origin":[7.94394,4.25033,-1.87641]},"faces":{"north":{"uv":[2.5,0.0,0.0,7.0],"texture":"#3"},"east":{"uv":[2.5,0.0,0.0,7.0],"texture":"#3"},"south":{"uv":[0.0,0.0,2.5,7.0],"texture":"#3"},"west":{"uv":[2.5,0.0,0.0,7.0],"texture":"#3"},"up":{"uv":[0.0,7.0,2.5,0.0],"texture":"#3","rotation":270},"down":{"uv":[0.0,7.0,2.5,0.0],"texture":"#3","rotation":90}}},{"from":[11.25,-2.74967,-5.60088],"to":[14.25,11.25033,-5.60088],"rotation":{"angle":-22.5,"axis":"y","origin":[7.94394,4.25033,-1.87641]},"faces":{"north":{"uv":[4.0,0.0,2.5,7.0],"texture":"#3"},"east":{"uv":[4.0,0.0,2.5,7.0],"texture":"#3"},"south":{"uv":[2.5,0.0,4.0,7.0],"texture":"#3"},"west":{"uv":[4.0,0.0,2.5,7.0],"texture":"#3"},"up":{"uv":[4.0,0.0,2.5,7.0],"texture":"#3"},"down":{"uv":[4.0,0.0,2.5,7.0],"texture":"#3"}}},{"from":[15.0366,-2.74967,-0.05095],"to":[15.0366,11.25033,4.94905],"rotation":{"angle":22.5,"axis":"y","origin":[7.94394,4.25033,-1.87641]},"faces":{"north":{"uv":[4.0,0.0,4.0,7.0],"texture":"#3"},"east":{"uv":[6.5,0.0,4.0,7.0],"texture":"#3"},"south":{"uv":[4.0,0.0,4.0,7.0],"texture":"#3"},"west":{"uv":[4.0,0.0,6.5,7.0],"texture":"#3"},"up":{"uv":[4.0,0.0,4.0,2.5],"texture":"#3"},"down":{"uv":[4.0,0.0,4.0,2.5],"texture":"#3"}}},{"from":[16.96408,-2.74967,-5.81718],"to":[26.96408,11.25033,-5.81718],"rotation":{"angle":-45.0,"axis":"y","origin":[7.94394,4.25033,-1.87641]},"faces":{"north":{"uv":[11.5,0.0,6.5,7.0],"texture":"#3"},"east":{"uv":[11.5,0.0,6.5,7.0],"texture":"#3"},"south":{"uv":[6.5,0.0,11.5,7.0],"texture":"#3"},"west":{"uv":[11.5,0.0,6.5,7.0],"texture":"#3"},"up":{"uv":[11.5,0.0,6.5,7.0],"texture":"#3"},"down":{"uv":[11.5,0.0,6.5,7.0],"texture":"#3"}}}],"display":{"thirdperson_righthand":{"rotation":[39.57,8.11,-15.01],"scale":[0.5,0.5,0.5]},"thirdperson_lefthand":{"rotation":[39.57,8.11,-15.01],"scale":[0.5,0.5,0.5]},"firstperson_righthand":{"translation":[1.75,1.25,0.0],"rotation":[7.92,39.28,-0.25],"scale":[0.36328,0.36328,0.36328]},"firstperson_lefthand":{"translation":[1.75,1.25,0.0],"rotation":[7.92,39.28,-0.25],"scale":[0.36328,0.36328,0.36328]},"ground":{"rotation":[22.5,0.0,0.0],"scale":[0.5,0.5,0.5]},"gui":{"translation":[-1.0,-2.25,0.0],"rotation":[173.84,-31.39,167.11],"scale":[0.46679,0.46679,0.46679]},"head":{"translation":[0.0,-4.0,2.25],"rotation":[22.5,0.0,0.0],"scale":[1.61,1.61,1.61]},"fixed":{"scale":[0.5,0.5,0.5]}},"gui_light":"front"}