{"textures":{"0":"mcc:island_cosmetics/general/hat/palette_cap/palette_cap","4":"mcc:island_cosmetics/general/back/art_easel/brush_stroke","particle":"mcc:island_cosmetics/general/hat/palette_cap/palette_cap"},"elements":[{"from":[2.0,10.25,2.5],"to":[14.0,13.25,14.5],"rotation":{"angle":22.5,"axis":"x","origin":[9.25,11.5,7.25]},"faces":{"north":{"uv":[0.0,6.0,6.0,7.5],"texture":"#0"},"east":{"uv":[0.0,7.5,6.0,9.0],"texture":"#0"},"south":{"uv":[0.0,10.5,6.0,12.0],"texture":"#0"},"west":{"uv":[0.0,6.0,6.0,7.5],"texture":"#0"},"up":{"uv":[0.0,0.0,6.0,6.0],"texture":"#0"},"down":{"uv":[6.0,5.0,12.0,11.0],"texture":"#0"}}},{"from":[7.5,10.99353,6.60089],"to":[8.5,12.99353,7.60089],"rotation":{"angle":22.5,"axis":"x","origin":[12.5,7.24353,10.35089]},"faces":{"north":{"uv":[12.0,0.0,12.5,1.0],"texture":"#0"},"east":{"uv":[12.0,0.0,12.5,1.0],"texture":"#0"},"south":{"uv":[12.0,0.0,12.5,1.0],"texture":"#0"},"west":{"uv":[12.0,0.0,12.5,1.0],"texture":"#0"}}},{"from":[7.0,12.99353,6.10089],"to":[9.0,15.99353,8.10089],"rotation":{"angle":22.5,"axis":"x","origin":[12.5,7.24353,10.35089]},"faces":{"north":{"uv":[14.5,0.0,13.5,1.5],"texture":"#0","tintindex":0},"east":{"uv":[13.5,0.0,14.5,1.5],"texture":"#0","tintindex":0},"south":{"uv":[14.5,0.0,13.5,1.5],"texture":"#0","tintindex":0},"west":{"uv":[13.5,0.0,14.5,1.5],"texture":"#0","tintindex":0},"up":{"uv":[12.5,2.5,13.5,3.5],"texture":"#0","tintindex":0}}},{"from":[7.0,12.99353,6.10089],"to":[9.0,15.99353,8.10089],"rotation":{"angle":22.5,"axis":"x","origin":[12.5,7.24353,10.35089]},"faces":{"north":{"uv":[13.5,0.0,12.5,1.5],"texture":"#0"},"east":{"uv":[12.5,0.0,13.5,1.5],"texture":"#0"},"south":{"uv":[13.5,0.0,12.5,1.5],"texture":"#0"},"west":{"uv":[12.5,0.0,13.5,1.5],"texture":"#0"},"down":{"uv":[12.5,1.5,13.5,2.5],"texture":"#0"}}},{"from":[8.0,15.99353,6.10089],"to":[8.0,16.99353,7.10089],"rotation":{"angle":22.5,"axis":"x","origin":[12.5,7.24353,10.35089]},"faces":{"north":{"uv":[13.0,2.5,13.5,3.0],"texture":"#0","tintindex":0},"east":{"uv":[13.0,2.5,13.5,3.0],"texture":"#0","tintindex":0},"south":{"uv":[13.0,2.5,13.5,3.0],"texture":"#0","tintindex":0},"west":{"uv":[13.0,2.5,13.5,3.0],"texture":"#0","tintindex":0},"up":{"uv":[13.0,2.5,13.5,3.0],"texture":"#0","tintindex":0},"down":{"uv":[13.0,2.5,13.5,3.0],"texture":"#0","tintindex":0}}},{"from":[6.9,12.39353,6.00089],"to":[9.1,13.59353,8.20089],"rotation":{"angle":22.5,"axis":"x","origin":[12.5,7.24353,10.35089]},"faces":{"north":{"uv":[12.5,3.5,13.5,4.0],"texture":"#0"},"east":{"uv":[12.5,3.5,13.5,4.0],"texture":"#0"},"south":{"uv":[12.5,3.5,13.5,4.0],"texture":"#0"},"west":{"uv":[12.5,3.5,13.5,4.0],"texture":"#0"},"down":{"uv":[12.5,4.0,13.5,4.5],"texture":"#0"}}},{"from":[2.0,13.69363,-5.3123],"to":[14.0,13.69363,2.6877],"rotation":{"angle":22.5,"axis":"x","origin":[8.0,13.69363,-1.3123]},"faces":{"up":{"uv":[6.0,1.0,12.0,5.0],"texture":"#0","tintindex":0},"down":{"uv":[6.0,5.0,12.0,1.0],"texture":"#0","tintindex":0}}},{"from":[2.0,13.69363,-5.3123],"to":[14.0,13.69363,2.6877],"rotation":{"angle":22.5,"axis":"x","origin":[8.0,13.69363,-1.3123]},"faces":{"up":{"uv":[0.0,12.0,6.0,16.0],"texture":"#0"},"down":{"uv":[0.0,16.0,6.0,12.0],"texture":"#0"}}},{"from":[7.0,10.25,14.5],"to":[14.0,13.25,16.5],"rotation":{"angle":22.5,"axis":"x","origin":[9.25,11.5,7.25]},"faces":{"east":{"uv":[0.0,6.0,1.0,7.5],"texture":"#0"},"south":{"uv":[0.0,9.0,3.5,10.5],"texture":"#0"},"west":{"uv":[1.0,6.0,0.0,7.5],"texture":"#0"},"up":{"uv":[6.0,0.0,9.5,1.0],"texture":"#0"},"down":{"uv":[6.0,11.0,9.5,12.0],"texture":"#0"}}},{"from":[9.1,13.59353,8.20089],"to":[6.9,12.39353,6.00089],"rotation":{"angle":22.5,"axis":"x","origin":[12.5,7.24353,10.35089]},"faces":{"north":{"uv":[12.5,4.0,13.5,3.5],"texture":"#0"},"east":{"uv":[12.5,4.0,13.5,3.5],"texture":"#0"},"south":{"uv":[12.5,4.0,13.5,3.5],"texture":"#0"},"west":{"uv":[12.5,4.0,13.5,3.5],"texture":"#0"},"up":{"uv":[13.5,4.0,12.5,4.5],"texture":"#0"}}},{"from":[-9.91336,13.26804,11.5146],"to":[4.08664,17.26804,11.5146],"rotation":{"angle":-22.5,"axis":"z","origin":[0.08664,13.26804,11.5146]},"faces":{"north":{"uv":[15.0,11.0,1.0,15.0],"texture":"#4","tintindex":0},"east":{"uv":[0.33333,0.0,0.0,0.33333],"texture":"#4","tintindex":0},"south":{"uv":[1.0,11.0,15.0,15.0],"texture":"#4","tintindex":0},"west":{"uv":[0.33333,0.0,0.0,0.33333],"texture":"#4","tintindex":0},"up":{"uv":[0.33333,0.0,0.0,0.33333],"texture":"#4","tintindex":0,"rotation":180},"down":{"uv":[12.0,0.0,0.0,0.0],"texture":"#4","tintindex":0,"rotation":180}}},{"from":[12.44409,15.96356,11.5146],"to":[26.44409,19.96356,11.5146],"rotation":{"angle":22.5,"axis":"z","origin":[17.44409,16.96356,11.5146]},"faces":{"north":{"uv":[1.0,1.0,15.0,5.0],"texture":"#4","tintindex":0},"east":{"uv":[0.0,0.0,0.33333,0.33333],"texture":"#4","tintindex":0},"south":{"uv":[15.0,1.0,1.0,5.0],"texture":"#4","tintindex":0},"west":{"uv":[0.0,0.0,0.33333,0.33333],"texture":"#4","tintindex":0},"up":{"uv":[0.0,0.0,0.33333,0.33333],"texture":"#4","tintindex":0,"rotation":180},"down":{"uv":[0.0,0.0,12.0,0.0],"texture":"#4","tintindex":0,"rotation":180}}},{"from":[14.5,13.75,15.0],"to":[1.5,9.75,2.0],"rotation":{"angle":22.5,"axis":"x","origin":[9.25,11.5,7.25]},"faces":{"north":{"uv":[14.0,0.0,12.7,0.5],"texture":"#0","tintindex":0},"east":{"uv":[13.5,0.0,14.0,0.5],"texture":"#0","tintindex":0},"south":{"uv":[13.5,0.0,14.0,0.5],"texture":"#0","tintindex":0},"west":{"uv":[13.5,0.0,14.0,0.5],"texture":"#0","tintindex":0},"up":{"uv":[13.5,0.0,14.0,0.5],"texture":"#0","tintindex":0},"down":{"uv":[13.5,0.0,14.0,0.5],"texture":"#0","tintindex":0}}},{"from":[14.5,13.75,17.0],"to":[6.5,9.75,15.0],"rotation":{"angle":22.5,"axis":"x","origin":[9.25,11.5,7.25]},"faces":{"north":{"uv":[13.5,0.0,14.0,0.5],"texture":"#0","tintindex":0},"east":{"uv":[13.5,0.0,14.0,0.5],"texture":"#0","tintindex":0},"west":{"uv":[13.5,0.0,14.0,0.5],"texture":"#0","tintindex":0},"up":{"uv":[13.5,0.0,14.0,0.5],"texture":"#0","tintindex":0},"down":{"uv":[13.5,0.0,14.0,0.5],"texture":"#0","tintindex":0}}}],"display":{"thirdperson_righthand":{"translation":[0.0,1.0,0.75],"rotation":[55.5,34.0,0.0],"scale":[0.52539,0.52539,0.52539]},"thirdperson_lefthand":{"translation":[0.0,1.0,0.75],"rotation":[55.5,34.0,0.0],"scale":[0.52539,0.52539,0.52539]},"firstperson_righthand":{"translation":[9.5,0.0,-5.75],"rotation":[21.0,114.5,-13.75],"scale":[0.41992,0.41992,0.41992]},"firstperson_lefthand":{"translation":[9.5,0.0,-5.75],"rotation":[21.0,114.5,-13.75],"scale":[0.41992,0.41992,0.41992]},"ground":{"translation":[0.0,4.25,0.0],"scale":[0.28906,0.28906,0.28906]},"gui":{"translation":[-1.25,-0.25,0.0],"rotation":[-116.32,-25.79,-158.99],"scale":[0.74218,0.74218,0.74218]},"head":{"translation":[0.0,2.0,-0.5],"rotation":[-6.0,0.0,0.0],"scale":[1.6,1.6,1.6]},"fixed":{"translation":[0.0,-3.25,-7.5]}},"credit":"Made with Blockbench","gui_light":"front"}