{"textures":{"1":"mcc:island_cosmetics/general/hat/safari_hat/safari_hat"},"elements":[{"from":[-1.0,5.0,-1.0],"to":[17.0,5.0,17.0],"rotation":{"angle":0.0,"axis":"x","origin":[7.0,9.5,8.0]},"faces":{"north":{"uv":[20.5,28.0,26.0,33.5],"texture":"#1"},"east":{"uv":[20.5,28.0,26.0,33.5],"texture":"#1"},"south":{"uv":[20.5,28.0,26.0,33.5],"texture":"#1"},"west":{"uv":[20.5,28.0,26.0,33.5],"texture":"#1"},"up":{"uv":[7.0,6.0,16.0,15.0],"texture":"#1"},"down":{"uv":[7.0,15.0,16.0,6.0],"texture":"#1"}}},{"from":[3.0,5.0,3.0],"to":[13.0,9.0,13.0],"rotation":{"angle":0.0,"axis":"x","origin":[7.0,9.5,8.0]},"faces":{"north":{"uv":[1.0,5.0,6.0,7.0],"texture":"#1"},"east":{"uv":[1.0,5.0,6.0,7.0],"texture":"#1"},"south":{"uv":[1.0,5.0,6.0,7.0],"texture":"#1"},"west":{"uv":[1.0,5.0,6.0,7.0],"texture":"#1"},"up":{"uv":[1.0,0.0,6.0,5.0],"texture":"#1"},"down":{"uv":[0.0,0.0,0.0,0.0],"texture":"#1"}}},{"from":[3.01,-2.99,6.01],"to":[12.99,4.99,6.99],"rotation":{"angle":22.5,"axis":"x","origin":[8.0,1.5,8.0]},"faces":{"east":{"uv":[6.5,12.0,7.0,16.0],"texture":"#1"},"west":{"uv":[6.5,12.0,7.0,16.0],"texture":"#1"},"down":{"uv":[11.0,15.0,16.0,15.5],"texture":"#1"}}},{"from":[5.0,-5.89209,4.43017],"to":[11.0,-1.89209,4.43017],"rotation":{"angle":0.0,"axis":"x","origin":[8.0,-5.89209,4.93017]},"faces":{"north":{"uv":[3.5,14.0,6.5,16.0],"texture":"#1"},"south":{"uv":[3.5,14.0,6.5,16.0],"texture":"#1"}}},{"from":[2.9,5.15,2.9],"to":[13.1,6.35,13.1],"rotation":{"angle":0.0,"axis":"x","origin":[7.0,9.5,8.0]},"faces":{"north":{"uv":[11.0,15.5,16.0,16.0],"texture":"#1","tintindex":0},"east":{"uv":[11.0,15.5,16.0,16.0],"texture":"#1","tintindex":0},"south":{"uv":[11.0,15.5,16.0,16.0],"texture":"#1","tintindex":0},"west":{"uv":[11.0,15.5,16.0,16.0],"texture":"#1","tintindex":0}}},{"from":[7.0,9.25,7.0],"to":[9.0,9.25,9.0],"rotation":{"angle":0.0,"axis":"x","origin":[11.0,9.5,4.0]},"faces":{"up":{"uv":[0.0,6.0,1.0,7.0],"texture":"#1"},"down":{"uv":[0.0,6.0,1.0,7.0],"texture":"#1"}}},{"from":[13.0,5.0,7.0],"to":[3.0,-3.0,6.0],"rotation":{"angle":22.5,"axis":"x","origin":[8.0,1.5,8.0]},"faces":{"east":{"uv":[6.5,16.0,7.0,12.0],"texture":"#1"},"west":{"uv":[6.5,16.0,7.0,12.0],"texture":"#1"},"up":{"uv":[16.0,15.0,11.0,15.5],"texture":"#1"}}}],"display":{"thirdperson_righthand":{"translation":[0.0,1.0,0.75],"rotation":[55.5,34.0,0.0],"scale":[0.52539,0.52539,0.52539]},"thirdperson_lefthand":{"translation":[0.0,1.0,0.75],"rotation":[55.5,34.0,0.0],"scale":[0.52539,0.52539,0.52539]},"firstperson_righthand":{"translation":[9.5,0.0,-5.75],"rotation":[21.0,114.5,-13.75],"scale":[0.41992,0.41992,0.41992]},"firstperson_lefthand":{"translation":[9.5,0.0,-5.75],"rotation":[21.0,114.5,-13.75],"scale":[0.41992,0.41992,0.41992]},"gui":{"translation":[0.0,4.0,0.0],"rotation":[-149.61,-31.92,-180.0],"scale":[0.78515,0.78515,0.78515]},"head":{"translation":[0.0,8.5,0.0],"scale":[1.61953,1.61953,1.61953]}},"credit":"Made with Blockbench","gui_light":"front"}