{"textures":{"1":"mcc:island_cosmetics/general/hat/cosmic_visor/cosmic_visor","2":"mcc:island_cosmetics/general/hat/cosmic_visor/solar_navigator","3":"mcc:island_cosmetics/general/hat/cosmic_visor/cosmic_visor_anim","4":"mcc:island_cosmetics/general/accessory/space_slime/space_slime","5":"mcc:island_cosmetics/general/accessory/cosmic_sword/cosmic_sword","particle":"mcc:island_cosmetics/general/hat/cosmic_visor/cosmic_visor"},"elements":[{"from":[7.0,7.0,2.0],"to":[9.0,13.0,16.0],"rotation":{"angle":0.0,"axis":"y","origin":[8.0,9.5,7.0]},"faces":{"north":{"uv":[4.66667,5.0,5.33333,8.0],"texture":"#1","tintindex":0},"east":{"uv":[4.66667,5.0,0.0,8.0],"texture":"#1","tintindex":0},"south":{"uv":[4.66667,5.0,4.0,8.0],"texture":"#1","tintindex":0},"west":{"uv":[0.0,5.0,4.66667,8.0],"texture":"#1","tintindex":0},"up":{"uv":[0.0,6.0,4.66667,5.5],"texture":"#1","tintindex":0,"rotation":90},"down":{"uv":[1.66667,6.0,2.0,6.5],"texture":"#1","tintindex":0}}},{"from":[1.76,2.01,8.01],"to":[1.74,8.99,16.99],"rotation":{"angle":-22.5,"axis":"x","origin":[2.0,4.5,12.5]},"faces":{"north":{"uv":[10.0,5.0,10.33333,8.5],"texture":"#1"},"east":{"uv":[13.0,5.0,10.0,8.5],"texture":"#1"},"south":{"uv":[12.66667,5.0,13.0,8.5],"texture":"#1"},"west":{"uv":[10.0,5.0,13.0,8.5],"texture":"#1"},"up":{"uv":[10.0,5.0,13.0,5.5],"texture":"#1","rotation":90},"down":{"uv":[13.0,8.5,10.0,8.0],"texture":"#1","rotation":90}}},{"from":[3.0,0.0,3.0],"to":[13.0,10.0,13.0],"rotation":{"angle":0.0,"axis":"y","origin":[0.0,-23.0,0.0]},"faces":{"north":{"uv":[0.0,0.0,3.33333,5.0],"texture":"#1"},"east":{"uv":[6.66667,0.0,3.33333,5.0],"texture":"#1"},"south":{"uv":[10.0,0.0,13.33333,5.0],"texture":"#1"},"west":{"uv":[3.33333,0.0,6.66667,5.0],"texture":"#1"},"up":{"uv":[0.0,9.5,3.33333,14.5],"texture":"#1"},"down":{"uv":[6.66667,0.0,10.0,5.0],"texture":"#1"}}},{"from":[6.0,-1.0,2.0],"to":[10.0,2.0,5.0],"rotation":{"angle":0.0,"axis":"y","origin":[0.0,-23.0,0.0]},"faces":{"north":{"uv":[3.33333,9.5,4.66667,11.0],"texture":"#1","tintindex":0},"east":{"uv":[4.33333,11.0,3.33333,12.5],"texture":"#1","tintindex":0},"south":{"uv":[4.0,11.0,4.33333,12.5],"texture":"#1","tintindex":0},"west":{"uv":[3.33333,11.0,4.33333,12.5],"texture":"#1","tintindex":0},"up":{"uv":[3.33333,12.5,4.66667,14.0],"texture":"#1","tintindex":0},"down":{"uv":[3.33333,14.0,4.66667,15.5],"texture":"#1","tintindex":0}}},{"from":[2.0,2.0,7.0],"to":[3.0,6.0,11.0],"rotation":{"angle":0.0,"axis":"y","origin":[8.0,9.5,7.0]},"faces":{"north":{"uv":[6.66667,5.0,7.0,7.0],"texture":"#1","tintindex":0},"east":{"uv":[6.66667,5.0,8.0,7.0],"texture":"#1","tintindex":0},"south":{"uv":[6.66667,5.0,7.0,7.0],"texture":"#1","tintindex":0},"west":{"uv":[6.66667,5.0,8.0,7.0],"texture":"#1","tintindex":0},"up":{"uv":[6.66667,5.0,8.0,5.5],"texture":"#1","tintindex":0},"down":{"uv":[6.66667,6.5,8.0,7.0],"texture":"#1","tintindex":0}}},{"from":[13.0,2.0,7.0],"to":[14.0,6.0,11.0],"rotation":{"angle":0.0,"axis":"y","origin":[8.0,9.5,7.0]},"faces":{"north":{"uv":[7.0,5.0,6.66667,7.0],"texture":"#1","tintindex":0},"east":{"uv":[8.0,5.0,6.66667,7.0],"texture":"#1","tintindex":0},"south":{"uv":[7.0,5.0,6.66667,7.0],"texture":"#1","tintindex":0},"west":{"uv":[8.0,5.0,6.66667,7.0],"texture":"#1","tintindex":0},"up":{"uv":[8.0,5.0,6.66667,5.5],"texture":"#1","tintindex":0},"down":{"uv":[8.0,6.5,6.66667,7.0],"texture":"#1","tintindex":0}}},{"from":[14.26,2.01,8.01],"to":[14.24,8.99,16.99],"rotation":{"angle":-22.5,"axis":"x","origin":[14.0,4.5,12.5]},"faces":{"north":{"uv":[10.33333,5.0,10.0,8.5],"texture":"#1"},"east":{"uv":[13.0,5.0,10.0,8.5],"texture":"#1"},"south":{"uv":[13.0,5.0,12.66667,8.5],"texture":"#1"},"west":{"uv":[10.0,5.0,13.0,8.5],"texture":"#1"},"up":{"uv":[10.0,5.5,13.0,5.0],"texture":"#1","rotation":90},"down":{"uv":[13.0,8.0,10.0,8.5],"texture":"#1","rotation":90}}},{"from":[14.26,2.01,8.01],"to":[14.24,8.99,16.99],"rotation":{"angle":-22.5,"axis":"x","origin":[14.0,4.5,12.5]},"faces":{"north":{"uv":[10.33333,5.0,10.0,8.5],"texture":"#1","tintindex":0},"east":{"uv":[13.0,9.0,10.0,12.5],"texture":"#1","tintindex":0},"south":{"uv":[13.0,5.0,12.66667,8.5],"texture":"#1","tintindex":0},"west":{"uv":[10.0,9.0,13.0,12.5],"texture":"#1","tintindex":0},"up":{"uv":[10.0,5.5,13.0,5.0],"texture":"#1","tintindex":0,"rotation":90},"down":{"uv":[13.0,8.0,10.0,8.5],"texture":"#1","tintindex":0,"rotation":90}}},{"from":[1.76,2.01,8.01],"to":[1.74,8.99,16.99],"rotation":{"angle":-22.5,"axis":"x","origin":[2.0,4.5,12.5]},"faces":{"north":{"uv":[10.0,5.0,10.33333,8.5],"texture":"#1","tintindex":0},"east":{"uv":[13.0,9.0,10.0,12.5],"texture":"#1","tintindex":0},"south":{"uv":[12.66667,5.0,13.0,8.5],"texture":"#1","tintindex":0},"west":{"uv":[10.0,9.0,13.0,12.5],"texture":"#1","tintindex":0},"up":{"uv":[10.0,5.0,13.0,5.5],"texture":"#1","tintindex":0,"rotation":90},"down":{"uv":[13.0,8.5,10.0,8.0],"texture":"#1","tintindex":0,"rotation":90}}},{"from":[9.0,1.0,2.5],"to":[14.0,6.0,2.5],"rotation":{"angle":0.0,"axis":"y","origin":[0.0,-23.0,0.0]},"faces":{"north":{"uv":[5.0,5.0,10.0,10.0],"texture":"#3"},"east":{"uv":[6.66667,0.0,3.33333,5.0],"texture":"#3"},"south":{"uv":[5.0,5.0,10.0,10.0],"texture":"#3"},"west":{"uv":[3.33333,0.0,6.66667,5.0],"texture":"#3"},"up":{"uv":[0.0,9.5,3.33333,14.5],"texture":"#3"},"down":{"uv":[6.66667,0.0,10.0,5.0],"texture":"#3"}}},{"from":[13.4,10.4,13.4],"to":[2.6,-0.4,2.6],"rotation":{"angle":0.0,"axis":"y","origin":[0.0,-23.0,0.0]},"faces":{"north":{"uv":[6.0,0.0,6.33333,0.33333],"texture":"#5","tintindex":0},"east":{"uv":[6.0,0.0,6.33333,0.33333],"texture":"#5","tintindex":0},"south":{"uv":[6.0,0.0,6.33333,0.33333],"texture":"#5","tintindex":0},"west":{"uv":[6.0,0.0,6.33333,0.33333],"texture":"#5","tintindex":0},"up":{"uv":[6.0,0.0,6.33333,0.33333],"texture":"#5","tintindex":0},"down":{"uv":[6.0,0.0,6.33333,0.33333],"texture":"#5","tintindex":0}}},{"from":[-6.0,4.0,-6.0],"to":[22.0,4.0,22.0],"rotation":{"angle":0.0,"axis":"y","origin":[8.0,4.0,8.0]},"faces":{"up":{"uv":[0.0,0.0,4.66667,4.66667],"texture":"#2","tintindex":0},"down":{"uv":[0.0,0.0,4.66667,4.66667],"texture":"#2","tintindex":0}}},{"from":[15.0,12.0,15.0],"to":[19.0,16.0,19.0],"rotation":{"angle":0.0,"axis":"y","origin":[0.0,-23.0,0.0]},"faces":{"north":{"uv":[4.83333,2.0,5.5,2.66667],"texture":"#2"},"east":{"uv":[4.83333,2.0,5.5,2.66667],"texture":"#2"},"south":{"uv":[4.83333,2.0,5.5,2.66667],"texture":"#2"},"west":{"uv":[4.83333,2.0,5.5,2.66667],"texture":"#2"},"up":{"uv":[5.5,2.0,6.16667,2.66667],"texture":"#2"},"down":{"uv":[4.83333,2.66667,5.5,3.33333],"texture":"#2"}}},{"from":[12.0,14.0,12.0],"to":[22.0,14.0,22.0],"rotation":{"angle":0.0,"axis":"y","origin":[17.0,14.0,17.0]},"faces":{"north":{"uv":[4.83333,0.0,5.5,0.66667],"texture":"#2"},"east":{"uv":[4.83333,0.0,5.5,0.66667],"texture":"#2"},"south":{"uv":[4.83333,0.0,5.5,0.66667],"texture":"#2"},"west":{"uv":[4.83333,0.0,5.5,0.66667],"texture":"#2"},"up":{"uv":[6.16667,0.0,7.83333,1.66667],"texture":"#2"},"down":{"uv":[6.16667,0.0,7.83333,1.66667],"texture":"#2"}}},{"from":[-4.0,-2.0,-3.0],"to":[0.0,2.0,1.0],"rotation":{"angle":0.0,"axis":"y","origin":[0.0,-23.0,0.0]},"faces":{"north":{"uv":[6.33333,2.0,7.0,2.66667],"texture":"#2"},"east":{"uv":[6.33333,2.0,7.0,2.66667],"texture":"#2"},"south":{"uv":[6.33333,2.0,7.0,2.66667],"texture":"#2"},"west":{"uv":[6.33333,2.0,7.0,2.66667],"texture":"#2"},"up":{"uv":[7.0,2.0,7.66667,2.66667],"texture":"#2"},"down":{"uv":[6.33333,2.66667,7.0,3.33333],"texture":"#2"}}},{"from":[-3.0,8.0,19.0],"to":[0.0,11.0,22.0],"rotation":{"angle":0.0,"axis":"y","origin":[0.0,-23.0,0.0]},"faces":{"north":{"uv":[5.66667,0.83333,6.16667,1.33333],"texture":"#2","tintindex":0},"east":{"uv":[5.66667,0.83333,6.16667,1.33333],"texture":"#2","tintindex":0},"south":{"uv":[5.66667,0.83333,6.16667,1.33333],"texture":"#2","tintindex":0},"west":{"uv":[5.66667,0.83333,6.16667,1.33333],"texture":"#2","tintindex":0},"up":{"uv":[5.66667,1.33333,6.16667,1.83333],"texture":"#2","tintindex":0},"down":{"uv":[5.66667,1.16667,5.83333,1.33333],"texture":"#2","tintindex":0}}},{"from":[16.0,-3.0,-1.0],"to":[19.0,0.0,2.0],"rotation":{"angle":0.0,"axis":"y","origin":[0.0,-23.0,0.0]},"faces":{"north":{"uv":[7.16667,2.83333,7.66667,3.33333],"texture":"#2"},"east":{"uv":[7.16667,2.83333,7.66667,3.33333],"texture":"#2"},"south":{"uv":[7.16667,2.83333,7.66667,3.33333],"texture":"#2"},"west":{"uv":[7.16667,2.83333,7.66667,3.33333],"texture":"#2"},"up":{"uv":[7.16667,3.33333,7.66667,3.83333],"texture":"#2"},"down":{"uv":[7.16667,3.16667,7.33333,3.33333],"texture":"#2"}}},{"from":[-7.0,0.0,-6.0],"to":[3.0,0.0,4.0],"rotation":{"angle":0.0,"axis":"y","origin":[0.0,-23.0,0.0]},"faces":{"north":{"uv":[4.83333,0.0,5.5,0.66667],"texture":"#2"},"east":{"uv":[4.83333,0.0,5.5,0.66667],"texture":"#2"},"south":{"uv":[4.83333,0.0,5.5,0.66667],"texture":"#2"},"west":{"uv":[4.83333,0.0,5.5,0.66667],"texture":"#2"},"up":{"uv":[8.0,0.0,9.66667,1.66667],"texture":"#2"},"down":{"uv":[8.0,0.0,9.66667,1.66667],"texture":"#2"}}},{"from":[-6.0,4.0,-6.0],"to":[22.0,4.0,22.0],"rotation":{"angle":-22.5,"axis":"y","origin":[8.0,4.0,8.0]},"faces":{"up":{"uv":[0.0,4.83333,4.66667,9.5],"texture":"#2","tintindex":0},"down":{"uv":[0.0,4.83333,4.66667,9.5],"texture":"#2","tintindex":0}}},{"from":[12.0,14.0,12.0],"to":[22.0,14.0,22.0],"rotation":{"angle":22.5,"axis":"y","origin":[17.0,14.0,17.0]},"faces":{"north":{"uv":[4.83333,0.0,5.5,0.66667],"texture":"#2"},"east":{"uv":[4.83333,0.0,5.5,0.66667],"texture":"#2"},"south":{"uv":[4.83333,0.0,5.5,0.66667],"texture":"#2"},"west":{"uv":[4.83333,0.0,5.5,0.66667],"texture":"#2"},"up":{"uv":[9.83333,0.0,11.5,1.66667],"texture":"#2"},"down":{"uv":[9.83333,0.0,11.5,1.66667],"texture":"#2"}}},{"from":[-7.0,0.0,-6.0],"to":[3.0,0.0,4.0],"rotation":{"angle":22.5,"axis":"y","origin":[-2.0,0.0,-1.0]},"faces":{"north":{"uv":[4.83333,0.0,5.5,0.66667],"texture":"#2"},"east":{"uv":[4.83333,0.0,5.5,0.66667],"texture":"#2"},"south":{"uv":[4.83333,0.0,5.5,0.66667],"texture":"#2"},"west":{"uv":[4.83333,0.0,5.5,0.66667],"texture":"#2"},"up":{"uv":[11.66667,0.0,13.33333,1.66667],"texture":"#2"},"down":{"uv":[11.66667,0.0,13.33333,1.66667],"texture":"#2"}}},{"from":[-6.0,4.0,-6.0],"to":[22.0,4.0,22.0],"rotation":{"angle":-45.0,"axis":"y","origin":[8.0,4.0,8.0]},"faces":{"up":{"uv":[0.0,9.66667,4.66667,14.33333],"texture":"#2","tintindex":0},"down":{"uv":[0.0,9.66667,4.66667,14.33333],"texture":"#2","tintindex":0}}},{"from":[12.0,14.0,12.0],"to":[22.0,14.0,22.0],"rotation":{"angle":45.0,"axis":"y","origin":[17.0,14.0,17.0]},"faces":{"north":{"uv":[4.83333,0.0,5.5,0.66667],"texture":"#2"},"east":{"uv":[4.83333,0.0,5.5,0.66667],"texture":"#2"},"south":{"uv":[4.83333,0.0,5.5,0.66667],"texture":"#2"},"west":{"uv":[4.83333,0.0,5.5,0.66667],"texture":"#2"},"up":{"uv":[8.0,1.83333,9.66667,3.5],"texture":"#2"},"down":{"uv":[8.0,1.83333,9.66667,3.5],"texture":"#2"}}},{"from":[-7.0,0.0,-6.0],"to":[3.0,0.0,4.0],"rotation":{"angle":-45.0,"axis":"y","origin":[-2.0,0.0,-1.0]},"faces":{"north":{"uv":[4.83333,0.0,5.5,0.66667],"texture":"#2"},"east":{"uv":[4.83333,0.0,5.5,0.66667],"texture":"#2"},"south":{"uv":[4.83333,0.0,5.5,0.66667],"texture":"#2"},"west":{"uv":[4.83333,0.0,5.5,0.66667],"texture":"#2"},"up":{"uv":[9.83333,1.83333,11.5,3.5],"texture":"#2","rotation":270},"down":{"uv":[9.83333,1.83333,11.5,3.5],"texture":"#2","rotation":90}}},{"from":[-6.0,4.0,-6.0],"to":[22.0,4.0,22.0],"rotation":{"angle":22.5,"axis":"y","origin":[8.0,4.0,8.0]},"faces":{"up":{"uv":[4.83333,9.66667,9.5,14.33333],"texture":"#2","tintindex":0,"rotation":90},"down":{"uv":[4.83333,9.66667,9.5,14.33333],"texture":"#2","tintindex":0,"rotation":270}}},{"from":[12.0,14.0,12.0],"to":[22.0,14.0,22.0],"rotation":{"angle":-22.5,"axis":"y","origin":[17.0,14.0,17.0]},"faces":{"north":{"uv":[4.83333,0.0,5.5,0.66667],"texture":"#2"},"east":{"uv":[4.83333,0.0,5.5,0.66667],"texture":"#2"},"south":{"uv":[4.83333,0.0,5.5,0.66667],"texture":"#2"},"west":{"uv":[4.83333,0.0,5.5,0.66667],"texture":"#2"},"up":{"uv":[11.66667,1.83333,13.33333,3.5],"texture":"#2","rotation":270},"down":{"uv":[11.66667,1.83333,13.33333,3.5],"texture":"#2","rotation":90}}},{"from":[-7.0,0.0,-6.0],"to":[3.0,0.0,4.0],"rotation":{"angle":-22.5,"axis":"y","origin":[-2.0,0.0,-1.0]},"faces":{"north":{"uv":[4.83333,0.0,5.5,0.66667],"texture":"#2"},"east":{"uv":[4.83333,0.0,5.5,0.66667],"texture":"#2"},"south":{"uv":[4.83333,0.0,5.5,0.66667],"texture":"#2"},"west":{"uv":[4.83333,0.0,5.5,0.66667],"texture":"#2"},"up":{"uv":[13.5,1.83333,15.16667,3.5],"texture":"#2","rotation":270},"down":{"uv":[13.5,1.83333,15.16667,3.5],"texture":"#2","rotation":90}}},{"from":[-1.0,12.0,8.0],"to":[2.0,15.0,8.0],"rotation":{"angle":0.0,"axis":"y","origin":[0.0,-23.0,0.0]},"faces":{"north":{"uv":[1.0,7.0,2.5,8.5],"texture":"#4","tintindex":0},"south":{"uv":[1.0,7.0,2.5,8.5],"texture":"#4","tintindex":0}}},{"from":[-8.0,6.0,8.0],"to":[-5.0,9.0,8.0],"rotation":{"angle":0.0,"axis":"y","origin":[0.0,-23.0,0.0]},"faces":{"north":{"uv":[2.0,8.0,3.5,9.5],"texture":"#4","tintindex":0},"south":{"uv":[2.0,8.0,3.5,9.5],"texture":"#4","tintindex":0}}},{"from":[16.0,5.0,8.0],"to":[19.0,8.0,8.0],"rotation":{"angle":0.0,"axis":"y","origin":[0.0,-23.0,0.0]},"faces":{"north":{"uv":[0.0,8.0,1.5,9.5],"texture":"#4","tintindex":0},"south":{"uv":[0.0,8.0,1.5,9.5],"texture":"#4","tintindex":0}}},{"from":[12.0,16.0,8.0],"to":[15.0,19.0,8.0],"rotation":{"angle":0.0,"axis":"y","origin":[0.0,-23.0,0.0]},"faces":{"north":{"uv":[0.0,9.0,1.5,10.5],"texture":"#4","tintindex":0},"south":{"uv":[0.0,9.0,1.5,10.5],"texture":"#4","tintindex":0}}},{"from":[4.0,-8.0,8.0],"to":[7.0,-5.0,8.0],"rotation":{"angle":0.0,"axis":"y","origin":[0.0,-23.0,0.0]},"faces":{"north":{"uv":[0.0,7.0,1.5,8.5],"texture":"#4","tintindex":0},"south":{"uv":[0.0,7.0,1.5,8.5],"texture":"#4","tintindex":0}}},{"from":[20.0,-1.0,8.0],"to":[23.0,2.0,8.0],"rotation":{"angle":0.0,"axis":"y","origin":[0.0,-23.0,0.0]},"faces":{"north":{"uv":[1.0,7.0,2.5,8.5],"texture":"#4","tintindex":0},"south":{"uv":[1.0,7.0,2.5,8.5],"texture":"#4","tintindex":0}}},{"from":[-7.0,-5.0,8.0],"to":[-4.0,-2.0,8.0],"rotation":{"angle":0.0,"axis":"y","origin":[0.0,-23.0,0.0]},"faces":{"north":{"uv":[0.0,9.0,1.5,10.5],"texture":"#4","tintindex":0},"south":{"uv":[0.0,9.0,1.5,10.5],"texture":"#4","tintindex":0}}},{"from":[7.5,12.0,-0.5],"to":[7.5,15.0,2.5],"rotation":{"angle":0.0,"axis":"y","origin":[7.5,5.5,8.0]},"faces":{"east":{"uv":[3.5,8.0,2.0,9.5],"texture":"#4","tintindex":0},"west":{"uv":[3.5,8.0,2.0,9.5],"texture":"#4","tintindex":0}}},{"from":[7.5,6.0,-7.5],"to":[7.5,9.0,-4.5],"rotation":{"angle":0.0,"axis":"y","origin":[7.5,5.5,8.0]},"faces":{"east":{"uv":[3.5,7.0,2.0,8.5],"texture":"#4","tintindex":0},"west":{"uv":[3.5,7.0,2.0,8.5],"texture":"#4","tintindex":0}}},{"from":[7.5,5.0,16.5],"to":[7.5,8.0,19.5],"rotation":{"angle":0.0,"axis":"y","origin":[7.5,5.5,8.0]},"faces":{"east":{"uv":[2.5,7.0,1.0,8.5],"texture":"#4","tintindex":0},"west":{"uv":[2.5,7.0,1.0,8.5],"texture":"#4","tintindex":0}}},{"from":[7.5,16.0,12.5],"to":[7.5,19.0,15.5],"rotation":{"angle":0.0,"axis":"y","origin":[7.5,5.5,8.0]},"faces":{"east":{"uv":[1.5,7.0,0.0,8.5],"texture":"#4","tintindex":0},"west":{"uv":[1.5,7.0,0.0,8.5],"texture":"#4","tintindex":0}}},{"from":[7.5,-8.0,4.5],"to":[7.5,-5.0,7.5],"rotation":{"angle":0.0,"axis":"y","origin":[7.5,5.5,8.0]},"faces":{"east":{"uv":[1.5,9.0,0.0,10.5],"texture":"#4","tintindex":0},"west":{"uv":[1.5,9.0,0.0,10.5],"texture":"#4","tintindex":0}}},{"from":[7.5,-1.0,20.5],"to":[7.5,2.0,23.5],"rotation":{"angle":0.0,"axis":"y","origin":[7.5,5.5,8.0]},"faces":{"east":{"uv":[2.5,8.0,1.0,9.5],"texture":"#4","tintindex":0},"west":{"uv":[2.5,8.0,1.0,9.5],"texture":"#4","tintindex":0}}},{"from":[7.5,-5.0,-6.5],"to":[7.5,-2.0,-3.5],"rotation":{"angle":0.0,"axis":"y","origin":[7.5,5.5,8.0]},"faces":{"east":{"uv":[1.5,9.0,0.0,10.5],"texture":"#4","tintindex":0},"west":{"uv":[1.5,9.0,0.0,10.5],"texture":"#4","tintindex":0}}}],"display":{"thirdperson_righthand":{"translation":[0.0,1.0,-1.0],"rotation":[63.0,34.0,0.0],"scale":[0.52539,0.52539,0.52539]},"thirdperson_lefthand":{"translation":[0.0,1.0,-1.0],"rotation":[63.0,34.0,0.0],"scale":[0.52539,0.52539,0.52539]},"firstperson_righthand":{"translation":[9.5,0.0,-5.75],"rotation":[3.0,112.0,-13.0],"scale":[0.41992,0.41992,0.41992]},"firstperson_lefthand":{"translation":[9.5,0.0,-5.75],"rotation":[3.0,112.0,-13.0],"scale":[0.41992,0.41992,0.41992]},"ground":{"translation":[0.0,4.25,0.0],"scale":[0.28906,0.28906,0.28906]},"gui":{"translation":[0.0,1.25,0.0],"rotation":[-149.61,-31.92,-180.0],"scale":[0.47265,0.47265,0.47265]},"head":{"translation":[0.0,5.75,0.0],"scale":[1.64102,1.64102,1.64102]},"fixed":{"translation":[0.0,-3.25,-7.5]}},"credit":"Made with Blockbench"}