{"textures":{"0":"mcc:island_cosmetics/general/hat/beanie/beanie","2":"mcc:island_cosmetics/general/hat/beanie/variant_beanie","particle":"mcc:island_cosmetics/general/hat/beanie/beanie"},"elements":[{"from":[3.2,6.5,3.2],"to":[12.8,9.1,12.8],"rotation":{"angle":0.0,"axis":"x","origin":[8.38333,7.5,8.2]},"faces":{"north":{"uv":[1.25,0.125,2.375,0.375],"texture":"#2","tintindex":0},"east":{"uv":[1.25,0.125,2.375,0.375],"texture":"#2","tintindex":0},"south":{"uv":[1.25,0.125,2.375,0.375],"texture":"#2","tintindex":0},"west":{"uv":[1.25,0.125,2.375,0.375],"texture":"#2","tintindex":0}}},{"from":[3.5,6.75,3.5],"to":[12.5,12.75,12.5],"rotation":{"angle":0.0,"axis":"x","origin":[8.0,10.5,8.0]},"faces":{"north":{"uv":[3.75,0.125,4.875,0.875],"texture":"#2","tintindex":0},"east":{"uv":[3.75,0.125,4.875,0.875],"texture":"#2","tintindex":0},"south":{"uv":[3.75,0.125,4.875,0.875],"texture":"#2","tintindex":0},"west":{"uv":[3.75,0.125,4.875,0.875],"texture":"#2","tintindex":0},"up":{"uv":[0.0,0.0,4.5,4.5],"texture":"#0","tintindex":0},"down":{"uv":[0.0,4.5,4.5,9.0],"texture":"#0","tintindex":0}}},{"from":[3.5,6.75,3.5],"to":[12.5,12.75,12.5],"rotation":{"angle":0.0,"axis":"x","origin":[8.0,10.5,8.0]},"faces":{"north":{"uv":[5.0,0.125,6.125,0.875],"texture":"#2"},"east":{"uv":[5.0,0.125,6.125,0.875],"texture":"#2"},"south":{"uv":[5.0,0.125,6.125,0.875],"texture":"#2"},"west":{"uv":[5.0,0.125,6.125,0.875],"texture":"#2"}}},{"from":[12.8,9.1,12.8],"to":[3.2,6.5,3.2],"rotation":{"angle":0.0,"axis":"x","origin":[8.38333,7.5,8.2]},"faces":{"north":{"uv":[1.25,0.375,2.375,0.125],"texture":"#2","tintindex":0},"east":{"uv":[1.25,0.375,2.375,0.125],"texture":"#2","tintindex":0},"south":{"uv":[1.25,0.375,2.375,0.125],"texture":"#2","tintindex":0},"west":{"uv":[1.25,0.375,2.375,0.125],"texture":"#2","tintindex":0}}}],"display":{"thirdperson_righthand":{"translation":[0.0,1.0,0.75],"rotation":[55.5,34.0,0.0],"scale":[0.52539,0.52539,0.52539]},"thirdperson_lefthand":{"translation":[0.0,1.0,0.75],"rotation":[55.5,34.0,0.0],"scale":[0.52539,0.52539,0.52539]},"firstperson_righthand":{"translation":[9.5,0.0,-5.75],"rotation":[21.0,114.5,-13.75],"scale":[0.41992,0.41992,0.41992]},"firstperson_lefthand":{"translation":[9.5,0.0,-5.75],"rotation":[21.0,114.5,-13.75],"scale":[0.41992,0.41992,0.41992]},"gui":{"translation":[0.0,-1.5,0.0],"rotation":[-168.09,-34.89,169.2],"scale":[1.0664,1.0664,1.0664]},"head":{"translation":[-0.25,2.75,0.25],"rotation":[5.73,0.0,0.0],"scale":[1.7504,1.7504,1.7504]}},"credit":"Made with Blockbench","gui_light":"front"}