{"textures":{"1":"mcc:island_cosmetics/general/hat/shades/shades","2":"mcc:island_cosmetics/general/hat/shades/popstar","particle":"mcc:island_cosmetics/general/hat/shades/shades"},"elements":[{"from":[3.5,4.0,3.5],"to":[12.5,10.0,12.5],"rotation":{"angle":0.0,"axis":"x","origin":[7.5,9.5,7.5]},"faces":{"north":{"uv":[0.0,0.0,9.0,6.0],"texture":"#2","tintindex":0},"east":{"uv":[0.0,3.0,9.0,9.0],"texture":"#1","tintindex":0},"west":{"uv":[9.0,3.0,0.0,9.0],"texture":"#1","tintindex":0}}},{"from":[3.5,4.0,3.5],"to":[12.5,10.0,3.5],"rotation":{"angle":0.0,"axis":"x","origin":[7.5,9.5,7.5]},"faces":{"north":{"uv":[0.0,6.0,9.0,12.0],"texture":"#2"},"south":{"uv":[0.0,6.0,9.0,12.0],"texture":"#2"}}},{"from":[12.5,10.0,12.5],"to":[3.5,4.0,3.5],"rotation":{"angle":0.0,"axis":"x","origin":[7.5,9.5,7.5]},"faces":{"east":{"uv":[9.0,9.0,0.0,3.0],"texture":"#1","tintindex":0},"south":{"uv":[0.0,6.0,9.0,0.0],"texture":"#2","tintindex":0},"west":{"uv":[0.0,9.0,9.0,3.0],"texture":"#1","tintindex":0}}},{"from":[12.5,10.0,3.5],"to":[3.5,4.0,3.5],"rotation":{"angle":0.0,"axis":"x","origin":[7.5,9.5,7.5]},"faces":{"north":{"uv":[0.0,12.0,9.0,6.0],"texture":"#2"},"south":{"uv":[0.0,12.0,9.0,6.0],"texture":"#2"}}}],"display":{"thirdperson_righthand":{"translation":[0.0,1.0,0.75],"rotation":[55.5,34.0,0.0],"scale":[0.52539,0.52539,0.52539]},"thirdperson_lefthand":{"translation":[0.0,1.0,0.75],"rotation":[55.5,34.0,0.0],"scale":[0.52539,0.52539,0.52539]},"firstperson_righthand":{"translation":[9.5,0.0,-5.75],"rotation":[21.0,114.5,-13.75],"scale":[0.41992,0.41992,0.41992]},"firstperson_lefthand":{"translation":[9.5,0.0,-5.75],"rotation":[21.0,114.5,-13.75],"scale":[0.41992,0.41992,0.41992]},"gui":{"translation":[-1.0,3.5,0.0],"rotation":[-149.61,-31.92,-180.0],"scale":[1.22266,1.22266,1.22266]},"head":{"translation":[0.0,3.75,-0.25],"rotation":[-4.0,0.0,0.0],"scale":[1.72305,1.72305,1.72305]}},"credit":"Made with Blockbench","gui_light":"front"}