{"textures":{"1":"mcc:island_cosmetics/general/hat/shades/shades","2":"mcc:island_cosmetics/general/hat/shades/sunset","particle":"mcc:island_cosmetics/general/hat/shades/shades"},"elements":[{"from":[3.0,4.0,3.5],"to":[13.0,9.0,12.5],"rotation":{"angle":0.0,"axis":"x","origin":[8.0,9.5,7.5]},"faces":{"north":{"uv":[0.0,1.0,11.0,6.0],"texture":"#2","tintindex":0},"east":{"uv":[0.0,4.0,9.0,9.0],"texture":"#1","tintindex":0},"west":{"uv":[9.0,4.0,0.0,9.0],"texture":"#1","tintindex":0}}},{"from":[3.0,3.0,3.5],"to":[13.0,8.0,3.5],"rotation":{"angle":0.0,"axis":"x","origin":[8.0,9.5,7.5]},"faces":{"north":{"uv":[0.0,8.0,11.0,13.0],"texture":"#2"},"east":{"uv":[0.0,4.0,9.0,9.0],"texture":"#1"},"south":{"uv":[0.0,8.0,11.0,13.0],"texture":"#2"},"west":{"uv":[9.0,4.0,0.0,9.0],"texture":"#1"}}},{"from":[13.0,9.0,12.5],"to":[3.0,4.0,3.5],"rotation":{"angle":0.0,"axis":"x","origin":[8.0,9.5,7.5]},"faces":{"east":{"uv":[9.0,9.0,0.0,4.0],"texture":"#1","tintindex":0},"south":{"uv":[0.0,6.0,11.0,1.0],"texture":"#2","tintindex":0},"west":{"uv":[0.0,9.0,9.0,4.0],"texture":"#1","tintindex":0}}}],"display":{"thirdperson_righthand":{"translation":[0.0,1.0,0.75],"rotation":[55.5,34.0,0.0],"scale":[0.52539,0.52539,0.52539]},"thirdperson_lefthand":{"translation":[0.0,1.0,0.75],"rotation":[55.5,34.0,0.0],"scale":[0.52539,0.52539,0.52539]},"firstperson_righthand":{"translation":[9.5,0.0,-5.75],"rotation":[21.0,114.5,-13.75],"scale":[0.41992,0.41992,0.41992]},"firstperson_lefthand":{"translation":[9.5,0.0,-5.75],"rotation":[21.0,114.5,-13.75],"scale":[0.41992,0.41992,0.41992]},"ground":{"translation":[0.0,13.0,0.0],"scale":[0.88867,0.88867,0.88867]},"gui":{"translation":[0.0,2.25,0.0],"rotation":[-149.61,-31.92,-180.0],"scale":[1.1543,1.16407,1.16407]},"head":{"translation":[0.0,2.0,0.0],"rotation":[-2.0,0.0,0.0],"scale":[1.72305,1.72305,1.72305]}},"credit":"Made with Blockbench","gui_light":"front"}