{"textures":{"0":"mcc:island_cosmetics/general/hat/frog_friend/frog_friend","particle":"mcc:island_cosmetics/general/hat/frog_friend/frog_friend"},"elements":[{"from":[5.5,2.0,4.0],"to":[10.5,6.0,12.0],"rotation":{"angle":22.5,"axis":"x","origin":[7.5,5.0,8.0]},"faces":{"north":{"uv":[5.0,0.0,7.5,2.0],"texture":"#0","tintindex":0},"east":{"uv":[0.0,4.0,4.0,6.0],"texture":"#0","tintindex":0},"south":{"uv":[5.0,2.0,7.5,4.0],"texture":"#0","tintindex":0},"west":{"uv":[4.0,4.0,8.0,6.0],"texture":"#0","tintindex":0},"up":{"uv":[2.5,4.0,0.0,0.0],"texture":"#0","tintindex":0},"down":{"uv":[5.0,0.0,2.5,4.0],"texture":"#0","tintindex":0}}},{"from":[5.5,2.0,4.0],"to":[10.5,6.0,12.0],"rotation":{"angle":22.5,"axis":"x","origin":[7.5,5.0,8.0]},"faces":{"north":{"uv":[12.0,8.5,14.5,10.5],"texture":"#0"},"east":{"uv":[7.0,12.5,11.0,14.5],"texture":"#0"},"south":{"uv":[12.0,10.5,14.5,12.5],"texture":"#0"},"west":{"uv":[11.0,12.5,15.0,14.5],"texture":"#0"},"up":{"uv":[9.5,12.5,7.0,8.5],"texture":"#0"},"down":{"uv":[12.0,8.5,9.5,12.5],"texture":"#0"}}},{"from":[5.375,2.0,3.75],"to":[10.625,6.0,4.75],"rotation":{"angle":22.5,"axis":"x","origin":[7.625,5.0,8.0]},"faces":{"north":{"uv":[9.0,0.0,11.5,2.0],"texture":"#0","tintindex":0},"east":{"uv":[11.5,0.0,12.0,2.0],"texture":"#0","tintindex":0},"south":{"uv":[9.0,1.5,11.5,2.0],"texture":"#0","tintindex":0},"west":{"uv":[12.0,0.0,12.5,2.0],"texture":"#0","tintindex":0},"up":{"uv":[15.0,0.0,12.5,0.5],"texture":"#0","tintindex":0},"down":{"uv":[15.0,0.0,12.5,0.5],"texture":"#0","tintindex":0}}},{"from":[5.0,1.0,8.0],"to":[7.0,4.0,12.0],"rotation":{"angle":0.0,"axis":"x","origin":[9.0,3.0,8.0]},"faces":{"north":{"uv":[7.5,0.0,8.5,1.5],"texture":"#0","tintindex":0},"east":{"uv":[0.0,6.0,2.0,7.5],"texture":"#0","tintindex":0},"south":{"uv":[1.0,7.5,2.0,9.0],"texture":"#0","tintindex":0},"west":{"uv":[2.0,6.0,4.0,7.5],"texture":"#0","tintindex":0},"up":{"uv":[8.0,8.0,7.0,6.0],"texture":"#0","tintindex":0},"down":{"uv":[1.0,7.5,0.0,9.5],"texture":"#0","tintindex":0}}},{"from":[9.0,1.0,8.0],"to":[11.0,4.0,12.0],"rotation":{"angle":0.0,"axis":"x","origin":[7.0,3.0,8.0]},"faces":{"north":{"uv":[8.5,0.0,7.5,1.5],"texture":"#0","tintindex":0},"east":{"uv":[4.0,6.0,2.0,7.5],"texture":"#0","tintindex":0},"south":{"uv":[2.0,7.5,1.0,9.0],"texture":"#0","tintindex":0},"west":{"uv":[2.0,6.0,0.0,7.5],"texture":"#0","tintindex":0},"up":{"uv":[7.0,8.0,8.0,6.0],"texture":"#0","tintindex":0},"down":{"uv":[0.0,7.5,1.0,9.5],"texture":"#0","tintindex":0}}},{"from":[5.0,2.0,5.0],"to":[7.0,4.0,7.0],"rotation":{"angle":0.0,"axis":"x","origin":[9.0,4.0,3.0]},"faces":{"north":{"uv":[7.5,1.5,8.5,2.5],"texture":"#0","tintindex":0},"east":{"uv":[2.0,7.5,3.0,8.5],"texture":"#0","tintindex":0},"south":{"uv":[7.5,2.5,8.5,3.5],"texture":"#0","tintindex":0},"west":{"uv":[3.0,7.5,4.0,8.5],"texture":"#0","tintindex":0},"up":{"uv":[5.0,8.5,4.0,7.5],"texture":"#0","tintindex":0},"down":{"uv":[6.0,7.5,5.0,8.5],"texture":"#0","tintindex":0}}},{"from":[4.5,2.0,3.75],"to":[7.5,2.0,6.75],"rotation":{"angle":22.5,"axis":"y","origin":[6.0,2.0,5.25]},"faces":{"north":{"uv":[5.5,7.5,4.0,6.0],"texture":"#0","tintindex":0},"east":{"uv":[5.5,7.5,4.0,6.0],"texture":"#0","tintindex":0},"south":{"uv":[5.5,7.5,4.0,6.0],"texture":"#0","tintindex":0},"west":{"uv":[5.5,7.5,4.0,6.0],"texture":"#0","tintindex":0},"up":{"uv":[5.5,7.5,4.0,6.0],"texture":"#0","tintindex":0},"down":{"uv":[5.5,6.0,4.0,7.5],"texture":"#0","tintindex":0}}},{"from":[9.0,2.0,5.0],"to":[11.0,4.0,7.0],"rotation":{"angle":0.0,"axis":"x","origin":[7.0,4.0,3.0]},"faces":{"north":{"uv":[8.5,1.5,7.5,2.5],"texture":"#0","tintindex":0},"east":{"uv":[4.0,7.5,3.0,8.5],"texture":"#0","tintindex":0},"south":{"uv":[8.5,2.5,7.5,3.5],"texture":"#0","tintindex":0},"west":{"uv":[3.0,7.5,2.0,8.5],"texture":"#0","tintindex":0},"up":{"uv":[4.0,8.5,5.0,7.5],"texture":"#0","tintindex":0},"down":{"uv":[5.0,7.5,6.0,8.5],"texture":"#0","tintindex":0}}},{"from":[8.5,2.0,3.75],"to":[11.5,2.0,6.75],"rotation":{"angle":-22.5,"axis":"y","origin":[10.0,2.0,5.25]},"faces":{"north":{"uv":[4.0,7.5,5.5,6.0],"texture":"#0","tintindex":0},"east":{"uv":[4.0,7.5,5.5,6.0],"texture":"#0","tintindex":0},"south":{"uv":[4.0,7.5,5.5,6.0],"texture":"#0","tintindex":0},"west":{"uv":[4.0,7.5,5.5,6.0],"texture":"#0","tintindex":0},"up":{"uv":[4.0,7.5,5.5,6.0],"texture":"#0","tintindex":0},"down":{"uv":[4.0,6.0,5.5,7.5],"texture":"#0","tintindex":0}}}],"display":{"thirdperson_righthand":{"translation":[-0.75,-4.5,0.75],"rotation":[27.39,5.26,-0.44]},"thirdperson_lefthand":{"translation":[-0.75,-4.5,0.75],"rotation":[27.39,5.26,-0.44]},"firstperson_righthand":{"translation":[0.0,-2.75,0.0],"rotation":[-179.94,55.58,-174.58]},"firstperson_lefthand":{"translation":[0.0,-2.75,0.0],"rotation":[-179.94,55.58,-174.58]},"ground":{"translation":[0.0,-4.5,0.0]},"gui":{"translation":[0.0,6.5,0.0],"rotation":[-152.39,-33.0,-177.22],"scale":[1.48242,1.48242,1.48242]},"head":{"translation":[0.0,16.5,0.0],"rotation":[3.5,0.0,0.0],"scale":[1.6,1.6,1.6]},"fixed":{"translation":[0.0,0.5,10.0],"rotation":[-90.0,0.0,0.0],"scale":[2.0,2.0,2.0]}},"credit":"Made with Blockbench","gui_light":"front"}