{"textures":{"1":"mcc:island_cosmetics/general/hat/army_helmet/army_helmet"},"display":{"thirdperson_righthand":{"translation":[0.0,1.0,0.75],"rotation":[55.5,34.0,0.0],"scale":[0.52539,0.52539,0.52539]},"thirdperson_lefthand":{"translation":[0.0,1.0,0.75],"rotation":[55.5,34.0,0.0],"scale":[0.52539,0.52539,0.52539]},"firstperson_righthand":{"translation":[9.5,0.0,-5.75],"rotation":[21.0,114.5,-13.75],"scale":[0.41992,0.41992,0.41992]},"firstperson_lefthand":{"translation":[9.5,0.0,-5.75],"rotation":[21.0,114.5,-13.75],"scale":[0.41992,0.41992,0.41992]},"gui":{"translation":[0.0,2.0,0.0],"rotation":[-154.61,-31.92,-180.0],"scale":[0.85351,0.85351,0.85351]},"head":{"translation":[0.0,6.25,0.0],"rotation":[1.75,0.0,0.0],"scale":[1.61172,1.61172,1.61172]}},"credit":"Made with Blockbench","texture_size":[32.0,32.0],"elements":[{"from":[3.0,5.0,3.0],"to":[13.0,10.0,13.0],"rotation":{"angle":0.0,"axis":"y","origin":[0.0,0.0,-1.0]},"faces":{"north":{"uv":[6.5,0.0,1.5,2.5],"texture":"#1"},"east":{"uv":[6.5,0.0,1.5,2.5],"texture":"#1"},"south":{"uv":[6.5,0.0,1.5,2.5],"texture":"#1"},"west":{"uv":[6.5,0.0,1.5,2.5],"texture":"#1"},"up":{"uv":[11.5,0.0,6.5,5.0],"texture":"#1"}}},{"from":[2.8,5.8,2.8],"to":[13.2,6.95,13.2],"rotation":{"angle":0.0,"axis":"y","origin":[0.0,0.0,-1.0]},"faces":{"north":{"uv":[6.5,8.0,1.5,8.5],"texture":"#1","tintindex":0.0},"east":{"uv":[6.5,8.0,1.5,8.5],"texture":"#1","tintindex":0.0},"south":{"uv":[6.5,8.0,1.5,8.5],"texture":"#1","tintindex":0.0},"west":{"uv":[6.5,8.0,1.5,8.5],"texture":"#1","tintindex":0.0}}},{"from":[13.0,0.0,6.5],"to":[13.0,5.0,9.5],"rotation":{"angle":0.0,"axis":"x","origin":[8.0,2.0,8.0]},"faces":{"north":{"uv":[0.0,0.0,0.125,0.125],"texture":"#missing"},"east":{"uv":[1.5,0.0,0.0,2.5],"texture":"#1"},"south":{"uv":[11.75,0.0,11.375,0.75],"texture":"#missing"},"west":{"uv":[1.5,0.0,0.0,2.5],"texture":"#1"},"up":{"uv":[0.0,0.0,0.125,0.125],"texture":"#missing"},"down":{"uv":[0.0,0.0,0.125,0.125],"texture":"#missing"}}},{"from":[3.0,0.0,6.5],"to":[3.0,5.0,9.5],"rotation":{"angle":0.0,"axis":"x","origin":[8.0,2.0,8.0]},"faces":{"north":{"uv":[0.125,0.0,0.0,0.125],"texture":"#missing"},"east":{"uv":[1.5,0.0,0.0,2.5],"texture":"#1"},"south":{"uv":[0.125,0.0,0.0,0.125],"texture":"#missing"},"west":{"uv":[1.5,0.0,0.0,2.5],"texture":"#1"},"up":{"uv":[0.125,0.0,0.0,0.125],"texture":"#missing"},"down":{"uv":[0.125,0.0,0.0,0.125],"texture":"#missing"}}},{"from":[1.0,5.0,1.0],"to":[15.0,5.0,15.0],"rotation":{"angle":0.0,"axis":"y","origin":[0.0,0.0,-1.0]},"faces":{"north":{"uv":[0.0,0.0,0.125,0.125],"texture":"#missing"},"east":{"uv":[0.0,0.0,0.125,0.125],"texture":"#missing"},"south":{"uv":[0.0,0.0,0.125,0.125],"texture":"#missing"},"west":{"uv":[0.0,0.0,0.125,0.125],"texture":"#missing"},"up":{"uv":[15.0,8.0,8.0,15.0],"texture":"#1"},"down":{"uv":[15.0,8.0,8.0,15.0],"texture":"#1"}}},{"name":"cube inverted","from":[13.2,6.95,13.2],"to":[2.8,5.8,2.8],"rotation":{"angle":0.0,"axis":"y","origin":[0.0,0.0,-1.0]},"faces":{"north":{"uv":[6.5,8.5,1.5,8.0],"texture":"#1","tintindex":0.0},"east":{"uv":[6.5,8.5,1.5,8.0],"texture":"#1","tintindex":0.0},"south":{"uv":[6.5,8.5,1.5,8.0],"texture":"#1","tintindex":0.0},"west":{"uv":[6.5,8.5,1.5,8.0],"texture":"#1","tintindex":0.0}}}],"gui_light":"front"}