{
	"credit": "Made with Blockbench",
	"textures": {
		"0": "item/custom/uraniumore",
		"particle": "item/custom/uraniumore"
	},
	"elements": [
		{
			"name": "uraniumOre_0",
			"from": [4, 0, 3],
			"to": [10, 1, 12],
			"faces": {
				"north": {"uv": [10, 3, 4, 4], "texture": "#0"},
				"east": {"uv": [9, 3, 10, 12], "rotation": 90, "texture": "#0"},
				"south": {"uv": [4, 11, 10, 12], "texture": "#0"},
				"west": {"uv": [4, 3, 5, 12], "rotation": 270, "texture": "#0"},
				"up": {"uv": [4, 3, 10, 12], "texture": "#0"},
				"down": {"uv": [4, 12, 10, 3], "texture": "#0"}
			}
		},
		{
			"name": "uraniumOre_1",
			"from": [3, 0, 4],
			"to": [4, 1, 11],
			"faces": {
				"north": {"uv": [4, 4, 3, 5], "texture": "#0"},
				"east": {"uv": [3, 4, 4, 11], "rotation": 90, "texture": "#0"},
				"south": {"uv": [3, 10, 4, 11], "texture": "#0"},
				"west": {"uv": [3, 4, 4, 11], "rotation": 270, "texture": "#0"},
				"up": {"uv": [3, 4, 4, 11], "texture": "#0"},
				"down": {"uv": [3, 11, 4, 4], "texture": "#0"}
			}
		},
		{
			"name": "uraniumOre_2",
			"from": [10, 0, 4],
			"to": [11, 1, 12],
			"faces": {
				"north": {"uv": [11, 4, 10, 5], "texture": "#0"},
				"east": {"uv": [10, 4, 11, 12], "rotation": 90, "texture": "#0"},
				"south": {"uv": [10, 11, 11, 12], "texture": "#0"},
				"west": {"uv": [10, 4, 11, 12], "rotation": 270, "texture": "#0"},
				"up": {"uv": [10, 4, 11, 12], "texture": "#0"},
				"down": {"uv": [10, 12, 11, 4], "texture": "#0"}
			}
		},
		{
			"name": "uraniumOre_3",
			"from": [2, 0, 5],
			"to": [3, 1, 10],
			"faces": {
				"north": {"uv": [3, 5, 2, 6], "texture": "#0"},
				"east": {"uv": [2, 5, 3, 10], "rotation": 90, "texture": "#0"},
				"south": {"uv": [2, 9, 3, 10], "texture": "#0"},
				"west": {"uv": [2, 5, 3, 10], "rotation": 270, "texture": "#0"},
				"up": {"uv": [2, 5, 3, 10], "texture": "#0"},
				"down": {"uv": [2, 10, 3, 5], "texture": "#0"}
			}
		},
		{
			"name": "uraniumOre_4",
			"from": [11, 0, 5],
			"to": [12, 1, 11],
			"faces": {
				"north": {"uv": [12, 5, 11, 6], "texture": "#0"},
				"east": {"uv": [11, 5, 12, 11], "rotation": 90, "texture": "#0"},
				"south": {"uv": [11, 10, 12, 11], "texture": "#0"},
				"west": {"uv": [11, 5, 12, 11], "rotation": 270, "texture": "#0"},
				"up": {"uv": [11, 5, 12, 11], "texture": "#0"},
				"down": {"uv": [11, 11, 12, 5], "texture": "#0"}
			}
		},
		{
			"name": "uraniumOre_5",
			"from": [12, 0, 6],
			"to": [13, 1, 9],
			"faces": {
				"north": {"uv": [13, 6, 12, 7], "texture": "#0"},
				"east": {"uv": [12, 6, 13, 9], "rotation": 90, "texture": "#0"},
				"south": {"uv": [12, 8, 13, 9], "texture": "#0"},
				"west": {"uv": [12, 6, 13, 9], "rotation": 270, "texture": "#0"},
				"up": {"uv": [12, 6, 13, 9], "texture": "#0"},
				"down": {"uv": [12, 9, 13, 6], "texture": "#0"}
			}
		},
		{
			"name": "uraniumOre_6",
			"from": [5, 0, 12],
			"to": [10, 1, 13],
			"faces": {
				"north": {"uv": [10, 12, 5, 13], "texture": "#0"},
				"east": {"uv": [9, 12, 10, 13], "rotation": 90, "texture": "#0"},
				"south": {"uv": [5, 12, 10, 13], "texture": "#0"},
				"west": {"uv": [5, 12, 6, 13], "rotation": 270, "texture": "#0"},
				"up": {"uv": [5, 12, 10, 13], "texture": "#0"},
				"down": {"uv": [5, 13, 10, 12], "texture": "#0"}
			}
		}
	],
	"display": {
		"thirdperson_righthand": {
			"rotation": [90, 0, 0],
			"translation": [0.25, 2, 5],
			"scale": [0.5, 0.5, 0.5]
		},
		"thirdperson_lefthand": {
			"rotation": [90, 0, 0],
			"translation": [-0.25, 2, 5],
			"scale": [0.5, 0.5, 0.5]
		},
		"firstperson_righthand": {
			"rotation": [70, 0, 0],
			"translation": [9, 0, 0]
		},
		"firstperson_lefthand": {
			"rotation": [70, 0, 0],
			"translation": [8, 0, 0]
		},
		"ground": {
			"rotation": [90, 0, 0],
			"translation": [0, 1.5, 5.5],
			"scale": [0.75, 0.75, 0.75]
		},
		"gui": {
			"rotation": [90, 0, 0],
			"translation": [0.75, 0, 0],
			"scale": [1.22, 1.22, 1.22]
		},
		"head": {
			"translation": [0, 16, 0]
		},
		"fixed": {
			"rotation": [90, 0, 0],
			"translation": [0.5, 0, 12],
			"scale": [1.51, 1.51, 1.51]
		}
	},
	"groups": [
		{
			"name": "uraniumOre",
			"origin": [8, 8, 8],
			"color": 0,
			"children": [0, 1, 2, 3, 4, 5, 6]
		}
	]
}