{"textures":{"1":"mcc:island_cosmetics/general/hat/frenzy/frenzy","particle":"mcc:island_cosmetics/general/accessory/ancient_potion/ancient_potion"},"elements":[{"from":[6.0,3.0,2.0],"to":[9.0,6.0,5.0],"faces":{"north":{"uv":[10.0,1.0,13.0,4.0],"texture":"#1","tintindex":0},"east":{"uv":[10.0,1.0,13.0,4.0],"texture":"#1","tintindex":0},"south":{"uv":[10.0,1.0,13.0,4.0],"texture":"#1","tintindex":0},"west":{"uv":[10.0,1.0,13.0,4.0],"texture":"#1","tintindex":0},"up":{"uv":[10.0,1.0,11.0,2.0],"texture":"#1","tintindex":0},"down":{"uv":[10.0,3.0,11.0,4.0],"texture":"#1","tintindex":0}}},{"from":[10.4,2.9,2.9],"to":[12.6,5.1,5.1],"faces":{"north":{"uv":[10.0,2.0,12.0,4.0],"texture":"#1","tintindex":0},"east":{"uv":[10.0,2.0,12.0,4.0],"texture":"#1","tintindex":0},"south":{"uv":[10.0,2.0,12.0,4.0],"texture":"#1","tintindex":0},"west":{"uv":[10.0,2.0,12.0,4.0],"texture":"#1","tintindex":0},"up":{"uv":[10.0,2.0,12.0,3.0],"texture":"#1","tintindex":0},"down":{"uv":[10.0,3.0,12.0,4.0],"texture":"#1","tintindex":0}}},{"from":[4.0,-5.0,4.0],"to":[12.0,4.0,4.0],"faces":{"north":{"uv":[1.0,1.0,9.0,11.0],"texture":"#1","tintindex":0},"south":{"uv":[9.0,1.0,1.0,11.0],"texture":"#1","tintindex":0}}},{"from":[3.9,2.9,2.9],"to":[6.1,5.1,5.1],"faces":{"north":{"uv":[10.0,2.0,12.0,4.0],"texture":"#1","tintindex":0},"east":{"uv":[10.0,2.0,12.0,4.0],"texture":"#1","tintindex":0},"south":{"uv":[10.0,2.0,12.0,4.0],"texture":"#1","tintindex":0},"west":{"uv":[10.0,2.0,12.0,4.0],"texture":"#1","tintindex":0},"up":{"uv":[10.0,2.0,12.0,3.0],"texture":"#1","tintindex":0},"down":{"uv":[10.0,3.0,12.0,4.0],"texture":"#1","tintindex":0}}},{"from":[3.7,2.7,2.7],"to":[6.3,5.3,5.3],"faces":{"north":{"uv":[10.0,6.0,12.0,8.0],"texture":"#1","tintindex":0},"east":{"uv":[10.0,6.0,12.0,8.0],"texture":"#1","tintindex":0},"south":{"uv":[10.0,6.0,12.0,8.0],"texture":"#1","tintindex":0},"west":{"uv":[10.0,6.0,12.0,8.0],"texture":"#1","tintindex":0},"up":{"uv":[10.0,6.0,12.0,7.0],"texture":"#1","tintindex":0},"down":{"uv":[10.0,7.0,12.0,8.0],"texture":"#1","tintindex":0}}},{"from":[10.3,2.8,2.8],"to":[12.7,5.2,5.2],"faces":{"north":{"uv":[10.0,6.0,12.0,8.0],"texture":"#1","tintindex":0},"east":{"uv":[10.0,6.0,12.0,8.0],"texture":"#1","tintindex":0},"south":{"uv":[10.0,6.0,12.0,8.0],"texture":"#1","tintindex":0},"west":{"uv":[10.0,6.0,12.0,8.0],"texture":"#1","tintindex":0},"up":{"uv":[10.0,6.0,12.0,7.0],"texture":"#1","tintindex":0},"down":{"uv":[10.0,7.0,12.0,8.0],"texture":"#1","tintindex":0}}},{"from":[5.8,2.8,1.8],"to":[9.2,6.2,5.2],"faces":{"north":{"uv":[10.0,5.0,13.0,8.0],"texture":"#1","tintindex":0},"east":{"uv":[10.0,5.0,13.0,8.0],"texture":"#1","tintindex":0},"south":{"uv":[10.0,5.0,13.0,8.0],"texture":"#1","tintindex":0},"west":{"uv":[10.0,5.0,13.0,8.0],"texture":"#1","tintindex":0},"up":{"uv":[10.0,5.0,11.0,6.0],"texture":"#1","tintindex":0},"down":{"uv":[10.0,7.0,11.0,8.0],"texture":"#1","tintindex":0}}},{"from":[6.0,3.0,2.0],"to":[9.0,6.0,5.0],"faces":{"north":{"uv":[10.0,9.0,13.0,12.0],"texture":"#1","tintindex":0},"east":{"uv":[10.0,9.0,13.0,12.0],"texture":"#1","tintindex":0},"south":{"uv":[10.0,9.0,13.0,12.0],"texture":"#1","tintindex":0},"west":{"uv":[10.0,9.0,13.0,12.0],"texture":"#1","tintindex":0},"up":{"uv":[10.0,9.0,11.0,10.0],"texture":"#1","tintindex":0},"down":{"uv":[10.0,11.0,11.0,12.0],"texture":"#1","tintindex":0}}},{"from":[10.1,2.6,2.6],"to":[12.9,5.4,5.4],"faces":{"north":{"uv":[10.0,10.0,12.0,12.0],"texture":"#1","tintindex":0},"east":{"uv":[10.0,10.0,12.0,12.0],"texture":"#1","tintindex":0},"south":{"uv":[10.0,10.0,12.0,12.0],"texture":"#1","tintindex":0},"west":{"uv":[10.0,10.0,12.0,12.0],"texture":"#1","tintindex":0},"up":{"uv":[10.0,10.0,12.0,11.0],"texture":"#1","tintindex":0},"down":{"uv":[10.0,11.0,12.0,12.0],"texture":"#1","tintindex":0}}},{"from":[3.9,2.9,2.9],"to":[6.1,5.1,5.1],"faces":{"north":{"uv":[10.0,10.0,12.0,12.0],"texture":"#1","tintindex":0},"east":{"uv":[10.0,10.0,12.0,12.0],"texture":"#1","tintindex":0},"south":{"uv":[10.0,10.0,12.0,12.0],"texture":"#1","tintindex":0},"west":{"uv":[10.0,10.0,12.0,12.0],"texture":"#1","tintindex":0},"up":{"uv":[10.0,10.0,12.0,11.0],"texture":"#1","tintindex":0},"down":{"uv":[10.0,11.0,12.0,12.0],"texture":"#1","tintindex":0}}},{"from":[6.1,3.1,2.1],"to":[8.9,5.9,4.9],"faces":{"north":{"uv":[10.0,13.0,13.0,16.0],"texture":"#1","tintindex":0},"east":{"uv":[10.0,13.0,13.0,16.0],"texture":"#1","tintindex":0},"south":{"uv":[10.0,13.0,13.0,16.0],"texture":"#1","tintindex":0},"west":{"uv":[10.0,13.0,13.0,16.0],"texture":"#1","tintindex":0},"up":{"uv":[10.0,13.0,11.0,14.0],"texture":"#1","tintindex":0},"down":{"uv":[10.0,15.0,11.0,16.0],"texture":"#1","tintindex":0}}},{"from":[10.5,3.0,3.0],"to":[12.5,5.0,5.0],"faces":{"north":{"uv":[10.0,14.0,12.0,16.0],"texture":"#1","tintindex":0},"east":{"uv":[10.0,14.0,12.0,16.0],"texture":"#1","tintindex":0},"south":{"uv":[10.0,14.0,12.0,16.0],"texture":"#1","tintindex":0},"west":{"uv":[10.0,14.0,12.0,16.0],"texture":"#1","tintindex":0},"up":{"uv":[10.0,14.0,12.0,15.0],"texture":"#1","tintindex":0},"down":{"uv":[10.0,15.0,12.0,16.0],"texture":"#1","tintindex":0}}},{"from":[3.6,2.6,2.6],"to":[6.4,5.4,5.4],"faces":{"north":{"uv":[10.0,14.0,12.0,16.0],"texture":"#1","tintindex":0},"east":{"uv":[10.0,14.0,12.0,16.0],"texture":"#1","tintindex":0},"south":{"uv":[10.0,14.0,12.0,16.0],"texture":"#1","tintindex":0},"west":{"uv":[10.0,14.0,12.0,16.0],"texture":"#1","tintindex":0},"up":{"uv":[10.0,14.0,12.0,15.0],"texture":"#1","tintindex":0},"down":{"uv":[10.0,15.0,12.0,16.0],"texture":"#1","tintindex":0}}}],"display":{"gui":{"translation":[-2.25,8.25,0.0],"rotation":[-149.61,-31.92,-180.0],"scale":[1.25781,1.25781,1.25781]},"head":{"translation":[0.0,3.25,0.0],"scale":[1.68008,1.68008,1.68008]}},"credit":"Made with Blockbench","gui_light":"front"}