{"textures":{"0":"mcc:island_cosmetics/head/head_faction_features","particle":"mcc:island_cosmetics/head/head_faction_features"},"credit":"Made with Blockbench","texture_size":[128.0,128.0],"elements":[{"from":[10.31895,6.24,7.41384],"to":[13.31895,9.24,8.41384],"rotation":{"angle":22.5,"axis":"y","origin":[12.06895,8.49,7.78884]},"faces":{"north":{"uv":[4.125,1.0,4.5,1.375],"texture":"#0"},"east":{"uv":[4.875,1.375,5.0,1.75],"texture":"#0"},"south":{"uv":[4.5,1.0,4.875,1.375],"texture":"#0"},"west":{"uv":[4.875,1.0,5.0,1.375],"texture":"#0"},"up":{"uv":[4.5,1.375,4.875,1.5],"texture":"#0"},"down":{"uv":[4.125,1.375,4.5,1.5],"texture":"#0"}}},{"from":[10.31895,4.24,7.41384],"to":[16.31895,12.24,7.41384],"rotation":{"angle":22.5,"axis":"y","origin":[12.06895,8.49,7.78884]},"faces":{"north":{"uv":[4.125,0.0,4.875,1.0],"texture":"#0"},"east":{"uv":[2.25,0.0,2.375,0.125],"texture":"#0"},"south":{"uv":[4.875,0.0,4.125,1.0],"texture":"#0"},"west":{"uv":[2.25,0.0,2.375,0.125],"texture":"#0"},"up":{"uv":[2.25,0.0,2.375,0.125],"texture":"#0"},"down":{"uv":[2.25,0.0,2.375,0.125],"texture":"#0"}}},{"from":[10.31895,4.24,7.5],"to":[16.31895,12.24,7.5],"rotation":{"angle":22.5,"axis":"y","origin":[12.06895,8.49,7.78884]},"faces":{"north":{"uv":[4.875,0.0,5.625,1.0],"texture":"#0"},"east":{"uv":[2.25,0.0,2.375,0.125],"texture":"#0"},"south":{"uv":[5.625,0.0,4.875,1.0],"texture":"#0"},"west":{"uv":[2.25,0.0,2.375,0.125],"texture":"#0"},"up":{"uv":[2.25,0.0,2.375,0.125],"texture":"#0"},"down":{"uv":[2.25,0.0,2.375,0.125],"texture":"#0"}}},{"from":[-0.31895,4.24,7.41384],"to":[5.68105,12.24,7.41384],"rotation":{"angle":-22.5,"axis":"y","origin":[3.93105,8.49,7.78884]},"faces":{"north":{"uv":[4.875,0.0,4.125,1.0],"texture":"#0"},"east":{"uv":[2.375,0.0,2.25,0.125],"texture":"#0"},"south":{"uv":[4.125,0.0,4.875,1.0],"texture":"#0"},"west":{"uv":[2.375,0.0,2.25,0.125],"texture":"#0"},"up":{"uv":[2.375,0.0,2.25,0.125],"texture":"#0"},"down":{"uv":[2.375,0.0,2.25,0.125],"texture":"#0"}}},{"from":[2.68105,6.24,7.41384],"to":[5.68105,9.24,8.41384],"rotation":{"angle":-22.5,"axis":"y","origin":[3.93105,8.49,7.78884]},"faces":{"north":{"uv":[4.5,1.0,4.125,1.375],"texture":"#0"},"east":{"uv":[5.0,1.0,4.875,1.375],"texture":"#0"},"south":{"uv":[4.875,1.0,4.5,1.375],"texture":"#0"},"west":{"uv":[5.0,1.375,4.875,1.75],"texture":"#0"},"up":{"uv":[4.875,1.375,4.5,1.5],"texture":"#0"},"down":{"uv":[4.5,1.375,4.125,1.5],"texture":"#0"}}},{"from":[-0.31895,4.24,7.5],"to":[5.68105,12.24,7.5],"rotation":{"angle":-22.5,"axis":"y","origin":[3.93105,8.49,7.78884]},"faces":{"north":{"uv":[5.625,0.0,4.875,1.0],"texture":"#0"},"east":{"uv":[2.375,0.0,2.25,0.125],"texture":"#0"},"south":{"uv":[4.875,0.0,5.625,1.0],"texture":"#0"},"west":{"uv":[2.375,0.0,2.25,0.125],"texture":"#0"},"up":{"uv":[2.375,0.0,2.25,0.125],"texture":"#0"},"down":{"uv":[2.375,0.0,2.25,0.125],"texture":"#0"}}}],"gui_light":"front","display":{"thirdperson_righthand":{"rotation":[64.25,0.0,0.0],"scale":[0.44336,0.44336,0.44336]},"thirdperson_lefthand":{"rotation":[64.25,0.0,0.0],"scale":[0.44336,0.44336,0.44336]},"firstperson_righthand":{"scale":[0.0,0.0,0.0]},"firstperson_lefthand":{"scale":[0.0,0.0,0.0]},"ground":{"translation":[0.0,4.25,0.0],"scale":[0.43945,0.43945,0.43945]},"gui":{"rotation":[-163.61,-31.92,-180.0],"translation":[-1.25,0.75,0.0],"scale":[1.20116,1.20116,1.20116]},"head":{"rotation":[-7.25,0.0,0.0],"translation":[0.0,5.75,0.0],"scale":[1.6,1.6,1.6]}}}