{"textures":{"0":"mcc:island_cosmetics/general/hat/sun_visor/lifeguard","particle":"mcc:island_cosmetics/general/hat/sun_visor/lifeguard"},"display":{"thirdperson_righthand":{"rotation":[64.25,0.0,0.0],"scale":[0.44336,0.44336,0.44336]},"thirdperson_lefthand":{"rotation":[64.25,0.0,0.0],"scale":[0.44336,0.44336,0.44336]},"firstperson_righthand":{"scale":[0.0,0.0,0.0]},"firstperson_lefthand":{"scale":[0.0,0.0,0.0]},"ground":{"translation":[0.0,4.25,0.0],"scale":[0.43945,0.43945,0.43945]},"gui":{"translation":[-0.75,7.75,0.0],"rotation":[-151.14,-30.13,-178.48],"scale":[1.10742,1.10742,1.10742]},"head":{"translation":[0.0,13.75,1.0],"rotation":[4.75,0.0,0.0],"scale":[1.89688,1.89688,1.89688]}},"credit":"Made with Blockbench","elements":[{"from":[4.0,0.0,4.0],"to":[12.0,4.0,12.0],"rotation":{"angle":0.0,"axis":"y","origin":[8.0,3.5,8.0]},"faces":{"north":{"uv":[0.0,4.0,7.0,8.0],"texture":"#0","tintindex":0.0},"east":{"uv":[0.0,8.0,8.0,12.0],"texture":"#0","tintindex":0.0},"south":{"uv":[16.0,0.0,8.0,4.0],"texture":"#0","tintindex":0.0},"west":{"uv":[8.0,8.0,0.0,12.0],"texture":"#0","tintindex":0.0}}},{"from":[4.0,0.0,4.0],"to":[12.0,4.0,12.0],"rotation":{"angle":0.0,"axis":"y","origin":[8.0,3.5,8.0]},"faces":{"north":{"uv":[0.0,0.0,7.0,4.0],"texture":"#0"}}},{"from":[4.0,0.0,0.0],"to":[12.0,1.0,4.0],"rotation":{"angle":0.0,"axis":"y","origin":[8.0,3.5,8.0]},"faces":{"east":{"uv":[8.0,10.0,12.0,11.0],"texture":"#0","tintindex":0.0},"west":{"uv":[12.0,10.0,8.0,11.0],"texture":"#0","tintindex":0.0},"up":{"uv":[8.0,4.0,16.0,8.0],"texture":"#0","tintindex":0.0}}},{"name":"cube inverted","from":[12.0,4.0,12.0],"to":[4.0,0.0,4.0],"rotation":{"angle":0.0,"axis":"y","origin":[8.0,3.5,8.0]},"faces":{"north":{"uv":[16.0,4.0,8.0,0.0],"texture":"#0","tintindex":0.0},"east":{"uv":[8.0,12.0,0.0,8.0],"texture":"#0","tintindex":0.0},"south":{"uv":[0.0,8.0,7.0,4.0],"texture":"#0","tintindex":0.0},"west":{"uv":[0.0,12.0,8.0,8.0],"texture":"#0","tintindex":0.0}}},{"name":"cube inverted","from":[12.0,1.0,4.0],"to":[4.0,0.0,0.0],"rotation":{"angle":0.0,"axis":"y","origin":[8.0,3.5,8.0]},"faces":{"east":{"uv":[12.0,11.0,8.0,10.0],"texture":"#0","tintindex":0.0},"west":{"uv":[8.0,11.0,12.0,10.0],"texture":"#0","tintindex":0.0},"down":{"uv":[16.0,4.0,8.0,8.0],"texture":"#0","tintindex":0.0}}},{"name":"cube inverted","from":[12.0,4.0,12.0],"to":[4.0,0.0,4.0],"rotation":{"angle":0.0,"axis":"y","origin":[8.0,3.5,8.0]},"faces":{"south":{"uv":[0.0,4.0,7.0,0.0],"texture":"#0"}}}],"gui_light":"front"}