{"textures":{"4":"mcc:island_cosmetics/general/hat/crocodile_head/crocodile_head","particle":"mcc:island_cosmetics/general/hat/crocodile_head/crocodile_head"},"elements":[{"from":[3.5,8.5,3.5],"to":[12.5,13.5,12.5],"rotation":{"angle":0.0,"axis":"y","origin":[4.0,4.5,4.0]},"faces":{"north":{"uv":[6.0,4.0,8.25,5.25],"texture":"#4"},"east":{"uv":[6.0,5.5,8.25,6.75],"texture":"#4"},"south":{"uv":[0.0,6.5,2.25,7.75],"texture":"#4"},"west":{"uv":[2.25,6.5,4.5,7.75],"texture":"#4"},"up":{"uv":[5.75,2.25,3.5,0.0],"texture":"#4"},"down":{"uv":[5.75,2.25,3.5,4.5],"texture":"#4"}}},{"from":[5.0,8.5,-6.5],"to":[11.0,10.5,3.5],"rotation":{"angle":0.0,"axis":"y","origin":[3.5,5.5,-5.0]},"faces":{"north":{"uv":[8.25,5.5,9.75,6.0],"texture":"#4"},"east":{"uv":[7.25,1.5,9.75,2.0],"texture":"#4"},"south":{"uv":[8.25,6.25,9.75,6.75],"texture":"#4"},"west":{"uv":[2.0,8.0,4.5,8.5],"texture":"#4"},"up":{"uv":[6.0,7.0,4.5,4.5],"texture":"#4"},"down":{"uv":[7.25,0.0,5.75,2.5],"texture":"#4"}}},{"from":[5.0,7.5,-6.5],"to":[11.0,8.5,3.5],"rotation":{"angle":0.0,"axis":"y","origin":[3.5,5.5,-5.0]},"faces":{"north":{"uv":[14.5,5.5,16.0,5.75],"texture":"#4"},"east":{"uv":[13.5,1.5,16.0,1.75],"texture":"#4"},"south":{"uv":[14.5,6.25,16.0,6.5],"texture":"#4"},"west":{"uv":[13.5,1.5,16.0,1.75],"texture":"#4"},"up":{"uv":[12.25,7.0,10.75,4.5],"texture":"#4"},"down":{"uv":[13.5,0.0,12.0,2.5],"texture":"#4"}}},{"from":[11.0,8.5,3.5],"to":[5.0,7.5,-6.5],"rotation":{"angle":0.0,"axis":"y","origin":[3.5,5.5,-5.0]},"faces":{"north":{"uv":[14.5,6.5,16.0,6.25],"texture":"#4"},"east":{"uv":[13.5,1.75,16.0,1.5],"texture":"#4"},"south":{"uv":[14.5,5.75,16.0,5.5],"texture":"#4"},"west":{"uv":[13.5,1.75,16.0,1.5],"texture":"#4"},"up":{"uv":[12.0,0.0,13.5,2.5],"texture":"#4"},"down":{"uv":[10.75,7.0,12.25,4.5],"texture":"#4"}}},{"from":[4.5,3.7842,-5.15327],"to":[11.5,6.7842,1.84673],"rotation":{"angle":-22.5,"axis":"x","origin":[8.0,8.7842,5.34673]},"faces":{"north":{"uv":[8.25,4.0,10.0,4.75],"texture":"#4"},"east":{"uv":[7.5,3.25,5.75,4.0],"texture":"#4"},"south":{"uv":[8.25,4.75,10.0,5.5],"texture":"#4"},"west":{"uv":[5.75,3.25,7.5,4.0],"texture":"#4"},"up":{"uv":[1.75,1.75,0.0,0.0],"texture":"#4"},"down":{"uv":[3.5,0.0,1.75,1.75],"texture":"#4"}}},{"from":[4.5,6.7842,-5.15327],"to":[11.5,9.7842,3.84673],"rotation":{"angle":-22.5,"axis":"x","origin":[8.0,8.7842,5.34673]},"faces":{"north":{"uv":[14.25,14.5,16.0,15.25],"texture":"#4"},"east":{"uv":[11.75,13.0,14.25,13.75],"texture":"#4"},"south":{"uv":[14.25,15.25,16.0,16.0],"texture":"#4"},"west":{"uv":[11.75,13.75,14.25,14.5],"texture":"#4"},"up":{"uv":[14.25,13.0,12.5,10.5],"texture":"#4"},"down":{"uv":[16.0,10.5,14.25,13.0],"texture":"#4"}}},{"from":[3.51,3.7842,3.84673],"to":[12.49,9.7842,11.84673],"rotation":{"angle":-22.5,"axis":"x","origin":[8.01,8.7842,5.34673]},"faces":{"north":{"uv":[4.5,7.0,6.75,8.5],"texture":"#4"},"east":{"uv":[7.25,0.0,9.25,1.5],"texture":"#4"},"south":{"uv":[6.75,7.0,9.0,8.5],"texture":"#4"},"west":{"uv":[0.0,8.0,2.0,9.5],"texture":"#4"},"up":{"uv":[2.25,6.5,0.0,4.5],"texture":"#4"},"down":{"uv":[4.5,4.5,2.25,6.5],"texture":"#4"}}},{"from":[3.51,3.7842,1.84673],"to":[12.49,6.7842,3.84673],"rotation":{"angle":-22.5,"axis":"x","origin":[8.01,8.7842,5.34673]},"faces":{"north":{"uv":[7.0,11.25,9.25,12.0],"texture":"#4"},"east":{"uv":[9.25,7.25,9.75,8.0],"texture":"#4"},"south":{"uv":[9.25,11.25,11.5,12.0],"texture":"#4"},"west":{"uv":[2.5,12.25,3.0,13.0],"texture":"#4"},"up":{"uv":[4.75,10.0,2.5,9.5],"texture":"#4"},"down":{"uv":[7.0,9.5,4.75,10.0],"texture":"#4"}}},{"from":[11.5,9.7842,3.84673],"to":[4.5,6.7842,-5.15327],"rotation":{"angle":-22.5,"axis":"x","origin":[8.0,8.7842,5.34673]},"faces":{"north":{"uv":[14.25,16.0,16.0,15.25],"texture":"#4"},"east":{"uv":[11.75,14.5,14.25,13.75],"texture":"#4"},"south":{"uv":[14.25,15.25,16.0,14.5],"texture":"#4"},"west":{"uv":[11.75,13.75,14.25,13.0],"texture":"#4"},"up":{"uv":[14.25,10.5,16.0,13.0],"texture":"#4"},"down":{"uv":[12.5,13.0,14.25,10.5],"texture":"#4"}}},{"from":[12.49,9.7842,11.84673],"to":[3.51,3.7842,3.84673],"rotation":{"angle":-22.5,"axis":"x","origin":[8.01,8.7842,5.34673]},"faces":{"north":{"uv":[6.75,8.5,9.0,7.0],"texture":"#4"},"east":{"uv":[0.0,9.5,2.0,8.0],"texture":"#4"},"south":{"uv":[4.5,8.5,6.75,7.0],"texture":"#4"},"west":{"uv":[7.25,1.5,9.25,0.0],"texture":"#4"},"up":{"uv":[0.0,1.75,1.75,3.75],"texture":"#4"},"down":{"uv":[0.0,6.5,2.25,4.5],"texture":"#4"}}}],"display":{"thirdperson_righthand":{"translation":[-0.75,0.0,0.0],"rotation":[32.16,0.51,4.03],"scale":[0.5,0.5,0.5]},"thirdperson_lefthand":{"translation":[-0.75,0.0,0.0],"rotation":[32.16,0.51,4.03],"scale":[0.5,0.5,0.5]},"firstperson_righthand":{"translation":[0.0,2.0,0.0],"rotation":[-169.42,64.54,159.49],"scale":[0.5,0.5,0.5]},"firstperson_lefthand":{"translation":[0.0,2.0,0.0],"rotation":[-169.42,64.54,159.49],"scale":[0.5,0.5,0.5]},"ground":{"scale":[0.5,0.5,0.5]},"gui":{"translation":[1.5,1.0,0.0],"rotation":[-161.56,37.98,-179.93],"scale":[0.65586,0.65586,0.65586]},"head":{"translation":[0.0,-1.5,0.0],"scale":[1.62,1.62,1.62]},"fixed":{"translation":[0.0,1.75,0.0],"rotation":[-18.75,0.0,0.0]}},"gui_light":"front"}