{"textures":{"0":"mcc:island_cosmetics/general/hat/anemonelly/anemonelly","1":"mcc:island_cosmetics/general/hat/anemonelly/anemonelly_anim","2":"mcc:island_cosmetics/general/hat/anemonelly/clownfish","particle":"mcc:island_cosmetics/general/hat/anemonelly/anemonelly"},"display":{"thirdperson_righthand":{"translation":[0.0,1.0,-1.0],"rotation":[63.0,34.0,0.0],"scale":[0.37891,0.37891,0.37891]},"thirdperson_lefthand":{"translation":[0.0,1.0,-1.0],"rotation":[63.0,34.0,0.0],"scale":[0.37891,0.37891,0.37891]},"firstperson_righthand":{"translation":[9.5,0.0,-5.75],"rotation":[3.0,112.0,-13.0],"scale":[0.35547,0.35547,0.35547]},"firstperson_lefthand":{"translation":[9.5,0.0,-5.75],"rotation":[3.0,112.0,-13.0],"scale":[0.35547,0.35547,0.35547]},"ground":{"translation":[0.0,4.25,0.0],"scale":[0.28906,0.28906,0.28906]},"gui":{"translation":[-0.25,0.25,0.0],"rotation":[-151.56,-33.65,176.38],"scale":[0.68164,0.68164,0.68164]},"head":{"translation":[0.0,5.25,-0.25],"scale":[1.66055,1.66055,1.66055]},"fixed":{"translation":[0.0,-3.25,-7.5]}},"credit":"Made with Blockbench","elements":[{"from":[3.0,1.0,3.0],"to":[13.0,10.0,13.0],"rotation":{"angle":0.0,"axis":"y","origin":[2.5,3.5,13.5]},"faces":{"north":{"uv":[3.33333,0.0,0.0,3.0],"texture":"#0"},"east":{"uv":[6.66667,0.0,3.33333,3.0],"texture":"#0"},"south":{"uv":[6.66667,0.0,3.33333,3.0],"texture":"#0"},"west":{"uv":[6.66667,0.0,3.33333,3.0],"texture":"#0"},"up":{"uv":[11.33333,0.33333,8.0,3.66667],"texture":"#0"},"down":{"uv":[7.33333,4.33333,4.0,7.66667],"texture":"#0"}}},{"from":[11.0,3.0,2.75],"to":[13.0,5.0,2.75],"rotation":{"angle":0.0,"axis":"y","origin":[2.5,3.5,13.5]},"faces":{"north":{"uv":[15.0,14.0,13.0,16.0],"texture":"#1"},"east":{"uv":[6.66667,0.0,3.33333,3.0],"texture":"#0"},"south":{"uv":[15.0,14.0,13.0,16.0],"texture":"#1"},"west":{"uv":[6.66667,0.0,3.33333,3.0],"texture":"#0"},"up":{"uv":[11.33333,0.33333,8.0,3.66667],"texture":"#0"},"down":{"uv":[7.33333,4.33333,4.0,7.66667],"texture":"#0"}}},{"from":[3.0,3.0,2.75],"to":[5.0,5.0,2.75],"rotation":{"angle":0.0,"axis":"y","origin":[13.5,3.5,13.5]},"faces":{"north":{"uv":[13.0,14.0,15.0,16.0],"texture":"#1"},"east":{"uv":[3.33333,0.0,6.66667,3.0],"texture":"#0"},"south":{"uv":[13.0,14.0,15.0,16.0],"texture":"#1"},"west":{"uv":[3.33333,0.0,6.66667,3.0],"texture":"#0"},"up":{"uv":[8.0,0.33333,11.33333,3.66667],"texture":"#0"},"down":{"uv":[4.0,4.33333,7.33333,7.66667],"texture":"#0"}}},{"from":[3.0,-1.0,3.0],"to":[13.0,1.0,13.0],"rotation":{"angle":0.0,"axis":"y","origin":[2.5,3.5,13.5]},"faces":{"north":{"uv":[7.66667,3.0,4.33333,3.66667],"texture":"#0"},"east":{"uv":[7.66667,3.0,4.33333,3.66667],"texture":"#0"},"south":{"uv":[7.66667,3.0,4.33333,3.66667],"texture":"#0"},"west":{"uv":[7.66667,3.0,4.33333,3.66667],"texture":"#0"},"up":{"uv":[0.0,4.33333,3.33333,1.0],"texture":"#missing"}}},{"from":[1.5,8.0,1.5],"to":[14.5,16.0,14.5],"rotation":{"angle":0.0,"axis":"y","origin":[2.0,3.5,14.0]},"faces":{"north":{"uv":[15.0,1.0,1.0,9.0],"texture":"#1"},"east":{"uv":[15.0,1.0,1.0,9.0],"texture":"#1"},"south":{"uv":[15.0,1.0,1.0,9.0],"texture":"#1"},"west":{"uv":[15.0,1.0,1.0,9.0],"texture":"#1"},"down":{"uv":[11.66667,0.0,7.66667,4.0],"texture":"#0"}}},{"from":[3.25,10.0,4.0],"to":[11.25,17.0,12.0],"rotation":{"angle":0.0,"axis":"y","origin":[8.0,10.5,8.0]},"faces":{"north":{"uv":[10.0,9.0,2.0,16.0],"texture":"#1"},"east":{"uv":[10.0,9.0,2.0,16.0],"texture":"#1"},"south":{"uv":[10.0,9.0,2.0,16.0],"texture":"#1"},"west":{"uv":[10.0,9.0,2.0,16.0],"texture":"#1"}}},{"name":"cube inverted","from":[14.5,16.0,14.5],"to":[1.5,8.0,1.5],"rotation":{"angle":0.0,"axis":"y","origin":[2.0,3.5,14.0]},"faces":{"north":{"uv":[15.0,9.0,1.0,1.0],"texture":"#1"},"east":{"uv":[15.0,9.0,1.0,1.0],"texture":"#1"},"south":{"uv":[15.0,9.0,1.0,1.0],"texture":"#1"},"west":{"uv":[15.0,9.0,1.0,1.0],"texture":"#1"},"up":{"uv":[7.66667,0.0,11.66667,4.0],"texture":"#0"}}},{"name":"cube inverted","from":[11.25,17.0,12.0],"to":[3.25,10.0,4.0],"rotation":{"angle":0.0,"axis":"y","origin":[8.0,10.5,8.0]},"faces":{"north":{"uv":[10.0,16.0,2.0,9.0],"texture":"#1"},"east":{"uv":[10.0,16.0,2.0,9.0],"texture":"#1"},"south":{"uv":[10.0,16.0,2.0,9.0],"texture":"#1"},"west":{"uv":[10.0,16.0,2.0,9.0],"texture":"#1"}}},{"name":"cube inverted","from":[13.0,1.0,13.0],"to":[3.0,-1.0,3.0],"rotation":{"angle":0.0,"axis":"y","origin":[2.5,3.5,13.5]},"faces":{"north":{"uv":[7.66667,3.66667,4.33333,3.0],"texture":"#0"},"east":{"uv":[7.66667,3.66667,4.33333,3.0],"texture":"#0"},"south":{"uv":[7.66667,3.66667,4.33333,3.0],"texture":"#0"},"west":{"uv":[7.66667,3.66667,4.33333,3.0],"texture":"#0"},"down":{"uv":[3.33333,4.33333,0.0,1.0],"texture":"#missing"}}},{"name":"cube inverted inverted","from":[8.0,7.9,9.0],"to":[18.0,17.9,19.0],"rotation":{"angle":22.5,"axis":"y","origin":[13.0,12.9,14.0]},"faces":{"north":{"uv":[5.0,0.0,10.0,5.0],"texture":"#2","tintindex":0.0},"east":{"uv":[0.0,0.0,5.0,5.0],"texture":"#2","tintindex":0.0},"south":{"uv":[5.0,5.0,10.0,10.0],"texture":"#2","tintindex":0.0},"west":{"uv":[0.0,5.0,5.0,10.0],"texture":"#2","tintindex":0.0}}},{"name":"cube inverted inverted inverted","from":[18.0,17.9,19.0],"to":[8.0,7.9,9.0],"rotation":{"angle":22.5,"axis":"y","origin":[13.0,12.9,14.0]},"faces":{"north":{"uv":[5.0,10.0,10.0,5.0],"texture":"#2","tintindex":0.0},"east":{"uv":[0.0,10.0,5.0,5.0],"texture":"#2","tintindex":0.0},"south":{"uv":[5.0,5.0,10.0,0.0],"texture":"#2","tintindex":0.0},"west":{"uv":[0.0,5.0,5.0,0.0],"texture":"#2","tintindex":0.0}}},{"name":"cube inverted inverted","from":[-3.0,5.9,-3.0],"to":[7.0,15.9,7.0],"rotation":{"angle":-45.0,"axis":"y","origin":[2.0,10.9,2.0]},"faces":{"north":{"uv":[5.0,5.0,0.0,10.0],"texture":"#2","tintindex":0.0},"east":{"uv":[10.0,5.0,5.0,10.0],"texture":"#2","tintindex":0.0},"south":{"uv":[5.0,0.0,0.0,5.0],"texture":"#2","tintindex":0.0},"west":{"uv":[10.0,0.0,5.0,5.0],"texture":"#2","tintindex":0.0}}},{"name":"cube inverted inverted inverted","from":[7.0,15.9,7.0],"to":[-3.0,5.9,-3.0],"rotation":{"angle":-45.0,"axis":"y","origin":[2.0,10.9,2.0]},"faces":{"north":{"uv":[5.0,5.0,0.0,0.0],"texture":"#2","tintindex":0.0},"east":{"uv":[10.0,5.0,5.0,0.0],"texture":"#2","tintindex":0.0},"south":{"uv":[5.0,10.0,0.0,5.0],"texture":"#2","tintindex":0.0},"west":{"uv":[10.0,10.0,5.0,5.0],"texture":"#2","tintindex":0.0}}}],"gui_light":"front"}