{"textures":{"0":"mcc:island_cosmetics/head/head_9","particle":"mcc:island_cosmetics/head/head_9"},"credit":"Made with Blockbench","texture_size":[128.0,128.0],"elements":[{"from":[2.5,9.0,2.5],"to":[13.5,15.0,13.5],"rotation":{"angle":0.0,"axis":"y","origin":[3.5,3.5,3.5]},"faces":{"north":{"uv":[7.625,0.0,9.0,0.75],"texture":"#0"},"east":{"uv":[7.625,0.0,9.0,0.75],"texture":"#0"},"south":{"uv":[7.625,0.0,9.0,0.75],"texture":"#0"},"west":{"uv":[7.625,0.0,9.0,0.75],"texture":"#0"},"up":{"uv":[7.5,0.75,8.875,2.125],"texture":"#0"}}},{"from":[2.3,9.05,2.3],"to":[13.7,11.45,13.7],"rotation":{"angle":0.0,"axis":"y","origin":[3.5,3.5,3.5]},"faces":{"north":{"uv":[9.0,1.0,10.375,1.25],"texture":"#0","tintindex":0.0},"east":{"uv":[9.0,1.375,10.375,1.625],"texture":"#0","tintindex":0.0},"south":{"uv":[9.0,1.375,10.375,1.625],"texture":"#0","tintindex":0.0},"west":{"uv":[9.0,1.375,10.375,1.625],"texture":"#0","tintindex":0.0}}},{"from":[5.5,9.0,1.5],"to":[10.5,16.0,10.5],"rotation":{"angle":0.0,"axis":"y","origin":[3.5,3.5,3.5]},"faces":{"north":{"uv":[6.875,0.0,7.5,0.875],"texture":"#0"},"east":{"uv":[9.125,0.0,10.25,0.875],"texture":"#0"},"south":{"uv":[6.875,0.0,7.5,0.875],"texture":"#0"},"west":{"uv":[10.25,0.0,9.125,0.875],"texture":"#0"},"up":{"uv":[6.875,0.875,7.5,2.0],"texture":"#0"}}},{"from":[5.3,9.05,1.4],"to":[10.7,11.45,2.3],"rotation":{"angle":0.0,"axis":"y","origin":[3.5,3.5,3.6]},"faces":{"north":{"uv":[9.0,1.75,9.625,2.0],"texture":"#0","tintindex":0.0},"east":{"uv":[9.0,1.75,9.125,2.0],"texture":"#0","tintindex":0.0},"west":{"uv":[9.0,1.75,9.125,2.0],"texture":"#0","tintindex":0.0}}},{"from":[4.5,9.0,1.0],"to":[11.5,16.0,1.0],"rotation":{"angle":0.0,"axis":"y","origin":[3.5,3.5,3.5]},"faces":{"north":{"uv":[10.375,0.0,11.25,0.875],"texture":"#0"},"east":{"uv":[0.0,0.0,1.0,1.0],"texture":"#missing"},"south":{"uv":[10.375,0.0,11.25,0.875],"texture":"#0"},"west":{"uv":[0.0,0.0,1.0,1.0],"texture":"#missing"},"up":{"uv":[0.0,0.0,1.0,1.0],"texture":"#missing"},"down":{"uv":[0.0,0.0,1.0,1.0],"texture":"#missing"}}},{"from":[0.5,9.0,-0.5],"to":[15.5,9.0,17.5],"rotation":{"angle":0.0,"axis":"y","origin":[3.5,3.5,3.5]},"faces":{"north":{"uv":[0.0,0.0,1.0,1.0],"texture":"#missing"},"east":{"uv":[0.0,0.0,1.0,1.0],"texture":"#missing"},"south":{"uv":[0.0,0.0,1.0,1.0],"texture":"#missing"},"west":{"uv":[0.0,0.0,1.0,1.0],"texture":"#missing"},"up":{"uv":[4.875,0.0,6.75,2.25],"texture":"#0"},"down":{"uv":[4.875,2.25,6.75,0.0],"texture":"#0"}}},{"name":"cube inverted","from":[13.7,11.45,13.7],"to":[2.3,9.05,2.3],"rotation":{"angle":0.0,"axis":"y","origin":[3.5,3.5,3.5]},"faces":{"north":{"uv":[9.0,1.625,10.375,1.375],"texture":"#0","tintindex":0.0},"east":{"uv":[9.0,1.625,10.375,1.375],"texture":"#0","tintindex":0.0},"south":{"uv":[9.0,1.25,10.375,1.0],"texture":"#0","tintindex":0.0},"west":{"uv":[9.0,1.625,10.375,1.375],"texture":"#0","tintindex":0.0}}},{"name":"cube inverted","from":[10.7,11.45,2.3],"to":[5.3,9.05,1.4],"rotation":{"angle":0.0,"axis":"y","origin":[3.5,3.5,3.6]},"faces":{"east":{"uv":[9.0,2.0,9.125,1.75],"texture":"#0","tintindex":0.0},"south":{"uv":[9.0,2.0,9.625,1.75],"texture":"#0","tintindex":0.0},"west":{"uv":[9.0,2.0,9.125,1.75],"texture":"#0","tintindex":0.0}}}],"gui_light":"front","display":{"thirdperson_righthand":{"rotation":[63.0,34.0,0.0],"translation":[0.0,1.0,-1.0],"scale":[0.37891,0.37891,0.37891]},"thirdperson_lefthand":{"rotation":[63.0,34.0,0.0],"translation":[0.0,1.0,-1.0],"scale":[0.37891,0.37891,0.37891]},"firstperson_righthand":{"rotation":[3.0,112.0,-13.0],"translation":[9.5,0.0,-5.75],"scale":[0.35547,0.35547,0.35547]},"firstperson_lefthand":{"rotation":[3.0,112.0,-13.0],"translation":[9.5,0.0,-5.75],"scale":[0.35547,0.35547,0.35547]},"ground":{"translation":[0.0,4.25,0.0],"scale":[0.28906,0.28906,0.28906]},"gui":{"rotation":[-149.61,-31.92,-180.0],"translation":[0.0,-2.0,0.0],"scale":[0.81054,0.81054,0.81054]},"head":{"rotation":[9.5,0.0,0.0],"scale":[1.56875,1.56875,1.56875]},"fixed":{"translation":[0.0,-3.25,-7.5]}}}