{"textures":{"0":"mcc:island_cosmetics/head/head_6","particle":"mcc:island_cosmetics/head/head_6"},"credit":"Made with Blockbench","texture_size":[128.0,128.0],"elements":[{"from":[2.5,2.0,5.5],"to":[13.5,13.0,16.5],"rotation":{"angle":0.0,"axis":"x","origin":[7.5,9.5,7.5]},"faces":{"north":{"uv":[1.375,2.5,2.75,3.875],"texture":"#0","tintindex":0.0},"east":{"uv":[0.0,0.0,1.375,1.375],"texture":"#0","tintindex":0.0},"south":{"uv":[0.0,3.625,1.375,5.0],"texture":"#0","tintindex":0.0},"west":{"uv":[1.375,0.0,0.0,1.375],"texture":"#0","tintindex":0.0},"up":{"uv":[2.75,1.875,4.125,3.25],"texture":"#0","tintindex":0.0},"down":{"uv":[5.125,7.0,6.5,8.375],"texture":"#missing","tintindex":0.0}}},{"from":[2.5,2.0,5.5],"to":[13.5,13.0,16.5],"rotation":{"angle":0.0,"axis":"x","origin":[7.5,9.5,7.5]},"faces":{"north":{"uv":[0.875,5.375,1.0,5.5],"texture":"#0"},"east":{"uv":[1.625,5.5,3.0,6.875],"texture":"#0"},"south":{"uv":[0.875,5.375,1.0,5.5],"texture":"#0"},"west":{"uv":[3.0,5.5,1.625,6.875],"texture":"#0"},"up":{"uv":[0.875,5.375,1.0,5.5],"texture":"#0"},"down":{"uv":[0.875,5.375,1.0,5.5],"texture":"#0"}}},{"from":[2.5,2.0,-3.5],"to":[13.5,11.0,5.5],"rotation":{"angle":0.0,"axis":"x","origin":[7.5,9.5,7.5]},"faces":{"north":{"uv":[2.5,0.75,3.875,1.875],"texture":"#0","tintindex":0.0},"east":{"uv":[1.375,0.0,2.5,1.125],"texture":"#0","tintindex":0.0},"south":{"uv":[0.875,5.375,1.0,5.5],"texture":"#0","tintindex":0.0},"west":{"uv":[2.5,0.0,1.375,1.125],"texture":"#0","tintindex":0.0},"up":{"uv":[0.0,2.5,1.375,3.625],"texture":"#0","tintindex":0.0},"down":{"uv":[1.5,0.125,1.625,0.25],"texture":"#0","tintindex":0.0}}},{"from":[2.5,-1.0,-3.0],"to":[13.5,2.0,-3.0],"rotation":{"angle":0.0,"axis":"x","origin":[7.5,9.5,7.5]},"faces":{"north":{"uv":[0.0,5.0,1.375,5.375],"texture":"#0"},"east":{"uv":[1.375,0.0,2.5,1.125],"texture":"#0"},"south":{"uv":[0.0,5.0,1.375,5.375],"texture":"#0"},"west":{"uv":[2.5,0.0,1.375,1.125],"texture":"#0"},"up":{"uv":[0.0,2.5,1.375,3.625],"texture":"#0"},"down":{"uv":[1.5,0.125,1.625,0.25],"texture":"#0"}}},{"from":[1.5,-2.0,-2.5],"to":[14.5,2.0,8.5],"rotation":{"angle":0.0,"axis":"x","origin":[7.5,9.5,7.5]},"faces":{"north":{"uv":[1.375,4.0,3.0,4.5],"texture":"#0"},"east":{"uv":[1.125,1.5,2.5,2.0],"texture":"#0"},"south":{"uv":[5.125,7.0,6.5,8.375],"texture":"#missing"},"west":{"uv":[2.5,1.5,1.125,2.0],"texture":"#0"},"up":{"uv":[0.0,5.5,1.625,6.875],"texture":"#0"},"down":{"uv":[3.25,4.25,4.875,5.625],"texture":"#0"}}},{"from":[1.5,2.0,-2.5],"to":[14.5,6.0,8.5],"rotation":{"angle":0.0,"axis":"x","origin":[7.5,9.5,7.5]},"faces":{"north":{"uv":[1.125,1.375,1.25,1.5],"texture":"#0"},"east":{"uv":[1.125,2.0,2.5,2.5],"texture":"#0"},"south":{"uv":[1.125,1.375,1.25,1.5],"texture":"#0"},"west":{"uv":[2.5,2.0,1.125,2.5],"texture":"#0"},"up":{"uv":[1.125,1.375,1.25,1.5],"texture":"#0"},"down":{"uv":[1.125,1.375,1.25,1.5],"texture":"#0"}}},{"from":[0.5,-2.0,8.5],"to":[15.5,6.0,17.5],"rotation":{"angle":0.0,"axis":"x","origin":[7.5,9.5,7.5]},"faces":{"north":{"uv":[1.375,4.5,3.25,5.5],"texture":"#0"},"east":{"uv":[0.0,1.375,1.125,2.375],"texture":"#0"},"south":{"uv":[3.0,3.25,4.875,4.25],"texture":"#0"},"west":{"uv":[1.125,1.375,0.0,2.375],"texture":"#0"},"up":{"uv":[4.125,2.125,6.0,3.25],"texture":"#0"},"down":{"uv":[4.125,1.0,6.0,2.125],"texture":"#0"}}},{"from":[10.5,9.0,7.5],"to":[14.5,12.0,13.5],"rotation":{"angle":-22.5,"axis":"x","origin":[8.0,9.5,6.0]},"faces":{"north":{"uv":[2.625,3.25,2.125,3.625],"texture":"#0","tintindex":0.0},"east":{"uv":[1.375,1.125,2.125,1.5],"texture":"#0","tintindex":0.0},"south":{"uv":[2.625,2.875,2.125,3.25],"texture":"#0","tintindex":0.0},"west":{"uv":[1.375,3.625,2.125,4.0],"texture":"#0","tintindex":0.0},"up":{"uv":[1.5,2.875,2.0,3.625],"texture":"#0","tintindex":0.0},"down":{"uv":[1.375,1.5,2.125,1.375],"rotation":90.0,"texture":"#0","tintindex":0.0}}},{"from":[1.5,9.0,7.5],"to":[5.5,12.0,13.5],"rotation":{"angle":-22.5,"axis":"x","origin":[8.0,9.5,6.0]},"faces":{"north":{"uv":[2.125,3.25,2.625,3.625],"texture":"#0","tintindex":0.0},"east":{"uv":[2.125,3.625,1.375,4.0],"texture":"#0","tintindex":0.0},"south":{"uv":[2.125,2.875,2.625,3.25],"texture":"#0","tintindex":0.0},"west":{"uv":[2.125,1.125,1.375,1.5],"texture":"#0","tintindex":0.0},"up":{"uv":[2.0,2.875,1.5,3.625],"texture":"#0","tintindex":0.0},"down":{"uv":[1.375,1.5,2.125,1.375],"rotation":90.0,"texture":"#0","tintindex":0.0}}}],"gui_light":"front","display":{"thirdperson_righthand":{"rotation":[55.5,34.0,0.0],"translation":[0.0,1.0,0.75],"scale":[0.52539,0.52539,0.52539]},"thirdperson_lefthand":{"rotation":[55.5,34.0,0.0],"translation":[0.0,1.0,0.75],"scale":[0.52539,0.52539,0.52539]},"firstperson_righthand":{"rotation":[21.0,114.5,-13.75],"translation":[9.5,0.0,-5.75],"scale":[0.41992,0.41992,0.41992]},"firstperson_lefthand":{"rotation":[21.0,114.5,-13.75],"translation":[9.5,0.0,-5.75],"scale":[0.41992,0.41992,0.41992]},"gui":{"rotation":[-149.61,-31.92,-180.0],"translation":[0.0,1.75,0.0],"scale":[0.57812,0.57812,0.57812]},"head":{"rotation":[-4.0,0.0,0.0],"translation":[0.0,5.75,-3.25],"scale":[1.52773,1.52773,1.52773]}}}