{"textures":{"0":"mcc:island_cosmetics/head/head_9","1":"mcc:island_cosmetics/head/zeus_anim","particle":"mcc:island_cosmetics/head/head_9"},"credit":"Made with Blockbench","texture_size":[32.0,32.0],"elements":[{"from":[2.5,0.0,3.5],"to":[13.5,11.0,13.5],"rotation":{"angle":0.0,"axis":"y","origin":[3.5,3.5,3.5]},"faces":{"north":{"uv":[10.5,0.0,16.0,5.5],"texture":"#1"},"east":{"uv":[1.375,0.5,2.625,1.875],"texture":"#0"},"south":{"uv":[0.0,3.625,1.375,5.0],"texture":"#0"},"west":{"uv":[2.625,0.5,1.375,1.875],"texture":"#0"},"up":{"uv":[0.0,2.375,1.375,3.625],"texture":"#0"},"down":{"uv":[2.25,2.625,3.625,3.875],"texture":"#0"}}},{"from":[2.2,-0.3,3.2],"to":[13.8,11.3,4.8],"rotation":{"angle":0.0,"axis":"y","origin":[3.5,3.5,3.5]},"faces":{"north":{"uv":[0.0,5.75,1.375,7.125],"texture":"#0"},"east":{"uv":[0.0,5.75,0.125,7.125],"texture":"#0"},"south":{"uv":[0.0,5.75,1.375,7.125],"texture":"#0"},"west":{"uv":[0.0,5.75,0.125,7.125],"texture":"#0"},"up":{"uv":[0.0,5.75,1.375,5.875],"texture":"#0"},"down":{"uv":[2.25,2.625,3.625,3.875],"texture":"#0"}}},{"from":[8.5,5.75,3.25],"to":[14.5,9.75,3.25],"rotation":{"angle":0.0,"axis":"y","origin":[3.5,3.5,3.5]},"faces":{"north":{"uv":[10.5,5.5,13.5,7.5],"texture":"#1"},"east":{"uv":[0.0,0.0,1.0,1.0],"texture":"#missing"},"south":{"uv":[13.5,5.5,10.5,7.5],"texture":"#1"},"west":{"uv":[0.0,0.0,1.0,1.0],"texture":"#missing"},"up":{"uv":[0.0,0.0,1.0,1.0],"texture":"#missing"},"down":{"uv":[0.0,0.0,1.0,1.0],"texture":"#missing"}}},{"from":[8.5,5.25,3.25],"to":[14.5,9.25,3.25],"rotation":{"angle":0.0,"axis":"y","origin":[3.5,3.5,3.5]},"faces":{"north":{"uv":[10.5,7.5,13.5,9.5],"texture":"#1"},"east":{"uv":[0.0,0.0,1.0,1.0],"texture":"#missing"},"south":{"uv":[13.5,7.5,10.5,9.5],"texture":"#1"},"west":{"uv":[0.0,0.0,1.0,1.0],"texture":"#missing"},"up":{"uv":[0.0,0.0,1.0,1.0],"texture":"#missing"},"down":{"uv":[0.0,0.0,1.0,1.0],"texture":"#missing"}}},{"from":[8.5,4.75,3.25],"to":[14.5,8.75,3.25],"rotation":{"angle":0.0,"axis":"y","origin":[3.5,3.5,3.5]},"faces":{"north":{"uv":[10.5,9.5,13.5,11.5],"texture":"#1"},"east":{"uv":[0.0,0.0,1.0,1.0],"texture":"#missing"},"south":{"uv":[13.5,9.5,10.5,11.5],"texture":"#1"},"west":{"uv":[0.0,0.0,1.0,1.0],"texture":"#missing"},"up":{"uv":[0.0,0.0,1.0,1.0],"texture":"#missing"},"down":{"uv":[0.0,0.0,1.0,1.0],"texture":"#missing"}}},{"from":[1.5,5.75,3.25],"to":[7.5,9.75,3.25],"rotation":{"angle":0.0,"axis":"y","origin":[12.5,3.5,3.5]},"faces":{"north":{"uv":[13.5,5.5,10.5,7.5],"texture":"#1"},"east":{"uv":[1.0,0.0,0.0,1.0],"texture":"#missing"},"south":{"uv":[10.5,5.5,13.5,7.5],"texture":"#1"},"west":{"uv":[1.0,0.0,0.0,1.0],"texture":"#missing"},"up":{"uv":[1.0,0.0,0.0,1.0],"texture":"#missing"},"down":{"uv":[1.0,0.0,0.0,1.0],"texture":"#missing"}}},{"from":[1.5,5.25,3.25],"to":[7.5,9.25,3.25],"rotation":{"angle":0.0,"axis":"y","origin":[12.5,3.5,3.5]},"faces":{"north":{"uv":[13.5,7.5,10.5,9.5],"texture":"#1"},"east":{"uv":[1.0,0.0,0.0,1.0],"texture":"#missing"},"south":{"uv":[10.5,7.5,13.5,9.5],"texture":"#1"},"west":{"uv":[1.0,0.0,0.0,1.0],"texture":"#missing"},"up":{"uv":[1.0,0.0,0.0,1.0],"texture":"#missing"},"down":{"uv":[1.0,0.0,0.0,1.0],"texture":"#missing"}}},{"from":[1.5,4.75,3.25],"to":[7.5,8.75,3.25],"rotation":{"angle":0.0,"axis":"y","origin":[12.5,3.5,3.5]},"faces":{"north":{"uv":[13.5,9.5,10.5,11.5],"texture":"#1"},"east":{"uv":[1.0,0.0,0.0,1.0],"texture":"#missing"},"south":{"uv":[10.5,9.5,13.5,11.5],"texture":"#1"},"west":{"uv":[1.0,0.0,0.0,1.0],"texture":"#missing"},"up":{"uv":[1.0,0.0,0.0,1.0],"texture":"#missing"},"down":{"uv":[1.0,0.0,0.0,1.0],"texture":"#missing"}}},{"from":[7.5,5.0,8.5],"to":[14.5,12.0,15.5],"rotation":{"angle":0.0,"axis":"y","origin":[3.5,3.5,3.5]},"faces":{"north":{"uv":[3.5,0.0,2.625,0.875],"texture":"#0"},"east":{"uv":[2.625,0.0,3.5,0.875],"texture":"#0"},"south":{"uv":[3.5,0.0,2.625,0.875],"texture":"#0"},"west":{"uv":[2.625,0.0,3.5,0.875],"texture":"#0"},"up":{"uv":[1.375,1.875,2.25,2.75],"texture":"#0"},"down":{"uv":[2.25,3.5,1.375,4.375],"texture":"#0"}}},{"from":[14.5,5.0,15.5],"to":[14.5,12.0,24.5],"rotation":{"angle":0.0,"axis":"y","origin":[3.5,3.5,3.5]},"faces":{"north":{"uv":[3.5,0.0,2.625,0.875],"texture":"#0"},"east":{"uv":[0.5,4.0,5.0,7.5],"texture":"#1"},"south":{"uv":[3.5,0.0,2.625,0.875],"texture":"#0"},"west":{"uv":[5.0,4.0,0.5,7.5],"texture":"#1"},"up":{"uv":[1.375,1.875,2.25,2.75],"texture":"#0"},"down":{"uv":[2.25,3.5,1.375,4.375],"texture":"#0"}}},{"from":[1.5,5.0,15.5],"to":[1.5,12.0,24.5],"rotation":{"angle":0.0,"axis":"y","origin":[12.5,3.5,3.5]},"faces":{"north":{"uv":[2.625,0.0,3.5,0.875],"texture":"#0"},"east":{"uv":[0.5,4.0,5.0,7.5],"texture":"#1"},"south":{"uv":[2.625,0.0,3.5,0.875],"texture":"#0"},"west":{"uv":[5.0,4.0,0.5,7.5],"texture":"#1"},"up":{"uv":[2.25,1.875,1.375,2.75],"texture":"#0"},"down":{"uv":[1.375,3.5,2.25,4.375],"texture":"#0"}}},{"from":[8.5,9.0,15.5],"to":[8.5,16.0,24.5],"rotation":{"angle":0.0,"axis":"y","origin":[3.5,3.5,3.5]},"faces":{"north":{"uv":[3.5,0.0,2.625,0.875],"texture":"#0"},"east":{"uv":[0.5,8.0,5.0,11.5],"texture":"#1"},"south":{"uv":[3.5,0.0,2.625,0.875],"texture":"#0"},"west":{"uv":[5.0,8.0,0.5,11.5],"texture":"#1"},"up":{"uv":[1.375,1.875,2.25,2.75],"texture":"#0"},"down":{"uv":[2.25,3.5,1.375,4.375],"texture":"#0"}}},{"from":[0.5,4.0,9.5],"to":[6.5,10.0,15.5],"rotation":{"angle":0.0,"axis":"y","origin":[3.5,3.5,3.5]},"faces":{"north":{"uv":[2.625,0.875,3.375,1.625],"texture":"#0"},"east":{"uv":[3.375,0.875,2.625,1.625],"texture":"#0"},"south":{"uv":[2.625,0.875,3.375,1.625],"texture":"#0"},"west":{"uv":[3.375,0.875,2.625,1.625],"texture":"#0"},"up":{"uv":[2.25,1.875,3.0,2.625],"texture":"#0"},"down":{"uv":[2.125,2.75,1.375,3.5],"texture":"#0"}}},{"from":[3.5,1.0,11.5],"to":[9.5,7.0,17.5],"rotation":{"angle":0.0,"axis":"y","origin":[3.5,3.5,3.5]},"faces":{"north":{"uv":[2.625,0.875,3.375,1.625],"texture":"#0"},"east":{"uv":[3.375,0.875,2.625,1.625],"texture":"#0"},"south":{"uv":[2.625,0.875,3.375,1.625],"texture":"#0"},"west":{"uv":[3.375,0.875,2.625,1.625],"texture":"#0"},"up":{"uv":[3.0,1.625,3.75,2.375],"texture":"#0"},"down":{"uv":[2.125,2.75,1.375,3.5],"texture":"#0"}}},{"from":[6.5,9.0,12.5],"to":[11.5,14.0,17.5],"rotation":{"angle":0.0,"axis":"y","origin":[3.5,3.5,3.5]},"faces":{"north":{"uv":[4.125,0.0,3.5,0.625],"texture":"#0"},"east":{"uv":[4.125,0.0,3.5,0.625],"texture":"#0"},"south":{"uv":[4.125,0.0,3.5,0.625],"texture":"#0"},"west":{"uv":[4.125,0.0,3.5,0.625],"texture":"#0"},"up":{"uv":[4.125,0.625,3.5,1.25],"texture":"#0"},"down":{"uv":[4.75,0.0,4.125,0.625],"texture":"#0"}}},{"from":[3.5,-2.0,2.5],"to":[12.5,3.0,8.5],"rotation":{"angle":0.0,"axis":"y","origin":[3.5,3.5,3.5]},"faces":{"north":{"uv":[0.0,1.75,1.125,2.375],"texture":"#0"},"east":{"uv":[2.125,4.375,1.375,5.0],"texture":"#0"},"south":{"uv":[0.0,5.0,1.125,5.625],"texture":"#0"},"west":{"uv":[1.375,4.375,2.125,5.0],"texture":"#0"},"up":{"uv":[0.0,1.75,1.125,1.875],"texture":"#0"},"down":{"uv":[2.25,3.875,3.375,4.625],"texture":"#0"}}},{"from":[2.5,-8.0,2.5],"to":[11.5,-2.0,2.5],"rotation":{"angle":0.0,"axis":"y","origin":[7.0,-5.0,2.5]},"faces":{"north":{"uv":[0.5,0.5,5.0,3.5],"texture":"#1"},"east":{"uv":[2.125,4.375,1.375,5.0],"texture":"#0"},"south":{"uv":[5.0,0.5,0.5,3.5],"texture":"#1"},"west":{"uv":[1.375,4.375,2.125,5.0],"texture":"#0"},"up":{"uv":[0.0,1.75,1.125,1.875],"texture":"#0"},"down":{"uv":[2.25,3.875,3.375,4.625],"texture":"#0"}}}],"gui_light":"front","display":{"thirdperson_righthand":{"rotation":[63.0,34.0,0.0],"translation":[0.0,1.0,-1.0],"scale":[0.37891,0.37891,0.37891]},"thirdperson_lefthand":{"rotation":[63.0,34.0,0.0],"translation":[0.0,1.0,-1.0],"scale":[0.37891,0.37891,0.37891]},"firstperson_righthand":{"rotation":[3.0,112.0,-13.0],"translation":[9.5,0.0,-5.75],"scale":[0.35547,0.35547,0.35547]},"firstperson_lefthand":{"rotation":[3.0,112.0,-13.0],"translation":[9.5,0.0,-5.75],"scale":[0.35547,0.35547,0.35547]},"ground":{"translation":[0.0,4.25,0.0],"scale":[0.28906,0.28906,0.28906]},"gui":{"rotation":[-149.61,-31.92,-180.0],"translation":[1.5,1.25,0.0],"scale":[0.65429,0.65429,0.65429]},"head":{"rotation":[-2.25,0.0,0.0],"translation":[0.0,5.75,-1.75],"scale":[1.61758,1.61758,1.61758]},"fixed":{"translation":[0.0,-3.25,-7.5]}}}