{"textures":{"0":"mcc:island_cosmetics/general/hat/bear_head/bear_head","particle":"mcc:island_cosmetics/general/hat/bear_head/bear_head"},"elements":[{"from":[3.5,10.0,4.0],"to":[12.5,16.0,13.0],"rotation":{"angle":22.5,"axis":"x","origin":[8.0,14.0,6.5]},"faces":{"north":{"uv":[2.5,0.0,4.75,1.5],"texture":"#0"},"east":{"uv":[2.5,1.75,4.75,3.25],"texture":"#0"},"south":{"uv":[2.5,3.5,4.75,5.0],"texture":"#0"},"west":{"uv":[0.0,5.0,2.25,6.5],"texture":"#0"},"up":{"uv":[2.25,2.25,0.0,0.0],"texture":"#0"},"down":{"uv":[2.25,2.5,0.0,4.75],"texture":"#0"}}},{"from":[2.5,15.0,8.0],"to":[6.5,19.0,9.0],"rotation":{"angle":22.5,"axis":"x","origin":[8.0,14.0,6.5]},"faces":{"north":{"uv":[6.25,4.0,7.25,5.0],"texture":"#0"},"east":{"uv":[5.5,7.25,5.75,8.25],"texture":"#0"},"south":{"uv":[6.5,0.0,7.5,1.0],"texture":"#0"},"west":{"uv":[6.0,7.25,6.25,8.25],"texture":"#0"},"up":{"uv":[4.75,5.5,3.75,5.25],"texture":"#0"},"down":{"uv":[8.5,4.5,7.5,4.75],"texture":"#0"}}},{"from":[9.5,15.0,8.0],"to":[13.5,19.0,9.0],"rotation":{"angle":22.5,"axis":"x","origin":[8.0,14.0,6.5]},"faces":{"north":{"uv":[7.25,4.0,6.25,5.0],"texture":"#0"},"east":{"uv":[6.25,7.25,6.0,8.25],"texture":"#0"},"south":{"uv":[7.5,0.0,6.5,1.0],"texture":"#0"},"west":{"uv":[5.75,7.25,5.5,8.25],"texture":"#0"},"up":{"uv":[3.75,5.5,4.75,5.25],"texture":"#0"},"down":{"uv":[7.5,4.5,8.5,4.75],"texture":"#0"}}},{"from":[5.5,3.0,8.0],"to":[10.5,10.0,12.0],"rotation":{"angle":22.5,"axis":"x","origin":[8.0,14.0,6.5]},"faces":{"north":{"uv":[5.0,0.0,6.25,1.75],"texture":"#0"},"east":{"uv":[5.0,4.0,6.0,5.75],"texture":"#0"},"south":{"uv":[5.0,2.0,6.25,3.75],"texture":"#0"},"west":{"uv":[2.5,5.25,3.5,7.0],"texture":"#0"},"up":{"uv":[5.0,7.0,3.75,6.0],"texture":"#0"},"down":{"uv":[6.5,6.0,5.25,7.0],"texture":"#0"}}},{"from":[5.5,3.0,6.0],"to":[5.5,6.0,8.0],"rotation":{"angle":22.5,"axis":"x","origin":[8.0,14.0,6.5]},"faces":{"north":{"uv":[6.5,7.25,6.5,8.0],"texture":"#0"},"east":{"uv":[2.5,7.25,3.0,8.0],"texture":"#0"},"south":{"uv":[1.0,7.75,1.0,8.5],"texture":"#0"},"west":{"uv":[3.25,7.25,3.75,8.0],"texture":"#0"},"up":{"uv":[6.25,5.75,6.25,5.25],"texture":"#0"},"down":{"uv":[6.5,5.25,6.5,5.75],"texture":"#0"}}},{"from":[5.5,3.0,6.0],"to":[10.5,3.0,8.0],"rotation":{"angle":22.5,"axis":"x","origin":[8.0,14.0,6.5]},"faces":{"north":{"uv":[7.5,5.0,8.75,5.0],"texture":"#0"},"east":{"uv":[3.75,5.75,4.25,5.75],"texture":"#0"},"south":{"uv":[7.75,0.5,9.0,0.5],"texture":"#0"},"west":{"uv":[7.75,0.75,8.25,0.75],"texture":"#0"},"up":{"uv":[7.75,3.75,6.5,3.25],"texture":"#0"},"down":{"uv":[8.0,6.25,6.75,6.75],"texture":"#0"}}},{"from":[5.5,10.0,1.0],"to":[10.5,13.0,4.0],"rotation":{"angle":22.5,"axis":"x","origin":[8.0,14.0,6.5]},"faces":{"north":{"uv":[6.5,1.25,7.75,2.0],"texture":"#0"},"east":{"uv":[1.5,6.75,2.25,7.5],"texture":"#0"},"south":{"uv":[6.5,2.25,7.75,3.0],"texture":"#0"},"west":{"uv":[6.75,7.0,7.5,7.75],"texture":"#0"},"up":{"uv":[1.25,7.5,0.0,6.75],"texture":"#0"},"down":{"uv":[8.0,5.25,6.75,6.0],"texture":"#0"}}},{"from":[5.5,9.0,2.0],"to":[10.5,10.0,2.0],"rotation":{"angle":22.5,"axis":"x","origin":[8.0,14.0,6.5]},"faces":{"north":{"uv":[4.0,7.25,5.25,7.5],"texture":"#0"},"east":{"uv":[1.25,7.75,1.25,8.0],"texture":"#0"},"south":{"uv":[7.5,4.0,8.75,4.25],"texture":"#0"},"west":{"uv":[1.5,7.75,1.5,8.0],"texture":"#0"},"up":{"uv":[9.0,1.0,7.75,1.0],"texture":"#0"},"down":{"uv":[5.25,7.75,4.0,7.75],"texture":"#0"}}},{"from":[5.5,9.0,1.0],"to":[5.5,10.0,4.0],"rotation":{"angle":22.5,"axis":"x","origin":[8.0,14.0,6.5]},"faces":{"north":{"uv":[1.75,7.75,1.75,8.0],"texture":"#0"},"east":{"uv":[0.0,7.75,0.75,8.0],"texture":"#0"},"south":{"uv":[2.0,7.75,2.0,8.0],"texture":"#0"},"west":{"uv":[7.75,0.0,8.5,0.25],"texture":"#0"},"up":{"uv":[2.25,8.5,2.25,7.75],"texture":"#0"},"down":{"uv":[7.75,7.0,7.75,7.75],"texture":"#0"}}},{"from":[10.5,3.0,6.0],"to":[10.5,6.0,8.0],"rotation":{"angle":22.5,"axis":"x","origin":[8.0,14.0,6.5]},"faces":{"north":{"uv":[6.5,7.25,6.5,8.0],"texture":"#0"},"east":{"uv":[3.75,7.25,3.25,8.0],"texture":"#0"},"south":{"uv":[1.0,7.75,1.0,8.5],"texture":"#0"},"west":{"uv":[3.0,7.25,2.5,8.0],"texture":"#0"},"up":{"uv":[6.25,5.75,6.25,5.25],"texture":"#0"},"down":{"uv":[6.5,5.25,6.5,5.75],"texture":"#0"}}},{"from":[10.5,9.0,2.0],"to":[10.5,10.0,5.0],"rotation":{"angle":22.5,"axis":"x","origin":[8.0,14.0,6.5]},"faces":{"north":{"uv":[1.75,7.75,1.75,8.0],"texture":"#0"},"east":{"uv":[8.5,0.0,7.75,0.25],"texture":"#0"},"south":{"uv":[2.0,7.75,2.0,8.0],"texture":"#0"},"west":{"uv":[0.75,7.75,0.0,8.0],"texture":"#0"},"up":{"uv":[2.25,8.5,2.25,7.75],"texture":"#0"},"down":{"uv":[7.75,7.0,7.75,7.75],"texture":"#0"}}}],"display":{"thirdperson_righthand":{"translation":[-0.5,-2.0,2.0],"scale":[0.5,0.5,0.5]},"thirdperson_lefthand":{"translation":[-0.5,-2.0,2.0],"scale":[0.5,0.5,0.5]},"firstperson_righthand":{"rotation":[-180.0,86.25,-180.0],"scale":[0.5,0.5,0.5]},"firstperson_lefthand":{"rotation":[-180.0,86.25,-180.0],"scale":[0.5,0.5,0.5]},"ground":{"scale":[0.5,0.5,0.5]},"gui":{"translation":[1.25,-1.0,0.0],"rotation":[-125.3,27.33,154.77],"scale":[0.9,0.9,0.9]},"head":{"translation":[0.0,0.0,0.75],"scale":[1.64,1.64,1.64]},"fixed":{"translation":[0.0,-1.5,2.75],"rotation":[-57.75,0.0,0.0]}},"credit":"Made with Blockbench","gui_light":"front"}