{"textures":{"1":"mcc:island_cosmetics/general/hat/toadstool/toadstool_funguy","3":"mcc:island_cosmetics/general/hat/toadstool/toadstool","particle":"mcc:island_cosmetics/general/hat/toadstool/toadstool_funguy"},"display":{"thirdperson_righthand":{"translation":[0.0,1.0,0.75],"rotation":[55.5,34.0,0.0],"scale":[0.52539,0.52539,0.52539]},"thirdperson_lefthand":{"translation":[0.0,1.0,0.75],"rotation":[55.5,34.0,0.0],"scale":[0.52539,0.52539,0.52539]},"firstperson_righthand":{"translation":[9.5,0.0,-5.75],"rotation":[21.0,114.5,-13.75],"scale":[0.41992,0.41992,0.41992]},"firstperson_lefthand":{"translation":[9.5,0.0,-5.75],"rotation":[21.0,114.5,-13.75],"scale":[0.41992,0.41992,0.41992]},"gui":{"translation":[0.25,0.5,0.0],"rotation":[-149.61,-31.92,-180.0],"scale":[0.61327,0.61327,0.61327]},"head":{"translation":[0.0,7.25,0.0],"scale":[1.62539,1.62539,1.62539]}},"credit":"Made with Blockbench","elements":[{"from":[3.5,-1.0,3.5],"to":[12.5,7.0,12.5],"rotation":{"angle":0.0,"axis":"y","origin":[4.5,0.0,2.5]},"faces":{"north":{"uv":[13.0,13.33333,16.0,16.0],"texture":"#3"},"east":{"uv":[13.0,13.33333,16.0,16.0],"texture":"#3"},"south":{"uv":[13.0,13.33333,16.0,16.0],"texture":"#3"},"west":{"uv":[13.0,13.33333,16.0,16.0],"texture":"#3"},"up":{"uv":[13.0,10.33333,16.0,13.33333],"texture":"#3"},"down":{"uv":[13.0,10.33333,16.0,13.33333],"texture":"#3"}}},{"from":[3.5,-1.0,3.25],"to":[12.5,7.0,3.25],"rotation":{"angle":0.0,"axis":"y","origin":[4.5,0.0,2.5]},"faces":{"north":{"uv":[1.0,1.33333,10.0,9.33333],"texture":"#1"},"east":{"uv":[13.0,13.33333,16.0,16.0],"texture":"#3"},"south":{"uv":[1.0,1.33333,10.0,9.33333],"texture":"#1"},"west":{"uv":[13.0,13.33333,13.0,21.33333],"texture":"#1"},"up":{"uv":[13.0,10.33333,16.0,13.33333],"texture":"#3"},"down":{"uv":[13.0,10.33333,16.0,13.33333],"texture":"#3"}}},{"from":[3.0,12.0,6.0],"to":[13.0,16.0,16.0],"rotation":{"angle":22.5,"axis":"x","origin":[8.0,13.25,8.0]},"faces":{"north":{"uv":[0.0,2.33333,3.33333,3.66667],"texture":"#3","tintindex":0.0},"east":{"uv":[3.33333,2.33333,0.0,3.66667],"texture":"#3","tintindex":0.0},"south":{"uv":[0.0,2.33333,3.33333,3.66667],"texture":"#3","tintindex":0.0},"west":{"uv":[3.33333,2.33333,0.0,3.66667],"texture":"#3","tintindex":0.0},"up":{"uv":[6.0,0.0,9.33333,3.33333],"texture":"#3","tintindex":0.0},"down":{"uv":[0.0,0.0,0.0,0.0],"texture":"#3","tintindex":0.0}}},{"from":[-1.0,6.0,2.0],"to":[17.0,12.0,20.0],"rotation":{"angle":22.5,"axis":"x","origin":[8.0,13.25,8.0]},"faces":{"north":{"uv":[0.0,0.0,6.0,2.0],"texture":"#3","tintindex":0.0},"east":{"uv":[9.33333,0.0,15.33333,2.0],"texture":"#3","tintindex":0.0},"south":{"uv":[0.0,0.0,6.0,2.0],"texture":"#3","tintindex":0.0},"west":{"uv":[9.33333,0.0,15.33333,2.0],"texture":"#3","tintindex":0.0},"up":{"uv":[0.0,3.66667,6.0,9.66667],"texture":"#3","tintindex":0.0},"down":{"uv":[0.0,0.0,0.0,0.0],"texture":"#3"}}},{"from":[-1.0,5.0,2.0],"to":[17.0,12.0,20.0],"rotation":{"angle":22.5,"axis":"x","origin":[8.0,13.25,8.0]},"faces":{"north":{"uv":[0.0,10.0,6.0,12.33333],"texture":"#3"},"east":{"uv":[0.0,12.33333,6.0,14.66667],"texture":"#3"},"south":{"uv":[0.0,10.0,6.0,12.33333],"texture":"#3"},"west":{"uv":[0.0,12.33333,6.0,14.66667],"texture":"#3"},"up":{"uv":[6.0,9.33333,12.0,15.33333],"texture":"#3"},"down":{"uv":[9.33333,2.0,15.33333,8.0],"texture":"#3"}}},{"from":[3.0,12.0,6.0],"to":[13.0,16.0,16.0],"rotation":{"angle":22.5,"axis":"x","origin":[8.0,13.25,8.0]},"faces":{"north":{"uv":[6.0,8.0,9.33333,9.33333],"texture":"#3"},"east":{"uv":[9.33333,8.0,6.0,9.33333],"texture":"#3"},"south":{"uv":[6.0,8.0,9.33333,9.33333],"texture":"#3"},"west":{"uv":[9.33333,8.0,6.0,9.33333],"texture":"#3"},"up":{"uv":[6.0,3.66667,9.33333,7.0],"texture":"#3"},"down":{"uv":[4.0,2.66667,4.33333,3.0],"texture":"#3"}}}],"gui_light":"front"}