{"textures":{"3":"mcc:island_cosmetics/general/hat/poseidons_crown/poseidon_crown","particle":"mcc:island_cosmetics/general/hat/poseidons_crown/poseidon_crown"},"display":{"thirdperson_righthand":{"translation":[0.0,1.0,-1.0],"rotation":[63.0,34.0,0.0],"scale":[0.37891,0.37891,0.37891]},"thirdperson_lefthand":{"translation":[0.0,1.0,-1.0],"rotation":[63.0,34.0,0.0],"scale":[0.37891,0.37891,0.37891]},"firstperson_righthand":{"translation":[9.5,0.0,-5.75],"rotation":[3.0,112.0,-13.0],"scale":[0.35547,0.35547,0.35547]},"firstperson_lefthand":{"translation":[9.5,0.0,-5.75],"rotation":[3.0,112.0,-13.0],"scale":[0.35547,0.35547,0.35547]},"ground":{"translation":[0.0,4.25,0.0],"scale":[0.28906,0.28906,0.28906]},"gui":{"translation":[0.0,-2.75,0.0],"rotation":[-165.84,-34.46,170.0],"scale":[0.9414,0.9414,0.9414]},"head":{"translation":[0.0,-0.25,0.5],"rotation":[5.0,0.0,0.0],"scale":[1.6,1.6,1.6]},"fixed":{"translation":[0.0,-3.25,-7.5]}},"credit":"Made with Blockbench","texture_size":[32.0,32.0],"elements":[{"from":[3.4,8.45801,2.944],"to":[12.6,10.65801,12.644],"rotation":{"angle":0.0,"axis":"y","origin":[8.0,30.76801,5.23752]},"faces":{"north":{"uv":[0.0,0.0,5.0,1.0],"texture":"#3"},"east":{"uv":[5.0,6.5,10.5,7.5],"texture":"#3"},"south":{"uv":[0.0,0.0,5.0,1.0],"texture":"#3"},"west":{"uv":[10.5,6.5,5.0,7.5],"texture":"#3"},"up":{"uv":[0.0,6.5,5.0,12.0],"texture":"#3"},"down":{"uv":[0.0,12.0,5.0,6.5],"texture":"#3"}}},{"from":[2.75,9.65801,2.194],"to":[13.25,18.65801,12.194],"rotation":{"angle":0.0,"axis":"y","origin":[8.0,30.76801,5.23752]},"faces":{"north":{"uv":[0.0,1.5,5.5,6.0],"texture":"#3"},"east":{"uv":[6.0,1.5,11.0,6.0],"texture":"#3"},"west":{"uv":[11.0,1.5,6.0,6.0],"texture":"#3"}}},{"from":[6.0,9.14772,1.92669],"to":[10.0,12.14772,1.92669],"rotation":{"angle":0.0,"axis":"y","origin":[8.0,30.76801,5.23752]},"faces":{"north":{"uv":[5.0,0.0,7.0,1.5],"texture":"#3"},"east":{"uv":[0.0,0.0,0.5,0.5],"texture":"#3"},"south":{"uv":[5.0,0.0,7.0,1.5],"texture":"#3"},"west":{"uv":[0.0,0.0,0.5,0.5],"texture":"#3"},"up":{"uv":[0.0,0.0,0.5,0.5],"texture":"#3"},"down":{"uv":[0.0,0.0,0.5,0.5],"texture":"#3"}}},{"name":"cube inverted","from":[13.25,18.65801,12.194],"to":[2.75,9.65801,2.194],"rotation":{"angle":0.0,"axis":"y","origin":[8.0,30.76801,5.23752]},"faces":{"east":{"uv":[11.0,6.0,6.0,1.5],"texture":"#3"},"south":{"uv":[0.0,6.0,5.5,1.5],"texture":"#3"},"west":{"uv":[6.0,6.0,11.0,1.5],"texture":"#3"}}}],"gui_light":"front"}