{"textures":{"1":"mcc:island_cosmetics/general/hat/egg_yolk/egg_yolk"},"display":{"thirdperson_righthand":{"rotation":[64.25,0.0,0.0],"scale":[0.44336,0.44336,0.44336]},"thirdperson_lefthand":{"rotation":[64.25,0.0,0.0],"scale":[0.44336,0.44336,0.44336]},"firstperson_righthand":{"scale":[0.0,0.0,0.0]},"firstperson_lefthand":{"scale":[0.0,0.0,0.0]},"ground":{"translation":[0.0,4.25,0.0],"scale":[0.43945,0.43945,0.43945]},"gui":{"translation":[0.0,1.0,0.0],"rotation":[-154.25,-38.49,-179.01],"scale":[0.99765,0.99765,0.99765]},"head":{"translation":[0.0,4.25,0.0],"rotation":[0.0,3.25,0.0],"scale":[1.6,1.6,1.6]}},"credit":"Made with Blockbench","texture_size":[32.0,32.0],"elements":[{"from":[3.0,4.0,3.0],"to":[13.0,10.0,13.0],"rotation":{"angle":0.0,"axis":"y","origin":[9.5,6.24,8.0]},"faces":{"north":{"uv":[6.0,0.0,11.0,3.0],"texture":"#1"},"east":{"uv":[6.0,3.0,11.0,6.0],"texture":"#1"},"south":{"uv":[6.0,0.0,11.0,3.0],"texture":"#1"},"west":{"uv":[6.0,3.0,11.0,6.0],"texture":"#1"},"up":{"uv":[0.0,2.5,5.0,7.5],"texture":"#1"}}},{"from":[5.56075,10.0,5.54172],"to":[10.56075,11.0,10.54172],"rotation":{"angle":-22.5,"axis":"y","origin":[8.06075,10.5,8.04172]},"faces":{"north":{"uv":[0.0,2.0,2.5,2.5],"texture":"#1"},"east":{"uv":[0.0,2.0,2.5,2.5],"texture":"#1"},"south":{"uv":[0.0,2.0,2.5,2.5],"texture":"#1"},"west":{"uv":[0.0,2.0,2.5,2.5],"texture":"#1"},"up":{"uv":[0.0,0.0,2.5,2.5],"texture":"#1"},"down":{"uv":[0.0,0.0,2.5,2.5],"texture":"#1"}}},{"name":"cube inverted","from":[13.0,10.0,13.0],"to":[3.0,4.0,3.0],"rotation":{"angle":0.0,"axis":"y","origin":[9.5,6.24,8.0]},"faces":{"north":{"uv":[6.0,3.0,11.0,0.0],"texture":"#1"},"east":{"uv":[6.0,6.0,11.0,3.0],"texture":"#1"},"south":{"uv":[6.0,3.0,11.0,0.0],"texture":"#1"},"west":{"uv":[6.0,6.0,11.0,3.0],"texture":"#1"},"down":{"uv":[5.0,2.5,0.0,7.5],"texture":"#1"}}}],"gui_light":"front"}