{"textures":{"1":"mcc:island_cosmetics/general/hat/uncle_sam/uncle_sam"},"display":{"thirdperson_righthand":{"translation":[0.0,1.0,0.75],"rotation":[55.5,34.0,0.0],"scale":[0.52539,0.52539,0.52539]},"thirdperson_lefthand":{"translation":[0.0,1.0,0.75],"rotation":[55.5,34.0,0.0],"scale":[0.52539,0.52539,0.52539]},"firstperson_righthand":{"translation":[9.5,0.0,-5.75],"rotation":[21.0,114.5,-13.75],"scale":[0.41992,0.41992,0.41992]},"firstperson_lefthand":{"translation":[9.5,0.0,-5.75],"rotation":[21.0,114.5,-13.75],"scale":[0.41992,0.41992,0.41992]},"gui":{"translation":[0.0,-1.0,0.0],"rotation":[-154.61,-31.92,-180.0],"scale":[0.75585,0.75585,0.75585]},"head":{"translation":[0.0,6.75,0.5],"rotation":[7.25,0.0,0.0],"scale":[1.6,1.61172,1.61172]}},"credit":"Made with Blockbench","texture_size":[32.0,32.0],"elements":[{"from":[3.0,5.0,3.0],"to":[13.0,16.0,13.0],"rotation":{"angle":0.0,"axis":"y","origin":[1.0,0.0,-1.0]},"faces":{"north":{"uv":[5.0,0.0,10.0,5.5],"texture":"#1","tintindex":0.0},"east":{"uv":[5.0,0.0,10.0,5.5],"texture":"#1","tintindex":0.0},"south":{"uv":[5.0,0.0,10.0,5.5],"texture":"#1","tintindex":0.0},"west":{"uv":[5.0,0.0,10.0,5.5],"texture":"#1","tintindex":0.0},"up":{"uv":[0.0,0.0,5.0,5.0],"texture":"#1","tintindex":0.0}}},{"from":[3.0,5.0,3.0],"to":[13.0,16.0,13.0],"rotation":{"angle":0.0,"axis":"y","origin":[1.0,0.0,-1.0]},"faces":{"north":{"uv":[10.0,7.0,15.0,12.5],"texture":"#1"},"east":{"uv":[10.0,7.0,15.0,12.5],"texture":"#1"},"south":{"uv":[10.0,7.0,15.0,12.5],"texture":"#1"},"west":{"uv":[10.0,7.0,15.0,12.5],"texture":"#1"}}},{"from":[2.8,5.05,2.8],"to":[13.2,8.45,13.2],"rotation":{"angle":0.0,"axis":"y","origin":[1.0,0.0,-1.0]},"faces":{"north":{"uv":[10.0,5.0,15.0,6.5],"texture":"#1"},"east":{"uv":[10.0,5.0,15.0,6.5],"texture":"#1"},"south":{"uv":[10.0,5.0,15.0,6.5],"texture":"#1"},"west":{"uv":[10.0,5.0,15.0,6.5],"texture":"#1"}}},{"from":[-1.0,5.0,-1.0],"to":[17.0,5.0,17.0],"faces":{"up":{"uv":[0.0,5.5,9.0,14.5],"texture":"#1","tintindex":0.0},"down":{"uv":[0.0,5.5,9.0,14.5],"texture":"#1","tintindex":0.0}}}],"gui_light":"front"}