{"textures":{"0":"mcc:island_cosmetics/head/head","1":"mcc:island_cosmetics/head_variant/head_extra","particle":"mcc:island_cosmetics/head/head"},"credit":"Made with Blockbench","texture_size":[128.0,128.0],"elements":[{"from":[3.5,-0.26,3.5],"to":[12.5,5.74,12.5],"rotation":{"angle":0.0,"axis":"y","origin":[8.0,3.40667,8.0]},"faces":{"north":{"uv":[4.25,12.5,5.375,13.25],"texture":"#1"},"east":{"uv":[4.25,12.5,5.375,13.25],"texture":"#1"},"south":{"uv":[4.25,12.5,5.375,13.25],"texture":"#1"},"west":{"uv":[4.25,12.5,5.375,13.25],"texture":"#1"},"up":{"uv":[5.375,12.5,6.5,13.625],"texture":"#1"},"down":{"uv":[5.375,11.75,5.5,11.875],"texture":"#1"}}},{"from":[-0.01,-0.27,2.99],"to":[16.01,8.75,13.01],"rotation":{"angle":0.0,"axis":"y","origin":[8.0,3.40667,8.0]},"faces":{"north":{"uv":[6.375,10.0,8.375,11.125],"texture":"#1"},"east":{"uv":[4.25,10.0,5.5,11.125],"texture":"#1"},"south":{"uv":[6.375,11.125,8.375,12.25],"texture":"#1"},"west":{"uv":[4.25,10.0,5.5,11.125],"texture":"#1"},"up":{"uv":[4.875,10.125,5.0,10.25],"texture":"#1"},"down":{"uv":[4.25,11.125,6.25,12.375],"texture":"#1"}}},{"from":[-0.01,-5.27,2.99],"to":[16.01,-0.25,13.01],"rotation":{"angle":0.0,"axis":"y","origin":[8.0,3.40667,8.0]},"faces":{"north":{"uv":[6.625,12.375,8.6275,13.0025],"texture":"#1"},"east":{"uv":[5.25,13.75,6.5025,14.3775],"texture":"#1"},"south":{"uv":[8.6275,12.375,6.625,13.0025],"texture":"#1"},"west":{"uv":[5.25,13.75,6.5025,14.3775],"texture":"#1"},"up":{"uv":[6.75,11.25,6.875,11.375],"texture":"#1"},"down":{"uv":[6.75,11.25,6.875,11.375],"texture":"#1"}}},{"from":[3.0,-2.26,3.5],"to":[13.0,-0.26,12.5],"rotation":{"angle":0.0,"axis":"y","origin":[8.0,-1.26,8.0]},"faces":{"north":{"uv":[4.0,13.375,5.25,13.625],"texture":"#1","tintindex":0.0},"east":{"uv":[4.0,13.625,5.125,13.875],"texture":"#1","tintindex":0.0},"south":{"uv":[4.0,13.375,5.25,13.625],"texture":"#1","tintindex":0.0},"west":{"uv":[4.0,13.625,5.125,13.875],"texture":"#1","tintindex":0.0},"up":{"uv":[2.875,14.125,4.125,15.25],"texture":"#1","tintindex":0.0},"down":{"uv":[2.875,14.125,4.125,15.25],"texture":"#1","tintindex":0.0}}},{"from":[12.5,-8.26,4.25],"to":[12.5,-2.26,11.25],"rotation":{"angle":0.0,"axis":"y","origin":[12.5,-5.26,7.75]},"faces":{"north":{"uv":[13.5,15.25,14.75,16.0],"texture":"#0","tintindex":0.0},"east":{"uv":[4.125,14.0,5.0,14.75],"texture":"#1","tintindex":0.0},"south":{"uv":[13.125,15.625,13.25,15.75],"texture":"#0","tintindex":0.0},"west":{"uv":[5.0,14.0,4.125,14.75],"texture":"#1","tintindex":0.0},"up":{"uv":[13.25,15.75,13.125,15.625],"texture":"#0","tintindex":0.0},"down":{"uv":[13.25,15.75,13.125,15.625],"texture":"#0","tintindex":0.0}}},{"name":"cube inverted","from":[16.01,8.75,13.01],"to":[-0.01,-0.27,2.99],"rotation":{"angle":0.0,"axis":"y","origin":[8.0,3.40667,8.0]},"faces":{"north":{"uv":[6.375,12.25,8.375,11.125],"texture":"#1"},"east":{"uv":[4.25,11.125,5.5,10.0],"texture":"#1"},"south":{"uv":[6.375,11.125,8.375,10.0],"texture":"#1"},"west":{"uv":[4.25,11.125,5.5,10.0],"texture":"#1"},"up":{"uv":[6.25,11.125,4.25,12.375],"texture":"#1"},"down":{"uv":[5.0,10.125,4.875,10.25],"texture":"#1"}}}],"gui_light":"front","display":{"thirdperson_righthand":{"rotation":[64.25,0.0,0.0],"scale":[0.44336,0.44336,0.44336]},"thirdperson_lefthand":{"rotation":[64.25,0.0,0.0],"scale":[0.44336,0.44336,0.44336]},"firstperson_righthand":{"scale":[0.0,0.0,0.0]},"firstperson_lefthand":{"scale":[0.0,0.0,0.0]},"ground":{"translation":[0.0,4.25,0.0],"scale":[0.43945,0.43945,0.43945]},"gui":{"rotation":[-149.61,-31.92,-180.0],"translation":[0.0,5.25,0.0],"scale":[0.77538,0.77538,0.77538]},"head":{"translation":[0.0,19.25,0.0],"scale":[1.6957,1.6957,1.6957]}}}