{"textures":{"1":"mcc:island_cosmetics/general/hat/cardboard_box/cardboard_box","2":"mcc:island_cosmetics/general/hat/cardboard_box/variant","particle":"mcc:island_cosmetics/general/hat/cardboard_box/variant"},"elements":[{"from":[1.5,3.0,1.5],"to":[14.5,14.0,14.5],"rotation":{"angle":0.0,"axis":"y","origin":[8.0,7.5,8.0]},"faces":{"north":{"uv":[0.0,0.0,3.25,2.75],"texture":"#2"},"east":{"uv":[7.0,5.5,13.5,0.0],"texture":"#1","rotation":180},"south":{"uv":[0.5,8.0,7.0,13.5],"texture":"#1"},"west":{"uv":[7.0,5.5,13.5,0.0],"texture":"#1","rotation":180},"up":{"uv":[7.0,5.5,13.5,12.0],"texture":"#1","rotation":270}}},{"from":[5.7,11.7,1.2],"to":[10.3,14.3,14.8],"rotation":{"angle":0.0,"axis":"y","origin":[8.0,11.5,8.0]},"faces":{"north":{"uv":[13.5,1.5,15.5,2.5],"texture":"#1"},"south":{"uv":[13.5,1.5,15.5,2.5],"texture":"#1"},"up":{"uv":[13.5,2.5,15.5,9.0],"texture":"#1"}}},{"from":[1.5,6.47885,-0.88643],"to":[14.5,6.47885,4.11357],"rotation":{"angle":-45.0,"axis":"x","origin":[9.0,1.58507,7.00734]},"faces":{"north":{"uv":[58.5,38.0,53.0,42.0],"texture":"#1"},"east":{"uv":[58.5,38.0,64.0,42.0],"texture":"#1"},"south":{"uv":[64.0,26.0,58.5,30.0],"texture":"#1"},"west":{"uv":[64.0,38.0,58.5,42.0],"texture":"#1"},"up":{"uv":[0.0,2.5,6.5,0.0],"texture":"#1","rotation":180},"down":{"uv":[0.0,0.0,6.5,2.5],"texture":"#1","rotation":180}}},{"from":[1.5,6.47885,11.88643],"to":[14.5,6.47885,16.88643],"rotation":{"angle":45.0,"axis":"x","origin":[9.0,1.58507,8.99266]},"faces":{"north":{"uv":[58.5,26.0,64.0,30.0],"texture":"#1"},"east":{"uv":[64.0,38.0,58.5,42.0],"texture":"#1"},"south":{"uv":[53.0,38.0,58.5,42.0],"texture":"#1"},"west":{"uv":[58.5,38.0,64.0,42.0],"texture":"#1"},"up":{"uv":[0.0,0.0,6.5,2.5],"texture":"#1","rotation":180},"down":{"uv":[0.0,2.5,6.5,0.0],"texture":"#1","rotation":180}}},{"from":[11.89377,6.47885,1.50734],"to":[16.89377,6.47885,14.50734],"rotation":{"angle":-45.0,"axis":"z","origin":[9.0,1.58507,9.00734]},"faces":{"north":{"uv":[64.0,38.0,58.5,42.0],"texture":"#1"},"east":{"uv":[58.5,38.0,53.0,42.0],"texture":"#1"},"south":{"uv":[58.5,38.0,64.0,42.0],"texture":"#1"},"west":{"uv":[64.0,26.0,58.5,30.0],"texture":"#1"},"up":{"uv":[6.5,0.0,0.0,2.5],"texture":"#1","rotation":90},"down":{"uv":[6.5,0.0,0.0,2.5],"texture":"#1","rotation":90}}},{"from":[-0.8791,6.47885,1.50734],"to":[4.1209,6.47885,14.50734],"rotation":{"angle":45.0,"axis":"z","origin":[7.01467,1.58507,9.00734]},"faces":{"north":{"uv":[58.5,38.0,64.0,42.0],"texture":"#1"},"east":{"uv":[58.5,26.0,64.0,30.0],"texture":"#1"},"south":{"uv":[64.0,38.0,58.5,42.0],"texture":"#1"},"west":{"uv":[53.0,38.0,58.5,42.0],"texture":"#1"},"up":{"uv":[6.5,2.5,0.0,0.0],"texture":"#1","rotation":90},"down":{"uv":[6.5,2.5,0.0,0.0],"texture":"#1","rotation":90}}},{"from":[14.5,14.0,14.5],"to":[1.5,3.0,1.5],"rotation":{"angle":0.0,"axis":"y","origin":[8.0,7.5,8.0]},"faces":{"north":{"uv":[0.5,13.5,7.0,8.0],"texture":"#1"},"east":{"uv":[7.0,0.0,13.5,5.5],"texture":"#1","rotation":180},"south":{"uv":[0.0,2.75,3.25,0.0],"texture":"#2"},"west":{"uv":[7.0,0.0,13.5,5.5],"texture":"#1","rotation":180},"down":{"uv":[7.0,12.0,13.5,5.5],"texture":"#1","rotation":270}}}],"display":{"thirdperson_righthand":{"translation":[0.0,1.0,-1.0],"rotation":[63.0,34.0,0.0],"scale":[0.52539,0.52539,0.52539]},"thirdperson_lefthand":{"translation":[0.0,1.0,-1.0],"rotation":[63.0,34.0,0.0],"scale":[0.52539,0.52539,0.52539]},"firstperson_righthand":{"translation":[9.5,0.0,-5.75],"rotation":[3.0,112.0,-13.0],"scale":[0.41992,0.41992,0.41992]},"firstperson_lefthand":{"translation":[9.5,0.0,-5.75],"rotation":[3.0,112.0,-13.0],"scale":[0.41992,0.41992,0.41992]},"ground":{"translation":[0.0,4.25,0.0],"scale":[0.28906,0.28906,0.28906]},"gui":{"translation":[0.25,1.25,0.0],"rotation":[-149.43,-37.17,-179.4],"scale":[0.62109,0.62109,0.62109]},"head":{"translation":[0.0,2.75,0.5],"rotation":[2.0,0.0,0.0],"scale":[1.49453,1.49453,1.49453]},"fixed":{"translation":[0.0,-3.25,-7.5]}},"credit":"Made with Blockbench","gui_light":"front"}