{"textures":{"0":"mcc:island_cosmetics/general/hat/fishbowl/fishbowl","2":"mcc:island_cosmetics/general/hat/fishbowl/fishbowl_fish","3":"mcc:island_cosmetics/general/hat/fishbowl/fishbowl_anim","particle":"mcc:island_cosmetics/general/hat/fishbowl/fishbowl"},"display":{"thirdperson_righthand":{"rotation":[64.25,0.0,0.0],"scale":[0.44336,0.44336,0.44336]},"thirdperson_lefthand":{"rotation":[64.25,0.0,0.0],"scale":[0.44336,0.44336,0.44336]},"firstperson_righthand":{"scale":[0.0,0.0,0.0]},"firstperson_lefthand":{"scale":[0.0,0.0,0.0]},"ground":{"translation":[0.0,4.25,0.0],"scale":[0.43945,0.43945,0.43945]},"gui":{"translation":[0.0,0.75,0.0],"rotation":[-149.61,-31.92,-180.0],"scale":[0.62304,0.62304,0.62304]},"head":{"translation":[0.0,4.0,0.0],"scale":[1.55898,1.55898,1.55898]}},"credit":"Made with Blockbench","texture_size":[48.0,48.0],"elements":[{"from":[3.5,13.5,3.5],"to":[12.5,14.5,12.5],"rotation":{"angle":0.0,"axis":"y","origin":[7.88889,7.14444,8.0]},"faces":{"north":{"uv":[0.0,0.0,3.0,0.33333],"texture":"#0"},"east":{"uv":[0.0,0.0,3.0,0.33333],"texture":"#0"},"south":{"uv":[0.0,0.0,3.0,0.33333],"texture":"#0"},"west":{"uv":[0.0,0.0,3.0,0.33333],"texture":"#0"}}},{"from":[14.0,0.0,2.5],"to":[14.0,8.0,9.5],"rotation":{"angle":0.0,"axis":"y","origin":[7.88889,7.14444,8.0]},"faces":{"north":{"uv":[34.33333,17.33333,38.33333,20.66667],"texture":"#0"},"east":{"uv":[5.33333,3.33333,7.66667,6.0],"texture":"#0"},"south":{"uv":[34.33333,17.33333,38.33333,20.66667],"texture":"#0"},"west":{"uv":[7.66667,3.33333,5.33333,6.0],"texture":"#0"},"up":{"uv":[33.0,15.66667,33.33333,16.0],"rotation":180.0,"texture":"#0"},"down":{"uv":[38.66667,16.66667,42.66667,20.66667],"rotation":180.0,"texture":"#0"}}},{"from":[6.0,0.0,14.0],"to":[13.0,8.0,14.0],"rotation":{"angle":0.0,"axis":"y","origin":[7.88889,7.14444,8.0]},"faces":{"north":{"uv":[7.66667,0.66667,5.33333,3.33333],"texture":"#0"},"east":{"uv":[34.33333,17.33333,38.33333,20.66667],"texture":"#0"},"south":{"uv":[5.33333,0.66667,7.66667,3.33333],"texture":"#0"},"west":{"uv":[34.33333,17.33333,38.33333,20.66667],"texture":"#0"},"up":{"uv":[33.0,15.66667,33.33333,16.0],"rotation":270.0,"texture":"#0"},"down":{"uv":[38.66667,16.66667,42.66667,20.66667],"rotation":90.0,"texture":"#0"}}},{"from":[2.0,0.0,2.0],"to":[9.0,8.0,2.0],"rotation":{"angle":0.0,"axis":"y","origin":[7.88889,7.14444,8.0]},"faces":{"north":{"uv":[5.33333,0.66667,7.66667,3.33333],"texture":"#0"},"east":{"uv":[34.33333,17.33333,38.33333,20.66667],"texture":"#0"},"south":{"uv":[7.66667,0.66667,5.33333,3.33333],"texture":"#0"},"west":{"uv":[34.33333,17.33333,38.33333,20.66667],"texture":"#0"},"up":{"uv":[33.33333,16.0,33.0,15.66667],"rotation":270.0,"texture":"#0"},"down":{"uv":[42.66667,20.66667,38.66667,16.66667],"rotation":90.0,"texture":"#0"}}},{"from":[2.0,0.0,6.5],"to":[2.0,8.0,13.5],"rotation":{"angle":0.0,"axis":"y","origin":[7.88889,7.14444,8.0]},"faces":{"north":{"uv":[38.33333,17.33333,34.33333,20.66667],"texture":"#0"},"east":{"uv":[5.33333,3.33333,7.66667,6.0],"texture":"#0"},"south":{"uv":[38.33333,17.33333,34.33333,20.66667],"texture":"#0"},"west":{"uv":[7.66667,3.33333,5.33333,6.0],"texture":"#0"},"up":{"uv":[33.33333,15.66667,33.0,16.0],"rotation":180.0,"texture":"#0"},"down":{"uv":[42.66667,16.66667,38.66667,20.66667],"rotation":180.0,"texture":"#0"}}},{"from":[3.0,1.9,3.0],"to":[13.0,11.9,13.0],"rotation":{"angle":0.0,"axis":"y","origin":[7.88889,7.14444,8.0]},"faces":{"north":{"uv":[0.0,5.0,5.0,10.0],"texture":"#2","tintindex":0.0},"east":{"uv":[5.0,0.0,10.0,5.0],"texture":"#2","tintindex":0.0},"south":{"uv":[0.0,0.0,5.0,5.0],"texture":"#2","tintindex":0.0},"west":{"uv":[5.0,5.0,10.0,10.0],"texture":"#2","tintindex":0.0}}},{"name":"cube inverted inverted","from":[15.75,13.75,15.75],"to":[0.25,-0.75,0.25],"rotation":{"angle":0.0,"axis":"y","origin":[7.38889,7.14444,7.5]},"faces":{"north":{"uv":[0.0,5.0,5.0,0.33333],"texture":"#0"},"east":{"uv":[0.0,5.0,5.0,0.33333],"texture":"#0"},"south":{"uv":[0.0,5.0,5.0,0.33333],"texture":"#0"},"west":{"uv":[0.0,5.0,5.0,0.33333],"texture":"#0"},"up":{"uv":[5.0,5.0,0.0,10.0],"texture":"#0"},"down":{"uv":[5.0,5.0,0.0,10.0],"texture":"#0"}}},{"name":"cube inverted inverted inverted","from":[0.5,-0.5,0.5],"to":[15.5,13.5,15.5],"rotation":{"angle":0.0,"axis":"y","origin":[8.38889,7.14444,8.5]},"faces":{"north":{"uv":[9.33333,0.33333,14.33333,5.0],"texture":"#0"},"east":{"uv":[9.33333,0.33333,14.33333,5.0],"texture":"#0"},"south":{"uv":[9.33333,0.33333,14.33333,5.0],"texture":"#0"},"west":{"uv":[9.33333,0.33333,14.33333,5.0],"texture":"#0"},"up":{"uv":[9.33333,5.0,14.33333,10.0],"texture":"#0"},"down":{"uv":[9.33333,10.0,14.33333,15.0],"texture":"#0"}}},{"name":"cube inverted","from":[13.0,11.9,13.0],"to":[3.0,1.9,3.0],"rotation":{"angle":0.0,"axis":"y","origin":[7.88889,7.14444,8.0]},"faces":{"north":{"uv":[0.0,5.0,5.0,0.0],"texture":"#2","tintindex":0.0},"east":{"uv":[5.0,10.0,10.0,5.0],"texture":"#2","tintindex":0.0},"south":{"uv":[0.0,10.0,5.0,5.0],"texture":"#2","tintindex":0.0},"west":{"uv":[5.0,5.0,10.0,0.0],"texture":"#2","tintindex":0.0}}},{"from":[0.0,-1.0,-0.25],"to":[16.0,15.0,-0.25],"faces":{"north":{"uv":[0.0,0.0,16.0,16.0],"texture":"#3"},"east":{"uv":[0.0,0.0,0.125,0.125],"texture":"#missing"},"south":{"uv":[16.0,0.0,0.0,16.0],"texture":"#3"},"west":{"uv":[0.0,0.0,0.125,0.125],"texture":"#missing"},"up":{"uv":[0.0,0.0,0.125,0.125],"texture":"#missing"},"down":{"uv":[0.0,0.0,0.125,0.125],"texture":"#missing"}}},{"from":[0.0,-1.0,16.25],"to":[16.0,15.0,16.25],"rotation":{"angle":0.0,"axis":"y","origin":[0.0,0.0,16.0]},"faces":{"north":{"uv":[0.0,0.0,16.0,16.0],"texture":"#3"},"east":{"uv":[0.125,0.0,0.0,0.125],"texture":"#missing"},"south":{"uv":[16.0,0.0,0.0,16.0],"texture":"#3"},"west":{"uv":[0.125,0.0,0.0,0.125],"texture":"#missing"},"up":{"uv":[0.0,0.125,0.125,0.0],"texture":"#missing"},"down":{"uv":[0.0,0.125,0.125,0.0],"texture":"#missing"}}},{"name":"cube inverted","from":[12.5,14.5,12.5],"to":[3.5,13.5,3.5],"rotation":{"angle":0.0,"axis":"y","origin":[7.88889,7.14444,8.0]},"faces":{"north":{"uv":[0.0,0.33333,3.0,0.0],"texture":"#0"},"east":{"uv":[0.0,0.33333,3.0,0.0],"texture":"#0"},"south":{"uv":[0.0,0.33333,3.0,0.0],"texture":"#0"},"west":{"uv":[0.0,0.33333,3.0,0.0],"texture":"#0"}}}],"gui_light":"front"}