{"textures":{"0":"mcc:island_cosmetics/general/hat/cake_slice/cake_slice","particle":"mcc:island_cosmetics/general/hat/cake_slice/cake_slice"},"elements":[{"from":[1.0,0.0,1.0],"to":[15.0,2.0,15.0],"rotation":{"angle":-45.0,"axis":"y","origin":[8.0,1.0,8.0]},"faces":{"north":{"uv":[3.25,5.75,5.0,6.0],"texture":"#0","rotation":180},"east":{"uv":[3.25,5.75,5.0,6.0],"texture":"#0","rotation":180},"south":{"uv":[3.25,5.75,5.0,6.0],"texture":"#0","rotation":180},"west":{"uv":[3.25,5.75,5.0,6.0],"texture":"#0","rotation":180},"up":{"uv":[3.25,4.0,5.0,5.75],"texture":"#0","rotation":180},"down":{"uv":[3.25,5.75,3.375,5.875],"texture":"#0","rotation":180}}},{"from":[3.99556,2.0,10.75],"to":[11.99556,11.0,11.75],"rotation":{"angle":0.0,"axis":"y","origin":[7.96778,10.23111,7.93358]},"faces":{"east":{"uv":[1.125,8.0,1.25,9.125],"texture":"#0"},"south":{"uv":[1.25,8.0,2.25,9.125],"texture":"#0"},"west":{"uv":[1.125,8.0,1.25,9.125],"texture":"#0"}}},{"from":[3.89556,9.9,10.65],"to":[12.09556,11.1,11.85],"rotation":{"angle":0.0,"axis":"y","origin":[7.96778,10.23111,7.93358]},"faces":{"north":{"uv":[1.75,7.75,2.75,7.875],"texture":"#0"},"east":{"uv":[0.375,9.875,0.5,10.0],"texture":"#0"},"south":{"uv":[1.75,7.75,2.75,7.875],"texture":"#0"},"west":{"uv":[0.375,9.875,0.5,10.0],"texture":"#0"},"up":{"uv":[0.375,9.875,0.5,10.0],"texture":"#0"},"down":{"uv":[1.75,7.75,2.75,7.875],"texture":"#0"}}},{"from":[3.99556,11.0,2.75],"to":[11.99556,11.0,10.75],"rotation":{"angle":0.0,"axis":"y","origin":[7.96778,10.23111,7.93358]},"faces":{"up":{"uv":[0.0,9.125,1.0,10.125],"texture":"#0"},"down":{"uv":[0.0,9.125,0.125,9.375],"texture":"#0"}}},{"from":[5.38409,2.0,3.05677],"to":[6.38409,11.0,12.05677],"rotation":{"angle":-22.5,"axis":"y","origin":[7.96778,10.23111,7.93358]},"faces":{"north":{"uv":[0.0,8.0,0.125,9.125],"texture":"#0"},"south":{"uv":[0.0,8.0,0.125,9.0],"texture":"#0"},"west":{"uv":[0.0,8.0,1.125,9.125],"texture":"#0"}}},{"from":[5.18409,9.8,2.85677],"to":[6.58409,11.2,12.25677],"rotation":{"angle":-22.5,"axis":"y","origin":[7.96778,10.23111,7.93358]},"faces":{"north":{"uv":[1.75,7.875,1.875,8.0],"texture":"#0"},"east":{"uv":[2.875,7.875,1.75,8.0],"texture":"#0"},"south":{"uv":[0.375,9.875,0.5,10.0],"texture":"#0"},"west":{"uv":[1.75,7.875,2.875,8.0],"texture":"#0"},"up":{"uv":[1.75,7.875,2.875,8.0],"texture":"#0","rotation":90},"down":{"uv":[1.75,7.875,2.875,8.0],"texture":"#0"}}},{"from":[9.5028,9.9,2.97803],"to":[10.7028,11.1,12.17803],"rotation":{"angle":22.5,"axis":"y","origin":[7.96778,10.23111,7.93358]},"faces":{"north":{"uv":[1.75,7.875,1.875,8.0],"texture":"#0"},"east":{"uv":[1.75,7.875,2.875,8.0],"texture":"#0"},"south":{"uv":[1.75,7.875,1.875,8.0],"texture":"#0"},"west":{"uv":[1.75,7.875,2.875,8.0],"texture":"#0"},"up":{"uv":[1.75,7.875,2.875,8.0],"texture":"#0","rotation":90},"down":{"uv":[1.75,7.875,1.875,9.0],"texture":"#0"}}},{"from":[9.6028,2.0,3.07803],"to":[10.6028,11.0,12.07803],"rotation":{"angle":22.5,"axis":"y","origin":[7.96778,10.23111,7.93358]},"faces":{"north":{"uv":[0.0,8.0,0.125,9.125],"texture":"#0"},"east":{"uv":[1.125,8.0,0.0,9.125],"texture":"#0"},"south":{"uv":[0.0,8.0,0.125,9.125],"texture":"#0"}}},{"from":[5.88401,10.85,9.23664],"to":[7.20401,14.81,10.55664],"rotation":{"angle":45.0,"axis":"y","origin":[6.21778,10.23111,10.18358]},"faces":{"north":{"uv":[2.5,2.75,2.75,3.5],"texture":"#0"},"east":{"uv":[2.5,2.75,2.75,3.5],"texture":"#0"},"south":{"uv":[2.5,2.75,2.75,3.5],"texture":"#0"},"west":{"uv":[2.5,2.75,2.75,3.5],"texture":"#0"},"up":{"uv":[2.5,1.625,2.75,1.75],"texture":"#0","rotation":90}}},{"from":[4.49556,14.75,9.75],"to":[7.49556,19.75,9.75],"rotation":{"angle":0.0,"axis":"y","origin":[6.21778,10.23111,10.18358]},"faces":{"north":{"uv":[2.75,1.625,3.25,2.375],"texture":"#0"},"south":{"uv":[3.25,1.625,2.75,2.375],"texture":"#0"},"up":{"uv":[2.75,1.625,3.125,2.25],"texture":"#0"}}},{"from":[8.88401,10.85,9.23664],"to":[10.20401,14.81,10.55664],"rotation":{"angle":45.0,"axis":"y","origin":[9.21778,10.23111,10.18358]},"faces":{"north":{"uv":[2.5,2.75,2.75,3.5],"texture":"#0"},"east":{"uv":[2.5,2.75,2.75,3.5],"texture":"#0"},"south":{"uv":[2.5,2.75,2.75,3.5],"texture":"#0"},"west":{"uv":[2.5,2.75,2.75,3.5],"texture":"#0"},"up":{"uv":[2.5,1.625,2.75,1.75],"texture":"#0","rotation":90}}},{"from":[7.49556,14.75,9.75],"to":[10.49556,19.75,9.75],"rotation":{"angle":0.0,"axis":"y","origin":[9.21778,10.23111,10.18358]},"faces":{"north":{"uv":[2.75,1.625,3.25,2.375],"texture":"#0"},"south":{"uv":[3.25,1.625,2.75,2.375],"texture":"#0"},"up":{"uv":[2.75,1.625,3.125,2.25],"texture":"#0"}}},{"from":[7.63401,10.85,5.98664],"to":[8.95401,14.81,7.30664],"rotation":{"angle":45.0,"axis":"y","origin":[7.96778,10.23111,6.93358]},"faces":{"north":{"uv":[2.5,1.625,2.75,2.375],"texture":"#0"},"east":{"uv":[2.5,1.625,2.75,2.375],"texture":"#0"},"south":{"uv":[2.5,1.625,2.75,2.375],"texture":"#0"},"west":{"uv":[2.5,1.625,2.75,2.375],"texture":"#0"},"up":{"uv":[2.5,1.625,2.75,1.75],"texture":"#0","rotation":90}}},{"from":[6.24556,14.75,6.5],"to":[9.24556,19.75,6.5],"rotation":{"angle":0.0,"axis":"y","origin":[7.96778,10.23111,6.93358]},"faces":{"north":{"uv":[2.75,1.625,3.25,2.375],"texture":"#0"},"south":{"uv":[3.25,1.625,2.75,2.375],"texture":"#0"},"up":{"uv":[2.75,1.625,3.125,2.25],"texture":"#0"}}}],"display":{"thirdperson_righthand":{"translation":[0.0,4.25,0.0],"rotation":[0.0,24.0,0.0],"scale":[0.54,0.54,0.54]},"thirdperson_lefthand":{"translation":[0.0,4.25,0.0],"rotation":[0.0,24.0,0.0],"scale":[0.54,0.54,0.54]},"firstperson_righthand":{"translation":[0.0,1.5,0.0],"scale":[0.78,0.78,0.78]},"firstperson_lefthand":{"translation":[0.0,1.5,0.0],"scale":[0.78,0.78,0.78]},"ground":{"translation":[0.0,3.5,0.0]},"gui":{"rotation":[30.0,-135.0,0.0],"scale":[0.71,0.71,0.71]},"head":{"translation":[0.0,16.0,0.5],"rotation":[5.0,0.0,0.0],"scale":[1.36,1.36,1.36]}},"credit":"Made with Blockbench"}