{"textures":{"0":"mcc:island_cosmetics/general/hat/fez/fez","particle":"mcc:island_cosmetics/general/hat/fez/fez"},"display":{"thirdperson_righthand":{"translation":[0.0,1.0,0.75],"rotation":[55.5,34.0,0.0],"scale":[0.52539,0.52539,0.52539]},"thirdperson_lefthand":{"translation":[0.0,1.0,0.75],"rotation":[55.5,34.0,0.0],"scale":[0.52539,0.52539,0.52539]},"firstperson_righthand":{"translation":[9.5,0.0,-5.75],"rotation":[21.0,114.5,-13.75],"scale":[0.41992,0.41992,0.41992]},"firstperson_lefthand":{"translation":[9.5,0.0,-5.75],"rotation":[21.0,114.5,-13.75],"scale":[0.41992,0.41992,0.41992]},"gui":{"translation":[0.0,-1.0,0.0],"rotation":[-150.22,-46.75,-179.65],"scale":[1.04883,1.04883,1.04883]},"head":{"translation":[0.0,8.0,0.0],"rotation":[5.72,-0.17,0.09],"scale":[1.66445,1.66445,1.66445]}},"credit":"Made with Blockbench","texture_size":[32.0,32.0],"elements":[{"from":[4.0,8.0412,4.0],"to":[12.0,14.0412,12.0],"rotation":{"angle":0.0,"axis":"x","origin":[7.5,10.0412,9.5]},"faces":{"north":{"uv":[2.0,0.0,6.0,3.0],"texture":"#0","tintindex":0.0},"east":{"uv":[2.0,0.0,6.0,3.0],"texture":"#0","tintindex":0.0},"south":{"uv":[2.0,0.0,6.0,3.0],"texture":"#0","tintindex":0.0},"west":{"uv":[2.0,0.0,6.0,3.0],"texture":"#0","tintindex":0.0},"up":{"uv":[2.0,3.0,6.0,7.0],"texture":"#0","tintindex":0.0}}},{"from":[4.0,8.0412,4.0],"to":[12.0,14.0412,12.0],"rotation":{"angle":0.0,"axis":"x","origin":[7.5,10.0412,9.5]},"faces":{"up":{"uv":[7.0,6.0,11.0,10.0],"texture":"#0"}}},{"from":[3.9,6.9,3.9],"to":[12.1,9.1,12.1],"rotation":{"angle":0.0,"axis":"x","origin":[7.6,10.0412,9.6]},"faces":{"north":{"uv":[6.5,5.0,10.5,6.0],"texture":"#0"},"east":{"uv":[6.5,5.0,10.5,6.0],"texture":"#0"},"south":{"uv":[6.5,5.0,10.5,6.0],"texture":"#0"},"west":{"uv":[6.5,5.0,10.5,6.0],"texture":"#0"}}},{"from":[8.15,3.9412,5.45656],"to":[13.35,14.1412,9.65656],"rotation":{"angle":0.0,"axis":"y","origin":[10.5,8.0412,6.80656]},"faces":{"east":{"uv":[0.0,5.0,2.0,10.0],"texture":"#0"},"up":{"uv":[2.0,7.5,4.5,9.5],"texture":"#0"}}},{"name":"cube inverted","from":[12.0,14.0412,12.0],"to":[4.0,8.0412,4.0],"rotation":{"angle":0.0,"axis":"x","origin":[7.5,10.0412,9.5]},"faces":{"north":{"uv":[2.0,3.0,6.0,0.0],"texture":"#0","tintindex":0.0},"east":{"uv":[2.0,3.0,6.0,0.0],"texture":"#0","tintindex":0.0},"south":{"uv":[2.0,3.0,6.0,0.0],"texture":"#0","tintindex":0.0},"west":{"uv":[2.0,3.0,6.0,0.0],"texture":"#0","tintindex":0.0},"down":{"uv":[6.0,3.0,2.0,7.0],"texture":"#0","tintindex":0.0}}},{"name":"cube inverted","from":[12.0,14.0412,12.0],"to":[4.0,8.0412,4.0],"rotation":{"angle":0.0,"axis":"x","origin":[7.5,10.0412,9.5]},"faces":{"down":{"uv":[11.0,6.0,7.0,10.0],"texture":"#0"}}},{"name":"cube inverted","from":[13.35,14.1412,9.65656],"to":[8.15,3.9412,5.45656],"rotation":{"angle":0.0,"axis":"y","origin":[10.5,8.0412,6.80656]},"faces":{"west":{"uv":[0.0,10.0,2.0,5.0],"texture":"#0"},"down":{"uv":[4.5,7.5,2.0,9.5],"texture":"#0"}}},{"name":"cube inverted","from":[12.1,9.1,12.1],"to":[3.9,6.9,3.9],"rotation":{"angle":0.0,"axis":"x","origin":[7.6,10.0412,9.6]},"faces":{"north":{"uv":[6.5,6.0,10.5,5.0],"texture":"#0"},"east":{"uv":[6.5,6.0,10.5,5.0],"texture":"#0"},"south":{"uv":[6.5,6.0,10.5,5.0],"texture":"#0"},"west":{"uv":[6.5,6.0,10.5,5.0],"texture":"#0"}}}],"gui_light":"front"}