{"textures":{"3":"mcc:island_cosmetics/general/hat/oni_mask/cursed_smoke","4":"mcc:island_cosmetics/general/hat/oni_mask/cursed","5":"mcc:island_cosmetics/general/hat/oni_mask/cursed_2","6":"mcc:island_cosmetics/general/hat/oni_mask/cursed_anim","particle":"mcc:island_cosmetics/general/hat/oni_mask/cursed_2"},"elements":[{"from":[10.5,7.38163,-5.43225],"to":[11.5,18.38163,1.56775],"rotation":{"angle":-45.0,"axis":"y","origin":[11.5,9.88163,3.56775]},"faces":{"east":{"uv":[3.5,8.5,0.0,14.0],"texture":"#4"},"west":{"uv":[0.0,8.5,3.5,14.0],"texture":"#4"}}},{"from":[11.0,7.38163,-5.43225],"to":[11.0,18.38163,1.56775],"rotation":{"angle":-45.0,"axis":"y","origin":[11.5,9.88163,3.56775]},"faces":{"east":{"uv":[3.5,3.0,0.0,8.5],"texture":"#4"},"west":{"uv":[0.0,3.0,3.5,8.5],"texture":"#4"}}},{"from":[4.5,7.38163,-5.43225],"to":[5.5,18.38163,1.56775],"rotation":{"angle":45.0,"axis":"y","origin":[4.5,9.88163,3.56775]},"faces":{"east":{"uv":[3.5,8.5,0.0,14.0],"texture":"#4"},"west":{"uv":[0.0,8.5,3.5,14.0],"texture":"#4"}}},{"from":[5.0,7.38163,-5.43225],"to":[5.0,18.38163,1.56775],"rotation":{"angle":45.0,"axis":"y","origin":[4.5,9.88163,3.56775]},"faces":{"east":{"uv":[3.5,3.0,0.0,8.5],"texture":"#4"},"west":{"uv":[0.0,3.0,3.5,8.5],"texture":"#4"}}},{"from":[9.75,-1.10789,2.41657],"to":[11.75,2.89211,2.41657],"rotation":{"angle":-22.5,"axis":"z","origin":[10.0,0.89211,1.41657]},"faces":{"north":{"uv":[13.5,6.0,14.5,8.0],"texture":"#4"},"south":{"uv":[14.5,6.0,13.5,8.0],"texture":"#4"}}},{"from":[2.31389,-2.11837,-5.14523],"to":[2.31389,3.88163,2.85477],"rotation":{"angle":45.0,"axis":"y","origin":[3.81389,-1.11837,0.60477]},"faces":{"east":{"uv":[8.5,11.0,4.5,14.0],"texture":"#4"},"west":{"uv":[4.5,11.0,8.5,14.0],"texture":"#4"}}},{"from":[13.68611,-2.11837,-5.14523],"to":[13.68611,3.88163,2.85477],"rotation":{"angle":-45.0,"axis":"y","origin":[12.18611,-1.11837,0.60477]},"faces":{"east":{"uv":[8.5,11.0,4.5,14.0],"texture":"#4"},"west":{"uv":[4.5,11.0,8.5,14.0],"texture":"#4"}}},{"from":[11.48421,-2.11837,2.17799],"to":[23.48421,12.88163,2.17799],"rotation":{"angle":22.5,"axis":"y","origin":[14.48421,0.88163,0.17799]},"faces":{"north":{"uv":[0.0,1.0,12.0,16.0],"texture":"#3"},"south":{"uv":[12.0,1.0,0.0,16.0],"texture":"#3"}}},{"from":[-7.48421,-2.11837,2.17799],"to":[4.51579,12.88163,2.17799],"rotation":{"angle":-22.5,"axis":"y","origin":[1.51579,0.88163,0.17799]},"faces":{"north":{"uv":[12.0,1.0,0.0,16.0],"texture":"#3"},"south":{"uv":[0.0,1.0,12.0,16.0],"texture":"#3"}}},{"from":[4.25,-1.10789,2.41657],"to":[6.25,2.89211,2.41657],"rotation":{"angle":22.5,"axis":"z","origin":[6.0,0.89211,1.41657]},"faces":{"north":{"uv":[14.5,6.0,13.5,8.0],"texture":"#4"},"south":{"uv":[13.5,6.0,14.5,8.0],"texture":"#4"}}},{"from":[12.55,6.05,13.3],"to":[3.45,3.95,3.2],"rotation":{"angle":0.0,"axis":"y","origin":[8.34776,5.73123,9.0]},"faces":{"north":{"uv":[2.0,2.66667,5.0,2.0],"texture":"#5"},"east":{"uv":[2.0,2.0,5.33333,1.33333],"texture":"#5"},"west":{"uv":[2.0,2.0,5.33333,1.33333],"texture":"#5"}}},{"from":[13.73163,2.65015,5.66066],"to":[14.73163,8.65015,12.66066],"rotation":{"angle":22.5,"axis":"y","origin":[13.23163,5.65015,8.91066]},"faces":{"north":{"uv":[22.66667,4.0,26.33333,7.33333],"texture":"#5","tintindex":0},"east":{"uv":[3.66667,11.0,6.0,13.0],"texture":"#5","tintindex":0},"south":{"uv":[25.66667,8.33333,26.0,8.66667],"texture":"#5","tintindex":0},"west":{"uv":[6.0,11.0,3.66667,13.0],"texture":"#5","tintindex":0},"up":{"uv":[25.66667,2.66667,29.33333,4.0],"texture":"#5","tintindex":0},"down":{"uv":[22.66667,8.66667,26.33333,10.0],"texture":"#5","tintindex":0}}},{"from":[1.26837,2.65015,5.66066],"to":[2.26837,8.65015,12.66066],"rotation":{"angle":-22.5,"axis":"y","origin":[2.76837,5.65015,8.91066]},"faces":{"north":{"uv":[26.33333,4.0,22.66667,7.33333],"texture":"#5","tintindex":0},"east":{"uv":[3.66667,11.0,6.0,13.0],"texture":"#5","tintindex":0},"south":{"uv":[26.0,8.33333,25.66667,8.66667],"texture":"#5","tintindex":0},"west":{"uv":[6.0,11.0,3.66667,13.0],"texture":"#5","tintindex":0},"up":{"uv":[29.33333,2.66667,25.66667,4.0],"texture":"#5","tintindex":0},"down":{"uv":[26.33333,8.66667,22.66667,10.0],"texture":"#5","tintindex":0}}},{"from":[1.76837,2.40015,5.41066],"to":[1.76837,8.90015,12.91066],"rotation":{"angle":-22.5,"axis":"y","origin":[2.76837,5.65015,8.91066]},"faces":{"north":{"uv":[26.33333,4.0,22.66667,7.33333],"texture":"#4"},"east":{"uv":[3.5,0.5,7.0,3.5],"texture":"#4"},"south":{"uv":[26.0,8.33333,25.66667,8.66667],"texture":"#4"},"west":{"uv":[7.0,0.5,3.5,3.5],"texture":"#4"},"up":{"uv":[29.33333,2.66667,25.66667,4.0],"texture":"#4"},"down":{"uv":[26.33333,8.66667,22.66667,10.0],"texture":"#4"}}},{"from":[14.23163,2.40015,5.41066],"to":[14.23163,8.90015,12.91066],"rotation":{"angle":22.5,"axis":"y","origin":[13.23163,5.65015,8.91066]},"faces":{"north":{"uv":[22.66667,4.0,26.33333,7.33333],"texture":"#4"},"east":{"uv":[3.5,0.5,7.0,3.5],"texture":"#4"},"south":{"uv":[25.66667,8.33333,26.0,8.66667],"texture":"#4"},"west":{"uv":[7.0,0.5,3.5,3.5],"texture":"#4"},"up":{"uv":[25.66667,2.66667,29.33333,4.0],"texture":"#4"},"down":{"uv":[22.66667,8.66667,26.33333,10.0],"texture":"#4"}}},{"from":[2.5,6.0,1.0],"to":[13.5,9.0,3.0],"rotation":{"angle":0.0,"axis":"y","origin":[8.5,7.0,2.0]},"faces":{"north":{"uv":[0.0,7.0,3.66667,8.0],"texture":"#5","tintindex":0},"east":{"uv":[3.66667,13.66667,4.33333,14.66667],"texture":"#5","tintindex":0},"south":{"uv":[0.0,0.0,0.0,0.0],"texture":"#5"},"west":{"uv":[4.33333,13.66667,3.66667,14.66667],"texture":"#5","tintindex":0},"up":{"uv":[0.0,14.0,3.66667,14.66667],"texture":"#5","tintindex":0},"down":{"uv":[0.66667,10.33333,4.33333,11.0],"texture":"#5","tintindex":0}}},{"from":[5.0,-1.5,0.0],"to":[11.0,1.5,5.0],"rotation":{"angle":-22.5,"axis":"x","origin":[8.0,5.0,5.0]},"faces":{"up":{"uv":[11.5,11.0,14.5,8.5],"texture":"#4"}}},{"from":[5.0,-1.5,0.0],"to":[11.0,1.5,5.0],"rotation":{"angle":-22.5,"axis":"x","origin":[8.0,5.0,5.0]},"faces":{"north":{"uv":[1.0,8.33333,3.0,9.33333],"texture":"#5","tintindex":0},"east":{"uv":[8.0,10.33333,9.66667,11.33333],"texture":"#5","tintindex":0},"south":{"uv":[6.0,10.33333,8.0,11.33333],"texture":"#5","tintindex":0},"west":{"uv":[9.66667,10.33333,8.0,11.33333],"texture":"#5","tintindex":0},"up":{"uv":[6.33333,8.66667,8.33333,10.33333],"texture":"#5","tintindex":0},"down":{"uv":[6.33333,7.0,8.33333,8.66667],"texture":"#5","tintindex":0}}},{"from":[10.0,8.38163,-0.43225],"to":[12.0,10.38163,3.56775],"rotation":{"angle":-45.0,"axis":"y","origin":[11.5,9.88163,3.56775]},"faces":{"north":{"uv":[6.66667,11.66667,7.66667,12.66667],"texture":"#5","tintindex":0},"east":{"uv":[3.33333,10.33333,2.0,9.66667],"texture":"#5","tintindex":0},"south":{"uv":[6.66667,11.66667,7.66667,12.66667],"texture":"#5","tintindex":0},"west":{"uv":[2.0,9.66667,3.33333,10.33333],"texture":"#5","tintindex":0},"up":{"uv":[2.0,10.33333,3.33333,9.66667],"texture":"#5","tintindex":0,"rotation":90},"down":{"uv":[3.33333,9.66667,2.0,10.33333],"texture":"#5","tintindex":0,"rotation":90}}},{"from":[4.0,8.38163,-0.43225],"to":[6.0,10.38163,3.56775],"rotation":{"angle":45.0,"axis":"y","origin":[4.5,9.88163,3.56775]},"faces":{"north":{"uv":[7.66667,11.66667,6.66667,12.66667],"texture":"#5","tintindex":0},"east":{"uv":[3.33333,9.66667,2.0,10.33333],"texture":"#5","tintindex":0},"south":{"uv":[7.66667,11.66667,6.66667,12.66667],"texture":"#5","tintindex":0},"west":{"uv":[2.0,10.33333,3.33333,9.66667],"texture":"#5","tintindex":0},"up":{"uv":[2.0,9.66667,3.33333,10.33333],"texture":"#5","tintindex":0,"rotation":90},"down":{"uv":[3.33333,10.33333,2.0,9.66667],"texture":"#5","tintindex":0,"rotation":90}}},{"from":[2.5,-1.0,3.0],"to":[13.5,11.0,7.0],"rotation":{"angle":0.0,"axis":"y","origin":[8.34776,5.73123,9.0]},"faces":{"north":{"uv":[0.0,3.33333,3.66667,7.33333],"texture":"#5","tintindex":0},"east":{"uv":[3.66667,3.33333,5.0,7.33333],"texture":"#5","tintindex":0},"south":{"uv":[9.66667,11.33333,6.0,15.33333],"texture":"#5","tintindex":0},"west":{"uv":[5.0,3.33333,3.66667,7.33333],"texture":"#5","tintindex":0},"up":{"uv":[5.0,3.33333,8.66667,4.66667],"texture":"#5","tintindex":0},"down":{"uv":[5.0,4.66667,8.66667,6.0],"texture":"#5","tintindex":0}}},{"from":[2.5,-1.0,3.0],"to":[13.5,11.0,7.0],"rotation":{"angle":0.0,"axis":"y","origin":[8.34776,5.73123,9.0]},"faces":{"north":{"uv":[8.66666,2.0,12.33333,6.0],"texture":"#5"}}},{"from":[5.5,-2.0,13.25],"to":[10.5,4.0,13.25],"rotation":{"angle":0.0,"axis":"y","origin":[8.34776,5.73123,9.0]},"faces":{"north":{"uv":[0.33333,0.0,2.0,2.0],"texture":"#5"},"east":{"uv":[0.0,0.0,0.0,0.0],"texture":"#5"},"south":{"uv":[0.33333,0.0,2.0,2.0],"texture":"#5"},"west":{"uv":[0.0,0.0,0.0,0.0],"texture":"#5"},"up":{"uv":[0.0,0.0,0.0,0.0],"texture":"#5"},"down":{"uv":[0.0,0.0,0.0,0.0],"texture":"#5"}}},{"from":[3.45,3.95,3.2],"to":[12.55,6.05,13.3],"rotation":{"angle":0.0,"axis":"y","origin":[8.34776,5.73123,9.0]},"faces":{"east":{"uv":[2.0,1.33333,5.33333,2.0],"texture":"#5"},"south":{"uv":[2.0,2.0,5.0,2.66667],"texture":"#5"},"west":{"uv":[5.33333,1.33333,2.0,2.0],"texture":"#5"}}},{"from":[11.5,2.0,5.5],"to":[4.5,-2.0,-0.5],"rotation":{"angle":-22.5,"axis":"x","origin":[8.0,5.0,5.0]},"faces":{"north":{"uv":[14.0,15.5,14.5,16.0],"texture":"#4"},"east":{"uv":[14.0,15.5,14.5,16.0],"texture":"#4"},"south":{"uv":[14.0,15.5,14.5,16.0],"texture":"#4"},"west":{"uv":[14.0,15.5,14.5,16.0],"texture":"#4"},"up":{"uv":[14.0,15.5,14.5,16.0],"texture":"#4"},"down":{"uv":[14.0,15.5,14.5,16.0],"texture":"#4"}}},{"from":[14.0,9.5,3.5],"to":[2.0,5.5,0.5],"rotation":{"angle":0.0,"axis":"y","origin":[8.5,7.0,2.0]},"faces":{"north":{"uv":[14.0,15.5,14.5,16.0],"texture":"#4"},"east":{"uv":[14.0,15.5,14.5,16.0],"texture":"#4"},"south":{"uv":[14.0,15.5,14.5,16.0],"texture":"#4"},"west":{"uv":[14.0,15.5,14.5,16.0],"texture":"#4"},"down":{"uv":[14.0,15.5,14.5,16.0],"texture":"#4"}}},{"from":[14.0,11.5,7.5],"to":[2.0,-1.5,2.5],"rotation":{"angle":0.0,"axis":"y","origin":[8.34776,5.73123,9.0]},"faces":{"north":{"uv":[14.0,15.5,14.5,16.0],"texture":"#4"},"east":{"uv":[14.0,15.5,14.5,16.0],"texture":"#4"},"south":{"uv":[14.0,15.5,14.5,16.0],"texture":"#4"},"west":{"uv":[14.0,15.5,14.5,16.0],"texture":"#4"},"up":{"uv":[14.0,15.5,14.5,16.0],"texture":"#4"},"down":{"uv":[14.0,15.5,14.5,16.0],"texture":"#4"}}},{"from":[15.94153,5.25,11.25363],"to":[15.94153,8.25,18.25363],"rotation":{"angle":0.0,"axis":"y","origin":[15.94153,6.75,8.75363]},"faces":{"north":{"uv":[0.0,0.0,0.0,0.0],"texture":"#6"},"east":{"uv":[9.0,5.0,16.0,8.0],"texture":"#6"},"south":{"uv":[0.0,0.0,0.0,0.0],"texture":"#6"},"west":{"uv":[16.0,5.0,9.0,8.0],"texture":"#6"},"up":{"uv":[0.0,0.0,0.0,0.0],"texture":"#6","rotation":90},"down":{"uv":[0.0,0.0,0.0,0.0],"texture":"#6","rotation":270}}},{"from":[11.08645,-0.75,8.52317],"to":[11.08645,2.25,15.52317],"rotation":{"angle":22.5,"axis":"y","origin":[16.08645,3.75,10.02317]},"faces":{"north":{"uv":[0.0,0.0,0.0,0.0],"texture":"#6"},"east":{"uv":[1.0,5.0,8.0,8.0],"texture":"#6"},"south":{"uv":[0.0,0.0,0.0,0.0],"texture":"#6"},"west":{"uv":[8.0,5.0,1.0,8.0],"texture":"#6"},"up":{"uv":[0.0,0.0,0.0,0.0],"texture":"#6","rotation":90},"down":{"uv":[0.0,0.0,0.0,0.0],"texture":"#6","rotation":270}}},{"from":[3.91355,8.25,6.52317],"to":[3.91355,11.25,13.52317],"rotation":{"angle":-22.5,"axis":"y","origin":[-0.08645,3.75,10.02317]},"faces":{"north":{"uv":[0.0,0.0,0.0,0.0],"texture":"#6"},"east":{"uv":[1.0,5.0,8.0,8.0],"texture":"#6"},"south":{"uv":[0.0,0.0,0.0,0.0],"texture":"#6"},"west":{"uv":[8.0,5.0,1.0,8.0],"texture":"#6"},"up":{"uv":[0.0,0.0,0.0,0.0],"texture":"#6","rotation":270},"down":{"uv":[0.0,0.0,0.0,0.0],"texture":"#6","rotation":90}}},{"from":[-0.22703,0.25,10.71662],"to":[-0.22703,3.25,17.71662],"rotation":{"angle":0.0,"axis":"y","origin":[0.77297,1.75,5.21662]},"faces":{"north":{"uv":[0.0,0.0,0.0,0.0],"texture":"#6"},"east":{"uv":[9.0,0.0,16.0,3.0],"texture":"#6"},"south":{"uv":[0.0,0.0,0.0,0.0],"texture":"#6"},"west":{"uv":[16.0,0.0,9.0,3.0],"texture":"#6"},"up":{"uv":[0.0,0.0,0.0,0.0],"texture":"#6","rotation":180},"down":{"uv":[0.0,0.0,0.0,0.0],"texture":"#6","rotation":180}}},{"from":[9.64124,5.25,16.71662],"to":[9.64124,8.25,23.71662],"rotation":{"angle":-22.5,"axis":"y","origin":[16.64124,6.75,2.21662]},"faces":{"north":{"uv":[0.0,0.0,0.0,0.0],"texture":"#6"},"east":{"uv":[9.0,5.0,16.0,8.0],"texture":"#6"},"south":{"uv":[0.0,0.0,0.0,0.0],"texture":"#6"},"west":{"uv":[16.0,5.0,9.0,8.0],"texture":"#6"},"up":{"uv":[0.0,0.0,0.0,0.0],"texture":"#6","rotation":90},"down":{"uv":[0.0,0.0,0.0,0.0],"texture":"#6","rotation":270}}}],"display":{"thirdperson_righthand":{"translation":[0.0,1.0,0.75],"rotation":[55.5,34.0,0.0],"scale":[0.52539,0.52539,0.52539]},"thirdperson_lefthand":{"translation":[0.0,1.0,0.75],"rotation":[55.5,34.0,0.0],"scale":[0.52539,0.52539,0.52539]},"firstperson_righthand":{"translation":[9.5,0.0,-5.75],"rotation":[21.0,114.5,-13.75],"scale":[0.41992,0.41992,0.41992]},"firstperson_lefthand":{"translation":[9.5,0.0,-5.75],"rotation":[21.0,114.5,-13.75],"scale":[0.41992,0.41992,0.41992]},"gui":{"translation":[-1.75,2.5,0.0],"rotation":[-149.61,-31.92,-180.0],"scale":[0.65624,0.65624,0.65624]},"head":{"translation":[0.0,6.0,-0.25],"scale":[1.60391,1.60391,1.60391]}},"credit":"Made with Blockbench","gui_light":"front"}