{"textures":{"1":"mcc:island_cosmetics/general/hat/zeus/zeus_anim_gold","2":"mcc:island_cosmetics/general/hat/zeus/zeus_gold","3":"mcc:island_cosmetics/general/hat/8_ball/gold_shine","particle":"mcc:island_cosmetics/general/hat/8_ball/gold_shine"},"elements":[{"from":[2.5,0.0,3.5],"to":[13.5,11.0,13.5],"rotation":{"angle":0.0,"axis":"y","origin":[3.5,3.5,3.5]},"faces":{"north":{"uv":[10.5,0.0,16.0,5.5],"texture":"#1"},"east":{"uv":[3.66667,1.33333,7.0,5.0],"texture":"#2"},"south":{"uv":[0.0,9.66667,3.66667,13.33333],"texture":"#2"},"west":{"uv":[7.0,1.33333,3.66667,5.0],"texture":"#2"},"up":{"uv":[0.0,6.33333,3.66667,9.66667],"texture":"#2"},"down":{"uv":[6.0,7.0,9.66667,10.33333],"texture":"#2"}}},{"from":[2.2,-0.3,3.2],"to":[13.8,11.3,4.8],"rotation":{"angle":0.0,"axis":"y","origin":[3.5,3.5,3.5]},"faces":{"north":{"uv":[10.33333,4.66667,14.0,8.33333],"texture":"#2"},"east":{"uv":[10.33333,4.66667,10.66667,8.33333],"texture":"#2"},"south":{"uv":[10.33333,4.66667,14.0,8.33333],"texture":"#2"},"west":{"uv":[10.33333,4.66667,10.66667,8.33333],"texture":"#2"},"up":{"uv":[10.33333,4.66667,14.0,5.0],"texture":"#2"}}},{"from":[8.5,5.75,3.25],"to":[14.5,9.75,3.25],"rotation":{"angle":0.0,"axis":"y","origin":[3.5,3.5,3.5]},"faces":{"north":{"uv":[10.5,5.5,13.5,7.5],"texture":"#1"},"south":{"uv":[13.5,5.5,10.5,7.5],"texture":"#1"}}},{"from":[8.5,5.25,3.25],"to":[14.5,9.25,3.25],"rotation":{"angle":0.0,"axis":"y","origin":[3.5,3.5,3.5]},"faces":{"north":{"uv":[10.5,7.5,13.5,9.5],"texture":"#1"},"south":{"uv":[13.5,7.5,10.5,9.5],"texture":"#1"}}},{"from":[8.5,4.75,3.25],"to":[14.5,8.75,3.25],"rotation":{"angle":0.0,"axis":"y","origin":[3.5,3.5,3.5]},"faces":{"north":{"uv":[10.5,9.5,13.5,11.5],"texture":"#1"},"south":{"uv":[13.5,9.5,10.5,11.5],"texture":"#1"}}},{"from":[1.5,5.75,3.25],"to":[7.5,9.75,3.25],"rotation":{"angle":0.0,"axis":"y","origin":[12.5,3.5,3.5]},"faces":{"north":{"uv":[13.5,5.5,10.5,7.5],"texture":"#1"},"south":{"uv":[10.5,5.5,13.5,7.5],"texture":"#1"}}},{"from":[1.5,5.25,3.25],"to":[7.5,9.25,3.25],"rotation":{"angle":0.0,"axis":"y","origin":[12.5,3.5,3.5]},"faces":{"north":{"uv":[13.5,7.5,10.5,9.5],"texture":"#1"},"south":{"uv":[10.5,7.5,13.5,9.5],"texture":"#1"}}},{"from":[1.5,4.75,3.25],"to":[7.5,8.75,3.25],"rotation":{"angle":0.0,"axis":"y","origin":[12.5,3.5,3.5]},"faces":{"north":{"uv":[13.5,9.5,10.5,11.5],"texture":"#1"},"south":{"uv":[10.5,9.5,13.5,11.5],"texture":"#1"}}},{"from":[7.5,5.0,8.5],"to":[14.5,12.0,15.5],"rotation":{"angle":0.0,"axis":"y","origin":[3.5,3.5,3.5]},"faces":{"north":{"uv":[9.33333,0.0,7.0,2.33333],"texture":"#2"},"east":{"uv":[7.0,0.0,9.33333,2.33333],"texture":"#2"},"south":{"uv":[9.33333,0.0,7.0,2.33333],"texture":"#2"},"west":{"uv":[7.0,0.0,9.33333,2.33333],"texture":"#2"},"up":{"uv":[3.66667,5.0,6.0,7.33333],"texture":"#2"},"down":{"uv":[6.0,9.33333,3.66667,11.66667],"texture":"#2"}}},{"from":[14.5,5.0,15.5],"to":[14.5,12.0,24.5],"rotation":{"angle":0.0,"axis":"y","origin":[3.5,3.5,3.5]},"faces":{"east":{"uv":[0.5,4.0,5.0,7.5],"texture":"#1"},"west":{"uv":[5.0,4.0,0.5,7.5],"texture":"#1"}}},{"from":[1.5,5.0,15.5],"to":[1.5,12.0,24.5],"rotation":{"angle":0.0,"axis":"y","origin":[12.5,3.5,3.5]},"faces":{"east":{"uv":[0.5,4.0,5.0,7.5],"texture":"#1"},"west":{"uv":[5.0,4.0,0.5,7.5],"texture":"#1"}}},{"from":[8.5,9.0,15.5],"to":[8.5,16.0,24.5],"rotation":{"angle":0.0,"axis":"y","origin":[3.5,3.5,3.5]},"faces":{"east":{"uv":[0.5,8.0,5.0,11.5],"texture":"#1"},"west":{"uv":[5.0,8.0,0.5,11.5],"texture":"#1"}}},{"from":[0.5,4.0,9.5],"to":[6.5,10.0,15.5],"rotation":{"angle":0.0,"axis":"y","origin":[3.5,3.5,3.5]},"faces":{"north":{"uv":[7.0,2.33333,9.0,4.33333],"texture":"#2"},"east":{"uv":[9.0,2.33333,7.0,4.33333],"texture":"#2"},"south":{"uv":[7.0,2.33333,9.0,4.33333],"texture":"#2"},"west":{"uv":[9.0,2.33333,7.0,4.33333],"texture":"#2"},"up":{"uv":[6.0,5.0,8.0,7.0],"texture":"#2"},"down":{"uv":[5.66667,7.33333,3.66667,9.33333],"texture":"#2"}}},{"from":[3.5,1.0,11.5],"to":[9.5,7.0,17.5],"rotation":{"angle":0.0,"axis":"y","origin":[3.5,3.5,3.5]},"faces":{"north":{"uv":[7.0,2.33333,9.0,4.33333],"texture":"#2"},"east":{"uv":[9.0,2.33333,7.0,4.33333],"texture":"#2"},"south":{"uv":[7.0,2.33333,9.0,4.33333],"texture":"#2"},"west":{"uv":[9.0,2.33333,7.0,4.33333],"texture":"#2"},"up":{"uv":[8.0,4.33333,10.0,6.33333],"texture":"#2"},"down":{"uv":[5.66667,7.33333,3.66667,9.33333],"texture":"#2"}}},{"from":[6.5,9.0,12.5],"to":[11.5,14.0,17.5],"rotation":{"angle":0.0,"axis":"y","origin":[3.5,3.5,3.5]},"faces":{"north":{"uv":[11.0,0.0,9.33333,1.66667],"texture":"#2"},"east":{"uv":[11.0,0.0,9.33333,1.66667],"texture":"#2"},"south":{"uv":[11.0,0.0,9.33333,1.66667],"texture":"#2"},"west":{"uv":[11.0,0.0,9.33333,1.66667],"texture":"#2"},"up":{"uv":[11.0,1.66667,9.33333,3.33333],"texture":"#2"},"down":{"uv":[12.66667,0.0,11.0,1.66667],"texture":"#2"}}},{"from":[3.5,-2.0,2.5],"to":[12.5,3.0,8.5],"rotation":{"angle":0.0,"axis":"y","origin":[3.5,3.5,3.5]},"faces":{"north":{"uv":[0.0,4.66667,3.0,6.33333],"texture":"#2"},"east":{"uv":[5.66667,11.66667,3.66667,13.33333],"texture":"#2"},"south":{"uv":[0.0,13.33333,3.0,15.0],"texture":"#2"},"west":{"uv":[3.66667,11.66667,5.66667,13.33333],"texture":"#2"},"up":{"uv":[0.0,4.66667,3.0,5.0],"texture":"#2"},"down":{"uv":[6.0,10.33333,9.0,12.33333],"texture":"#2"}}},{"from":[2.5,-8.0,2.5],"to":[11.5,-2.0,2.5],"rotation":{"angle":0.0,"axis":"y","origin":[7.0,-5.0,2.5]},"faces":{"north":{"uv":[0.5,0.5,5.0,3.5],"texture":"#1"},"south":{"uv":[5.0,0.5,0.5,3.5],"texture":"#1"}}},{"from":[-6.0,-3.0,1.0],"to":[1.0,4.0,1.0],"rotation":{"angle":-22.5,"axis":"y","origin":[0.5,0.5,7.0]},"faces":{"north":{"uv":[8.0,1.0,15.0,8.0],"texture":"#3"},"east":{"uv":[0.0,0.0,1.0,1.0],"texture":"#3"},"south":{"uv":[8.0,1.0,15.0,8.0],"texture":"#3"},"west":{"uv":[0.0,0.0,1.0,1.0],"texture":"#3"},"up":{"uv":[0.0,0.0,1.0,1.0],"texture":"#3"},"down":{"uv":[0.0,0.0,1.0,1.0],"texture":"#3"}}},{"from":[-3.0,10.0,7.0],"to":[4.0,17.0,7.0],"rotation":{"angle":45.0,"axis":"y","origin":[0.5,13.5,7.0]},"faces":{"north":{"uv":[0.0,1.0,7.0,8.0],"texture":"#3"},"east":{"uv":[0.0,0.0,1.0,1.0],"texture":"#3"},"south":{"uv":[0.0,1.0,7.0,8.0],"texture":"#3"},"west":{"uv":[0.0,0.0,1.0,1.0],"texture":"#3"},"up":{"uv":[0.0,0.0,1.0,1.0],"texture":"#3"},"down":{"uv":[0.0,0.0,1.0,1.0],"texture":"#3"}}},{"from":[-3.0,10.0,7.0],"to":[4.0,17.0,7.0],"rotation":{"angle":-45.0,"axis":"y","origin":[0.5,13.5,7.0]},"faces":{"north":{"uv":[0.0,1.0,7.0,8.0],"texture":"#3"},"east":{"uv":[0.0,0.0,1.0,1.0],"texture":"#3"},"south":{"uv":[0.0,1.0,7.0,8.0],"texture":"#3"},"west":{"uv":[0.0,0.0,1.0,1.0],"texture":"#3"},"up":{"uv":[0.0,0.0,1.0,1.0],"texture":"#3"},"down":{"uv":[0.0,0.0,1.0,1.0],"texture":"#3"}}},{"from":[-2.5,-3.0,-2.5],"to":[-2.5,4.0,4.5],"rotation":{"angle":-22.5,"axis":"y","origin":[0.5,0.5,7.0]},"faces":{"north":{"uv":[0.0,0.0,1.0,1.0],"texture":"#3"},"east":{"uv":[8.0,1.0,15.0,8.0],"texture":"#3"},"south":{"uv":[0.0,0.0,1.0,1.0],"texture":"#3"},"west":{"uv":[8.0,1.0,15.0,8.0],"texture":"#3"},"up":{"uv":[0.0,0.0,1.0,1.0],"texture":"#3","rotation":270},"down":{"uv":[0.0,0.0,1.0,1.0],"texture":"#3","rotation":90}}},{"from":[14.0,0.0,7.75],"to":[21.0,7.0,7.75],"rotation":{"angle":0.0,"axis":"y","origin":[15.5,5.5,7.0]},"faces":{"north":{"uv":[8.0,9.0,15.0,16.0],"texture":"#3"},"east":{"uv":[0.0,0.0,1.0,1.0],"texture":"#3"},"south":{"uv":[8.0,9.0,15.0,16.0],"texture":"#3"},"west":{"uv":[0.0,0.0,1.0,1.0],"texture":"#3"},"up":{"uv":[0.0,0.0,1.0,1.0],"texture":"#3"},"down":{"uv":[0.0,0.0,1.0,1.0],"texture":"#3"}}},{"from":[17.34776,0.0,4.26537],"to":[17.34776,7.0,11.26537],"rotation":{"angle":0.0,"axis":"y","origin":[17.34776,5.5,7.76537]},"faces":{"north":{"uv":[0.0,0.0,1.0,1.0],"texture":"#3"},"east":{"uv":[8.0,9.0,15.0,16.0],"texture":"#3"},"south":{"uv":[0.0,0.0,1.0,1.0],"texture":"#3"},"west":{"uv":[8.0,9.0,15.0,16.0],"texture":"#3"},"up":{"uv":[0.0,0.0,1.0,1.0],"texture":"#3","rotation":90},"down":{"uv":[0.0,0.0,1.0,1.0],"texture":"#3","rotation":270}}},{"from":[8.4797,6.0,17.6704],"to":[15.4797,13.0,17.6704],"rotation":{"angle":22.5,"axis":"y","origin":[10.9797,6.5,15.6704]},"faces":{"north":{"uv":[8.0,1.0,15.0,8.0],"texture":"#3"},"east":{"uv":[0.0,0.0,1.0,1.0],"texture":"#3"},"south":{"uv":[8.0,1.0,15.0,8.0],"texture":"#3"},"west":{"uv":[0.0,0.0,1.0,1.0],"texture":"#3"},"up":{"uv":[0.0,0.0,1.0,1.0],"texture":"#3"},"down":{"uv":[0.0,0.0,1.0,1.0],"texture":"#3"}}},{"from":[11.9797,6.0,14.1704],"to":[11.9797,13.0,21.1704],"rotation":{"angle":22.5,"axis":"y","origin":[10.9797,6.5,15.6704]},"faces":{"north":{"uv":[0.0,0.0,1.0,1.0],"texture":"#3"},"east":{"uv":[8.0,1.0,15.0,8.0],"texture":"#3"},"south":{"uv":[0.0,0.0,1.0,1.0],"texture":"#3"},"west":{"uv":[8.0,1.0,15.0,8.0],"texture":"#3"},"up":{"uv":[0.0,0.0,1.0,1.0],"texture":"#3","rotation":90},"down":{"uv":[0.0,0.0,1.0,1.0],"texture":"#3","rotation":270}}}],"display":{"thirdperson_righthand":{"translation":[0.0,1.0,-1.0],"rotation":[63.0,34.0,0.0],"scale":[0.37891,0.37891,0.37891]},"thirdperson_lefthand":{"translation":[0.0,1.0,-1.0],"rotation":[63.0,34.0,0.0],"scale":[0.37891,0.37891,0.37891]},"firstperson_righthand":{"translation":[9.5,0.0,-5.75],"rotation":[3.0,112.0,-13.0],"scale":[0.35547,0.35547,0.35547]},"firstperson_lefthand":{"translation":[9.5,0.0,-5.75],"rotation":[3.0,112.0,-13.0],"scale":[0.35547,0.35547,0.35547]},"ground":{"translation":[0.0,4.25,0.0],"scale":[0.28906,0.28906,0.28906]},"gui":{"translation":[1.5,1.25,0.0],"rotation":[-149.61,-31.92,-180.0],"scale":[0.65429,0.65429,0.65429]},"head":{"translation":[0.0,5.75,-1.75],"rotation":[-2.25,0.0,0.0],"scale":[1.61758,1.61758,1.61758]},"fixed":{"translation":[0.0,-3.25,-7.5]}},"credit":"Made with Blockbench","gui_light":"front"}