{"textures":{"0":"mcc:island_cosmetics/general/hat/zeus/variant_zeus","1":"mcc:island_cosmetics/general/hat/zeus/zeus_stormy","2":"mcc:island_cosmetics/general/hat/zeus/zeus_lightning","particle":"mcc:island_cosmetics/general/hat/zeus/variant_zeus"},"elements":[{"from":[2.5,0.0,3.5],"to":[13.5,11.0,13.5],"rotation":{"angle":0.0,"axis":"y","origin":[3.5,3.5,3.5]},"faces":{"north":{"uv":[10.5,0.0,16.0,5.5],"texture":"#1"},"east":{"uv":[11.25,0.5,12.5,1.875],"texture":"#0"},"south":{"uv":[9.875,3.625,11.25,5.0],"texture":"#0"},"west":{"uv":[12.5,0.5,11.25,1.875],"texture":"#0"},"up":{"uv":[9.875,2.375,11.25,3.625],"texture":"#0"},"down":{"uv":[12.125,2.625,13.5,3.875],"texture":"#0"}}},{"from":[14.0,11.5,14.0],"to":[2.0,-0.5,3.0],"rotation":{"angle":0.0,"axis":"y","origin":[15.0,3.5,13.5]},"faces":{"north":{"uv":[9.0,11.5,9.5,12.0],"texture":"#2"},"east":{"uv":[9.0,11.5,9.5,12.0],"texture":"#2"},"south":{"uv":[9.0,11.5,9.5,12.0],"texture":"#2"},"west":{"uv":[9.0,11.5,9.5,12.0],"texture":"#2"},"up":{"uv":[9.0,11.5,9.5,12.0],"texture":"#2"},"down":{"uv":[9.0,11.5,9.5,12.0],"texture":"#2"}}},{"from":[1.48,5.98,2.48],"to":[14.52,10.02,13.52],"rotation":{"angle":22.5,"axis":"x","origin":[8.0,9.0,8.0]},"faces":{"north":{"uv":[3.0,0.625,4.625,1.125],"texture":"#0"},"east":{"uv":[2.875,0.125,4.25,0.625],"texture":"#0"},"west":{"uv":[4.25,0.125,2.875,0.625],"texture":"#0"}}},{"from":[2.2,-0.3,3.2],"to":[13.8,11.3,4.8],"rotation":{"angle":0.0,"axis":"y","origin":[3.5,3.5,3.5]},"faces":{"north":{"uv":[0.0,5.75,1.375,7.125],"texture":"#0"},"east":{"uv":[0.0,5.75,0.125,7.125],"texture":"#0"},"south":{"uv":[0.0,5.75,1.375,7.125],"texture":"#0"},"west":{"uv":[0.0,5.75,0.125,7.125],"texture":"#0"},"up":{"uv":[0.0,5.75,1.375,5.875],"texture":"#0"},"down":{"uv":[2.25,2.625,3.625,3.875],"texture":"#0"}}},{"from":[8.5,5.75,3.25],"to":[14.5,9.75,3.25],"rotation":{"angle":0.0,"axis":"y","origin":[3.5,3.5,3.5]},"faces":{"north":{"uv":[10.5,5.5,13.5,7.5],"texture":"#1"},"south":{"uv":[13.5,5.5,10.5,7.5],"texture":"#1"}}},{"from":[8.5,5.25,3.25],"to":[14.5,9.25,3.25],"rotation":{"angle":0.0,"axis":"y","origin":[3.5,3.5,3.5]},"faces":{"north":{"uv":[10.5,7.5,13.5,9.5],"texture":"#1"},"south":{"uv":[13.5,7.5,10.5,9.5],"texture":"#1"}}},{"from":[8.5,4.75,3.25],"to":[14.5,8.75,3.25],"rotation":{"angle":0.0,"axis":"y","origin":[3.5,3.5,3.5]},"faces":{"north":{"uv":[10.5,9.5,13.5,11.5],"texture":"#1"},"south":{"uv":[13.5,9.5,10.5,11.5],"texture":"#1"}}},{"from":[1.5,5.75,3.25],"to":[7.5,9.75,3.25],"rotation":{"angle":0.0,"axis":"y","origin":[12.5,3.5,3.5]},"faces":{"north":{"uv":[13.5,5.5,10.5,7.5],"texture":"#1"},"south":{"uv":[10.5,5.5,13.5,7.5],"texture":"#1"}}},{"from":[1.5,5.25,3.25],"to":[7.5,9.25,3.25],"rotation":{"angle":0.0,"axis":"y","origin":[12.5,3.5,3.5]},"faces":{"north":{"uv":[13.5,7.5,10.5,9.5],"texture":"#1"},"south":{"uv":[10.5,7.5,13.5,9.5],"texture":"#1"}}},{"from":[1.5,4.75,3.25],"to":[7.5,8.75,3.25],"rotation":{"angle":0.0,"axis":"y","origin":[12.5,3.5,3.5]},"faces":{"north":{"uv":[13.5,9.5,10.5,11.5],"texture":"#1"},"south":{"uv":[10.5,9.5,13.5,11.5],"texture":"#1"}}},{"from":[7.5,5.0,8.5],"to":[14.5,12.0,15.5],"rotation":{"angle":0.0,"axis":"y","origin":[3.5,3.5,3.5]},"faces":{"north":{"uv":[13.375,0.0,12.5,0.875],"texture":"#0"},"east":{"uv":[12.5,0.0,13.375,0.875],"texture":"#0"},"south":{"uv":[13.375,0.0,12.5,0.875],"texture":"#0"},"west":{"uv":[12.5,0.0,13.375,0.875],"texture":"#0"},"up":{"uv":[11.25,1.875,12.125,2.75],"texture":"#0"},"down":{"uv":[12.125,3.5,11.25,4.375],"texture":"#0"}}},{"from":[15.0,12.5,16.0],"to":[7.0,4.5,8.0],"rotation":{"angle":0.0,"axis":"y","origin":[3.5,3.5,3.5]},"faces":{"north":{"uv":[11.5,6.5,12.0,7.0],"texture":"#2"},"east":{"uv":[11.5,6.5,12.0,7.0],"texture":"#2"},"south":{"uv":[11.5,6.5,12.0,7.0],"texture":"#2"},"west":{"uv":[11.5,6.5,12.0,7.0],"texture":"#2"},"up":{"uv":[11.5,6.5,12.0,7.0],"texture":"#2"},"down":{"uv":[11.5,6.5,12.0,7.0],"texture":"#2"}}},{"from":[14.5,5.0,15.5],"to":[14.5,12.0,24.5],"rotation":{"angle":0.0,"axis":"y","origin":[3.5,3.5,3.5]},"faces":{"north":{"uv":[3.5,0.0,2.625,0.875],"texture":"#0"},"east":{"uv":[0.5,4.0,5.0,7.5],"texture":"#1"},"south":{"uv":[3.5,0.0,2.625,0.875],"texture":"#0"},"west":{"uv":[5.0,4.0,0.5,7.5],"texture":"#1"},"up":{"uv":[1.375,1.875,2.25,2.75],"texture":"#0"},"down":{"uv":[2.25,3.5,1.375,4.375],"texture":"#0"}}},{"from":[1.5,5.0,15.5],"to":[1.5,12.0,24.5],"rotation":{"angle":0.0,"axis":"y","origin":[12.5,3.5,3.5]},"faces":{"north":{"uv":[2.625,0.0,3.5,0.875],"texture":"#0"},"east":{"uv":[0.5,4.0,5.0,7.5],"texture":"#1"},"south":{"uv":[2.625,0.0,3.5,0.875],"texture":"#0"},"west":{"uv":[5.0,4.0,0.5,7.5],"texture":"#1"},"up":{"uv":[2.25,1.875,1.375,2.75],"texture":"#0"},"down":{"uv":[1.375,3.5,2.25,4.375],"texture":"#0"}}},{"from":[8.5,9.0,15.5],"to":[8.5,16.0,24.5],"rotation":{"angle":0.0,"axis":"y","origin":[3.5,3.5,3.5]},"faces":{"north":{"uv":[3.5,0.0,2.625,0.875],"texture":"#0"},"east":{"uv":[0.5,8.0,5.0,11.5],"texture":"#1"},"south":{"uv":[3.5,0.0,2.625,0.875],"texture":"#0"},"west":{"uv":[5.0,8.0,0.5,11.5],"texture":"#1"},"up":{"uv":[1.375,1.875,2.25,2.75],"texture":"#0"},"down":{"uv":[2.25,3.5,1.375,4.375],"texture":"#0"}}},{"from":[0.5,4.0,9.5],"to":[6.5,10.0,15.5],"rotation":{"angle":0.0,"axis":"y","origin":[3.5,3.5,3.5]},"faces":{"north":{"uv":[12.5,0.875,13.25,1.625],"texture":"#0"},"east":{"uv":[13.25,0.875,12.5,1.625],"texture":"#0"},"south":{"uv":[12.5,0.875,13.25,1.625],"texture":"#0"},"west":{"uv":[13.25,0.875,12.5,1.625],"texture":"#0"},"up":{"uv":[12.125,1.875,12.875,2.625],"texture":"#0"},"down":{"uv":[12.0,2.75,11.25,3.5],"texture":"#0"}}},{"from":[7.0,10.5,16.0],"to":[0.0,3.5,9.0],"rotation":{"angle":0.0,"axis":"y","origin":[3.5,3.5,3.5]},"faces":{"north":{"uv":[11.5,6.5,12.0,7.0],"texture":"#2"},"east":{"uv":[11.5,6.5,12.0,7.0],"texture":"#2"},"south":{"uv":[11.5,6.5,12.0,7.0],"texture":"#2"},"west":{"uv":[11.5,6.5,12.0,7.0],"texture":"#2"},"up":{"uv":[11.5,6.5,12.0,7.0],"texture":"#2"},"down":{"uv":[11.5,6.5,12.0,7.0],"texture":"#2"}}},{"from":[3.5,1.0,11.5],"to":[9.5,7.0,17.5],"rotation":{"angle":0.0,"axis":"y","origin":[3.5,3.5,3.5]},"faces":{"north":{"uv":[12.5,0.875,13.25,1.625],"texture":"#0"},"east":{"uv":[13.25,0.875,12.5,1.625],"texture":"#0"},"south":{"uv":[12.5,0.875,13.25,1.625],"texture":"#0"},"west":{"uv":[13.25,0.875,12.5,1.625],"texture":"#0"},"up":{"uv":[12.875,1.625,13.625,2.375],"texture":"#0"},"down":{"uv":[12.0,2.75,11.25,3.5],"texture":"#0"}}},{"from":[6.5,9.0,12.5],"to":[11.5,14.0,17.5],"rotation":{"angle":0.0,"axis":"y","origin":[3.5,3.5,3.5]},"faces":{"north":{"uv":[14.0,0.0,13.375,0.625],"texture":"#0"},"east":{"uv":[14.0,0.0,13.375,0.625],"texture":"#0"},"south":{"uv":[14.0,0.0,13.375,0.625],"texture":"#0"},"west":{"uv":[14.0,0.0,13.375,0.625],"texture":"#0"},"up":{"uv":[14.0,0.625,13.375,1.25],"texture":"#0"},"down":{"uv":[14.625,0.0,14.0,0.625],"texture":"#0"}}},{"from":[3.5,-2.0,2.5],"to":[12.5,3.0,8.5],"rotation":{"angle":0.0,"axis":"y","origin":[3.5,3.5,3.5]},"faces":{"north":{"uv":[9.875,1.75,11.0,2.375],"texture":"#0"},"east":{"uv":[12.0,4.375,11.25,5.0],"texture":"#0"},"south":{"uv":[9.875,5.0,11.0,5.625],"texture":"#0"},"west":{"uv":[11.25,4.375,12.0,5.0],"texture":"#0"},"up":{"uv":[9.875,1.75,11.0,1.875],"texture":"#0"},"down":{"uv":[12.125,3.875,13.25,4.625],"texture":"#0"}}},{"from":[2.5,-8.0,2.5],"to":[11.5,-2.0,2.5],"rotation":{"angle":0.0,"axis":"y","origin":[7.0,-5.0,2.5]},"faces":{"north":{"uv":[0.5,0.5,5.0,3.5],"texture":"#1"},"east":{"uv":[2.125,4.375,1.375,5.0],"texture":"#0"},"south":{"uv":[5.0,0.5,0.5,3.5],"texture":"#1"},"west":{"uv":[1.375,4.375,2.125,5.0],"texture":"#0"},"up":{"uv":[0.0,1.75,1.125,1.875],"texture":"#0"},"down":{"uv":[2.25,3.875,3.375,4.625],"texture":"#0"}}},{"from":[-2.25,-2.0,6.5],"to":[4.75,2.0,6.5],"rotation":{"angle":0.0,"axis":"y","origin":[8.25,6.875,6.5]},"faces":{"north":{"uv":[5.0,5.5,1.5,7.5],"texture":"#2"},"east":{"uv":[0.0,0.0,0.125,0.125],"texture":"#2"},"south":{"uv":[1.5,5.5,5.0,7.5],"texture":"#2"},"west":{"uv":[0.0,0.0,0.125,0.125],"texture":"#2"},"up":{"uv":[0.0,0.0,0.125,0.125],"texture":"#2","rotation":90},"down":{"uv":[0.0,0.0,0.125,0.125],"texture":"#2","rotation":270}}},{"from":[-3.5,8.0,12.5],"to":[1.5,17.0,12.5],"rotation":{"angle":0.0,"axis":"y","origin":[8.25,6.875,6.5]},"faces":{"north":{"uv":[7.5,2.0,5.0,6.5],"texture":"#2"},"east":{"uv":[0.125,0.0,0.0,0.125],"texture":"#2"},"south":{"uv":[5.0,2.0,7.5,6.5],"texture":"#2"},"west":{"uv":[0.125,0.0,0.0,0.125],"texture":"#2"},"up":{"uv":[0.0,0.125,0.125,0.0],"texture":"#2","rotation":90},"down":{"uv":[0.0,0.125,0.125,0.0],"texture":"#2","rotation":270}}},{"from":[13.75,0.0,6.5],"to":[20.75,4.0,6.5],"rotation":{"angle":0.0,"axis":"y","origin":[8.25,6.875,6.5]},"faces":{"north":{"uv":[12.0,10.0,8.5,12.0],"texture":"#2"},"east":{"uv":[0.125,0.0,0.0,0.125],"texture":"#2"},"south":{"uv":[8.5,10.0,12.0,12.0],"texture":"#2"},"west":{"uv":[0.125,0.0,0.0,0.125],"texture":"#2"},"up":{"uv":[0.0,0.125,0.125,0.0],"texture":"#2","rotation":90},"down":{"uv":[0.0,0.125,0.125,0.0],"texture":"#2","rotation":270}}},{"from":[13.25,3.75,12.5],"to":[20.25,12.75,12.5],"rotation":{"angle":0.0,"axis":"y","origin":[8.25,6.875,6.5]},"faces":{"north":{"uv":[14.5,5.5,11.0,10.0],"texture":"#2"},"east":{"uv":[0.0,0.0,0.125,0.125],"texture":"#2"},"south":{"uv":[11.0,5.5,14.5,10.0],"texture":"#2"},"west":{"uv":[0.0,0.0,0.125,0.125],"texture":"#2"},"up":{"uv":[0.0,0.0,0.125,0.125],"texture":"#2","rotation":90},"down":{"uv":[0.0,0.0,0.125,0.125],"texture":"#2","rotation":270}}},{"from":[14.52,10.02,13.52],"to":[1.48,5.98,2.48],"rotation":{"angle":22.5,"axis":"x","origin":[8.0,9.0,8.0]},"faces":{"east":{"uv":[4.25,0.625,2.875,0.125],"texture":"#0"},"south":{"uv":[3.0,1.125,4.625,0.625],"texture":"#0"},"west":{"uv":[2.875,0.625,4.25,0.125],"texture":"#0"}}}],"display":{"thirdperson_righthand":{"translation":[0.0,1.0,-1.0],"rotation":[63.0,34.0,0.0],"scale":[0.37891,0.37891,0.37891]},"thirdperson_lefthand":{"translation":[0.0,1.0,-1.0],"rotation":[63.0,34.0,0.0],"scale":[0.37891,0.37891,0.37891]},"firstperson_righthand":{"translation":[9.5,0.0,-5.75],"rotation":[3.0,112.0,-13.0],"scale":[0.35547,0.35547,0.35547]},"firstperson_lefthand":{"translation":[9.5,0.0,-5.75],"rotation":[3.0,112.0,-13.0],"scale":[0.35547,0.35547,0.35547]},"ground":{"translation":[0.0,4.25,0.0],"scale":[0.28906,0.28906,0.28906]},"gui":{"translation":[1.5,1.25,0.0],"rotation":[-149.61,-31.92,-180.0],"scale":[0.65429,0.65429,0.65429]},"head":{"translation":[0.0,5.75,-1.75],"rotation":[-2.25,0.0,0.0],"scale":[1.61758,1.61758,1.61758]},"fixed":{"translation":[0.0,-3.25,-7.5]}},"credit":"Made with Blockbench","gui_light":"front"}