{"textures":{"0":"mcc:island_cosmetics/head/head_7","1":"mcc:island_cosmetics/head/candlehead_anim","particle":"mcc:island_cosmetics/head/head_7"},"credit":"Made with Blockbench","elements":[{"from":[3.5,5.0,3.5],"to":[12.5,9.0,12.5],"rotation":{"angle":0.0,"axis":"x","origin":[7.5,9.5,7.5]},"faces":{"north":{"uv":[0.0,1.0,9.0,5.0],"texture":"#1"},"east":{"uv":[0.0,5.0,9.0,9.0],"texture":"#1"},"south":{"uv":[0.0,1.0,9.0,5.0],"texture":"#1"},"west":{"uv":[0.0,5.0,9.0,9.0],"texture":"#1"},"up":{"uv":[1.125,4.5,2.25,5.625],"texture":"#0"},"down":{"uv":[0.75,4.25,0.875,4.375],"texture":"#0"}}},{"from":[6.0,9.0,6.0],"to":[10.0,13.0,10.0],"rotation":{"angle":0.0,"axis":"y","origin":[8.0,11.0,8.0]},"faces":{"north":{"uv":[0.0,3.75,0.5,4.25],"texture":"#0"},"east":{"uv":[0.0,3.75,0.5,4.25],"texture":"#0"},"south":{"uv":[0.0,3.75,0.5,4.25],"texture":"#0"},"west":{"uv":[0.0,3.75,0.5,4.25],"texture":"#0"},"up":{"uv":[0.25,3.75,0.375,3.875],"texture":"#0"},"down":{"uv":[0.375,3.375,0.5,3.5],"texture":"#0"}}},{"from":[5.8,8.8,5.8],"to":[10.2,13.2,10.2],"rotation":{"angle":0.0,"axis":"y","origin":[8.0,11.0,8.0]},"faces":{"north":{"uv":[0.5,3.75,1.0,4.25],"texture":"#0"},"east":{"uv":[0.5,3.75,1.0,4.25],"texture":"#0"},"south":{"uv":[0.5,3.75,1.0,4.25],"texture":"#0"},"west":{"uv":[0.5,3.75,1.0,4.25],"texture":"#0"},"up":{"uv":[1.0,3.75,1.5,4.25],"texture":"#0"},"down":{"uv":[0.75,4.125,0.875,4.25],"texture":"#0"}}},{"from":[6.5,12.0,8.0],"to":[9.5,20.0,8.0],"rotation":{"angle":0.0,"axis":"y","origin":[6.5,13.0,8.0]},"faces":{"north":{"uv":[0.0,8.0,3.0,16.0],"texture":"#1"},"east":{"uv":[5.125,7.0,6.5,8.375],"texture":"#missing"},"south":{"uv":[3.0,8.0,0.0,16.0],"texture":"#1"},"west":{"uv":[5.125,7.0,6.5,8.375],"texture":"#missing"},"up":{"uv":[5.125,7.0,6.5,8.375],"texture":"#missing"},"down":{"uv":[5.125,7.0,6.5,8.375],"texture":"#missing"}}},{"name":"cube inverted","from":[12.5,9.0,12.5],"to":[3.5,6.0,3.5],"rotation":{"angle":0.0,"axis":"x","origin":[7.5,9.5,7.5]},"faces":{"north":{"uv":[0.0,4.875,1.125,4.5],"texture":"#0"},"east":{"uv":[0.0,5.375,1.125,5.0],"texture":"#0"},"south":{"uv":[0.0,4.875,1.125,4.5],"texture":"#0"},"west":{"uv":[0.0,5.375,1.125,5.0],"texture":"#0"},"up":{"uv":[0.875,4.25,0.75,4.375],"texture":"#0"},"down":{"uv":[2.25,4.5,1.125,5.625],"texture":"#0"}}}],"gui_light":"front","display":{"thirdperson_righthand":{"rotation":[55.5,34.0,0.0],"translation":[0.0,1.0,0.75],"scale":[0.52539,0.52539,0.52539]},"thirdperson_lefthand":{"rotation":[55.5,34.0,0.0],"translation":[0.0,1.0,0.75],"scale":[0.52539,0.52539,0.52539]},"firstperson_righthand":{"rotation":[21.0,114.5,-13.75],"translation":[9.5,0.0,-5.75],"scale":[0.41992,0.41992,0.41992]},"firstperson_lefthand":{"rotation":[21.0,114.5,-13.75],"translation":[9.5,0.0,-5.75],"scale":[0.41992,0.41992,0.41992]},"gui":{"rotation":[-149.61,-31.92,-180.0],"translation":[-0.25,-2.5,0.0],"scale":[1.1328,1.1328,1.1328]},"head":{"translation":[0.0,5.75,0.0],"scale":[1.62539,1.62539,1.62539]}}}