{"textures":{"0":"mcc:island_cosmetics/general/hat/fishing_hat/fishing_hat","particle":"mcc:island_cosmetics/general/hat/fishing_hat/fishing_hat"},"elements":[{"from":[3.5,-2.26,3.5],"to":[12.5,2.74,12.5],"rotation":{"angle":0.0,"axis":"y","origin":[-0.49,0.0,-0.49]},"faces":{"north":{"uv":[0.0,0.0,3.0,1.66667],"texture":"#0","tintindex":0},"east":{"uv":[0.0,0.0,3.0,1.66667],"texture":"#0","tintindex":0},"south":{"uv":[0.0,0.0,3.0,1.66667],"texture":"#0","tintindex":0},"west":{"uv":[0.0,0.0,3.0,1.66667],"texture":"#0","tintindex":0},"up":{"uv":[6.0,0.0,9.0,3.0],"texture":"#0","tintindex":0}}},{"from":[3.5,-9.26,6.5],"to":[12.5,-2.26,7.5],"rotation":{"angle":22.5,"axis":"x","origin":[8.0,-5.26,8.0]},"faces":{"east":{"uv":[6.0,3.0,6.33333,5.0],"texture":"#0"},"west":{"uv":[6.0,3.0,6.33333,5.0],"texture":"#0"},"down":{"uv":[6.33333,3.0,9.33333,3.33333],"texture":"#0"}}},{"from":[5.5,-15.38149,5.08345],"to":[10.5,-8.38149,5.08345],"rotation":{"angle":0.0,"axis":"x","origin":[8.0,-4.38149,6.58345]},"faces":{"north":{"uv":[6.33333,3.33333,8.0,5.66667],"texture":"#0"},"east":{"uv":[6.0,3.0,6.33333,5.0],"texture":"#0"},"south":{"uv":[6.33333,3.33333,8.0,5.66667],"texture":"#0"},"west":{"uv":[6.0,3.0,6.33333,5.0],"texture":"#0"},"up":{"uv":[0.0,0.0,3.0,0.0],"texture":"#0"},"down":{"uv":[6.33333,3.0,9.33333,3.33333],"texture":"#0"}}},{"from":[3.5,-2.26,3.5],"to":[12.5,2.74,12.5],"rotation":{"angle":0.0,"axis":"y","origin":[-0.49,0.0,-0.49]},"faces":{"north":{"uv":[3.0,0.0,6.0,1.66667],"texture":"#0"},"east":{"uv":[3.0,0.0,6.0,1.66667],"texture":"#0"},"south":{"uv":[3.0,0.0,6.0,1.66667],"texture":"#0"},"west":{"uv":[3.0,0.0,6.0,1.66667],"texture":"#0"}}},{"from":[3.3,-2.46,3.3],"to":[12.7,-0.06,12.7],"rotation":{"angle":0.0,"axis":"y","origin":[-0.49,0.0,-0.49]},"faces":{"north":{"uv":[0.0,1.66667,3.0,2.33333],"texture":"#0","tintindex":0},"east":{"uv":[0.0,1.66667,3.0,2.33333],"texture":"#0","tintindex":0},"south":{"uv":[0.0,1.66667,3.0,2.33333],"texture":"#0","tintindex":0},"west":{"uv":[0.0,1.66667,3.0,2.33333],"texture":"#0","tintindex":0}}},{"from":[-0.5,-2.26,-0.5],"to":[16.5,-2.26,16.5],"rotation":{"angle":0.0,"axis":"y","origin":[-0.49,0.0,-0.49]},"faces":{"up":{"uv":[0.0,2.33333,5.66667,8.0],"texture":"#0","tintindex":0},"down":{"uv":[0.0,2.33333,5.66667,8.0],"texture":"#0","tintindex":0}}},{"from":[12.5,-2.26,7.5],"to":[3.5,-9.26,6.5],"rotation":{"angle":22.5,"axis":"x","origin":[8.0,-5.26,8.0]},"faces":{"east":{"uv":[6.0,5.0,6.33333,3.0],"texture":"#0"},"west":{"uv":[6.0,5.0,6.33333,3.0],"texture":"#0"},"up":{"uv":[9.33333,3.0,6.33333,3.33333],"texture":"#0"}}},{"from":[11.5,-2.0,2.75],"to":[13.5,0.0,4.75],"rotation":{"angle":0.0,"axis":"y","origin":[0.0,0.0,16.0]},"faces":{"north":{"uv":[10.0,0.0,9.33333,0.66667],"texture":"#0"},"east":{"uv":[10.0,0.0,9.33333,0.66667],"texture":"#0"},"south":{"uv":[10.0,0.0,9.33333,0.66667],"texture":"#0"},"west":{"uv":[10.0,0.0,9.33333,0.66667],"texture":"#0"},"up":{"uv":[9.33333,0.33333,9.66667,0.0],"texture":"#0"},"down":{"uv":[9.33333,0.66667,9.66667,0.33333],"texture":"#0"}}},{"from":[8.5,-2.0,2.75],"to":[10.5,0.0,4.75],"rotation":{"angle":0.0,"axis":"y","origin":[0.0,0.0,16.0]},"faces":{"north":{"uv":[10.0,0.0,9.33333,0.66667],"texture":"#0"},"east":{"uv":[10.0,0.0,9.33333,0.66667],"texture":"#0"},"south":{"uv":[10.0,0.0,9.33333,0.66667],"texture":"#0"},"west":{"uv":[10.0,0.0,9.33333,0.66667],"texture":"#0"},"up":{"uv":[9.33333,0.33333,9.66667,0.0],"texture":"#0"},"down":{"uv":[9.33333,0.66667,9.66667,0.33333],"texture":"#0"}}},{"from":[11.5,-2.0,6.25],"to":[13.5,0.0,8.25],"rotation":{"angle":0.0,"axis":"y","origin":[0.0,0.0,16.0]},"faces":{"north":{"uv":[10.0,0.0,9.33333,0.66667],"texture":"#0"},"east":{"uv":[10.0,0.0,9.33333,0.66667],"texture":"#0"},"south":{"uv":[10.0,0.0,9.33333,0.66667],"texture":"#0"},"west":{"uv":[10.0,0.0,9.33333,0.66667],"texture":"#0"},"up":{"uv":[9.33333,0.33333,9.66667,0.0],"texture":"#0"},"down":{"uv":[9.33333,0.66667,9.66667,0.33333],"texture":"#0"}}},{"from":[-3.0,9.0,7.5],"to":[0.0,18.0,7.5],"rotation":{"angle":45.0,"axis":"z","origin":[15.5,10.5,1.5]},"faces":{"north":{"uv":[11.0,3.0,12.0,6.0],"texture":"#0"},"south":{"uv":[12.0,3.0,11.0,6.0],"texture":"#0"}}},{"from":[1.85786,-3.89949,8.25],"to":[4.85786,5.10051,8.25],"rotation":{"angle":22.5,"axis":"z","origin":[1.35786,0.60051,7.5]},"faces":{"north":{"uv":[9.66667,3.0,10.66667,6.0],"texture":"#0"},"south":{"uv":[10.66667,3.0,9.66667,6.0],"texture":"#0"}}}],"display":{"thirdperson_righthand":{"rotation":[64.25,0.0,0.0],"scale":[0.44336,0.44336,0.44336]},"thirdperson_lefthand":{"rotation":[64.25,0.0,0.0],"scale":[0.44336,0.44336,0.44336]},"firstperson_righthand":{"scale":[0.0,0.0,0.0]},"firstperson_lefthand":{"scale":[0.0,0.0,0.0]},"ground":{"translation":[0.0,4.25,0.0],"scale":[0.43945,0.43945,0.43945]},"gui":{"translation":[0.0,6.75,0.0],"rotation":[-149.61,-31.92,-180.0],"scale":[0.71093,0.71093,0.71093]},"head":{"translation":[0.0,20.5,1.75],"rotation":[5.75,0.0,0.0],"scale":[1.68789,1.68789,1.68789]}},"credit":"Made with Blockbench","gui_light":"front"}