{"textures":{"1":"mcc:island_cosmetics/general/hat/butterfly_antenna/butterfly_antenna_anim","3":"mcc:island_cosmetics/general/hat/butterfly_antenna/butterfly_antenna","particle":"mcc:island_cosmetics/general/hat/butterfly_antenna/butterfly_antenna_anim"},"elements":[{"from":[-1.0,5.98651,-1.40484],"to":[17.0,12.98651,-1.40484],"rotation":{"angle":22.5,"axis":"x","origin":[8.0,9.48651,-1.40484]},"faces":{"north":{"uv":[6.75,0.0,11.25,1.75],"texture":"#3"},"east":{"uv":[0.0,8.0,0.25,9.75],"texture":"#3"},"south":{"uv":[11.25,0.0,6.75,1.75],"texture":"#3"},"west":{"uv":[0.5,8.0,0.75,9.75],"texture":"#3"},"up":{"uv":[11.5,5.25,6.75,5.0],"texture":"#3"},"down":{"uv":[11.5,5.5,6.75,5.75],"texture":"#3"}}},{"from":[-3.0,14.05855,-0.33149],"to":[19.0,14.05855,6.66851],"rotation":{"angle":-22.5,"axis":"x","origin":[8.0,14.05855,3.16851]},"faces":{"north":{"uv":[6.75,4.0,12.25,4.25],"texture":"#3"},"east":{"uv":[1.0,8.0,2.75,8.25],"texture":"#3"},"south":{"uv":[6.75,4.5,12.25,4.75],"texture":"#3"},"west":{"uv":[3.0,8.0,4.75,8.25],"texture":"#3"},"up":{"uv":[5.5,7.75,0.0,6.0],"texture":"#3"},"down":{"uv":[5.5,6.0,0.0,7.75],"texture":"#3"}}},{"from":[-5.0,11.50908,4.79009],"to":[21.0,11.50908,15.79009],"rotation":{"angle":45.0,"axis":"x","origin":[8.0,11.50908,10.29009]},"faces":{"north":{"uv":[5.0,8.0,11.5,8.0],"texture":"#3"},"east":{"uv":[5.0,8.25,7.75,8.25],"texture":"#3"},"south":{"uv":[8.0,8.25,14.5,8.25],"texture":"#3"},"west":{"uv":[1.0,8.5,3.75,8.5],"texture":"#3"},"up":{"uv":[6.5,2.75,0.0,0.0],"texture":"#3"},"down":{"uv":[6.5,0.0,0.0,2.75],"texture":"#3"}}},{"from":[-3.0,14.05855,-0.33149],"to":[19.0,14.05855,6.66851],"rotation":{"angle":-22.5,"axis":"x","origin":[8.0,14.05855,3.16851]},"faces":{"north":{"uv":[6.75,4.0,12.25,4.0],"texture":"#3","tintindex":0},"east":{"uv":[1.0,8.0,2.75,8.0],"texture":"#3","tintindex":0},"south":{"uv":[6.75,4.5,12.25,4.5],"texture":"#3","tintindex":0},"west":{"uv":[3.0,8.0,4.75,8.0],"texture":"#3","tintindex":0},"up":{"uv":[10.25,16.0,4.75,14.25],"texture":"#3","tintindex":0},"down":{"uv":[10.25,14.25,4.75,16.0],"texture":"#3","tintindex":0}}},{"from":[-1.0,5.98651,-1.40484],"to":[17.0,12.98651,-1.40484],"rotation":{"angle":22.5,"axis":"x","origin":[8.0,9.48651,-1.40484]},"faces":{"north":{"uv":[11.5,8.25,16.0,10.0],"texture":"#3","tintindex":0},"east":{"uv":[0.0,8.0,0.0,9.75],"texture":"#3","tintindex":0},"south":{"uv":[16.0,8.25,11.5,10.0],"texture":"#3","tintindex":0},"west":{"uv":[0.5,8.0,0.5,9.75],"texture":"#3","tintindex":0},"up":{"uv":[11.25,5.0,6.75,5.0],"texture":"#3","tintindex":0},"down":{"uv":[11.25,5.5,6.75,5.5],"texture":"#3","tintindex":0}}},{"from":[-5.0,11.50908,4.79009],"to":[21.0,11.50908,15.79009],"rotation":{"angle":45.0,"axis":"x","origin":[8.0,11.50908,10.29009]},"faces":{"north":{"uv":[5.0,8.0,11.5,8.0],"texture":"#3","tintindex":0},"east":{"uv":[5.0,8.25,7.75,8.25],"texture":"#3","tintindex":0},"south":{"uv":[8.0,8.25,14.5,8.25],"texture":"#3","tintindex":0},"west":{"uv":[1.0,8.5,3.75,8.5],"texture":"#3","tintindex":0},"up":{"uv":[11.25,11.0,4.75,8.25],"texture":"#3","tintindex":0},"down":{"uv":[11.25,8.25,4.75,11.0],"texture":"#3","tintindex":0}}},{"from":[5.0,3.13052,-0.62269],"to":[11.0,7.13052,-0.62269],"rotation":{"angle":-45.0,"axis":"x","origin":[8.0,4.13052,-0.62269]},"faces":{"north":{"uv":[2.25,13.5,3.75,14.5],"texture":"#3"},"east":{"uv":[14.0,4.25,14.0,5.25],"texture":"#3"},"south":{"uv":[3.75,13.5,2.25,14.5],"texture":"#3"},"west":{"uv":[14.0,4.25,14.0,5.25],"texture":"#3"},"up":{"uv":[14.0,4.25,15.75,4.25],"texture":"#3"},"down":{"uv":[14.0,4.25,15.75,4.25],"texture":"#3"}}},{"from":[13.5,-8.3793,14.17888],"to":[14.5,7.6207,14.17888],"rotation":{"angle":0.0,"axis":"y","origin":[15.5,-1.3793,14.17888]},"faces":{"north":{"uv":[4.0,0.0,3.0,16.0],"texture":"#1"},"east":{"uv":[0.0,0.0,0.0,4.0],"texture":"#1"},"south":{"uv":[3.0,0.0,4.0,16.0],"texture":"#1"},"west":{"uv":[0.0,0.0,0.0,4.0],"texture":"#1"},"up":{"uv":[0.25,0.0,0.0,0.0],"texture":"#1"},"down":{"uv":[0.25,0.0,0.0,0.0],"texture":"#1"}}},{"from":[1.5,-8.3793,14.17888],"to":[2.5,7.6207,14.17888],"rotation":{"angle":0.0,"axis":"y","origin":[0.5,-1.3793,14.17888]},"faces":{"north":{"uv":[6.0,0.0,7.0,16.0],"texture":"#1"},"east":{"uv":[0.0,0.0,0.0,4.0],"texture":"#1"},"south":{"uv":[7.0,0.0,6.0,16.0],"texture":"#1"},"west":{"uv":[0.0,0.0,0.0,4.0],"texture":"#1"},"up":{"uv":[0.0,0.0,0.25,0.0],"texture":"#1"},"down":{"uv":[0.0,0.0,0.25,0.0],"texture":"#1"}}}],"display":{"thirdperson_righthand":{"translation":[0.0,0.0,5.5],"scale":[0.5,0.5,0.5]},"thirdperson_lefthand":{"translation":[0.0,0.0,5.5],"scale":[0.5,0.5,0.5]},"firstperson_righthand":{"translation":[0.0,3.25,0.0],"rotation":[-180.0,51.25,-180.0],"scale":[0.5,0.5,0.5]},"firstperson_lefthand":{"translation":[0.0,3.25,0.0],"rotation":[-180.0,51.25,-180.0],"scale":[0.5,0.5,0.5]},"ground":{"translation":[0.0,4.0,0.0],"scale":[0.5,0.5,0.5]},"gui":{"translation":[-0.25,0.25,0.0],"rotation":[-156.47,-24.2,-178.78],"scale":[0.6,0.6,0.6]},"head":{"translation":[0.0,10.25,6.25],"scale":[1.61,1.61,1.61]},"fixed":{"translation":[0.0,4.25,1.5],"rotation":[-60.0,0.0,0.0]}},"credit":"Made with Blockbench","gui_light":"front"}