{"textures":{"3":"mcc:island_cosmetics/general/hat/toybot/toybot_retro","4":"mcc:island_cosmetics/general/hat/scavenger_crown/scavenger_glow","particle":"mcc:island_cosmetics/general/hat/toybot/toybot_retro"},"elements":[{"from":[2.5,0.5,3.0],"to":[13.5,10.5,13.0],"rotation":{"angle":0.0,"axis":"y","origin":[0.5,-23.0,0.0]},"faces":{"north":{"uv":[3.66667,10.0,7.33333,13.33333],"texture":"#3","tintindex":0},"east":{"uv":[4.0,3.33333,7.33333,6.66667],"texture":"#3","tintindex":0},"south":{"uv":[0.0,6.66667,3.66667,10.0],"texture":"#3","tintindex":0},"west":{"uv":[4.0,3.33333,7.33333,6.66667],"texture":"#3","tintindex":0},"up":{"uv":[0.0,10.0,3.66667,13.33333],"texture":"#3","tintindex":0},"down":{"uv":[3.66667,6.66667,7.33333,10.0],"texture":"#3","tintindex":0}}},{"from":[0.5,3.0,5.5],"to":[2.5,8.0,10.5],"rotation":{"angle":0.0,"axis":"y","origin":[16.0,-23.0,0.0]},"faces":{"north":{"uv":[6.0,1.66667,5.33333,3.33333],"texture":"#3"},"south":{"uv":[5.33333,1.66667,6.0,3.33333],"texture":"#3"},"west":{"uv":[5.66667,0.0,7.33333,1.66667],"texture":"#3"},"up":{"uv":[6.0,2.33333,7.66667,1.66667],"texture":"#3","rotation":90},"down":{"uv":[6.0,2.33333,7.66667,3.0],"texture":"#3","rotation":90}}},{"from":[0.5,12.0,7.0],"to":[2.5,14.0,9.0],"rotation":{"angle":0.0,"axis":"y","origin":[16.0,-23.0,0.0]},"faces":{"north":{"uv":[7.33333,0.0,8.0,0.66667],"texture":"#3"},"east":{"uv":[7.33333,0.0,8.0,0.66667],"texture":"#3"},"south":{"uv":[7.33333,0.0,8.0,0.66667],"texture":"#3"},"west":{"uv":[7.33333,0.0,8.0,0.66667],"texture":"#3"},"up":{"uv":[7.33333,0.0,8.0,0.33333],"texture":"#3"},"down":{"uv":[7.33333,0.33333,8.0,0.66667],"texture":"#3"}}},{"from":[1.0,8.0,7.5],"to":[2.0,13.0,8.5],"rotation":{"angle":0.0,"axis":"y","origin":[16.0,-23.0,0.0]},"faces":{"north":{"uv":[5.66667,0.0,5.33333,1.66667],"texture":"#3"},"east":{"uv":[5.66667,0.0,5.33333,1.66667],"texture":"#3"},"south":{"uv":[5.66667,0.0,5.33333,1.66667],"texture":"#3"},"west":{"uv":[5.66667,0.0,5.33333,1.66667],"texture":"#3"},"up":{"uv":[5.33333,0.0,5.66667,0.33333],"texture":"#3"},"down":{"uv":[5.33333,0.0,5.66667,0.33333],"texture":"#3"}}},{"from":[1.5,3.5,2.0],"to":[6.5,8.5,2.0],"rotation":{"angle":0.0,"axis":"y","origin":[0.5,-23.0,0.0]},"faces":{"north":{"uv":[3.66667,0.0,5.33333,1.66667],"texture":"#3"},"east":{"uv":[5.33333,0.0,5.66667,1.66667],"texture":"#3"},"south":{"uv":[3.66667,0.0,5.33333,1.66667],"texture":"#3"},"west":{"uv":[5.33333,0.0,5.66667,1.66667],"texture":"#3"},"up":{"uv":[5.33333,0.0,5.66667,1.66667],"texture":"#3","rotation":90},"down":{"uv":[5.33333,0.0,5.66667,1.66667],"texture":"#3","rotation":90}}},{"from":[9.5,3.5,2.0],"to":[14.5,8.5,2.0],"rotation":{"angle":0.0,"axis":"y","origin":[15.5,-23.0,0.0]},"faces":{"north":{"uv":[5.33333,0.0,3.66667,1.66667],"texture":"#3"},"east":{"uv":[5.66667,0.0,5.33333,1.66667],"texture":"#3"},"south":{"uv":[3.66667,0.0,5.33333,1.66667],"texture":"#3"},"west":{"uv":[5.66667,0.0,5.33333,1.66667],"texture":"#3"},"up":{"uv":[5.33333,1.66667,5.66667,0.0],"texture":"#3","rotation":90},"down":{"uv":[5.33333,1.66667,5.66667,0.0],"texture":"#3","rotation":90}}},{"from":[14.0,8.0,7.5],"to":[15.0,13.0,8.5],"rotation":{"angle":0.0,"axis":"y","origin":[0.0,-23.0,0.0]},"faces":{"north":{"uv":[5.33333,0.0,5.66667,1.66667],"texture":"#3"},"east":{"uv":[5.33333,0.0,5.66667,1.66667],"texture":"#3"},"south":{"uv":[5.33333,0.0,5.66667,1.66667],"texture":"#3"},"west":{"uv":[5.33333,0.0,5.66667,1.66667],"texture":"#3"},"up":{"uv":[5.66667,0.0,5.33333,0.33333],"texture":"#3"},"down":{"uv":[5.66667,0.0,5.33333,0.33333],"texture":"#3"}}},{"from":[13.5,12.0,7.0],"to":[15.5,14.0,9.0],"rotation":{"angle":0.0,"axis":"y","origin":[0.0,-23.0,0.0]},"faces":{"north":{"uv":[8.0,0.0,7.33333,0.66667],"texture":"#3"},"east":{"uv":[8.0,0.0,7.33333,0.66667],"texture":"#3"},"south":{"uv":[8.0,0.0,7.33333,0.66667],"texture":"#3"},"west":{"uv":[8.0,0.0,7.33333,0.66667],"texture":"#3"},"up":{"uv":[8.0,0.0,7.33333,0.33333],"texture":"#3"},"down":{"uv":[8.0,0.33333,7.33333,0.66667],"texture":"#3"}}},{"from":[13.5,3.0,5.5],"to":[15.5,8.0,10.5],"rotation":{"angle":0.0,"axis":"y","origin":[0.0,-23.0,0.0]},"faces":{"north":{"uv":[5.33333,1.66667,6.0,3.33333],"texture":"#3"},"east":{"uv":[7.33333,0.0,5.66667,1.66667],"texture":"#3"},"south":{"uv":[6.0,1.66667,5.33333,3.33333],"texture":"#3"},"up":{"uv":[6.0,1.66667,7.66667,2.33333],"texture":"#3","rotation":90},"down":{"uv":[6.0,3.0,7.66667,2.33333],"texture":"#3","rotation":90}}},{"from":[5.8,10.3,5.8],"to":[10.2,11.7,10.2],"rotation":{"angle":0.0,"axis":"y","origin":[-3.0,-23.0,3.0]},"faces":{"north":{"uv":[2.66667,3.33333,4.0,3.66667],"texture":"#3"},"east":{"uv":[2.66667,3.33333,4.0,3.66667],"texture":"#3"},"south":{"uv":[2.66667,3.33333,4.0,3.66667],"texture":"#3"},"west":{"uv":[2.66667,3.33333,4.0,3.66667],"texture":"#3"},"up":{"uv":[2.66667,3.66667,4.0,5.0],"texture":"#3"},"down":{"uv":[2.66667,3.66667,4.0,5.0],"texture":"#3"}}},{"from":[5.5,11.5,8.0],"to":[10.5,17.5,8.0],"rotation":{"angle":0.0,"axis":"y","origin":[-3.5,-23.0,3.0]},"faces":{"north":{"uv":[8.33333,0.0,10.0,2.0],"texture":"#3"},"south":{"uv":[8.33333,0.0,10.0,2.0],"texture":"#3"}}},{"from":[9.2,3.2,1.7],"to":[14.8,8.8,3.3],"rotation":{"angle":0.0,"axis":"y","origin":[15.5,-23.0,0.0]},"faces":{"east":{"uv":[5.66667,0.0,5.33333,1.66667],"texture":"#3"},"west":{"uv":[5.66667,0.0,5.33333,1.66667],"texture":"#3"},"up":{"uv":[5.33333,1.66667,5.66667,0.0],"texture":"#3","rotation":90},"down":{"uv":[5.33333,1.66667,5.66667,0.0],"texture":"#3","rotation":90}}},{"from":[1.2,3.2,1.7],"to":[6.8,8.8,3.3],"rotation":{"angle":0.0,"axis":"y","origin":[0.5,-23.0,0.0]},"faces":{"east":{"uv":[5.33333,0.0,5.66667,1.66667],"texture":"#3"},"west":{"uv":[5.33333,0.0,5.66667,1.66667],"texture":"#3"},"up":{"uv":[5.33333,0.0,5.66667,1.66667],"texture":"#3","rotation":90},"down":{"uv":[5.33333,0.0,5.66667,1.66667],"texture":"#3","rotation":90}}},{"from":[6.8,8.8,2.3],"to":[1.2,3.2,1.7],"rotation":{"angle":0.0,"axis":"y","origin":[0.5,-23.0,0.0]},"faces":{"north":{"uv":[3.0,4.33333,3.33333,4.0],"texture":"#3"},"east":{"uv":[3.0,4.33333,3.33333,4.0],"texture":"#3"},"west":{"uv":[3.0,4.33333,3.33333,4.0],"texture":"#3"},"up":{"uv":[3.0,4.33333,3.33333,4.0],"texture":"#3"},"down":{"uv":[3.0,4.33333,3.33333,4.0],"texture":"#3"}}},{"from":[14.8,8.8,2.3],"to":[9.2,3.2,1.7],"rotation":{"angle":0.0,"axis":"y","origin":[15.5,-23.0,0.0]},"faces":{"north":{"uv":[3.0,4.33333,3.33333,4.0],"texture":"#3"},"east":{"uv":[3.0,4.33333,3.33333,4.0],"texture":"#3"},"west":{"uv":[3.0,4.33333,3.33333,4.0],"texture":"#3"},"up":{"uv":[3.0,4.33333,3.33333,4.0],"texture":"#3"},"down":{"uv":[3.0,4.33333,3.33333,4.0],"texture":"#3"}}},{"from":[2.5,0.5,3.0],"to":[13.5,10.5,13.0],"rotation":{"angle":0.0,"axis":"y","origin":[0.5,-23.0,0.0]},"faces":{"north":{"uv":[0.0,0.0,3.66667,3.33333],"texture":"#3"},"down":{"uv":[7.33333,12.66667,11.0,16.0],"texture":"#3"}}},{"from":[15.9,14.4,9.4],"to":[13.1,11.6,6.6],"rotation":{"angle":0.0,"axis":"y","origin":[0.0,-23.0,0.0]},"faces":{"north":{"uv":[5.0,2.66667,4.33333,2.0],"texture":"#4","tintindex":0},"east":{"uv":[5.0,2.66667,4.33333,2.0],"texture":"#4","tintindex":0},"south":{"uv":[5.0,2.66667,4.33333,2.0],"texture":"#4","tintindex":0},"west":{"uv":[5.0,2.66667,4.33333,2.0],"texture":"#4","tintindex":0},"up":{"uv":[5.0,2.66667,4.33333,2.0],"texture":"#4","tintindex":0},"down":{"uv":[5.0,2.66667,4.33333,2.0],"texture":"#4","tintindex":0}}},{"from":[2.9,14.4,9.4],"to":[0.1,11.6,6.6],"rotation":{"angle":0.0,"axis":"y","origin":[16.0,-23.0,0.0]},"faces":{"north":{"uv":[4.33333,2.66667,5.0,2.0],"texture":"#4","tintindex":0},"east":{"uv":[4.33333,2.66667,5.0,2.0],"texture":"#4","tintindex":0},"south":{"uv":[4.33333,2.66667,5.0,2.0],"texture":"#4","tintindex":0},"west":{"uv":[4.33333,2.66667,5.0,2.0],"texture":"#4","tintindex":0},"up":{"uv":[4.33333,2.66667,5.0,2.0],"texture":"#4","tintindex":0},"down":{"uv":[4.33333,2.66667,5.0,2.0],"texture":"#4","tintindex":0}}},{"from":[5.5,11.5,8.0],"to":[10.5,17.5,8.0],"rotation":{"angle":-45.0,"axis":"y","origin":[8.0,21.5,8.0]},"faces":{"north":{"uv":[10.33333,0.0,12.0,2.0],"texture":"#3"},"south":{"uv":[10.33333,0.0,12.0,2.0],"texture":"#3"}}},{"from":[8.0,11.5,5.5],"to":[8.0,17.5,10.5],"rotation":{"angle":0.0,"axis":"y","origin":[8.0,28.5,8.0]},"faces":{"east":{"uv":[8.33333,2.33333,10.0,4.33333],"texture":"#3"},"west":{"uv":[8.33333,2.33333,10.0,4.33333],"texture":"#3"}}},{"from":[8.0,11.5,5.5],"to":[8.0,17.5,10.5],"rotation":{"angle":-45.0,"axis":"y","origin":[8.0,35.5,8.0]},"faces":{"east":{"uv":[10.33333,2.33333,12.0,4.33333],"texture":"#3"},"west":{"uv":[10.33333,2.33333,12.0,4.33333],"texture":"#3"}}}],"display":{"thirdperson_righthand":{"translation":[0.0,1.0,0.75],"rotation":[55.5,34.0,0.0],"scale":[0.52539,0.52539,0.52539]},"thirdperson_lefthand":{"translation":[0.0,1.0,0.75],"rotation":[55.5,34.0,0.0],"scale":[0.52539,0.52539,0.52539]},"firstperson_righthand":{"translation":[9.5,0.0,-5.75],"rotation":[21.0,114.5,-13.75],"scale":[0.41992,0.41992,0.41992]},"firstperson_lefthand":{"translation":[9.5,0.0,-5.75],"rotation":[21.0,114.5,-13.75],"scale":[0.41992,0.41992,0.41992]},"ground":{"translation":[0.0,4.25,0.0],"scale":[0.28906,0.28906,0.28906]},"gui":{"translation":[-0.25,0.5,0.0],"rotation":[-154.61,-31.92,-180.0],"scale":[0.80078,0.80078,0.80078]},"head":{"translation":[0.0,5.25,0.0],"scale":[1.67813,1.67813,1.67813]},"fixed":{"translation":[0.0,-3.25,-7.5]}},"credit":"Made with Blockbench","gui_light":"front"}