{"textures":{"1":"mcc:island_cosmetics/general/hat/wicked_horns/wicked_horns"},"elements":[{"from":[6.5,7.0,0.0],"to":[8.5,9.0,4.0],"rotation":{"angle":0.0,"axis":"y","origin":[7.5,8.34099,0.82322]},"faces":{"north":{"uv":[4.0,1.0,5.0,2.0],"texture":"#1","tintindex":0},"east":{"uv":[1.0,1.0,5.0,3.0],"texture":"#1","tintindex":0},"south":{"uv":[2.0,3.0,3.0,4.0],"texture":"#1","tintindex":0},"west":{"uv":[5.0,3.0,1.0,1.0],"texture":"#1","tintindex":0},"up":{"uv":[5.0,1.0,1.0,3.0],"texture":"#1","tintindex":0,"rotation":90},"down":{"uv":[1.0,3.0,5.0,1.0],"texture":"#1","tintindex":0,"rotation":90}}},{"from":[7.5,6.85356,-2.85355],"to":[7.5,9.85356,2.14645],"rotation":{"angle":45.0,"axis":"x","origin":[7.5,8.34099,0.82322]},"faces":{"east":{"uv":[5.0,1.0,10.0,4.0],"texture":"#1","tintindex":0},"west":{"uv":[10.0,1.0,5.0,4.0],"texture":"#1","tintindex":0}}},{"from":[0.0,7.0,6.5],"to":[4.0,9.0,8.5],"rotation":{"angle":0.0,"axis":"y","origin":[0.82322,8.34099,7.5]},"faces":{"north":{"uv":[1.0,1.0,5.0,3.0],"texture":"#1","tintindex":0},"east":{"uv":[2.0,3.0,3.0,4.0],"texture":"#1","tintindex":0},"south":{"uv":[5.0,3.0,1.0,1.0],"texture":"#1","tintindex":0},"west":{"uv":[4.0,1.0,5.0,2.0],"texture":"#1","tintindex":0},"up":{"uv":[1.0,3.0,5.0,1.0],"texture":"#1","tintindex":0,"rotation":180},"down":{"uv":[5.0,1.0,1.0,3.0],"texture":"#1","tintindex":0}}},{"from":[-2.85355,6.85356,7.5],"to":[2.14645,9.85356,7.5],"rotation":{"angle":-45.0,"axis":"z","origin":[0.82322,8.34099,7.5]},"faces":{"north":{"uv":[5.0,1.0,10.0,4.0],"texture":"#1","tintindex":0},"south":{"uv":[10.0,1.0,5.0,4.0],"texture":"#1","tintindex":0}}}],"display":{"thirdperson_righthand":{"translation":[0.0,1.0,0.75],"rotation":[55.5,34.0,0.0],"scale":[0.52539,0.52539,0.52539]},"thirdperson_lefthand":{"translation":[0.0,1.0,0.75],"rotation":[55.5,34.0,0.0],"scale":[0.52539,0.52539,0.52539]},"firstperson_righthand":{"translation":[9.5,0.0,-5.75],"rotation":[21.0,114.5,-13.75],"scale":[0.41992,0.41992,0.41992]},"firstperson_lefthand":{"translation":[9.5,0.0,-5.75],"rotation":[21.0,114.5,-13.75],"scale":[0.41992,0.41992,0.41992]},"gui":{"translation":[-1.75,0.75,0.0],"rotation":[-162.03,26.41,168.84],"scale":[1.02929,1.02929,1.02929]},"head":{"translation":[0.0,3.25,-0.5],"rotation":[16.25,-44.0,0.0],"scale":[1.6293,1.6293,1.6293]}},"credit":"Made with Blockbench","gui_light":"front"}