{"textures":{"0":"mcc:island_cosmetics/head/head_faction_features","particle":"mcc:island_cosmetics/head/head_faction_features"},"credit":"Made with Blockbench","texture_size":[128.0,128.0],"elements":[{"from":[3.0,4.74,3.0],"to":[13.0,7.74,13.0],"rotation":{"angle":0.0,"axis":"y","origin":[9.5,6.24,8.0]},"faces":{"north":{"uv":[5.5,14.375,6.75,14.75],"texture":"#0"},"east":{"uv":[5.5,14.375,6.75,14.75],"texture":"#0"},"south":{"uv":[5.5,14.375,6.75,14.75],"texture":"#0"},"west":{"uv":[5.5,14.375,6.75,14.75],"texture":"#0"},"up":{"uv":[4.25,14.75,5.5,16.0],"texture":"#0"},"down":{"uv":[5.5,14.75,6.75,16.0],"texture":"#0"}}},{"from":[4.0,7.74,4.0],"to":[12.0,11.74,12.0],"rotation":{"angle":0.0,"axis":"y","origin":[9.5,6.24,8.0]},"faces":{"north":{"uv":[11.0,14.0,12.0,14.5],"texture":"#0"},"east":{"uv":[11.0,14.0,12.0,14.5],"texture":"#0"},"south":{"uv":[11.0,14.0,12.0,14.5],"texture":"#0"},"west":{"uv":[11.0,14.0,12.0,14.5],"texture":"#0"},"up":{"uv":[11.0,13.0,12.0,14.0],"texture":"#0"},"down":{"uv":[3.625,15.0,3.75,15.125],"texture":"#0"}}},{"from":[2.0,7.74,2.0],"to":[14.0,12.74,14.0],"rotation":{"angle":0.0,"axis":"y","origin":[9.5,6.24,8.0]},"faces":{"north":{"uv":[9.75,15.25,11.25,15.875],"texture":"#0"},"east":{"uv":[9.75,15.25,11.25,15.875],"texture":"#0"},"south":{"uv":[9.75,15.25,11.25,15.875],"texture":"#0"},"west":{"uv":[9.75,15.25,11.25,15.875],"texture":"#0"},"up":{"uv":[0.0,13.625,1.5,15.125],"texture":"#0"},"down":{"uv":[2.75,14.5,4.25,16.0],"texture":"#0"}}},{"from":[7.0,12.74,2.0],"to":[9.0,13.74,6.0],"rotation":{"angle":0.0,"axis":"y","origin":[9.5,6.24,8.0]},"faces":{"north":{"uv":[1.5,15.125,1.75,15.25],"texture":"#0"},"east":{"uv":[0.0,14.0,0.25,14.125],"texture":"#0"},"south":{"uv":[1.5,15.125,1.75,15.25],"texture":"#0"},"west":{"uv":[0.0,14.0,0.25,14.125],"texture":"#0"},"up":{"uv":[1.5,15.25,1.75,15.75],"texture":"#0"},"down":{"uv":[3.375,15.0,3.625,15.5],"texture":"#0"}}},{"from":[7.0,12.74,10.0],"to":[9.0,13.74,14.0],"rotation":{"angle":0.0,"axis":"y","origin":[9.5,6.24,8.0]},"faces":{"north":{"uv":[1.75,15.125,1.5,15.25],"texture":"#0"},"east":{"uv":[0.25,14.0,0.0,14.125],"texture":"#0"},"south":{"uv":[1.75,15.125,1.5,15.25],"texture":"#0"},"west":{"uv":[0.25,14.0,0.0,14.125],"texture":"#0"},"up":{"uv":[1.5,15.75,1.75,15.25],"texture":"#0"},"down":{"uv":[3.375,15.0,3.625,15.5],"texture":"#0"}}},{"from":[2.0,12.74,7.0],"to":[6.0,13.74,9.0],"rotation":{"angle":0.0,"axis":"y","origin":[8.0,13.24,8.0]},"faces":{"north":{"uv":[0.25,14.0,0.0,14.125],"texture":"#0"},"east":{"uv":[1.75,15.125,1.5,15.25],"texture":"#0"},"south":{"uv":[0.25,14.0,0.0,14.125],"texture":"#0"},"west":{"uv":[1.75,15.125,1.5,15.25],"texture":"#0"},"up":{"uv":[1.5,15.75,1.75,15.25],"rotation":90.0,"texture":"#0"},"down":{"uv":[3.375,15.0,3.625,15.5],"texture":"#0"}}},{"from":[10.0,12.74,7.0],"to":[14.0,13.74,9.0],"rotation":{"angle":0.0,"axis":"y","origin":[8.0,13.24,8.0]},"faces":{"north":{"uv":[0.0,14.0,0.25,14.125],"texture":"#0"},"east":{"uv":[1.5,15.125,1.75,15.25],"texture":"#0"},"south":{"uv":[0.0,14.0,0.25,14.125],"texture":"#0"},"west":{"uv":[1.5,15.125,1.75,15.25],"texture":"#0"},"up":{"uv":[1.5,15.25,1.75,15.75],"rotation":90.0,"texture":"#0"},"down":{"uv":[3.375,15.0,3.625,15.5],"texture":"#0"}}},{"name":"cube inverted","from":[9.0,13.74,6.0],"to":[7.0,12.74,2.0],"rotation":{"angle":0.0,"axis":"y","origin":[-9.5,-6.24,-8.0]},"faces":{"north":{"uv":[1.5,15.25,1.75,15.125],"texture":"#0"},"east":{"uv":[0.0,14.125,0.25,14.0],"texture":"#0"},"south":{"uv":[1.5,15.25,1.75,15.125],"texture":"#0"},"west":{"uv":[0.0,14.125,0.25,14.0],"texture":"#0"},"up":{"uv":[3.625,15.0,3.375,15.5],"texture":"#0"},"down":{"uv":[1.75,15.25,1.5,15.75],"texture":"#0"}}},{"name":"cube inverted","from":[14.0,13.74,9.0],"to":[10.0,12.74,7.0],"rotation":{"angle":0.0,"axis":"y","origin":[-8.0,-13.24,-8.0]},"faces":{"north":{"uv":[0.0,14.125,0.25,14.0],"texture":"#0"},"east":{"uv":[1.5,15.25,1.75,15.125],"texture":"#0"},"south":{"uv":[0.0,14.125,0.25,14.0],"texture":"#0"},"west":{"uv":[1.5,15.25,1.75,15.125],"texture":"#0"},"up":{"uv":[3.625,15.0,3.375,15.5],"texture":"#0"},"down":{"uv":[1.5,15.75,1.75,15.25],"rotation":90.0,"texture":"#0"}}},{"name":"cube inverted","from":[9.0,13.74,14.0],"to":[7.0,12.74,10.0],"rotation":{"angle":0.0,"axis":"y","origin":[-9.5,-6.24,-8.0]},"faces":{"north":{"uv":[1.75,15.25,1.5,15.125],"texture":"#0"},"east":{"uv":[0.25,14.125,0.0,14.0],"texture":"#0"},"south":{"uv":[1.75,15.25,1.5,15.125],"texture":"#0"},"west":{"uv":[0.25,14.125,0.0,14.0],"texture":"#0"},"up":{"uv":[3.625,15.0,3.375,15.5],"texture":"#0"},"down":{"uv":[1.75,15.75,1.5,15.25],"texture":"#0"}}},{"name":"cube inverted","from":[6.0,13.74,9.0],"to":[2.0,12.74,7.0],"rotation":{"angle":0.0,"axis":"y","origin":[-8.0,-13.24,-8.0]},"faces":{"north":{"uv":[0.25,14.125,0.0,14.0],"texture":"#0"},"east":{"uv":[1.75,15.25,1.5,15.125],"texture":"#0"},"south":{"uv":[0.25,14.125,0.0,14.0],"texture":"#0"},"west":{"uv":[1.75,15.25,1.5,15.125],"texture":"#0"},"up":{"uv":[3.625,15.0,3.375,15.5],"texture":"#0"},"down":{"uv":[1.5,15.25,1.75,15.75],"rotation":90.0,"texture":"#0"}}},{"name":"cube inverted","from":[14.0,12.74,14.0],"to":[2.0,7.74,2.0],"rotation":{"angle":0.0,"axis":"y","origin":[-9.5,-6.24,-8.0]},"faces":{"north":{"uv":[9.75,15.875,11.25,15.25],"texture":"#0"},"east":{"uv":[9.75,15.875,11.25,15.25],"texture":"#0"},"south":{"uv":[9.75,15.875,11.25,15.25],"texture":"#0"},"west":{"uv":[9.75,15.875,11.25,15.25],"texture":"#0"},"up":{"uv":[4.25,14.5,2.75,16.0],"texture":"#0"},"down":{"uv":[1.5,13.625,0.0,15.125],"texture":"#0"}}},{"from":[4.0,11.74,8.0],"to":[12.0,19.74,8.0],"rotation":{"angle":0.0,"axis":"y","origin":[8.0,15.74,8.0]},"faces":{"north":{"uv":[1.0,12.625,2.0,13.625],"texture":"#0"},"east":{"uv":[0.0,15.125,1.5,15.75],"texture":"#0"},"south":{"uv":[1.0,12.625,2.0,13.625],"texture":"#0"},"west":{"uv":[0.0,15.125,1.5,15.75],"texture":"#0"},"up":{"uv":[1.875,14.25,2.625,14.25],"texture":"#0"},"down":{"uv":[2.75,14.5,4.25,16.0],"texture":"#0"}}},{"from":[8.0,11.74,4.0],"to":[8.0,19.74,12.0],"rotation":{"angle":0.0,"axis":"y","origin":[8.0,15.74,8.0]},"faces":{"north":{"uv":[0.0,15.125,1.5,15.75],"texture":"#0"},"east":{"uv":[1.0,12.625,2.0,13.625],"texture":"#0"},"south":{"uv":[0.0,15.125,1.5,15.75],"texture":"#0"},"west":{"uv":[1.0,12.625,2.0,13.625],"texture":"#0"},"up":{"uv":[1.875,14.25,2.625,14.25],"rotation":90.0,"texture":"#0"},"down":{"uv":[2.75,14.5,4.25,16.0],"rotation":270.0,"texture":"#0"}}}],"gui_light":"front","display":{"thirdperson_righthand":{"rotation":[64.25,0.0,0.0],"scale":[0.44336,0.44336,0.44336]},"thirdperson_lefthand":{"rotation":[64.25,0.0,0.0],"scale":[0.44336,0.44336,0.44336]},"firstperson_righthand":{"scale":[0.0,0.0,0.0]},"firstperson_lefthand":{"scale":[0.0,0.0,0.0]},"ground":{"translation":[0.0,4.25,0.0],"scale":[0.43945,0.43945,0.43945]},"gui":{"rotation":[-159.11,-31.92,-180.0],"translation":[0.0,-1.75,0.0],"scale":[0.82617,0.82617,0.82617]},"head":{"rotation":[5.75,0.0,0.0],"translation":[0.0,8.5,0.25],"scale":[1.6,1.6,1.6]}}}