{"textures":{"0":"mcc:island_cosmetics/head/head_faction_features","particle":"mcc:island_cosmetics/head/head_faction_features"},"credit":"Made with Blockbench","texture_size":[128.0,128.0],"elements":[{"from":[11.0,3.75,7.0],"to":[17.0,6.75,10.0],"rotation":{"angle":-22.5,"axis":"z","origin":[14.0,8.41667,8.5]},"faces":{"north":{"uv":[3.0,3.375,2.25,3.75],"texture":"#0"},"east":{"uv":[3.75,3.375,3.375,3.75],"texture":"#0"},"south":{"uv":[2.25,3.375,3.0,3.75],"texture":"#0"},"west":{"uv":[4.125,3.375,3.75,3.75],"texture":"#0"},"up":{"uv":[3.75,4.125,3.0,4.5],"texture":"#0"},"down":{"uv":[4.5,3.75,3.75,4.125],"texture":"#0"}}},{"from":[14.0,6.75,7.0],"to":[17.0,9.75,10.0],"rotation":{"angle":-22.5,"axis":"z","origin":[14.0,8.41667,8.5]},"faces":{"north":{"uv":[3.375,3.375,3.0,3.75],"texture":"#0"},"east":{"uv":[3.75,3.75,3.375,4.125],"texture":"#0"},"south":{"uv":[3.0,3.375,3.375,3.75],"texture":"#0"},"west":{"uv":[3.0,3.375,3.125,3.75],"texture":"#0"},"up":{"uv":[3.375,3.75,3.0,4.125],"texture":"#0"},"down":{"uv":[4.0,1.0,2.75,2.125],"texture":"#0"}}},{"from":[11.0,8.75,8.5],"to":[17.0,14.75,8.5],"rotation":{"angle":-22.5,"axis":"z","origin":[14.0,8.41667,8.5]},"faces":{"north":{"uv":[3.0,3.75,2.25,4.5],"texture":"#0"},"east":{"uv":[3.125,2.875,3.0,3.0],"texture":"#0"},"south":{"uv":[2.25,3.75,3.0,4.5],"texture":"#0"},"west":{"uv":[3.125,2.875,3.0,3.0],"texture":"#0"},"up":{"uv":[3.125,2.875,3.0,3.0],"texture":"#0"},"down":{"uv":[3.125,2.875,3.0,3.0],"texture":"#0"}}},{"from":[-1.0,3.75,7.0],"to":[5.0,6.75,10.0],"rotation":{"angle":22.5,"axis":"z","origin":[2.0,8.41667,8.5]},"faces":{"north":{"uv":[2.25,3.375,3.0,3.75],"texture":"#0"},"east":{"uv":[3.75,3.375,4.125,3.75],"texture":"#0"},"south":{"uv":[3.0,3.375,2.25,3.75],"texture":"#0"},"west":{"uv":[3.375,3.375,3.75,3.75],"texture":"#0"},"up":{"uv":[3.0,4.125,3.75,4.5],"texture":"#0"},"down":{"uv":[3.75,3.75,4.5,4.125],"texture":"#0"}}},{"from":[-1.0,6.75,7.0],"to":[2.0,9.75,10.0],"rotation":{"angle":22.5,"axis":"z","origin":[2.0,8.41667,8.5]},"faces":{"north":{"uv":[3.0,3.375,3.375,3.75],"texture":"#0"},"east":{"uv":[3.125,3.375,3.0,3.75],"texture":"#0"},"south":{"uv":[3.375,3.375,3.0,3.75],"texture":"#0"},"west":{"uv":[3.375,3.75,3.75,4.125],"texture":"#0"},"up":{"uv":[3.0,3.75,3.375,4.125],"texture":"#0"},"down":{"uv":[2.75,1.0,4.0,2.125],"texture":"#0"}}},{"from":[-1.0,8.75,8.5],"to":[5.0,14.75,8.5],"rotation":{"angle":22.5,"axis":"z","origin":[2.0,8.41667,8.5]},"faces":{"north":{"uv":[2.25,3.75,3.0,4.5],"texture":"#0"},"east":{"uv":[3.0,2.875,3.125,3.0],"texture":"#0"},"south":{"uv":[3.0,3.75,2.25,4.5],"texture":"#0"},"west":{"uv":[3.0,2.875,3.125,3.0],"texture":"#0"},"up":{"uv":[3.0,2.875,3.125,3.0],"texture":"#0"},"down":{"uv":[3.0,2.875,3.125,3.0],"texture":"#0"}}}],"gui_light":"front","display":{"thirdperson_righthand":{"rotation":[64.25,0.0,0.0],"scale":[0.44336,0.44336,0.44336]},"thirdperson_lefthand":{"rotation":[64.25,0.0,0.0],"scale":[0.44336,0.44336,0.44336]},"firstperson_righthand":{"scale":[0.0,0.0,0.0]},"firstperson_lefthand":{"scale":[0.0,0.0,0.0]},"ground":{"translation":[0.0,4.25,0.0],"scale":[0.43945,0.43945,0.43945]},"gui":{"rotation":[-172.14,-28.9,174.28],"translation":[0.25,0.5,0.0],"scale":[0.84961,0.84961,0.84961]},"head":{"translation":[0.0,5.75,0.0],"scale":[1.6,1.6,1.6]}}}