{"textures":{"1":"mcc:island_cosmetics/general/hat/bandana/bandana","2":"mcc:island_cosmetics/general/hat/bandana/crown","particle":"mcc:island_cosmetics/general/hat/bandana/crown"},"display":{"thirdperson_righthand":{"translation":[0.0,1.0,-1.0],"rotation":[63.0,34.0,0.0],"scale":[0.37891,0.37891,0.37891]},"thirdperson_lefthand":{"translation":[0.0,1.0,-1.0],"rotation":[63.0,34.0,0.0],"scale":[0.37891,0.37891,0.37891]},"firstperson_righthand":{"translation":[9.5,0.0,-5.75],"rotation":[3.0,112.0,-13.0],"scale":[0.35547,0.35547,0.35547]},"firstperson_lefthand":{"translation":[9.5,0.0,-5.75],"rotation":[3.0,112.0,-13.0],"scale":[0.35547,0.35547,0.35547]},"ground":{"translation":[0.0,4.25,0.0],"scale":[0.28906,0.28906,0.28906]},"gui":{"translation":[-0.25,2.75,0.0],"rotation":[-174.47,-34.12,164.69],"scale":[1.04101,1.04101,1.04101]},"head":{"translation":[0.0,4.25,-0.25],"rotation":[12.5,0.0,0.0],"scale":[1.60586,1.60586,1.60586]},"fixed":{"translation":[0.0,-3.25,-7.5]}},"credit":"Made with Blockbench","elements":[{"from":[3.5,5.0,3.5],"to":[12.5,8.0,13.5],"rotation":{"angle":0.0,"axis":"y","origin":[8.5,6.5,7.5]},"faces":{"north":{"uv":[1.0,0.0,10.0,3.0],"texture":"#1","tintindex":0.0},"east":{"uv":[1.0,0.0,10.0,3.0],"texture":"#1","tintindex":0.0},"south":{"uv":[1.0,0.0,10.0,3.0],"texture":"#1","tintindex":0.0},"west":{"uv":[1.0,0.0,10.0,3.0],"texture":"#1","tintindex":0.0}}},{"from":[3.5,1.5,14.0],"to":[12.5,8.5,14.0],"rotation":{"angle":-22.5,"axis":"x","origin":[8.0,6.0,16.5]},"faces":{"north":{"uv":[0.0,3.0,9.0,10.0],"texture":"#1","tintindex":0.0},"south":{"uv":[0.0,3.0,9.0,10.0],"texture":"#1","tintindex":0.0}}},{"name":"cube inverted","from":[12.5,8.0,13.5],"to":[3.5,5.0,3.5],"rotation":{"angle":0.0,"axis":"y","origin":[8.5,6.5,7.5]},"faces":{"north":{"uv":[1.0,3.0,10.0,0.0],"texture":"#1","tintindex":0.0},"east":{"uv":[1.0,3.0,10.0,0.0],"texture":"#1","tintindex":0.0},"south":{"uv":[1.0,3.0,10.0,0.0],"texture":"#1","tintindex":0.0},"west":{"uv":[1.0,3.0,10.0,0.0],"texture":"#1","tintindex":0.0}}},{"from":[4.5,4.0,3.0],"to":[11.5,9.0,4.0],"rotation":{"angle":0.0,"axis":"y","origin":[-1.5,0.0,0.0]},"faces":{"north":{"uv":[0.0,0.0,7.0,5.0],"texture":"#2"},"east":{"uv":[0.0,0.0,1.0,5.0],"texture":"#2"},"south":{"uv":[0.0,0.0,1.0,1.0],"texture":"#2"},"west":{"uv":[0.0,0.0,1.0,5.0],"texture":"#2"},"up":{"uv":[0.0,0.0,7.0,1.0],"texture":"#2"},"down":{"uv":[0.0,0.0,7.0,1.0],"texture":"#2"}}}],"gui_light":"front"}