{"textures":{"0":"mcc:island_cosmetics/general/hat/sea_shell/sea_shell_hermit","1":"mcc:island_cosmetics/general/hat/sea_shell/hermit_bot","2":"mcc:island_cosmetics/general/accessory/mjolnir/mjolnir_thunder_lightning","particle":"mcc:island_cosmetics/general/hat/sea_shell/sea_shell_hermit"},"elements":[{"from":[1.56983,2.0,1.39209],"to":[14.56983,14.0,7.39209],"rotation":{"angle":-22.5,"axis":"x","origin":[11.56983,4.75,8.39209]},"faces":{"north":{"uv":[9.0,6.5,15.5,12.5],"texture":"#0","tintindex":0},"east":{"uv":[0.0,3.0,6.0,6.0],"texture":"#0","tintindex":0,"rotation":90},"south":{"uv":[6.5,0.0,12.5,6.5],"texture":"#0","tintindex":0,"rotation":90},"west":{"uv":[0.0,6.0,6.0,3.0],"texture":"#0","tintindex":0,"rotation":90},"up":{"uv":[0.0,0.0,6.5,3.0],"texture":"#0","tintindex":0},"down":{"uv":[0.0,3.0,6.5,0.0],"texture":"#0","tintindex":0}}},{"from":[3.56983,3.0,7.39209],"to":[12.56983,12.0,12.39209],"rotation":{"angle":-22.5,"axis":"x","origin":[11.56983,4.75,8.39209]},"faces":{"east":{"uv":[4.5,6.0,0.0,8.50001],"texture":"#0","tintindex":0,"rotation":90},"south":{"uv":[4.5,11.0,9.0,6.5],"texture":"#0","tintindex":0,"rotation":90},"west":{"uv":[0.0,8.50001,4.5,6.0],"texture":"#0","tintindex":0,"rotation":90},"up":{"uv":[0.0,6.0,4.5,8.50001],"texture":"#0","tintindex":0},"down":{"uv":[4.5,8.50001,0.0,6.0],"texture":"#0","tintindex":0}}},{"from":[5.56983,5.0,12.39209],"to":[10.56983,10.0,16.39209],"rotation":{"angle":-22.5,"axis":"x","origin":[11.56983,4.75,8.39209]},"faces":{"east":{"uv":[2.50001,13.00001,0.0,11.0],"texture":"#0","tintindex":0,"rotation":270},"south":{"uv":[0.0,8.50001,2.50001,11.0],"texture":"#0","tintindex":0},"west":{"uv":[2.50001,8.50001,4.5,11.0],"texture":"#0","tintindex":0},"up":{"uv":[0.0,11.0,2.50001,13.00001],"texture":"#0","tintindex":0},"down":{"uv":[2.50001,13.00001,0.0,11.0],"texture":"#0","tintindex":0}}},{"from":[3.46983,2.9,7.29209],"to":[12.66983,12.1,8.49209],"rotation":{"angle":-22.5,"axis":"x","origin":[11.56983,4.75,8.39209]},"faces":{"east":{"uv":[9.5,13.5,5.0,14.0],"texture":"#1","rotation":90},"west":{"uv":[9.5,13.5,5.0,14.0],"texture":"#1","rotation":90},"up":{"uv":[5.0,14.0,9.5,13.5],"texture":"#1"},"down":{"uv":[5.0,14.0,9.5,13.5],"texture":"#1"}}},{"from":[5.46983,4.9,12.29209],"to":[10.66983,10.1,13.49209],"rotation":{"angle":-22.5,"axis":"x","origin":[11.56983,4.75,8.39209]},"faces":{"east":{"uv":[7.5,14.0,5.0,14.5],"texture":"#1","rotation":90},"west":{"uv":[7.5,14.0,5.0,14.5],"texture":"#1","rotation":90},"up":{"uv":[5.0,14.5,7.5,14.0],"texture":"#1"},"down":{"uv":[5.0,14.5,7.5,14.0],"texture":"#1"}}},{"from":[3.5,0.0,-4.0],"to":[12.5,9.0,4.0],"rotation":{"angle":0.0,"axis":"y","origin":[0.5,0.0,0.0]},"faces":{"north":{"uv":[0.0,0.0,4.5,4.5],"texture":"#1"},"east":{"uv":[0.0,4.5,4.0,9.0],"texture":"#1"},"west":{"uv":[4.0,4.5,0.0,9.0],"texture":"#1"},"up":{"uv":[4.5,4.0,9.0,8.0],"texture":"#1"}}},{"from":[2.5,2.0,-2.0],"to":[13.5,6.0,2.0],"rotation":{"angle":0.0,"axis":"y","origin":[0.5,0.0,0.0]},"faces":{"north":{"uv":[9.0,0.0,9.5,2.0],"texture":"#1"},"east":{"uv":[9.0,0.0,11.0,2.0],"texture":"#1"},"south":{"uv":[9.0,0.0,9.5,2.0],"texture":"#1"},"west":{"uv":[9.0,0.0,11.0,2.0],"texture":"#1"},"up":{"uv":[9.0,0.0,11.0,0.5],"texture":"#1","rotation":90},"down":{"uv":[9.0,0.0,11.0,0.5],"texture":"#1","rotation":90}}},{"from":[3.3,-0.2,-5.2],"to":[12.7,4.2,3.2],"rotation":{"angle":0.0,"axis":"x","origin":[8.0,3.3875,0.0]},"faces":{"north":{"uv":[4.5,0.0,9.0,2.0],"texture":"#1"},"east":{"uv":[4.5,2.0,8.5,4.0],"texture":"#1"},"west":{"uv":[8.5,2.0,4.5,4.0],"texture":"#1"},"up":{"uv":[0.0,9.5,4.5,13.5],"texture":"#1"},"down":{"uv":[4.5,9.5,9.0,13.5],"texture":"#1"}}},{"from":[3.3,4.2,-5.2],"to":[12.7,5.35,3.2],"rotation":{"angle":0.0,"axis":"x","origin":[8.0,3.3875,0.0]},"faces":{"north":{"uv":[0.0,13.5,4.5,14.0],"texture":"#1"},"east":{"uv":[0.0,14.0,4.0,14.5],"texture":"#1"},"west":{"uv":[4.0,14.0,0.0,14.5],"texture":"#1"}}},{"from":[3.3,-0.7,-5.2],"to":[12.7,3.7,3.2],"rotation":{"angle":0.0,"axis":"x","origin":[8.0,3.3875,0.0]},"faces":{"north":{"uv":[11.5,0.0,16.0,2.0],"texture":"#1"},"east":{"uv":[11.5,2.0,15.5,4.0],"texture":"#1"},"south":{"uv":[11.5,8.0,16.0,8.5],"texture":"#1"},"west":{"uv":[15.5,2.0,11.5,4.0],"texture":"#1"},"up":{"uv":[11.5,4.0,16.0,8.0],"texture":"#1"},"down":{"uv":[11.5,8.0,16.0,12.0],"texture":"#1"}}},{"from":[3.3,3.7,-5.2],"to":[12.7,4.85,3.2],"rotation":{"angle":0.0,"axis":"x","origin":[8.0,3.3875,0.0]},"faces":{"north":{"uv":[11.5,12.0,16.0,12.5],"texture":"#1"},"east":{"uv":[11.5,12.5,15.5,13.0],"texture":"#1"},"west":{"uv":[15.5,12.5,11.5,13.0],"texture":"#1"}}},{"from":[12.7,4.85,3.2],"to":[3.3,3.7,-5.2],"rotation":{"angle":0.0,"axis":"x","origin":[8.0,3.3875,0.0]},"faces":{"east":{"uv":[15.5,13.0,11.5,12.5],"texture":"#1"},"south":{"uv":[11.5,12.5,16.0,12.0],"texture":"#1"},"west":{"uv":[11.5,13.0,15.5,12.5],"texture":"#1"}}},{"from":[9.5,8.04172,-5.44605],"to":[11.5,10.04172,-1.44605],"rotation":{"angle":22.5,"axis":"x","origin":[8.0,8.79172,-5.19605]},"faces":{"north":{"uv":[9.5,3.0,10.5,4.0],"texture":"#1"},"east":{"uv":[8.5,2.0,10.5,3.0],"texture":"#1"},"west":{"uv":[10.5,2.0,8.5,3.0],"texture":"#1"},"up":{"uv":[10.5,3.0,8.5,2.0],"texture":"#1","rotation":90},"down":{"uv":[8.5,2.0,10.5,3.0],"texture":"#1","rotation":90}}},{"from":[9.3,7.84172,-7.64605],"to":[11.7,10.24172,-5.24605],"rotation":{"angle":22.5,"axis":"x","origin":[8.0,8.79172,-5.19605]},"faces":{"east":{"uv":[8.5,3.0,9.5,4.0],"texture":"#1"},"west":{"uv":[8.5,3.0,9.5,4.0],"texture":"#1"},"up":{"uv":[8.5,3.0,9.0,3.5],"texture":"#1"},"down":{"uv":[8.5,3.5,9.0,4.0],"texture":"#1"}}},{"from":[4.3,7.84172,-7.64605],"to":[6.7,10.24172,-5.24605],"rotation":{"angle":22.5,"axis":"x","origin":[8.0,8.79172,-5.19605]},"faces":{"east":{"uv":[9.5,3.0,8.5,4.0],"texture":"#1"},"west":{"uv":[9.5,3.0,8.5,4.0],"texture":"#1"},"up":{"uv":[9.0,3.0,8.5,3.5],"texture":"#1"},"down":{"uv":[9.0,3.5,8.5,4.0],"texture":"#1"}}},{"from":[4.5,8.04172,-5.44605],"to":[6.5,10.04172,-1.44605],"rotation":{"angle":22.5,"axis":"x","origin":[8.0,8.79172,-5.19605]},"faces":{"north":{"uv":[10.5,3.0,9.5,4.0],"texture":"#1"},"east":{"uv":[8.5,2.0,10.5,3.0],"texture":"#1"},"west":{"uv":[10.5,2.0,8.5,3.0],"texture":"#1"},"up":{"uv":[10.5,2.0,8.5,3.0],"texture":"#1","rotation":90},"down":{"uv":[8.5,3.0,10.5,2.0],"texture":"#1","rotation":90}}},{"from":[6.7,10.24172,-6.74605],"to":[4.3,7.84172,-7.64605],"rotation":{"angle":22.5,"axis":"x","origin":[8.0,8.79172,-5.19605]},"faces":{"north":{"uv":[9.5,3.0,10.5,4.0],"texture":"#1"},"east":{"uv":[10.0,5.0,9.0,4.0],"texture":"#1"},"west":{"uv":[10.0,5.0,9.0,4.0],"texture":"#1"},"up":{"uv":[9.0,4.5,9.5,5.0],"texture":"#1"},"down":{"uv":[9.0,4.0,9.5,4.5],"texture":"#1"}}},{"from":[11.7,10.24172,-6.74605],"to":[9.3,7.84172,-7.64605],"rotation":{"angle":22.5,"axis":"x","origin":[8.0,8.79172,-5.19605]},"faces":{"north":{"uv":[9.5,3.0,10.5,4.0],"texture":"#1"},"east":{"uv":[10.0,5.0,9.0,4.0],"texture":"#1"},"west":{"uv":[10.0,5.0,9.0,4.0],"texture":"#1"},"up":{"uv":[9.0,4.5,9.5,5.0],"texture":"#1"},"down":{"uv":[9.0,4.0,9.5,4.5],"texture":"#1"}}},{"from":[10.96983,10.4,16.79209],"to":[5.16983,4.6,11.99209],"rotation":{"angle":-22.5,"axis":"x","origin":[11.56983,4.75,8.39209]},"faces":{"north":{"uv":[8.0,14.0,8.5,14.5],"texture":"#1","rotation":90},"east":{"uv":[8.0,14.0,8.5,14.5],"texture":"#1","rotation":90},"south":{"uv":[8.0,14.0,8.5,14.5],"texture":"#1","rotation":90},"west":{"uv":[8.0,14.0,8.5,14.5],"texture":"#1","rotation":90},"up":{"uv":[8.0,14.0,8.5,14.5],"texture":"#1","rotation":90},"down":{"uv":[8.0,14.0,8.5,14.5],"texture":"#1","rotation":90}}},{"from":[12.96983,12.4,12.79209],"to":[3.16983,2.6,6.99209],"rotation":{"angle":-22.5,"axis":"x","origin":[11.56983,4.75,8.39209]},"faces":{"north":{"uv":[8.0,14.0,8.5,14.5],"texture":"#1","rotation":90},"east":{"uv":[8.0,14.0,8.5,14.5],"texture":"#1","rotation":90},"south":{"uv":[8.0,14.0,8.5,14.5],"texture":"#1","rotation":90},"west":{"uv":[8.0,14.0,8.5,14.5],"texture":"#1","rotation":90},"up":{"uv":[8.0,14.0,8.5,14.5],"texture":"#1","rotation":90},"down":{"uv":[8.0,14.0,8.5,14.5],"texture":"#1","rotation":90}}},{"from":[14.96983,14.4,7.79209],"to":[1.16983,1.6,0.99209],"rotation":{"angle":-22.5,"axis":"x","origin":[11.56983,4.75,8.39209]},"faces":{"north":{"uv":[8.0,14.0,8.5,14.5],"texture":"#1","rotation":90},"east":{"uv":[8.0,14.0,8.5,14.5],"texture":"#1","rotation":90},"south":{"uv":[8.0,14.0,8.5,14.5],"texture":"#1","rotation":90},"west":{"uv":[8.0,14.0,8.5,14.5],"texture":"#1","rotation":90},"up":{"uv":[8.0,14.0,8.5,14.5],"texture":"#1","rotation":90},"down":{"uv":[8.0,14.0,8.5,14.5],"texture":"#1","rotation":90}}},{"from":[14.5,8.0,3.5],"to":[21.5,15.0,3.5],"rotation":{"angle":0.0,"axis":"y","origin":[8.0,-0.5,8.0]},"faces":{"north":{"uv":[1.5,5.0,5.0,8.5],"texture":"#2"},"east":{"uv":[1.125,4.625,1.25,4.75],"texture":"#2"},"south":{"uv":[5.0,5.0,1.5,8.5],"texture":"#2"},"west":{"uv":[1.125,4.625,1.25,4.75],"texture":"#2"},"up":{"uv":[1.375,4.375,2.5,5.25],"texture":"#2"},"down":{"uv":[0.125,4.375,1.25,5.25],"texture":"#2"}}},{"from":[-4.0,0.0,4.5],"to":[3.0,7.0,4.5],"rotation":{"angle":0.0,"axis":"y","origin":[8.0,-0.5,8.0]},"faces":{"north":{"uv":[8.0,9.0,11.5,12.5],"texture":"#2"},"east":{"uv":[1.125,4.625,1.25,4.75],"texture":"#2"},"south":{"uv":[11.5,9.0,8.0,12.5],"texture":"#2"},"west":{"uv":[1.125,4.625,1.25,4.75],"texture":"#2"},"up":{"uv":[1.375,4.375,2.5,5.25],"texture":"#2"},"down":{"uv":[0.125,4.375,1.25,5.25],"texture":"#2"}}},{"from":[-3.0,5.0,7.5],"to":[4.0,14.0,7.5],"rotation":{"angle":0.0,"axis":"y","origin":[8.0,-0.5,8.0]},"faces":{"north":{"uv":[11.0,5.5,14.5,10.0],"texture":"#2"},"east":{"uv":[1.125,4.625,1.25,4.75],"texture":"#2"},"south":{"uv":[14.5,5.5,11.0,10.0],"texture":"#2"},"west":{"uv":[1.125,4.625,1.25,4.75],"texture":"#2"},"up":{"uv":[1.375,4.375,2.5,5.25],"texture":"#2"},"down":{"uv":[0.125,4.375,1.25,5.25],"texture":"#2"}}},{"from":[4.0,13.0,9.5],"to":[11.0,20.0,9.5],"rotation":{"angle":0.0,"axis":"y","origin":[8.0,-0.5,8.0]},"faces":{"north":{"uv":[4.5,3.0,8.0,6.5],"texture":"#2"},"east":{"uv":[1.125,4.625,1.25,4.75],"texture":"#2"},"south":{"uv":[8.0,3.0,4.5,6.5],"texture":"#2"},"west":{"uv":[1.125,4.625,1.25,4.75],"texture":"#2"},"up":{"uv":[1.375,4.375,2.5,5.25],"texture":"#2"},"down":{"uv":[0.125,4.375,1.25,5.25],"texture":"#2"}}}],"display":{"thirdperson_righthand":{"translation":[0.0,1.0,-1.0],"rotation":[63.0,34.0,0.0],"scale":[0.52539,0.52539,0.52539]},"thirdperson_lefthand":{"translation":[0.0,1.0,-1.0],"rotation":[63.0,34.0,0.0],"scale":[0.52539,0.52539,0.52539]},"firstperson_righthand":{"translation":[9.5,0.0,-5.75],"rotation":[3.0,112.0,-13.0],"scale":[0.41992,0.41992,0.41992]},"firstperson_lefthand":{"translation":[9.5,0.0,-5.75],"rotation":[3.0,112.0,-13.0],"scale":[0.41992,0.41992,0.41992]},"ground":{"translation":[0.0,15.5,3.75],"scale":[0.74024,0.74024,0.74024]},"gui":{"translation":[-2.0,2.25,0.0],"rotation":[-136.07,-41.0,-170.77],"scale":[0.65625,0.65625,0.65625]},"head":{"translation":[0.0,7.75,12.75],"rotation":[-4.5,0.0,0.0],"scale":[1.71524,1.71524,1.71524]},"fixed":{"translation":[0.0,-3.25,-7.5]}},"credit":"Made with Blockbench","gui_light":"front"}