{"textures":{"1":"mcc:island_cosmetics/general/hat/sensei/sensei","2":"mcc:island_cosmetics/general/hat/sensei/stripe","particle":"mcc:island_cosmetics/general/hat/sensei/stripe"},"elements":[{"from":[3.5,4.0,4.0],"to":[12.5,14.0,7.0],"rotation":{"angle":22.5,"axis":"x","origin":[8.34776,4.73123,7.0]},"faces":{"east":{"uv":[16.0,11.5,11.0,10.0],"texture":"#1","rotation":90},"west":{"uv":[16.0,11.5,11.0,10.0],"texture":"#1","rotation":90},"up":{"uv":[14.0,11.5,14.5,10.0],"texture":"#1"},"down":{"uv":[11.0,11.5,12.5,16.0],"texture":"#1","rotation":90}}},{"from":[5.5,-1.25,5.0],"to":[10.5,4.75,5.0],"rotation":{"angle":0.0,"axis":"x","origin":[8.34776,4.73123,7.0]},"faces":{"north":{"uv":[12.5,11.5,15.5,14.0],"texture":"#1","rotation":270},"south":{"uv":[12.5,11.5,15.5,14.0],"texture":"#1","rotation":270}}},{"from":[-2.5,15.82453,-4.12189],"to":[18.5,15.82453,8.87811],"rotation":{"angle":-22.5,"axis":"x","origin":[8.0,13.70298,8.0]},"faces":{"up":{"uv":[10.5,7.5,0.0,1.0],"texture":"#2"},"down":{"uv":[10.5,1.0,0.0,7.5],"texture":"#2"}}},{"from":[-2.5,15.82453,7.12189],"to":[18.5,15.82453,20.12189],"rotation":{"angle":22.5,"axis":"x","origin":[8.0,13.70298,8.0]},"faces":{"up":{"uv":[10.5,1.0,0.0,7.5],"texture":"#2"},"down":{"uv":[10.5,7.5,0.0,1.0],"texture":"#2"}}},{"from":[7.04866,15.80996,-2.5],"to":[20.04866,15.80996,18.5],"rotation":{"angle":-22.5,"axis":"z","origin":[8.0,13.51163,8.0]},"faces":{"up":{"uv":[10.5,7.5,0.0,1.0],"texture":"#2","rotation":90},"down":{"uv":[10.5,1.0,0.0,7.5],"texture":"#2","rotation":270}}},{"from":[-4.04866,15.80996,-2.5],"to":[8.95134,15.80996,18.5],"rotation":{"angle":22.5,"axis":"z","origin":[8.0,13.51163,8.0]},"faces":{"up":{"uv":[10.5,1.0,0.0,7.5],"texture":"#2","rotation":90},"down":{"uv":[10.5,7.5,0.0,1.0],"texture":"#2","rotation":270}}},{"from":[-2.5,15.82453,-4.12189],"to":[18.5,15.82453,8.87811],"rotation":{"angle":-22.5,"axis":"x","origin":[8.0,13.70298,8.0]},"faces":{"up":{"uv":[10.5,14.5,0.0,8.0],"texture":"#2","tintindex":0},"down":{"uv":[10.5,8.0,0.0,14.5],"texture":"#2","tintindex":0}}},{"from":[-2.5,15.82453,7.12189],"to":[18.5,15.82453,20.12189],"rotation":{"angle":22.5,"axis":"x","origin":[8.0,13.70298,8.0]},"faces":{"up":{"uv":[10.5,8.0,0.0,14.5],"texture":"#2","tintindex":0},"down":{"uv":[10.5,14.5,0.0,8.0],"texture":"#2","tintindex":0}}},{"from":[7.04866,15.80996,-2.5],"to":[20.04866,15.80996,18.5],"rotation":{"angle":-22.5,"axis":"z","origin":[8.0,13.51163,8.0]},"faces":{"up":{"uv":[10.5,14.5,0.0,8.0],"texture":"#2","tintindex":0,"rotation":90},"down":{"uv":[10.5,8.0,0.0,14.5],"texture":"#2","tintindex":0,"rotation":270}}},{"from":[-4.04866,15.80996,-2.5],"to":[8.95134,15.80996,18.5],"rotation":{"angle":22.5,"axis":"z","origin":[8.0,13.51163,8.0]},"faces":{"up":{"uv":[10.5,8.0,0.0,14.5],"texture":"#2","tintindex":0,"rotation":90},"down":{"uv":[10.5,14.5,0.0,8.0],"texture":"#2","tintindex":0,"rotation":270}}},{"from":[7.0,15.0,7.0],"to":[9.0,17.0,9.0],"faces":{"north":{"uv":[3.5,0.0,4.5,1.0],"texture":"#1"},"east":{"uv":[3.5,0.0,4.5,1.0],"texture":"#1"},"south":{"uv":[3.5,0.0,4.5,1.0],"texture":"#1"},"west":{"uv":[3.5,0.0,4.5,1.0],"texture":"#1"},"up":{"uv":[4.5,0.0,5.5,1.0],"texture":"#1"},"down":{"uv":[3.5,0.5,4.5,1.0],"texture":"#1"}}},{"from":[12.5,14.0,7.0],"to":[3.5,4.0,4.0],"rotation":{"angle":22.5,"axis":"x","origin":[8.34776,4.73123,7.0]},"faces":{"east":{"uv":[11.0,11.5,16.0,10.0],"texture":"#1","rotation":90},"west":{"uv":[11.0,11.5,16.0,10.0],"texture":"#1","rotation":90},"up":{"uv":[11.0,16.0,12.5,11.5],"texture":"#1","rotation":90},"down":{"uv":[14.5,11.5,14.0,10.0],"texture":"#1"}}}],"display":{"thirdperson_righthand":{"translation":[0.0,1.0,0.75],"rotation":[55.5,34.0,0.0],"scale":[0.52539,0.52539,0.52539]},"thirdperson_lefthand":{"translation":[0.0,1.0,0.75],"rotation":[55.5,34.0,0.0],"scale":[0.52539,0.52539,0.52539]},"firstperson_righthand":{"translation":[9.5,0.0,-5.75],"rotation":[21.0,114.5,-13.75],"scale":[0.41992,0.41992,0.41992]},"firstperson_lefthand":{"translation":[9.5,0.0,-5.75],"rotation":[21.0,114.5,-13.75],"scale":[0.41992,0.41992,0.41992]},"gui":{"translation":[0.0,-0.25,0.0],"rotation":[-149.61,-31.92,-180.0],"scale":[0.52148,0.52148,0.52148]},"head":{"translation":[0.0,-2.25,0.0],"scale":[1.63125,1.63125,1.63125]}},"credit":"Made with Blockbench","gui_light":"front"}