{"textures":{"1":"mcc:island_cosmetics/general/hat/sailor_hat/striped"},"display":{"thirdperson_righthand":{"translation":[0.0,1.0,0.75],"rotation":[55.5,34.0,0.0],"scale":[0.52539,0.52539,0.52539]},"thirdperson_lefthand":{"translation":[0.0,1.0,0.75],"rotation":[55.5,34.0,0.0],"scale":[0.52539,0.52539,0.52539]},"firstperson_righthand":{"translation":[9.5,0.0,-5.75],"rotation":[21.0,114.5,-13.75],"scale":[0.41992,0.41992,0.41992]},"firstperson_lefthand":{"translation":[9.5,0.0,-5.75],"rotation":[21.0,114.5,-13.75],"scale":[0.41992,0.41992,0.41992]},"gui":{"rotation":[-171.27,-35.09,163.94],"scale":[0.89453,0.89453,0.89453]},"head":{"translation":[0.0,4.5,-0.25],"rotation":[8.5,0.0,0.0],"scale":[1.61172,1.61172,1.61172]}},"credit":"Made with Blockbench","texture_size":[32.0,32.0],"elements":[{"from":[2.5,5.69344,2.5],"to":[13.5,10.69344,13.5],"rotation":{"angle":0.0,"axis":"x","origin":[7.5,9.19344,8.5]},"faces":{"north":{"uv":[0.0,0.0,5.5,2.5],"texture":"#1"},"east":{"uv":[0.0,0.0,5.5,2.5],"texture":"#1"},"south":{"uv":[0.0,0.0,5.5,2.5],"texture":"#1"},"west":{"uv":[0.0,0.0,5.5,2.5],"texture":"#1"},"down":{"uv":[5.5,0.0,11.0,5.5],"texture":"#1"}}},{"from":[2.5,5.69344,2.5],"to":[13.5,10.69344,13.5],"rotation":{"angle":0.0,"axis":"x","origin":[7.5,9.19344,8.5]},"faces":{"north":{"uv":[0.0,2.5,5.5,5.0],"texture":"#1","tintindex":0.0},"east":{"uv":[0.0,2.5,5.5,5.0],"texture":"#1","tintindex":0.0},"south":{"uv":[0.0,2.5,5.5,5.0],"texture":"#1","tintindex":0.0},"west":{"uv":[0.0,2.5,5.5,5.0],"texture":"#1","tintindex":0.0}}},{"from":[4.0,6.69344,4.0],"to":[12.0,12.69344,12.0],"rotation":{"angle":0.0,"axis":"x","origin":[8.0,9.19344,8.0]},"faces":{"north":{"uv":[4.0,6.0,8.0,9.0],"texture":"#1"},"east":{"uv":[4.0,6.0,8.0,9.0],"texture":"#1"},"south":{"uv":[4.0,6.0,8.0,9.0],"texture":"#1"},"west":{"uv":[4.0,6.0,8.0,9.0],"texture":"#1"},"up":{"uv":[0.0,5.0,4.0,9.0],"texture":"#1"}}},{"from":[6.0,6.43088,1.53598],"to":[10.0,10.43088,1.53598],"rotation":{"angle":0.0,"axis":"x","origin":[8.0,11.68088,2.53598]},"faces":{"north":{"uv":[8.5,6.0,11.0,8.5],"texture":"#1"},"east":{"uv":[0.0,0.0,7.0,2.5],"texture":"#1"},"south":{"uv":[8.5,6.0,11.0,8.5],"texture":"#1"},"west":{"uv":[0.0,0.0,7.0,2.5],"texture":"#1"},"up":{"uv":[0.0,2.5,7.0,9.5],"texture":"#1"}}},{"name":"cube inverted","from":[13.5,10.69344,13.5],"to":[2.5,5.69344,2.5],"rotation":{"angle":0.0,"axis":"x","origin":[7.5,9.19344,8.5]},"faces":{"north":{"uv":[0.0,2.5,5.5,0.0],"texture":"#1"},"east":{"uv":[0.0,2.5,5.5,0.0],"texture":"#1"},"south":{"uv":[0.0,2.5,5.5,0.0],"texture":"#1"},"west":{"uv":[0.0,2.5,5.5,0.0],"texture":"#1"},"up":{"uv":[11.0,0.0,5.5,5.5],"texture":"#1"}}},{"name":"cube inverted","from":[13.5,10.69344,13.5],"to":[2.5,5.69344,2.5],"rotation":{"angle":0.0,"axis":"x","origin":[7.5,9.19344,8.5]},"faces":{"north":{"uv":[0.0,5.0,5.5,2.5],"texture":"#1","tintindex":0.0},"east":{"uv":[0.0,5.0,5.5,2.5],"texture":"#1","tintindex":0.0},"south":{"uv":[0.0,5.0,5.5,2.5],"texture":"#1","tintindex":0.0},"west":{"uv":[0.0,5.0,5.5,2.5],"texture":"#1","tintindex":0.0}}}],"gui_light":"front"}