{"textures":{"1":"mcc:island_cosmetics/general/hat/detective/detective"},"display":{"thirdperson_righthand":{"translation":[0.0,1.0,0.75],"rotation":[55.5,34.0,0.0],"scale":[0.52539,0.52539,0.52539]},"thirdperson_lefthand":{"translation":[0.0,1.0,0.75],"rotation":[55.5,34.0,0.0],"scale":[0.52539,0.52539,0.52539]},"firstperson_righthand":{"translation":[9.5,0.0,-5.75],"rotation":[21.0,114.5,-13.75],"scale":[0.41992,0.41992,0.41992]},"firstperson_lefthand":{"translation":[9.5,0.0,-5.75],"rotation":[21.0,114.5,-13.75],"scale":[0.41992,0.41992,0.41992]},"gui":{"translation":[-0.25,0.0,0.0],"rotation":[-149.61,-31.92,-180.0],"scale":[0.9082,0.9082,0.9082]},"head":{"translation":[0.0,4.75,0.0],"scale":[1.57657,1.57657,1.57657]}},"credit":"Made with Blockbench","texture_size":[32.0,32.0],"elements":[{"from":[3.0,7.0,3.0],"to":[13.0,12.0,13.0],"rotation":{"angle":0.0,"axis":"x","origin":[7.0,9.5,7.0]},"faces":{"north":{"uv":[7.5,5.0,12.5,7.5],"texture":"#1","tintindex":0.0},"east":{"uv":[7.5,5.0,12.5,7.5],"texture":"#1","tintindex":0.0},"south":{"uv":[7.5,5.0,12.5,7.5],"texture":"#1","tintindex":0.0},"west":{"uv":[7.5,5.0,12.5,7.5],"texture":"#1","tintindex":0.0},"up":{"uv":[7.5,0.0,12.5,5.0],"texture":"#1","tintindex":0.0},"down":{"uv":[0.0,0.0,0.0,0.0],"texture":"#1"}}},{"from":[2.8,6.8,5.3],"to":[13.2,12.2,10.7],"rotation":{"angle":0.0,"axis":"x","origin":[7.0,9.5,6.5]},"faces":{"east":{"uv":[7.5,4.5,5.0,7.0],"texture":"#1"},"west":{"uv":[5.0,4.5,7.5,7.0],"texture":"#1"},"up":{"uv":[5.0,2.0,0.0,4.5],"texture":"#1"}}},{"from":[3.0,12.0,8.0],"to":[13.0,16.0,8.0],"rotation":{"angle":0.0,"axis":"x","origin":[8.0,9.5,7.5]},"faces":{"north":{"uv":[5.0,0.0,0.0,2.0],"texture":"#1"},"south":{"uv":[5.0,0.0,0.0,2.0],"texture":"#1"}}},{"from":[3.0,8.64503,-1.72484],"to":[13.0,8.64503,2.27516],"rotation":{"angle":-22.5,"axis":"x","origin":[8.5,9.64503,6.77516]},"faces":{"up":{"uv":[0.0,4.5,5.0,6.5],"texture":"#1"},"down":{"uv":[0.0,6.5,5.0,4.5],"texture":"#1"}}},{"from":[3.0,8.64503,13.72484],"to":[13.0,8.64503,17.72484],"rotation":{"angle":22.5,"axis":"x","origin":[8.5,9.64503,9.22484]},"faces":{"up":{"uv":[0.0,6.5,5.0,4.5],"texture":"#1"},"down":{"uv":[0.0,4.5,5.0,6.5],"texture":"#1"}}},{"name":"cube inverted","from":[13.2,12.2,10.7],"to":[2.8,6.8,5.3],"rotation":{"angle":0.0,"axis":"x","origin":[7.0,9.5,6.5]},"faces":{"east":{"uv":[5.0,7.0,7.5,4.5],"texture":"#1"},"west":{"uv":[7.5,7.0,5.0,4.5],"texture":"#1"},"down":{"uv":[0.0,2.0,5.0,4.5],"texture":"#1"}}},{"name":"cube inverted","from":[13.0,12.0,13.0],"to":[3.0,7.0,3.0],"rotation":{"angle":0.0,"axis":"x","origin":[7.0,9.5,7.0]},"faces":{"north":{"uv":[7.5,7.5,12.5,5.0],"texture":"#1","tintindex":0.0},"east":{"uv":[7.5,7.5,12.5,5.0],"texture":"#1","tintindex":0.0},"south":{"uv":[7.5,7.5,12.5,5.0],"texture":"#1","tintindex":0.0},"west":{"uv":[7.5,7.5,12.5,5.0],"texture":"#1","tintindex":0.0},"up":{"uv":[0.0,0.0,0.0,0.0],"texture":"#1"},"down":{"uv":[12.5,0.0,7.5,5.0],"texture":"#1","tintindex":0.0}}}],"gui_light":"front"}