{"textures":{"0":"mcc:island_cosmetics/general/hat/raptor_skull/raptor_skull","4":"mcc:island_cosmetics/general/hat/witch_doctors_mask/witch_doctor_anim","particle":"mcc:island_cosmetics/general/hat/raptor_skull/raptor_skull"},"elements":[{"from":[3.0,-0.5,3.0],"to":[13.0,8.5,13.0],"rotation":{"angle":0.0,"axis":"y","origin":[8.0,3.99965,8.26777]},"faces":{"north":{"uv":[6.0,0.0,9.33333,3.0],"texture":"#0"},"east":{"uv":[0.0,0.0,3.33333,3.0],"texture":"#0"},"south":{"uv":[3.33333,5.33333,0.0,8.33333],"texture":"#0"},"west":{"uv":[3.33333,0.0,0.0,3.0],"texture":"#0"},"up":{"uv":[4.66667,3.0,8.0,6.33333],"texture":"#0"},"down":{"uv":[6.66667,6.33333,3.33333,9.66667],"texture":"#0"}}},{"from":[3.0,-0.5,3.0],"to":[13.0,8.5,13.0],"rotation":{"angle":0.0,"axis":"y","origin":[8.0,3.99965,8.26777]},"faces":{"east":{"uv":[7.0,6.66667,10.33333,9.66667],"texture":"#0","tintindex":0},"west":{"uv":[10.33333,6.66667,7.0,9.66667],"texture":"#0","tintindex":0}}},{"from":[4.0,-0.5,-3.0],"to":[12.0,6.5,3.0],"rotation":{"angle":0.0,"axis":"y","origin":[8.0,3.99965,8.26777]},"faces":{"north":{"uv":[2.0,3.0,4.66667,5.33333],"texture":"#0"},"east":{"uv":[0.0,3.0,2.0,5.33333],"texture":"#0"},"west":{"uv":[2.0,3.0,0.0,5.33333],"texture":"#0"},"up":{"uv":[6.0,0.0,3.33333,2.0],"texture":"#0"},"down":{"uv":[0.0,8.33333,2.66667,10.33333],"texture":"#0"}}},{"from":[3.0,10.17452,8.78528],"to":[13.0,20.17452,8.78528],"rotation":{"angle":45.0,"axis":"x","origin":[8.0,3.99965,8.26777]},"faces":{"north":{"uv":[9.33333,0.0,12.66667,3.33333],"texture":"#0","tintindex":0},"south":{"uv":[9.33333,0.0,12.66667,3.33333],"texture":"#0","tintindex":0}}},{"from":[3.0,-12.17472,8.78478],"to":[13.0,-2.17472,8.78478],"rotation":{"angle":-45.0,"axis":"x","origin":[8.0,3.99965,8.26777]},"faces":{"north":{"uv":[9.33333,3.33333,12.66667,0.0],"texture":"#0","tintindex":0},"south":{"uv":[9.33333,3.33333,12.66667,0.0],"texture":"#0","tintindex":0}}},{"from":[14.88173,-1.0,8.07743],"to":[24.88173,9.0,8.07743],"rotation":{"angle":-45.0,"axis":"y","origin":[8.0,3.99965,8.26777]},"faces":{"north":{"uv":[9.33333,0.0,12.66667,3.33333],"texture":"#0","tintindex":0,"rotation":270},"south":{"uv":[9.33333,3.33333,12.66667,0.0],"texture":"#0","tintindex":0,"rotation":270}}},{"from":[-8.88173,-1.0,8.07743],"to":[1.11827,9.0,8.07743],"rotation":{"angle":45.0,"axis":"y","origin":[8.0,3.99965,8.26777]},"faces":{"north":{"uv":[12.66667,3.33333,9.33333,0.0],"texture":"#0","tintindex":0,"rotation":270},"south":{"uv":[9.33333,0.0,12.66667,3.33333],"texture":"#0","tintindex":0,"rotation":270}}},{"from":[2.99975,8.07096,13.25],"to":[12.99975,18.07096,13.25],"rotation":{"angle":-45.0,"axis":"z","origin":[8.0,3.99965,8.26777]},"faces":{"north":{"uv":[8.0,3.33333,11.66667,6.66667],"texture":"#0","tintindex":0},"south":{"uv":[8.0,3.33333,11.66667,6.66667],"texture":"#0","tintindex":0}}},{"from":[3.00025,8.07096,13.25],"to":[13.00025,18.07096,13.25],"rotation":{"angle":45.0,"axis":"z","origin":[8.0,3.99965,8.26777]},"faces":{"north":{"uv":[11.66667,3.33333,8.0,6.66667],"texture":"#0","tintindex":0},"south":{"uv":[11.66667,3.33333,8.0,6.66667],"texture":"#0","tintindex":0}}},{"from":[3.70736,-9.36406,13.25],"to":[13.70736,0.63594,13.25],"rotation":{"angle":45.0,"axis":"z","origin":[8.0,3.99965,8.26777]},"faces":{"north":{"uv":[8.0,6.66667,11.66667,3.33333],"texture":"#0","tintindex":0},"south":{"uv":[8.0,6.66667,11.66667,3.33333],"texture":"#0","tintindex":0}}},{"from":[2.29264,-9.36406,13.25],"to":[12.29264,0.63594,13.25],"rotation":{"angle":-45.0,"axis":"z","origin":[8.0,3.99965,8.26777]},"faces":{"north":{"uv":[11.66667,6.66667,8.0,3.33333],"texture":"#0","tintindex":0},"south":{"uv":[11.66667,6.66667,8.0,3.33333],"texture":"#0","tintindex":0}}},{"from":[12.37495,2.5,7.4272],"to":[20.37495,6.5,7.4272],"rotation":{"angle":-22.5,"axis":"y","origin":[17.12495,4.5,4.6772]},"faces":{"north":{"uv":[8.0,0.0,16.0,4.0],"texture":"#4","tintindex":0},"east":{"uv":[0.0,0.0,0.0,1.33333],"texture":"#4","tintindex":0},"south":{"uv":[16.0,0.0,8.0,4.0],"texture":"#4","tintindex":0},"west":{"uv":[0.0,0.0,0.0,1.33333],"texture":"#4","tintindex":0},"up":{"uv":[3.33333,0.0,0.0,0.0],"texture":"#4","tintindex":0},"down":{"uv":[3.33333,0.0,0.0,0.0],"texture":"#4","tintindex":0}}},{"from":[-4.37495,2.5,7.4272],"to":[3.62505,6.5,7.4272],"rotation":{"angle":22.5,"axis":"y","origin":[-1.12495,4.5,4.6772]},"faces":{"north":{"uv":[16.0,0.0,8.0,4.0],"texture":"#4","tintindex":0},"east":{"uv":[0.0,0.0,0.0,1.33333],"texture":"#4","tintindex":0},"south":{"uv":[8.0,0.0,16.0,4.0],"texture":"#4","tintindex":0},"west":{"uv":[0.0,0.0,0.0,1.33333],"texture":"#4","tintindex":0},"up":{"uv":[0.0,0.0,3.33333,0.0],"texture":"#4","tintindex":0},"down":{"uv":[0.0,0.0,3.33333,0.0],"texture":"#4","tintindex":0}}}],"display":{"gui":{"translation":[2.25,1.0,0.0],"rotation":[-156.2,-35.14,-178.33],"scale":[0.71874,0.71874,0.71874]},"head":{"translation":[0.0,6.5,0.0],"scale":[1.62734,1.62734,1.62734]}},"credit":"Made with Blockbench","gui_light":"front"}