{"textures":{"0":"mcc:island_cosmetics/head/head_faction_features","particle":"mcc:island_cosmetics/head/head_faction_features"},"credit":"Made with Blockbench","texture_size":[128.0,128.0],"elements":[{"from":[5.25,8.5,7.0],"to":[5.25,15.5,18.0],"rotation":{"angle":-22.5,"axis":"y","origin":[5.25,9.75,8.5]},"faces":{"north":{"uv":[2.75,2.5,1.5,2.875],"texture":"#0"},"east":{"uv":[9.25,0.0,7.875,0.875],"texture":"#0"},"south":{"uv":[2.75,2.875,1.5,3.25],"texture":"#0"},"west":{"uv":[7.875,0.0,9.25,0.875],"texture":"#0"},"up":{"uv":[4.0,2.125,2.75,3.25],"texture":"#0"},"down":{"uv":[4.0,1.0,2.75,2.125],"texture":"#0"}}},{"from":[4.0,4.5,7.0],"to":[4.0,11.5,18.0],"rotation":{"angle":-45.0,"axis":"y","origin":[5.25,9.75,8.5]},"faces":{"north":{"uv":[2.75,2.5,1.5,2.875],"texture":"#0"},"east":{"uv":[9.25,0.0,7.875,0.875],"texture":"#0"},"south":{"uv":[2.75,2.875,1.5,3.25],"texture":"#0"},"west":{"uv":[7.875,0.0,9.25,0.875],"texture":"#0"},"up":{"uv":[4.0,2.125,2.75,3.25],"texture":"#0"},"down":{"uv":[4.0,1.0,2.75,2.125],"texture":"#0"}}},{"from":[11.75,8.5,7.0],"to":[11.75,15.5,18.0],"rotation":{"angle":22.5,"axis":"y","origin":[11.75,9.75,8.5]},"faces":{"north":{"uv":[1.5,2.5,2.75,2.875],"texture":"#0"},"east":{"uv":[9.25,0.0,7.875,0.875],"texture":"#0"},"south":{"uv":[1.5,2.875,2.75,3.25],"texture":"#0"},"west":{"uv":[7.875,0.0,9.25,0.875],"texture":"#0"},"up":{"uv":[2.75,2.125,4.0,3.25],"texture":"#0"},"down":{"uv":[2.75,1.0,4.0,2.125],"texture":"#0"}}},{"from":[13.0,4.5,7.0],"to":[13.0,11.5,18.0],"rotation":{"angle":45.0,"axis":"y","origin":[11.75,9.75,8.5]},"faces":{"north":{"uv":[1.5,2.5,2.75,2.875],"texture":"#0"},"east":{"uv":[9.25,0.0,7.875,0.875],"texture":"#0"},"south":{"uv":[1.5,2.875,2.75,3.25],"texture":"#0"},"west":{"uv":[7.875,0.0,9.25,0.875],"texture":"#0"},"up":{"uv":[2.75,2.125,4.0,3.25],"texture":"#0"},"down":{"uv":[2.75,1.0,4.0,2.125],"texture":"#0"}}}],"gui_light":"front","display":{"thirdperson_righthand":{"rotation":[64.25,0.0,0.0],"scale":[0.44336,0.44336,0.44336]},"thirdperson_lefthand":{"rotation":[64.25,0.0,0.0],"scale":[0.44336,0.44336,0.44336]},"firstperson_righthand":{"scale":[0.0,0.0,0.0]},"firstperson_lefthand":{"scale":[0.0,0.0,0.0]},"ground":{"translation":[0.0,4.25,0.0],"scale":[0.43945,0.43945,0.43945]},"gui":{"rotation":[-156.76,-53.78,-173.32],"translation":[4.0,-1.75,0.0],"scale":[0.90624,0.90624,0.90624]},"head":{"rotation":[10.75,0.0,0.0],"translation":[0.0,3.75,0.0],"scale":[1.6,1.6,1.6]}}}