{"textures":{"2":"mcc:island_cosmetics/general/hat/chefs_hat/chefs_hat","3":"mcc:island_cosmetics/general/hat/chefs_hat/tall"},"elements":[{"from":[3.0,4.0,3.0],"to":[13.0,17.0,13.0],"faces":{"north":{"uv":[0.0,0.0,5.0,6.5],"texture":"#3"},"east":{"uv":[0.0,0.0,5.0,6.5],"texture":"#3"},"south":{"uv":[0.0,0.0,5.0,6.5],"texture":"#3"},"west":{"uv":[0.0,0.0,5.0,6.5],"texture":"#3"},"up":{"uv":[5.0,0.0,10.0,5.0],"texture":"#3"}}},{"from":[2.9,-0.1,2.9],"to":[13.1,2.1,13.1],"faces":{"north":{"uv":[0.0,4.0,5.0,5.0],"texture":"#2"},"east":{"uv":[0.0,4.0,5.0,5.0],"texture":"#2"},"south":{"uv":[0.0,4.0,5.0,5.0],"texture":"#2"},"west":{"uv":[0.0,4.0,5.0,5.0],"texture":"#2"},"up":{"uv":[11.0,7.0,16.0,12.0],"texture":"#2"},"down":{"uv":[11.0,7.0,16.0,12.0],"texture":"#2"}}},{"from":[3.0,2.0,3.0],"to":[13.0,4.0,13.0],"faces":{"north":{"uv":[0.0,3.0,5.0,4.0],"texture":"#2","tintindex":0},"east":{"uv":[0.0,3.0,5.0,4.0],"texture":"#2","tintindex":0},"south":{"uv":[0.0,3.0,5.0,4.0],"texture":"#2","tintindex":0},"west":{"uv":[0.0,3.0,5.0,4.0],"texture":"#2","tintindex":0},"up":{"uv":[0.0,0.0,0.0,0.0],"texture":"#2"},"down":{"uv":[0.0,0.0,0.0,0.0],"texture":"#2"}}}],"display":{"thirdperson_righthand":{"rotation":[64.25,0.0,0.0],"scale":[0.44336,0.44336,0.44336]},"thirdperson_lefthand":{"rotation":[64.25,0.0,0.0],"scale":[0.44336,0.44336,0.44336]},"firstperson_righthand":{"scale":[0.0,0.0,0.0]},"firstperson_lefthand":{"scale":[0.0,0.0,0.0]},"ground":{"translation":[0.0,4.25,0.0],"scale":[0.43945,0.43945,0.43945]},"gui":{"translation":[0.0,-0.25,0.0],"rotation":[-162.66,-34.48,167.2],"scale":[0.68554,0.68554,0.68554]},"head":{"translation":[0.0,13.75,0.99],"rotation":[5.25,0.0,0.0],"scale":[1.51992,1.51992,1.51992]}},"credit":"Made with Blockbench","gui_light":"front"}