{"textures":{"0":"mcc:island_cosmetics/head/head_faction_features","particle":"mcc:island_cosmetics/head/head_faction_features"},"credit":"Made with Blockbench","texture_size":[128.0,128.0],"elements":[{"from":[3.3,6.8,3.3],"to":[12.7,9.2,12.7],"rotation":{"angle":0.0,"axis":"x","origin":[8.18333,7.5,8.0]},"faces":{"north":{"uv":[6.75,8.0,7.875,8.25],"texture":"#0","tintindex":0.0},"east":{"uv":[6.75,7.625,7.875,7.875],"texture":"#0","tintindex":0.0},"south":{"uv":[6.75,7.625,7.875,7.875],"texture":"#0","tintindex":0.0},"west":{"uv":[6.75,7.625,7.875,7.875],"texture":"#0","tintindex":0.0},"up":{"uv":[6.125,8.375,6.25,8.5],"texture":"#0","tintindex":0.0},"down":{"uv":[6.125,8.375,6.25,8.5],"texture":"#0","tintindex":0.0}}},{"from":[3.3,6.8,3.3],"to":[12.7,9.2,3.3],"rotation":{"angle":0.0,"axis":"y","origin":[8.0,7.5,8.18333]},"faces":{"north":{"uv":[6.75,8.375,7.875,8.625],"texture":"#0"},"east":{"uv":[6.75,7.625,7.875,8.0],"texture":"#0"},"south":{"uv":[7.875,8.375,6.75,8.625],"texture":"#0"},"west":{"uv":[6.75,7.625,7.875,8.0],"texture":"#0"},"up":{"uv":[4.0,10.25,4.125,10.375],"rotation":90.0,"texture":"#0"},"down":{"uv":[4.0,10.25,4.125,10.375],"rotation":270.0,"texture":"#0"}}},{"from":[3.5,7.0,3.5],"to":[12.5,12.0,12.5],"rotation":{"angle":0.0,"axis":"x","origin":[8.0,10.5,8.0]},"faces":{"north":{"uv":[5.75,6.625,6.875,7.25],"texture":"#0","tintindex":0.0},"east":{"uv":[6.75,7.25,7.875,7.875],"texture":"#0","tintindex":0.0},"south":{"uv":[6.75,7.25,7.875,7.875],"texture":"#0","tintindex":0.0},"west":{"uv":[6.75,7.25,7.875,7.875],"texture":"#0","tintindex":0.0},"up":{"uv":[5.625,7.25,6.75,8.375],"texture":"#0","tintindex":0.0},"down":{"uv":[7.875,7.25,9.0,8.375],"texture":"#0","tintindex":0.0}}},{"from":[8.0,7.0,2.52446],"to":[8.0,16.0,15.52446],"rotation":{"angle":0.0,"axis":"z","origin":[5.55867,16.0,8.02446]},"faces":{"north":{"uv":[9.0,6.75,8.375,7.25],"rotation":180.0,"texture":"#0","tintindex":0.0},"east":{"uv":[7.625,5.375,9.25,6.5],"rotation":180.0,"texture":"#0","tintindex":0.0},"south":{"uv":[8.375,6.75,7.75,7.25],"rotation":180.0,"texture":"#0","tintindex":0.0},"west":{"uv":[9.25,5.375,7.625,6.5],"rotation":180.0,"texture":"#0","tintindex":0.0},"up":{"uv":[7.5,7.0,6.875,7.25],"rotation":180.0,"texture":"#0","tintindex":0.0},"down":{"uv":[7.5,6.75,6.875,7.0],"rotation":180.0,"texture":"#0","tintindex":0.0}}},{"name":"cube inverted","from":[12.7,9.2,12.7],"to":[3.3,6.8,3.3],"rotation":{"angle":0.0,"axis":"x","origin":[8.18333,7.5,8.0]},"faces":{"north":{"uv":[6.75,7.875,7.875,7.625],"texture":"#0","tintindex":0.0},"east":{"uv":[6.75,7.875,7.875,7.625],"texture":"#0","tintindex":0.0},"south":{"uv":[6.75,8.25,7.875,8.0],"texture":"#0","tintindex":0.0},"west":{"uv":[6.75,7.875,7.875,7.625],"texture":"#0","tintindex":0.0},"up":{"uv":[6.125,8.375,6.25,8.5],"texture":"#0","tintindex":0.0},"down":{"uv":[6.125,8.375,6.25,8.5],"texture":"#0","tintindex":0.0}}}],"gui_light":"front","display":{"thirdperson_righthand":{"rotation":[55.5,34.0,0.0],"translation":[0.0,1.0,0.75],"scale":[0.52539,0.52539,0.52539]},"thirdperson_lefthand":{"rotation":[55.5,34.0,0.0],"translation":[0.0,1.0,0.75],"scale":[0.52539,0.52539,0.52539]},"firstperson_righthand":{"rotation":[21.0,114.5,-13.75],"translation":[9.5,0.0,-5.75],"scale":[0.41992,0.41992,0.41992]},"firstperson_lefthand":{"rotation":[21.0,114.5,-13.75],"translation":[9.5,0.0,-5.75],"scale":[0.41992,0.41992,0.41992]},"gui":{"rotation":[-168.09,-34.89,169.2],"translation":[0.0,-1.25,0.0],"scale":[0.97851,0.97851,0.97851]},"head":{"rotation":[5.73,-0.31,-3.25],"translation":[0.0,2.75,0.25],"scale":[1.76017,1.76017,1.76017]}}}