{"textures":{"1":"mcc:island_cosmetics/general/hat/viking_helmet/horned"},"display":{"thirdperson_righthand":{"translation":[0.0,1.0,0.75],"rotation":[55.5,34.0,0.0],"scale":[0.52539,0.52539,0.52539]},"thirdperson_lefthand":{"translation":[0.0,1.0,0.75],"rotation":[55.5,34.0,0.0],"scale":[0.52539,0.52539,0.52539]},"firstperson_righthand":{"translation":[9.5,0.0,-5.75],"rotation":[21.0,114.5,-13.75],"scale":[0.41992,0.41992,0.41992]},"firstperson_lefthand":{"translation":[9.5,0.0,-5.75],"rotation":[21.0,114.5,-13.75],"scale":[0.41992,0.41992,0.41992]},"gui":{"translation":[0.25,0.0,0.0],"rotation":[-149.61,-31.92,-180.0],"scale":[0.76562,0.76562,0.76562]},"head":{"translation":[0.0,4.5,0.0],"scale":[1.49062,1.49062,1.49062]}},"credit":"Made with Blockbench","texture_size":[32.0,32.0],"elements":[{"from":[3.0,3.0,3.0],"to":[13.0,11.0,13.0],"rotation":{"angle":0.0,"axis":"x","origin":[8.0,9.5,8.0]},"faces":{"north":{"uv":[2.0,0.0,7.0,4.0],"texture":"#1"},"east":{"uv":[7.0,0.0,12.0,4.0],"texture":"#1"},"south":{"uv":[5.0,10.5,0.0,14.5],"texture":"#1"},"west":{"uv":[12.0,0.0,7.0,4.0],"texture":"#1"},"up":{"uv":[0.0,5.5,5.0,10.5],"texture":"#1"},"down":{"uv":[10.5,5.5,15.5,10.5],"texture":"#1"}}},{"from":[7.0,2.5,2.5],"to":[9.0,11.5,13.5],"rotation":{"angle":0.0,"axis":"x","origin":[8.0,9.5,8.0]},"faces":{"north":{"uv":[15.0,0.0,16.0,4.5],"texture":"#1"},"east":{"uv":[5.0,5.5,10.5,10.0],"texture":"#1"},"south":{"uv":[2.0,0.0,1.0,4.5],"texture":"#1"},"west":{"uv":[10.5,5.5,5.0,10.0],"texture":"#1"},"up":{"uv":[0.0,0.0,1.0,5.5],"texture":"#1"},"down":{"uv":[12.0,0.0,13.0,5.5],"texture":"#1"}}},{"from":[13.22744,-1.14843,3.0],"to":[13.22744,1.85157,13.0],"rotation":{"angle":22.5,"axis":"z","origin":[10.22744,1.85157,8.0]},"faces":{"north":{"uv":[0.0,0.0,0.0,0.0],"texture":"#1"},"east":{"uv":[7.0,4.0,12.0,5.5],"texture":"#1"},"south":{"uv":[0.0,0.0,0.0,0.0],"texture":"#1"},"west":{"uv":[12.0,4.0,7.0,5.5],"texture":"#1"},"up":{"uv":[0.0,0.0,0.0,0.0],"texture":"#1"},"down":{"uv":[0.0,0.0,0.0,0.0],"texture":"#1"}}},{"from":[2.77256,-1.14843,3.0],"to":[2.77256,1.85157,13.0],"rotation":{"angle":-22.5,"axis":"z","origin":[5.77256,1.85157,8.0]},"faces":{"north":{"uv":[0.0,0.0,0.0,0.0],"texture":"#1"},"east":{"uv":[7.0,4.0,12.0,5.5],"texture":"#1"},"south":{"uv":[0.0,0.0,0.0,0.0],"texture":"#1"},"west":{"uv":[12.0,4.0,7.0,5.5],"texture":"#1"},"up":{"uv":[0.0,0.0,0.0,0.0],"texture":"#1"},"down":{"uv":[0.0,0.0,0.0,0.0],"texture":"#1"}}},{"from":[12.0,7.5,6.0],"to":[16.0,11.5,10.0],"rotation":{"angle":22.5,"axis":"z","origin":[15.0,9.5,8.0]},"faces":{"north":{"uv":[5.0,14.0,7.0,16.0],"texture":"#1"},"east":{"uv":[5.0,12.0,7.0,14.0],"texture":"#1"},"south":{"uv":[7.0,14.0,5.0,16.0],"texture":"#1"},"west":{"uv":[5.0,12.0,7.0,14.0],"texture":"#1"},"up":{"uv":[7.0,16.0,5.0,14.0],"texture":"#1"},"down":{"uv":[7.0,14.0,5.0,16.0],"texture":"#1"}}},{"from":[0.0,7.5,6.0],"to":[4.0,11.5,10.0],"rotation":{"angle":-22.5,"axis":"z","origin":[1.0,9.5,8.0]},"faces":{"north":{"uv":[7.0,14.0,5.0,16.0],"texture":"#1"},"east":{"uv":[7.0,12.0,5.0,14.0],"texture":"#1"},"south":{"uv":[5.0,14.0,7.0,16.0],"texture":"#1"},"west":{"uv":[7.0,12.0,5.0,14.0],"texture":"#1"},"up":{"uv":[5.0,16.0,7.0,14.0],"texture":"#1"},"down":{"uv":[5.0,14.0,7.0,16.0],"texture":"#1"}}},{"from":[1.8,7.3,5.8],"to":[4.2,11.7,10.2],"rotation":{"angle":-22.5,"axis":"z","origin":[1.0,9.5,8.0]},"faces":{"north":{"uv":[15.0,5.0,16.0,7.0],"texture":"#1"},"south":{"uv":[16.0,5.0,15.0,7.0],"texture":"#1"},"up":{"uv":[16.0,7.0,15.0,5.0],"texture":"#1"},"down":{"uv":[16.0,5.0,15.0,7.0],"texture":"#1"}}},{"from":[11.8,7.3,5.8],"to":[14.2,11.7,10.2],"rotation":{"angle":22.5,"axis":"z","origin":[15.0,9.5,8.0]},"faces":{"north":{"uv":[16.0,5.0,15.0,7.0],"texture":"#1"},"south":{"uv":[15.0,5.0,16.0,7.0],"texture":"#1"},"up":{"uv":[15.0,7.0,16.0,5.0],"texture":"#1"},"down":{"uv":[15.0,5.0,16.0,7.0],"texture":"#1"}}},{"from":[13.0,7.5,8.0],"to":[20.0,17.5,8.0],"rotation":{"angle":22.5,"axis":"z","origin":[15.0,9.5,8.0]},"faces":{"north":{"uv":[10.5,11.0,14.0,16.00001],"texture":"#1"},"south":{"uv":[14.0,11.0,10.5,16.00001],"texture":"#1"}}},{"from":[-4.0,7.5,8.0],"to":[3.0,17.5,8.0],"rotation":{"angle":-22.5,"axis":"z","origin":[1.0,9.5,8.0]},"faces":{"north":{"uv":[14.0,11.0,10.5,16.00001],"texture":"#1"},"south":{"uv":[10.5,11.0,14.0,16.00001],"texture":"#1"}}},{"name":"cube inverted","from":[9.0,11.5,13.5],"to":[7.0,2.5,2.5],"rotation":{"angle":0.0,"axis":"x","origin":[8.0,9.5,8.0]},"faces":{"north":{"uv":[2.0,4.5,1.0,0.0],"texture":"#1"},"east":{"uv":[10.5,10.0,5.0,5.5],"texture":"#1"},"south":{"uv":[15.0,4.5,16.0,0.0],"texture":"#1"},"west":{"uv":[5.0,10.0,10.5,5.5],"texture":"#1"},"up":{"uv":[13.0,0.0,12.0,5.5],"texture":"#1"},"down":{"uv":[1.0,0.0,0.0,5.5],"texture":"#1"}}},{"name":"cube inverted","from":[14.2,11.7,10.2],"to":[11.8,7.3,5.8],"rotation":{"angle":22.5,"axis":"z","origin":[15.0,9.5,8.0]},"faces":{"north":{"uv":[15.0,7.0,16.0,5.0],"texture":"#1"},"south":{"uv":[16.0,7.0,15.0,5.0],"texture":"#1"},"up":{"uv":[16.0,5.0,15.0,7.0],"texture":"#1"},"down":{"uv":[16.0,7.0,15.0,5.0],"texture":"#1"}}},{"name":"cube inverted","from":[13.0,11.0,13.0],"to":[3.0,3.0,3.0],"rotation":{"angle":0.0,"axis":"x","origin":[8.0,9.5,8.0]},"faces":{"north":{"uv":[5.0,14.5,0.0,10.5],"texture":"#1"},"east":{"uv":[12.0,4.0,7.0,0.0],"texture":"#1"},"south":{"uv":[2.0,4.0,7.0,0.0],"texture":"#1"},"west":{"uv":[7.0,4.0,12.0,0.0],"texture":"#1"},"up":{"uv":[15.5,5.5,10.5,10.5],"texture":"#1"},"down":{"uv":[5.0,5.5,0.0,10.5],"texture":"#1"}}},{"name":"cube inverted","from":[4.2,11.7,10.2],"to":[1.8,7.3,5.8],"rotation":{"angle":-22.5,"axis":"z","origin":[1.0,9.5,8.0]},"faces":{"north":{"uv":[16.0,7.0,15.0,5.0],"texture":"#1"},"south":{"uv":[15.0,7.0,16.0,5.0],"texture":"#1"},"up":{"uv":[15.0,5.0,16.0,7.0],"texture":"#1"},"down":{"uv":[15.0,7.0,16.0,5.0],"texture":"#1"}}}],"gui_light":"front"}