{"textures":{"0":"mcc:island_cosmetics/general/hat/eyeball/eyeball","1":"mcc:island_cosmetics/general/hat/eyeball/eyeball_anim","particle":"mcc:island_cosmetics/general/hat/eyeball/eyeball"},"display":{"thirdperson_righthand":{"rotation":[64.25,0.0,0.0],"scale":[0.44336,0.44336,0.44336]},"thirdperson_lefthand":{"rotation":[64.25,0.0,0.0],"scale":[0.44336,0.44336,0.44336]},"firstperson_righthand":{"scale":[0.0,0.0,0.0]},"firstperson_lefthand":{"scale":[0.0,0.0,0.0]},"ground":{"translation":[0.0,4.25,0.0],"scale":[0.43945,0.43945,0.43945]},"gui":{"translation":[0.5,1.5,0.0],"rotation":[-150.07,-36.97,-174.36],"scale":[0.82031,0.82031,0.82031]},"head":{"translation":[0.0,5.5,-1.25],"scale":[1.70547,1.70547,1.70547]}},"credit":"Made with Blockbench","texture_size":[128.0,128.0],"elements":[{"from":[2.5,0.0,3.0],"to":[13.5,11.0,14.0],"rotation":{"angle":0.0,"axis":"y","origin":[9.0,6.24,8.0]},"faces":{"north":{"uv":[0.0,0.0,3.66667,3.66667],"texture":"#0"},"east":{"uv":[3.66667,0.0,7.33333,3.66667],"texture":"#0"},"south":{"uv":[7.33333,3.66667,11.0,7.33333],"texture":"#0"},"west":{"uv":[7.33333,0.0,3.66667,3.66667],"texture":"#0"},"up":{"uv":[7.33333,0.0,11.0,3.66667],"texture":"#0"},"down":{"uv":[3.66667,3.66667,7.33333,7.33333],"texture":"#0"}}},{"from":[2.5,0.0,3.0],"to":[13.5,11.0,3.0],"rotation":{"angle":0.0,"axis":"y","origin":[10.0,6.24,8.0]},"faces":{"north":{"uv":[0.0,3.66667,3.66667,7.33333],"texture":"#0","tintindex":0.0},"south":{"uv":[0.0,3.66667,3.66667,7.33333],"texture":"#0","tintindex":0.0}}},{"from":[8.0,0.0,13.0],"to":[8.0,10.0,23.0],"rotation":{"angle":0.0,"axis":"y","origin":[9.5,6.24,8.0]},"faces":{"north":{"uv":[4.0,27.66667,7.33333,31.0],"texture":"#0"},"east":{"uv":[3.0,3.0,13.0,13.0],"texture":"#1"},"south":{"uv":[7.33333,31.0,10.66667,34.33333],"texture":"#0"},"west":{"uv":[13.0,3.0,3.0,13.0],"texture":"#1"},"up":{"uv":[10.66667,27.66667,14.0,31.0],"texture":"#0"},"down":{"uv":[4.0,31.0,7.33333,34.33333],"texture":"#0"}}}],"gui_light":"front"}