{"textures":{"1":"mcc:island_cosmetics/general/hat/crusader/sunlord_anim","2":"mcc:island_cosmetics/general/hat/crusader/sunlord"},"display":{"thirdperson_righthand":{"translation":[0.0,1.0,0.75],"rotation":[55.5,34.0,0.0],"scale":[0.52539,0.52539,0.52539]},"thirdperson_lefthand":{"translation":[0.0,1.0,0.75],"rotation":[55.5,34.0,0.0],"scale":[0.52539,0.52539,0.52539]},"firstperson_righthand":{"translation":[9.5,0.0,-5.75],"rotation":[21.0,114.5,-13.75],"scale":[0.41992,0.41992,0.41992]},"firstperson_lefthand":{"translation":[9.5,0.0,-5.75],"rotation":[21.0,114.5,-13.75],"scale":[0.41992,0.41992,0.41992]},"gui":{"translation":[0.0,-0.75,0.0],"rotation":[-149.61,-31.92,-180.0],"scale":[0.62499,0.62499,0.62499]},"head":{"translation":[0.0,2.25,0.0],"scale":[1.6,1.6,1.6]}},"credit":"Made with Blockbench","texture_size":[64.0,64.0],"elements":[{"from":[3.0,1.0,3.0],"to":[13.0,13.0,13.0],"rotation":{"angle":0.0,"axis":"y","origin":[0.0,0.0,-1.0]},"faces":{"north":{"uv":[0.0,0.0,10.0,12.0],"texture":"#1"}}},{"from":[13.665,13.695,13.665],"to":[2.335,0.305,2.335],"rotation":{"angle":0.0,"axis":"y","origin":[10.575,-0.21,9.545]},"faces":{"north":{"uv":[11.0,2.0,12.0,3.0],"texture":"#1"},"east":{"uv":[11.0,2.0,12.0,3.0],"texture":"#1"},"south":{"uv":[11.0,2.0,12.0,3.0],"texture":"#1"},"west":{"uv":[11.0,2.0,12.0,3.0],"texture":"#1"},"up":{"uv":[11.0,2.0,12.0,3.0],"texture":"#1"},"down":{"uv":[11.0,2.0,12.0,3.0],"texture":"#1"}}},{"from":[14.28815,14.43145,14.28815],"to":[1.71185,-0.43145,1.71185],"rotation":{"angle":0.0,"axis":"y","origin":[10.85825,-1.0031,9.71495]},"faces":{"north":{"uv":[11.0,0.0,12.0,1.0],"texture":"#1"},"east":{"uv":[11.0,0.0,12.0,1.0],"texture":"#1"},"south":{"uv":[11.0,0.0,12.0,1.0],"texture":"#1"},"west":{"uv":[11.0,0.0,12.0,1.0],"texture":"#1"},"up":{"uv":[11.0,0.0,12.0,1.0],"texture":"#1"},"down":{"uv":[11.0,0.0,12.0,1.0],"texture":"#1"}}},{"from":[5.5,12.28177,14.23313],"to":[10.5,18.28177,14.23313],"rotation":{"angle":22.5,"axis":"x","origin":[8.0,17.3558,15.61895]},"faces":{"north":{"uv":[14.5,14.5,15.75,16.0],"texture":"#2","tintindex":0.0},"east":{"uv":[0.0,0.0,0.33333,0.33333],"texture":"#missing"},"south":{"uv":[14.5,14.5,15.75,16.0],"texture":"#2","tintindex":0.0},"west":{"uv":[0.0,0.0,0.33333,0.33333],"texture":"#missing"},"up":{"uv":[0.0,0.0,0.33333,0.33333],"texture":"#missing"},"down":{"uv":[0.0,0.0,0.33333,0.33333],"texture":"#missing"}}},{"from":[5.5,18.49183,14.09177],"to":[10.5,18.49183,20.09177],"rotation":{"angle":22.5,"axis":"x","origin":[8.0,17.10601,15.01775]},"faces":{"north":{"uv":[0.0,0.0,0.33333,0.33333],"rotation":180.0,"texture":"#missing"},"east":{"uv":[0.0,0.0,0.33333,0.33333],"rotation":270.0,"texture":"#missing"},"south":{"uv":[0.0,0.0,0.33333,0.33333],"texture":"#missing"},"west":{"uv":[0.0,0.0,0.33333,0.33333],"rotation":90.0,"texture":"#missing"},"up":{"uv":[15.75,14.5,14.5,13.0],"texture":"#2","tintindex":0.0},"down":{"uv":[15.75,13.0,14.5,14.5],"texture":"#2","tintindex":0.0}}},{"from":[3.0,1.0,3.0],"to":[13.0,13.0,13.0],"rotation":{"angle":0.0,"axis":"y","origin":[0.0,0.0,-1.0]},"faces":{"north":{"uv":[0.0,0.25,2.5,3.25],"texture":"#2"},"east":{"uv":[2.5,0.25,5.0,3.25],"texture":"#2"},"south":{"uv":[7.5,0.25,5.0,3.25],"texture":"#2"},"west":{"uv":[5.0,0.25,2.5,3.25],"texture":"#2"},"up":{"uv":[0.0,3.25,2.5,5.75],"texture":"#2"},"down":{"uv":[5.0,3.25,7.5,5.75],"texture":"#2"}}},{"from":[3.0,1.0,3.0],"to":[13.0,13.0,13.0],"rotation":{"angle":0.0,"axis":"y","origin":[0.0,0.0,-1.0]},"faces":{"north":{"uv":[0.25,9.5,2.75,12.5],"texture":"#2","tintindex":0.0},"east":{"uv":[2.75,9.5,5.25,12.5],"texture":"#2","tintindex":0.0},"south":{"uv":[5.25,9.5,7.75,12.5],"texture":"#2","tintindex":0.0},"west":{"uv":[5.25,9.5,2.75,12.5],"texture":"#2","tintindex":0.0},"up":{"uv":[0.0,0.0,0.0,0.0],"texture":"#2"},"down":{"uv":[0.25,13.25,2.75,15.75],"texture":"#2","tintindex":0.0}}},{"from":[2.7,0.7,2.7],"to":[13.3,13.3,13.3],"rotation":{"angle":0.0,"axis":"y","origin":[0.0,0.0,-1.0]},"faces":{"north":{"uv":[2.50001,6.0,5.0,9.25],"texture":"#2"},"east":{"uv":[9.5,0.0,12.0,3.25],"texture":"#2"},"south":{"uv":[9.5,6.5,12.0,9.75],"texture":"#2"},"west":{"uv":[12.0,0.0,9.5,3.25],"texture":"#2"},"up":{"uv":[0.0,5.75,2.5,8.25],"texture":"#2"},"down":{"uv":[5.0,3.25,7.5,5.75],"texture":"#2"}}},{"from":[2.7,0.7,2.7],"to":[13.3,13.3,13.3],"rotation":{"angle":0.0,"axis":"y","origin":[0.0,0.0,-1.0]},"faces":{"north":{"uv":[5.25001,6.0,7.75,9.25],"texture":"#2","tintindex":0.0},"east":{"uv":[12.25,0.0,14.75,3.25],"texture":"#2","tintindex":0.0},"south":{"uv":[12.25,6.5,14.75,9.75],"texture":"#2","tintindex":0.0},"west":{"uv":[14.75,0.0,12.25,3.25],"texture":"#2","tintindex":0.0},"up":{"uv":[0.0,0.0,0.0,0.0],"texture":"#2"},"down":{"uv":[0.0,0.0,0.0,0.0],"texture":"#2"}}}],"gui_light":"front"}