{"textures":{"1":"mcc:island_cosmetics/general/hat/chicken_copter/chicken_copter_anim","2":"mcc:island_cosmetics/general/hat/chicken_copter/chicken_copter"},"display":{"thirdperson_righthand":{"translation":[0.0,1.0,-1.0],"rotation":[63.0,34.0,0.0],"scale":[0.37891,0.37891,0.37891]},"thirdperson_lefthand":{"translation":[0.0,1.0,-1.0],"rotation":[63.0,34.0,0.0],"scale":[0.37891,0.37891,0.37891]},"firstperson_righthand":{"translation":[9.5,0.0,-5.75],"rotation":[3.0,112.0,-13.0],"scale":[0.35547,0.35547,0.35547]},"firstperson_lefthand":{"translation":[9.5,0.0,-5.75],"rotation":[3.0,112.0,-13.0],"scale":[0.35547,0.35547,0.35547]},"ground":{"translation":[0.0,4.25,0.0],"scale":[0.28906,0.28906,0.28906]},"gui":{"translation":[0.0,0.5,0.0],"rotation":[-149.61,-31.92,-180.0],"scale":[0.66015,0.66015,0.66015]},"head":{"translation":[0.0,6.75,0.5],"rotation":[2.25,0.0,0.0],"scale":[1.6,1.6,1.6]},"fixed":{"translation":[0.0,-3.25,-7.5]}},"credit":"Made with Blockbench","texture_size":[128.0,128.0],"elements":[{"from":[2.5,4.0,1.5],"to":[13.5,6.0,7.5],"rotation":{"angle":0.0,"axis":"y","origin":[2.5,3.5,3.5]},"faces":{"north":{"uv":[11.0,11.5,5.5,12.5],"texture":"#2"},"east":{"uv":[15.5,7.5,12.5,8.5],"texture":"#2"},"west":{"uv":[12.5,7.5,15.5,8.5],"texture":"#2"},"up":{"uv":[5.5,13.0,0.0,10.0],"texture":"#2"},"down":{"uv":[11.0,15.5,5.5,12.5],"texture":"#2"}}},{"from":[2.5,-1.0,7.5],"to":[13.5,6.0,9.5],"rotation":{"angle":0.0,"axis":"y","origin":[2.5,3.5,3.5]},"faces":{"north":{"uv":[16.0,10.5,12.5,16.0],"rotation":90.0,"texture":"#2"},"east":{"uv":[14.0,3.0,13.0,6.5],"texture":"#2"},"south":{"uv":[13.5,3.0,14.0,6.5],"texture":"#2"},"west":{"uv":[13.0,3.0,14.0,6.5],"texture":"#2"},"up":{"uv":[13.0,3.0,14.0,3.5],"rotation":90.0,"texture":"#2"},"down":{"uv":[0.0,15.0,5.5,16.0],"texture":"#2"}}},{"from":[2.5,-1.0,9.5],"to":[13.5,1.0,13.5],"rotation":{"angle":0.0,"axis":"y","origin":[2.5,3.5,3.5]},"faces":{"north":{"uv":[0.0,0.0,1.0,1.0],"texture":"#missing"},"east":{"uv":[16.0,8.5,14.0,9.5],"texture":"#2"},"south":{"uv":[5.5,11.5,11.0,12.5],"texture":"#2"},"west":{"uv":[14.0,8.5,16.0,9.5],"texture":"#2"},"up":{"uv":[0.0,11.0,5.5,13.0],"texture":"#2"},"down":{"uv":[0.0,13.0,5.5,15.0],"texture":"#2"}}},{"from":[3.0,0.0,2.5],"to":[13.0,9.0,12.5],"rotation":{"angle":0.0,"axis":"y","origin":[3.0,3.5,3.5]},"faces":{"north":{"uv":[0.0,0.0,5.5,4.5],"texture":"#2","tintindex":0.0},"east":{"uv":[5.5,0.0,10.5,4.5],"texture":"#2","tintindex":0.0},"south":{"uv":[0.5,4.5,5.5,9.0],"texture":"#2","tintindex":0.0},"west":{"uv":[10.5,0.0,5.5,4.5],"texture":"#2","tintindex":0.0},"up":{"uv":[6.0,4.5,11.0,9.5],"texture":"#2","tintindex":0.0}}},{"from":[7.0,9.0,6.5],"to":[9.0,12.0,8.5],"rotation":{"angle":0.0,"axis":"y","origin":[8.0,3.5,7.5]},"faces":{"north":{"uv":[12.0,0.0,11.0,1.5],"texture":"#2"},"east":{"uv":[12.0,0.0,11.0,1.5],"texture":"#2"},"south":{"uv":[12.0,0.0,11.0,1.5],"texture":"#2"},"west":{"uv":[12.0,0.0,11.0,1.5],"texture":"#2"}}},{"from":[-4.0,11.0,5.5],"to":[7.0,11.0,9.5],"rotation":{"angle":45.0,"axis":"y","origin":[8.0,11.0,7.5]},"faces":{"north":{"uv":[1.0,0.0,0.0,1.0],"texture":"#missing"},"east":{"uv":[1.0,0.0,0.0,1.0],"texture":"#missing"},"south":{"uv":[1.0,0.0,0.0,1.0],"texture":"#missing"},"west":{"uv":[1.0,0.0,0.0,1.0],"texture":"#missing"},"up":{"uv":[4.0,11.0,0.0,0.0],"rotation":90.0,"texture":"#1"},"down":{"uv":[4.0,11.0,0.0,0.0],"rotation":90.0,"texture":"#1"}}},{"from":[9.0,11.0,5.5],"to":[20.0,11.0,9.5],"rotation":{"angle":45.0,"axis":"y","origin":[8.0,11.0,7.5]},"faces":{"north":{"uv":[0.0,0.0,1.0,1.0],"texture":"#missing"},"east":{"uv":[0.0,0.0,1.0,1.0],"texture":"#missing"},"south":{"uv":[0.0,0.0,1.0,1.0],"texture":"#missing"},"west":{"uv":[0.0,0.0,1.0,1.0],"texture":"#missing"},"up":{"uv":[4.0,0.0,0.0,11.0],"rotation":90.0,"texture":"#1"},"down":{"uv":[4.0,0.0,0.0,11.0],"rotation":90.0,"texture":"#1"}}},{"from":[-4.0,11.0,5.5],"to":[7.0,11.0,9.5],"rotation":{"angle":-45.0,"axis":"y","origin":[8.0,11.0,7.5]},"faces":{"north":{"uv":[1.0,0.0,0.0,1.0],"texture":"#missing"},"east":{"uv":[1.0,0.0,0.0,1.0],"texture":"#missing"},"south":{"uv":[1.0,0.0,0.0,1.0],"texture":"#missing"},"west":{"uv":[1.0,0.0,0.0,1.0],"texture":"#missing"},"up":{"uv":[4.0,11.0,0.0,0.0],"rotation":90.0,"texture":"#1"},"down":{"uv":[4.0,11.0,0.0,0.0],"rotation":90.0,"texture":"#1"}}},{"from":[9.0,11.0,5.5],"to":[20.0,11.0,9.5],"rotation":{"angle":-45.0,"axis":"y","origin":[8.0,11.0,7.5]},"faces":{"north":{"uv":[0.0,0.0,1.0,1.0],"texture":"#missing"},"east":{"uv":[0.0,0.0,1.0,1.0],"texture":"#missing"},"south":{"uv":[0.0,0.0,1.0,1.0],"texture":"#missing"},"west":{"uv":[0.0,0.0,1.0,1.0],"texture":"#missing"},"up":{"uv":[4.0,0.0,0.0,11.0],"rotation":90.0,"texture":"#1"},"down":{"uv":[4.0,0.0,0.0,11.0],"rotation":90.0,"texture":"#1"}}},{"from":[6.0,11.0,-4.5],"to":[10.0,11.0,6.5],"rotation":{"angle":22.5,"axis":"y","origin":[8.0,11.0,7.5]},"faces":{"north":{"uv":[1.0,0.0,0.0,1.0],"texture":"#missing"},"east":{"uv":[1.0,0.0,0.0,1.0],"texture":"#missing"},"south":{"uv":[1.0,0.0,0.0,1.0],"texture":"#missing"},"west":{"uv":[1.0,0.0,0.0,1.0],"texture":"#missing"},"up":{"uv":[8.0,11.0,4.0,0.0],"rotation":180.0,"texture":"#1"},"down":{"uv":[8.0,11.0,4.0,0.0],"texture":"#1"}}},{"from":[6.0,11.0,8.5],"to":[10.0,11.0,19.5],"rotation":{"angle":22.5,"axis":"y","origin":[8.0,11.0,7.5]},"faces":{"north":{"uv":[0.0,0.0,1.0,1.0],"texture":"#missing"},"east":{"uv":[0.0,0.0,1.0,1.0],"texture":"#missing"},"south":{"uv":[0.0,0.0,1.0,1.0],"texture":"#missing"},"west":{"uv":[0.0,0.0,1.0,1.0],"texture":"#missing"},"up":{"uv":[8.0,0.0,4.0,11.0],"rotation":180.0,"texture":"#1"},"down":{"uv":[8.0,0.0,4.0,11.0],"texture":"#1"}}},{"from":[-4.0,11.0,5.5],"to":[7.0,11.0,9.5],"rotation":{"angle":22.5,"axis":"y","origin":[8.0,11.0,7.5]},"faces":{"north":{"uv":[1.0,0.0,0.0,1.0],"texture":"#missing"},"east":{"uv":[1.0,0.0,0.0,1.0],"texture":"#missing"},"south":{"uv":[1.0,0.0,0.0,1.0],"texture":"#missing"},"west":{"uv":[1.0,0.0,0.0,1.0],"texture":"#missing"},"up":{"uv":[8.0,11.0,4.0,0.0],"rotation":90.0,"texture":"#1"},"down":{"uv":[8.0,11.0,4.0,0.0],"rotation":90.0,"texture":"#1"}}},{"from":[9.0,11.0,5.5],"to":[20.0,11.0,9.5],"rotation":{"angle":22.5,"axis":"y","origin":[8.0,11.0,7.5]},"faces":{"north":{"uv":[0.0,0.0,1.0,1.0],"texture":"#missing"},"east":{"uv":[0.0,0.0,1.0,1.0],"texture":"#missing"},"south":{"uv":[0.0,0.0,1.0,1.0],"texture":"#missing"},"west":{"uv":[0.0,0.0,1.0,1.0],"texture":"#missing"},"up":{"uv":[8.0,0.0,4.0,11.0],"rotation":90.0,"texture":"#1"},"down":{"uv":[8.0,0.0,4.0,11.0],"rotation":90.0,"texture":"#1"}}},{"from":[6.0,11.0,-4.5],"to":[10.0,11.0,6.5],"rotation":{"angle":0.0,"axis":"y","origin":[8.0,11.0,7.5]},"faces":{"north":{"uv":[1.0,0.0,0.0,1.0],"texture":"#missing"},"east":{"uv":[1.0,0.0,0.0,1.0],"texture":"#missing"},"south":{"uv":[1.0,0.0,0.0,1.0],"texture":"#missing"},"west":{"uv":[1.0,0.0,0.0,1.0],"texture":"#missing"},"up":{"uv":[12.0,11.0,8.0,0.0],"rotation":180.0,"texture":"#1"},"down":{"uv":[12.0,11.0,8.0,0.0],"texture":"#1"}}},{"from":[6.0,11.0,8.5],"to":[10.0,11.0,19.5],"rotation":{"angle":0.0,"axis":"y","origin":[8.0,11.0,7.5]},"faces":{"north":{"uv":[0.0,0.0,1.0,1.0],"texture":"#missing"},"east":{"uv":[0.0,0.0,1.0,1.0],"texture":"#missing"},"south":{"uv":[0.0,0.0,1.0,1.0],"texture":"#missing"},"west":{"uv":[0.0,0.0,1.0,1.0],"texture":"#missing"},"up":{"uv":[12.0,0.0,8.0,11.0],"rotation":180.0,"texture":"#1"},"down":{"uv":[12.0,0.0,8.0,11.0],"texture":"#1"}}},{"from":[-4.0,11.0,5.5],"to":[7.0,11.0,9.5],"rotation":{"angle":0.0,"axis":"y","origin":[8.0,11.0,7.5]},"faces":{"north":{"uv":[1.0,0.0,0.0,1.0],"texture":"#missing"},"east":{"uv":[1.0,0.0,0.0,1.0],"texture":"#missing"},"south":{"uv":[1.0,0.0,0.0,1.0],"texture":"#missing"},"west":{"uv":[1.0,0.0,0.0,1.0],"texture":"#missing"},"up":{"uv":[12.0,11.0,8.0,0.0],"rotation":90.0,"texture":"#1"},"down":{"uv":[12.0,11.0,8.0,0.0],"rotation":90.0,"texture":"#1"}}},{"from":[9.0,11.0,5.5],"to":[20.0,11.0,9.5],"rotation":{"angle":0.0,"axis":"y","origin":[8.0,11.0,7.5]},"faces":{"north":{"uv":[0.0,0.0,1.0,1.0],"texture":"#missing"},"east":{"uv":[0.0,0.0,1.0,1.0],"texture":"#missing"},"south":{"uv":[0.0,0.0,1.0,1.0],"texture":"#missing"},"west":{"uv":[0.0,0.0,1.0,1.0],"texture":"#missing"},"up":{"uv":[12.0,0.0,8.0,11.0],"rotation":90.0,"texture":"#1"},"down":{"uv":[12.0,0.0,8.0,11.0],"rotation":90.0,"texture":"#1"}}},{"from":[6.0,11.0,-4.5],"to":[10.0,11.0,6.5],"rotation":{"angle":-22.5,"axis":"y","origin":[8.0,11.0,7.5]},"faces":{"north":{"uv":[1.0,0.0,0.0,1.0],"texture":"#missing"},"east":{"uv":[1.0,0.0,0.0,1.0],"texture":"#missing"},"south":{"uv":[1.0,0.0,0.0,1.0],"texture":"#missing"},"west":{"uv":[1.0,0.0,0.0,1.0],"texture":"#missing"},"up":{"uv":[16.0,11.0,12.0,0.0],"rotation":180.0,"texture":"#1"},"down":{"uv":[16.0,11.0,12.0,0.0],"texture":"#1"}}},{"from":[6.0,11.0,8.5],"to":[10.0,11.0,19.5],"rotation":{"angle":-22.5,"axis":"y","origin":[8.0,11.0,7.5]},"faces":{"north":{"uv":[0.0,0.0,1.0,1.0],"texture":"#missing"},"east":{"uv":[0.0,0.0,1.0,1.0],"texture":"#missing"},"south":{"uv":[0.0,0.0,1.0,1.0],"texture":"#missing"},"west":{"uv":[0.0,0.0,1.0,1.0],"texture":"#missing"},"up":{"uv":[16.0,0.0,12.0,11.0],"rotation":180.0,"texture":"#1"},"down":{"uv":[16.0,0.0,12.0,11.0],"texture":"#1"}}},{"from":[-4.0,11.0,5.5],"to":[7.0,11.0,9.5],"rotation":{"angle":-22.5,"axis":"y","origin":[8.0,11.0,7.5]},"faces":{"north":{"uv":[1.0,0.0,0.0,1.0],"texture":"#missing"},"east":{"uv":[1.0,0.0,0.0,1.0],"texture":"#missing"},"south":{"uv":[1.0,0.0,0.0,1.0],"texture":"#missing"},"west":{"uv":[1.0,0.0,0.0,1.0],"texture":"#missing"},"up":{"uv":[16.0,11.0,12.0,0.0],"rotation":90.0,"texture":"#1"},"down":{"uv":[16.0,11.0,12.0,0.0],"rotation":90.0,"texture":"#1"}}},{"from":[9.0,11.0,5.5],"to":[20.0,11.0,9.5],"rotation":{"angle":-22.5,"axis":"y","origin":[8.0,11.0,7.5]},"faces":{"north":{"uv":[0.0,0.0,1.0,1.0],"texture":"#missing"},"east":{"uv":[0.0,0.0,1.0,1.0],"texture":"#missing"},"south":{"uv":[0.0,0.0,1.0,1.0],"texture":"#missing"},"west":{"uv":[0.0,0.0,1.0,1.0],"texture":"#missing"},"up":{"uv":[16.0,0.0,12.0,11.0],"rotation":90.0,"texture":"#1"},"down":{"uv":[16.0,0.0,12.0,11.0],"rotation":90.0,"texture":"#1"}}},{"from":[6.0,12.0,5.5],"to":[10.0,14.0,9.5],"rotation":{"angle":0.0,"axis":"y","origin":[8.0,3.5,7.5]},"faces":{"north":{"uv":[14.0,0.0,12.0,1.0],"texture":"#2"},"east":{"uv":[14.0,0.0,12.0,1.0],"texture":"#2"},"south":{"uv":[14.0,0.0,12.0,1.0],"texture":"#2"},"west":{"uv":[14.0,0.0,12.0,1.0],"texture":"#2"},"up":{"uv":[14.0,1.0,12.0,3.0],"texture":"#2"},"down":{"uv":[16.0,0.0,14.0,2.0],"texture":"#2"}}}],"gui_light":"front"}