{"textures":{"1":"mcc:island_cosmetics/general/hat/astronaut_helmet/astronaut_helmet","2":"mcc:island_cosmetics/general/hat/astronaut_helmet/solar_anim_2","3":"mcc:island_cosmetics/general/hat/astronaut_helmet/solar_anim","4":"mcc:island_cosmetics/general/accessory/planetary_projector/planetary_projector_anim","particle":"mcc:island_cosmetics/general/hat/astronaut_helmet/solar_anim_2"},"elements":[{"from":[2.5,1.0,2.0],"to":[13.5,11.0,13.0],"rotation":{"angle":0.0,"axis":"x","origin":[7.5,12.5,8.0]},"faces":{"north":{"uv":[12.33333,0.33333,16.0,3.66667],"texture":"#1"},"east":{"uv":[12.33333,4.0,16.0,7.33333],"texture":"#1"},"south":{"uv":[8.0,0.66667,11.66667,4.0],"texture":"#1"},"west":{"uv":[16.0,4.0,12.33333,7.33333],"texture":"#1"},"up":{"uv":[3.33333,4.66667,7.0,8.33333],"texture":"#1"}}},{"from":[2.3,0.8,1.8],"to":[13.7,11.2,10.2],"rotation":{"angle":0.0,"axis":"x","origin":[7.5,12.5,8.0]},"faces":{"north":{"uv":[8.0,11.0,4.33333,14.33333],"texture":"#1"},"east":{"uv":[8.0,11.0,10.66667,14.33333],"texture":"#1"},"west":{"uv":[10.66667,11.0,8.0,14.33333],"texture":"#1"},"up":{"uv":[0.66667,11.0,4.33333,13.66667],"texture":"#1"}}},{"from":[2.5,1.0,2.0],"to":[13.5,11.0,13.0],"rotation":{"angle":0.0,"axis":"x","origin":[7.5,12.5,8.0]},"faces":{"south":{"uv":[0.33333,4.66667,4.0,1.33333],"texture":"#1","tintindex":0},"up":{"uv":[0.33333,0.0,4.0,3.66667],"texture":"#1","tintindex":0}}},{"from":[13.0,2.0,5.0],"to":[15.0,7.0,10.0],"rotation":{"angle":0.0,"axis":"x","origin":[8.5,12.5,7.5]},"faces":{"north":{"uv":[12.66667,7.66667,13.0,9.33333],"texture":"#1"},"east":{"uv":[12.66667,7.66667,14.33333,9.33333],"texture":"#1"},"south":{"uv":[12.66667,7.66667,13.0,9.33333],"texture":"#1"},"west":{"uv":[12.66667,7.66667,14.33333,9.33333],"texture":"#1"},"up":{"uv":[12.66667,7.66667,14.33333,8.0],"texture":"#1","rotation":90},"down":{"uv":[12.66667,7.66667,14.33333,8.0],"texture":"#1","rotation":90}}},{"from":[13.0,2.0,5.0],"to":[15.0,7.0,10.0],"rotation":{"angle":0.0,"axis":"x","origin":[8.5,12.5,7.5]},"faces":{"east":{"uv":[14.33333,7.66667,16.0,9.33333],"texture":"#1","tintindex":0},"west":{"uv":[14.33333,7.66667,16.0,9.33333],"texture":"#1","tintindex":0}}},{"from":[1.0,2.0,5.0],"to":[3.0,7.0,10.0],"rotation":{"angle":0.0,"axis":"x","origin":[7.5,12.5,7.5]},"faces":{"north":{"uv":[13.0,7.66667,12.66667,9.33333],"texture":"#1"},"east":{"uv":[14.33333,7.66667,12.66667,9.33333],"texture":"#1"},"south":{"uv":[13.0,7.66667,12.66667,9.33333],"texture":"#1"},"west":{"uv":[14.33333,7.66667,12.66667,9.33333],"texture":"#1"},"up":{"uv":[12.66667,8.0,14.33333,7.66667],"texture":"#1","rotation":90},"down":{"uv":[12.66667,8.0,14.33333,7.66667],"texture":"#1","rotation":90}}},{"from":[1.0,2.0,5.0],"to":[3.0,7.0,10.0],"rotation":{"angle":0.0,"axis":"x","origin":[7.5,12.5,7.5]},"faces":{"east":{"uv":[16.0,7.66667,14.33333,9.33333],"texture":"#1","tintindex":0},"west":{"uv":[16.0,7.66667,14.33333,9.33333],"texture":"#1","tintindex":0}}},{"from":[2.0,-1.0,1.5],"to":[14.0,2.0,13.5],"rotation":{"angle":0.0,"axis":"x","origin":[7.5,9.0,7.75]},"faces":{"north":{"uv":[12.0,9.33333,16.0,10.33333],"texture":"#1"},"east":{"uv":[12.0,9.33333,16.0,10.33333],"texture":"#1"},"south":{"uv":[12.0,9.33333,16.0,10.33333],"texture":"#1"},"west":{"uv":[12.0,9.33333,16.0,10.33333],"texture":"#1"},"up":{"uv":[12.0,11.33333,16.0,15.33333],"texture":"#1","tintindex":0},"down":{"uv":[12.0,11.33333,16.0,15.33333],"texture":"#1"}}},{"from":[2.0,-1.0,1.5],"to":[14.0,2.0,13.5],"rotation":{"angle":0.0,"axis":"x","origin":[7.5,9.0,7.75]},"faces":{"north":{"uv":[6.66667,15.0,10.66667,16.0],"texture":"#1","tintindex":0},"east":{"uv":[6.66667,15.0,10.66667,16.0],"texture":"#1","tintindex":0},"south":{"uv":[6.66667,15.0,10.66667,16.0],"texture":"#1","tintindex":0},"west":{"uv":[6.66667,15.0,10.66667,16.0],"texture":"#1","tintindex":0}}},{"from":[13.7,11.2,10.2],"to":[2.3,0.8,1.8],"rotation":{"angle":0.0,"axis":"x","origin":[7.5,12.5,8.0]},"faces":{"east":{"uv":[10.66667,14.33333,8.0,11.0],"texture":"#1"},"south":{"uv":[8.0,14.33333,4.33333,11.0],"texture":"#1"},"west":{"uv":[8.0,14.33333,10.66667,11.0],"texture":"#1"},"down":{"uv":[4.33333,11.0,0.66667,13.66667],"texture":"#1"}}},{"from":[13.5,11.0,13.0],"to":[2.5,1.0,2.0],"rotation":{"angle":0.0,"axis":"x","origin":[7.5,12.5,8.0]},"faces":{"north":{"uv":[8.0,4.0,11.66667,0.66667],"texture":"#1"},"east":{"uv":[16.0,7.33333,12.33333,4.0],"texture":"#1"},"south":{"uv":[12.33333,3.66667,16.0,0.33333],"texture":"#1"},"west":{"uv":[12.33333,7.33333,16.0,4.0],"texture":"#1"},"down":{"uv":[7.0,4.66667,3.33333,8.33333],"texture":"#1"}}},{"from":[13.5,11.0,13.0],"to":[2.5,1.0,2.0],"rotation":{"angle":0.0,"axis":"x","origin":[7.5,12.5,8.0]},"faces":{"north":{"uv":[0.33333,1.33333,4.0,4.66667],"texture":"#1","tintindex":0},"down":{"uv":[4.0,0.0,0.33333,3.66667],"texture":"#1","tintindex":0}}},{"from":[3.0,3.0,13.0],"to":[7.0,8.0,15.0],"faces":{"north":{"uv":[1.33333,8.66667,2.66667,10.33333],"texture":"#1"},"east":{"uv":[1.66667,8.66667,1.0,10.33333],"texture":"#1"},"south":{"uv":[1.33333,8.66667,2.66667,10.33333],"texture":"#1"},"west":{"uv":[1.0,8.66667,1.66667,10.33333],"texture":"#1"},"up":{"uv":[1.33333,8.33333,2.66667,9.0],"texture":"#1"},"down":{"uv":[1.33333,10.0,2.66667,10.66667],"texture":"#1"}}},{"from":[4.5,8.0,14.0],"to":[5.5,19.0,14.0],"faces":{"north":{"uv":[0.66667,6.66667,1.0,10.33333],"texture":"#1"},"south":{"uv":[0.66667,6.66667,1.0,10.33333],"texture":"#1"}}},{"from":[4.5,17.0,14.0],"to":[5.5,19.0,14.0],"faces":{"north":{"uv":[0.33333,6.66667,0.66667,7.33333],"texture":"#1","tintindex":0},"east":{"uv":[1.33333,8.66667,1.66667,10.33333],"texture":"#1"},"south":{"uv":[0.33333,6.66667,0.66667,7.33333],"texture":"#1","tintindex":0},"west":{"uv":[1.33333,8.66667,1.66667,10.33333],"texture":"#1"},"up":{"uv":[1.33333,8.66667,2.66667,9.0],"texture":"#1"},"down":{"uv":[1.33333,8.66667,2.66667,9.0],"texture":"#1"}}},{"from":[-8.0,13.0,-8.0],"to":[24.0,13.0,24.0],"rotation":{"angle":0.0,"axis":"y","origin":[8.0,13.0,8.0]},"faces":{"up":{"uv":[0.0,0.0,3.0,3.0],"texture":"#3","rotation":180},"down":{"uv":[3.0,0.0,0.0,3.0],"texture":"#3","rotation":180}}},{"from":[-8.0,13.0,-8.0],"to":[24.0,13.0,24.0],"rotation":{"angle":-22.5,"axis":"y","origin":[8.0,13.0,8.0]},"faces":{"up":{"uv":[3.1,0.0,6.1,3.0],"texture":"#3","rotation":180},"down":{"uv":[6.1,0.0,3.1,3.0],"texture":"#3","rotation":180}}},{"from":[-8.0,13.0,-8.0],"to":[24.0,13.0,24.0],"rotation":{"angle":-45.0,"axis":"y","origin":[8.0,13.0,8.0]},"faces":{"up":{"uv":[6.2,0.0,9.2,3.0],"texture":"#3","rotation":180},"down":{"uv":[9.2,0.0,6.2,3.0],"texture":"#3","rotation":180}}},{"from":[-8.0,13.0,-8.0],"to":[24.0,13.0,24.0],"rotation":{"angle":22.5,"axis":"y","origin":[8.0,13.0,8.0]},"faces":{"up":{"uv":[9.3,0.0,12.3,3.0],"texture":"#3","rotation":270},"down":{"uv":[12.3,0.0,9.3,3.0],"texture":"#3","rotation":90}}},{"from":[-8.0,13.0,-8.0],"to":[24.0,13.0,24.0],"rotation":{"angle":-45.0,"axis":"y","origin":[8.0,13.0,8.0]},"faces":{"up":{"uv":[6.2,3.1,9.2,6.1],"texture":"#3","rotation":180},"down":{"uv":[9.2,3.1,6.2,6.1],"texture":"#3","rotation":180}}},{"from":[-8.0,13.0,-8.0],"to":[24.0,13.0,24.0],"rotation":{"angle":-22.5,"axis":"y","origin":[8.0,13.0,8.0]},"faces":{"up":{"uv":[3.1,3.1,6.1,6.1],"texture":"#3","rotation":180},"down":{"uv":[6.1,3.1,3.1,6.1],"texture":"#3","rotation":180}}},{"from":[-8.0,13.0,-8.0],"to":[24.0,13.0,24.0],"rotation":{"angle":0.0,"axis":"y","origin":[8.0,13.0,8.0]},"faces":{"up":{"uv":[0.0,3.1,3.0,6.1],"texture":"#3","rotation":180},"down":{"uv":[3.0,3.1,0.0,6.1],"texture":"#3","rotation":180}}},{"from":[-8.0,13.0,-8.0],"to":[24.0,13.0,24.0],"rotation":{"angle":0.0,"axis":"y","origin":[8.0,49.0,8.0]},"faces":{"up":{"uv":[0.0,6.2,3.0,9.2],"texture":"#3","rotation":180},"down":{"uv":[3.0,6.2,0.0,9.2],"texture":"#3","rotation":180}}},{"from":[-8.0,13.0,-8.0],"to":[24.0,13.0,24.0],"rotation":{"angle":22.5,"axis":"y","origin":[8.0,13.0,8.0]},"faces":{"up":{"uv":[9.3,3.1,12.3,6.1],"texture":"#3","rotation":270},"down":{"uv":[12.3,3.1,9.3,6.1],"texture":"#3","rotation":90}}},{"from":[-13.06313,12.0,12.37795],"to":[-11.06313,14.0,14.37795],"rotation":{"angle":-45.0,"axis":"y","origin":[-5.00553,13.0,13.32472]},"faces":{"north":{"uv":[10.75,5.75,11.25,6.25],"texture":"#2"},"east":{"uv":[10.75,5.75,11.25,6.25],"texture":"#2"},"south":{"uv":[10.75,5.75,11.25,6.25],"texture":"#2"},"west":{"uv":[10.75,5.75,11.25,6.25],"texture":"#2"},"up":{"uv":[10.75,5.75,11.25,6.0],"texture":"#2","rotation":270},"down":{"uv":[10.75,6.0,11.25,6.25],"texture":"#2","rotation":90}}},{"from":[-8.1,10.9,5.9],"to":[-3.9,15.1,10.1],"rotation":{"angle":22.5,"axis":"y","origin":[8.0,13.0,8.0]},"faces":{"north":{"uv":[11.75,3.5,12.75,4.5],"texture":"#2"},"east":{"uv":[12.75,3.5,13.75,4.5],"texture":"#2"},"south":{"uv":[10.75,4.5,11.75,5.5],"texture":"#2"},"west":{"uv":[11.75,4.5,12.75,5.5],"texture":"#2"},"up":{"uv":[12.75,4.5,13.75,5.5],"texture":"#2","rotation":180},"down":{"uv":[12.75,4.5,13.75,5.5],"texture":"#2","rotation":180}}},{"from":[-5.80987,12.0,-5.44801],"to":[-3.80987,14.0,-3.44801],"rotation":{"angle":-45.0,"axis":"y","origin":[-4.8631,13.0,2.60959]},"faces":{"north":{"uv":[3.75,9.0,4.25,9.5],"texture":"#2"},"east":{"uv":[3.75,9.0,4.25,9.5],"texture":"#2"},"south":{"uv":[3.75,9.0,4.25,9.5],"texture":"#2"},"west":{"uv":[3.75,9.0,4.25,9.5],"texture":"#2"},"up":{"uv":[3.75,9.0,4.25,9.25],"texture":"#2"},"down":{"uv":[3.75,9.25,4.25,9.5],"texture":"#2"}}},{"from":[-8.1,10.9,5.9],"to":[-3.9,15.1,10.1],"rotation":{"angle":-22.5,"axis":"y","origin":[8.0,13.0,8.0]},"faces":{"north":{"uv":[4.75,6.75,5.75,7.75],"texture":"#2"},"east":{"uv":[5.75,6.75,6.75,7.75],"texture":"#2"},"south":{"uv":[3.75,7.75,4.75,8.75],"texture":"#2"},"west":{"uv":[4.75,7.75,5.75,8.75],"texture":"#2"},"up":{"uv":[5.75,7.75,6.75,8.75],"texture":"#2","rotation":180},"down":{"uv":[5.75,7.75,6.75,8.75],"texture":"#2","rotation":180}}},{"from":[19.9523,12.0,-5.38232],"to":[21.9523,14.0,-3.38232],"rotation":{"angle":45.0,"axis":"y","origin":[21.00553,13.0,2.67528]},"faces":{"north":{"uv":[10.75,12.25,11.25,12.75],"texture":"#2"},"east":{"uv":[10.75,12.25,11.25,12.75],"texture":"#2"},"south":{"uv":[10.75,12.25,11.25,12.75],"texture":"#2"},"west":{"uv":[10.75,12.25,11.25,12.75],"texture":"#2"},"up":{"uv":[10.75,12.25,11.25,12.5],"texture":"#2"},"down":{"uv":[10.75,12.5,11.25,12.75],"texture":"#2"}}},{"from":[19.9,10.9,5.9],"to":[24.1,15.1,10.1],"rotation":{"angle":22.5,"axis":"y","origin":[8.0,13.0,8.0]},"faces":{"north":{"uv":[10.75,11.0,11.75,12.0],"texture":"#2"},"east":{"uv":[11.75,11.0,12.75,12.0],"texture":"#2"},"south":{"uv":[11.75,10.0,12.75,11.0],"texture":"#2"},"west":{"uv":[12.75,10.0,13.75,11.0],"texture":"#2"},"up":{"uv":[12.75,11.0,13.75,12.0],"texture":"#2"},"down":{"uv":[12.75,11.0,13.75,12.0],"texture":"#2"}}},{"from":[9.87868,12.0,-2.84924],"to":[11.87868,14.0,-0.84924],"rotation":{"angle":0.0,"axis":"y","origin":[17.94975,13.0,-1.84924]},"faces":{"north":{"uv":[7.25,12.25,7.75,12.75],"texture":"#2"},"east":{"uv":[7.25,12.25,7.75,12.75],"texture":"#2"},"south":{"uv":[7.25,12.25,7.75,12.75],"texture":"#2"},"west":{"uv":[7.25,12.25,7.75,12.75],"texture":"#2"},"up":{"uv":[7.25,12.25,7.75,12.5],"texture":"#2","rotation":270},"down":{"uv":[7.25,12.5,7.75,12.75],"texture":"#2","rotation":90}}},{"from":[5.9,10.9,-8.1],"to":[10.1,15.1,-3.9],"rotation":{"angle":-45.0,"axis":"y","origin":[8.0,13.0,8.0]},"faces":{"north":{"uv":[8.25,11.0,9.25,12.0],"texture":"#2"},"east":{"uv":[8.25,10.0,9.25,11.0],"texture":"#2"},"south":{"uv":[9.25,10.0,10.25,11.0],"texture":"#2"},"west":{"uv":[7.25,11.0,8.25,12.0],"texture":"#2"},"up":{"uv":[9.25,11.0,10.25,12.0],"texture":"#2","rotation":270},"down":{"uv":[9.25,11.0,10.25,12.0],"texture":"#2","rotation":90}}},{"from":[12.33718,12.0,1.1945],"to":[14.33718,14.0,3.1945],"rotation":{"angle":-45.0,"axis":"y","origin":[13.39041,13.0,-4.8631]},"faces":{"north":{"uv":[3.75,12.25,4.25,12.75],"texture":"#2"},"east":{"uv":[3.75,12.25,4.25,12.75],"texture":"#2"},"south":{"uv":[3.75,12.25,4.25,12.75],"texture":"#2"},"west":{"uv":[3.75,12.25,4.25,12.75],"texture":"#2"},"up":{"uv":[3.75,12.25,4.25,12.5],"texture":"#2","rotation":180},"down":{"uv":[3.75,12.5,4.25,12.75],"texture":"#2","rotation":180}}},{"from":[5.9,10.9,-8.1],"to":[10.1,15.1,-3.9],"rotation":{"angle":-22.5,"axis":"y","origin":[8.0,13.0,8.0]},"faces":{"north":{"uv":[4.75,11.0,5.75,12.0],"texture":"#2"},"east":{"uv":[4.75,10.0,5.75,11.0],"texture":"#2"},"south":{"uv":[5.75,10.0,6.75,11.0],"texture":"#2"},"west":{"uv":[3.75,11.0,4.75,12.0],"texture":"#2"},"up":{"uv":[5.75,11.0,6.75,12.0],"texture":"#2","rotation":270},"down":{"uv":[5.75,11.0,6.75,12.0],"texture":"#2","rotation":90}}},{"from":[8.73287,12.0,-6.05876],"to":[10.73287,14.0,-4.05876],"rotation":{"angle":-45.0,"axis":"y","origin":[2.67528,13.0,-5.00553]},"faces":{"north":{"uv":[10.75,9.0,11.25,9.5],"texture":"#2"},"east":{"uv":[10.75,9.0,11.25,9.5],"texture":"#2"},"south":{"uv":[10.75,9.0,11.25,9.5],"texture":"#2"},"west":{"uv":[10.75,9.0,11.25,9.5],"texture":"#2"},"up":{"uv":[10.75,9.0,11.25,9.25],"texture":"#2","rotation":90},"down":{"uv":[10.75,9.25,11.25,9.5],"texture":"#2","rotation":270}}},{"from":[5.9,10.9,-8.1],"to":[10.1,15.1,-3.9],"rotation":{"angle":22.5,"axis":"y","origin":[8.0,13.0,8.0]},"faces":{"north":{"uv":[11.75,7.75,12.75,8.75],"texture":"#2"},"east":{"uv":[11.75,6.75,12.75,7.75],"texture":"#2"},"south":{"uv":[12.75,6.75,13.75,7.75],"texture":"#2"},"west":{"uv":[10.75,7.75,11.75,8.75],"texture":"#2"},"up":{"uv":[12.75,7.75,13.75,8.75],"texture":"#2","rotation":270},"down":{"uv":[12.75,7.75,13.75,8.75],"texture":"#2","rotation":90}}},{"from":[7.0,12.0,0.0],"to":[9.0,14.0,2.0],"rotation":{"angle":0.0,"axis":"y","origin":[8.0,13.0,-6.0]},"faces":{"north":{"uv":[0.25,12.25,0.75,12.75],"texture":"#2"},"east":{"uv":[0.25,12.25,0.75,12.75],"texture":"#2"},"south":{"uv":[0.25,12.25,0.75,12.75],"texture":"#2"},"west":{"uv":[0.25,12.25,0.75,12.75],"texture":"#2"},"up":{"uv":[0.25,12.25,0.75,12.5],"texture":"#2","rotation":180},"down":{"uv":[0.25,12.5,0.75,12.75],"texture":"#2","rotation":180}}},{"from":[5.9,10.9,-8.1],"to":[10.1,15.1,-3.9],"rotation":{"angle":0.0,"axis":"y","origin":[8.0,13.0,8.0]},"faces":{"north":{"uv":[1.25,11.0,2.25,12.0],"texture":"#2"},"east":{"uv":[1.25,10.0,2.25,11.0],"texture":"#2"},"south":{"uv":[2.25,10.0,3.25,11.0],"texture":"#2"},"west":{"uv":[0.25,11.0,1.25,12.0],"texture":"#2"},"up":{"uv":[2.25,11.0,3.25,12.0],"texture":"#2","rotation":270},"down":{"uv":[2.25,11.0,3.25,12.0],"texture":"#2","rotation":90}}},{"from":[4.22183,12.0,-2.94975],"to":[6.22183,14.0,-0.94975],"rotation":{"angle":0.0,"axis":"y","origin":[-1.84924,13.0,-1.94975]},"faces":{"north":{"uv":[7.25,9.0,7.75,9.5],"texture":"#2"},"east":{"uv":[7.25,9.0,7.75,9.5],"texture":"#2"},"south":{"uv":[7.25,9.0,7.75,9.5],"texture":"#2"},"west":{"uv":[7.25,9.0,7.75,9.5],"texture":"#2"},"up":{"uv":[7.25,9.0,7.75,9.25],"texture":"#2","rotation":90},"down":{"uv":[7.25,9.25,7.75,9.5],"texture":"#2","rotation":270}}},{"from":[-8.1,10.9,5.9],"to":[-3.9,15.1,10.1],"rotation":{"angle":-45.0,"axis":"y","origin":[8.0,13.0,8.0]},"faces":{"north":{"uv":[8.25,6.75,9.25,7.75],"texture":"#2"},"east":{"uv":[9.25,6.75,10.25,7.75],"texture":"#2"},"south":{"uv":[7.25,7.75,8.25,8.75],"texture":"#2"},"west":{"uv":[8.25,7.75,9.25,8.75],"texture":"#2"},"up":{"uv":[9.25,7.75,10.25,8.75],"texture":"#2","rotation":180},"down":{"uv":[9.25,7.75,10.25,8.75],"texture":"#2","rotation":180}}},{"from":[-7.0,12.0,0.0],"to":[-5.0,14.0,2.0],"rotation":{"angle":0.0,"axis":"y","origin":[-6.0,13.0,8.0]},"faces":{"north":{"uv":[0.25,9.0,0.75,9.5],"texture":"#2"},"east":{"uv":[0.25,9.0,0.75,9.5],"texture":"#2"},"south":{"uv":[0.25,9.0,0.75,9.5],"texture":"#2"},"west":{"uv":[0.25,9.0,0.75,9.5],"texture":"#2"},"up":{"uv":[0.25,9.0,0.75,9.25],"texture":"#2"},"down":{"uv":[0.25,9.25,0.75,9.5],"texture":"#2"}}},{"from":[-8.1,10.9,5.9],"to":[-3.9,15.1,10.1],"rotation":{"angle":0.0,"axis":"y","origin":[8.0,13.0,8.0]},"faces":{"north":{"uv":[1.25,6.75,2.25,7.75],"texture":"#2"},"east":{"uv":[2.25,6.75,3.25,7.75],"texture":"#2"},"south":{"uv":[0.25,7.75,1.25,8.75],"texture":"#2"},"west":{"uv":[1.25,7.75,2.25,8.75],"texture":"#2"},"up":{"uv":[2.25,7.75,3.25,8.75],"texture":"#2","rotation":180},"down":{"uv":[2.25,7.75,3.25,8.75],"texture":"#2","rotation":180}}},{"from":[-10.02082,12.0,16.84924],"to":[-8.02082,14.0,18.84924],"rotation":{"angle":0.0,"axis":"y","origin":[-1.94975,13.0,17.84924]},"faces":{"north":{"uv":[7.25,5.75,7.75,6.25],"texture":"#2"},"east":{"uv":[7.25,5.75,7.75,6.25],"texture":"#2"},"south":{"uv":[7.25,5.75,7.75,6.25],"texture":"#2"},"west":{"uv":[7.25,5.75,7.75,6.25],"texture":"#2"},"up":{"uv":[7.25,5.75,7.75,6.0],"texture":"#2","rotation":270},"down":{"uv":[7.25,6.0,7.75,6.25],"texture":"#2","rotation":90}}},{"from":[5.9,10.9,19.9],"to":[10.1,15.1,24.1],"rotation":{"angle":-45.0,"axis":"y","origin":[8.0,13.0,8.0]},"faces":{"north":{"uv":[9.25,3.5,10.25,4.5],"texture":"#2"},"east":{"uv":[7.25,4.5,8.25,5.5],"texture":"#2"},"south":{"uv":[8.25,4.5,9.25,5.5],"texture":"#2"},"west":{"uv":[8.25,3.5,9.25,4.5],"texture":"#2"},"up":{"uv":[9.25,4.5,10.25,5.5],"texture":"#2","rotation":90},"down":{"uv":[9.25,4.5,10.25,5.5],"texture":"#2","rotation":270}}},{"from":[-3.18755,12.0,25.16161],"to":[-1.18755,14.0,27.16161],"rotation":{"angle":-45.0,"axis":"y","origin":[-2.18755,13.0,26.16161]},"faces":{"north":{"uv":[3.75,5.75,4.25,6.25],"texture":"#2"},"east":{"uv":[3.75,5.75,4.25,6.25],"texture":"#2"},"south":{"uv":[3.75,5.75,4.25,6.25],"texture":"#2"},"west":{"uv":[3.75,5.75,4.25,6.25],"texture":"#2"},"up":{"uv":[3.75,5.75,4.25,6.0],"texture":"#2","rotation":180},"down":{"uv":[3.75,6.0,4.25,6.25],"texture":"#2","rotation":180}}},{"from":[5.9,10.9,19.9],"to":[10.1,15.1,24.1],"rotation":{"angle":-22.5,"axis":"y","origin":[8.0,13.0,8.0]},"faces":{"north":{"uv":[5.75,3.5,6.75,4.5],"texture":"#2"},"east":{"uv":[3.75,4.5,4.75,5.5],"texture":"#2"},"south":{"uv":[4.75,4.5,5.75,5.5],"texture":"#2"},"west":{"uv":[4.75,3.5,5.75,4.5],"texture":"#2"},"up":{"uv":[5.75,4.5,6.75,5.5],"texture":"#2","rotation":90},"down":{"uv":[5.75,4.5,6.75,5.5],"texture":"#2","rotation":270}}},{"from":[7.0,12.0,28.0],"to":[9.0,14.0,30.0],"rotation":{"angle":0.0,"axis":"y","origin":[8.0,13.0,22.0]},"faces":{"north":{"uv":[0.25,5.75,0.75,6.25],"texture":"#2"},"east":{"uv":[0.25,5.75,0.75,6.25],"texture":"#2"},"south":{"uv":[0.25,5.75,0.75,6.25],"texture":"#2"},"west":{"uv":[0.25,5.75,0.75,6.25],"texture":"#2"},"up":{"uv":[0.25,5.75,0.75,6.0],"texture":"#2","rotation":180},"down":{"uv":[0.25,6.0,0.75,6.25],"texture":"#2","rotation":180}}},{"from":[5.9,10.9,19.9],"to":[10.1,15.1,24.1],"rotation":{"angle":0.0,"axis":"y","origin":[8.0,13.0,8.0]},"faces":{"north":{"uv":[2.25,3.5,3.25,4.5],"texture":"#2"},"east":{"uv":[0.25,4.5,1.25,5.5],"texture":"#2"},"south":{"uv":[1.25,4.5,2.25,5.5],"texture":"#2"},"west":{"uv":[1.25,3.5,2.25,4.5],"texture":"#2"},"up":{"uv":[2.25,4.5,3.25,5.5],"texture":"#2","rotation":90},"down":{"uv":[2.25,4.5,3.25,5.5],"texture":"#2","rotation":270}}},{"from":[19.40135,12.0,19.85663],"to":[21.40135,14.0,21.85663],"rotation":{"angle":-45.0,"axis":"y","origin":[13.57472,13.0,21.00553]},"faces":{"north":{"uv":[10.75,2.5,11.25,3.0],"texture":"#2"},"east":{"uv":[10.75,2.5,11.25,3.0],"texture":"#2"},"south":{"uv":[10.75,2.5,11.25,3.0],"texture":"#2"},"west":{"uv":[10.75,2.5,11.25,3.0],"texture":"#2"},"up":{"uv":[10.75,2.5,11.25,2.75],"texture":"#2","rotation":90},"down":{"uv":[10.75,2.75,11.25,3.0],"texture":"#2","rotation":270}}},{"from":[5.9,10.9,19.9],"to":[10.1,15.1,24.1],"rotation":{"angle":22.5,"axis":"y","origin":[8.0,13.0,8.0]},"faces":{"north":{"uv":[12.75,0.25,13.75,1.25],"texture":"#2"},"east":{"uv":[10.75,1.25,11.75,2.25],"texture":"#2"},"south":{"uv":[11.75,1.25,12.75,2.25],"texture":"#2"},"west":{"uv":[11.75,0.25,12.75,1.25],"texture":"#2"},"up":{"uv":[12.75,1.25,13.75,2.25],"texture":"#2","rotation":90},"down":{"uv":[12.75,1.25,13.75,2.25],"texture":"#2","rotation":270}}},{"from":[23.92031,12.0,16.94975],"to":[25.92031,14.0,18.94975],"rotation":{"angle":0.0,"axis":"y","origin":[17.84924,13.0,17.94975]},"faces":{"north":{"uv":[7.25,2.5,7.75,3.0],"texture":"#2"},"east":{"uv":[7.25,2.5,7.75,3.0],"texture":"#2"},"south":{"uv":[7.25,2.5,7.75,3.0],"texture":"#2"},"west":{"uv":[7.25,2.5,7.75,3.0],"texture":"#2"},"up":{"uv":[7.25,2.5,7.75,2.75],"texture":"#2","rotation":90},"down":{"uv":[7.25,2.75,7.75,3.0],"texture":"#2","rotation":270}}},{"from":[19.9,10.9,5.9],"to":[24.1,15.1,10.1],"rotation":{"angle":-45.0,"axis":"y","origin":[8.0,13.0,8.0]},"faces":{"north":{"uv":[7.25,1.25,8.25,2.25],"texture":"#2"},"east":{"uv":[8.25,1.25,9.25,2.25],"texture":"#2"},"south":{"uv":[8.25,0.25,9.25,1.25],"texture":"#2"},"west":{"uv":[9.25,0.25,10.25,1.25],"texture":"#2"},"up":{"uv":[9.25,1.25,10.25,2.25],"texture":"#2"},"down":{"uv":[9.25,1.25,10.25,2.25],"texture":"#2"}}},{"from":[19.93535,12.0,5.42849],"to":[21.93535,14.0,7.42849],"rotation":{"angle":-45.0,"axis":"y","origin":[21.1131,13.0,13.39041]},"faces":{"north":{"uv":[3.75,2.5,4.25,3.0],"texture":"#2"},"east":{"uv":[3.75,2.5,4.25,3.0],"texture":"#2"},"south":{"uv":[3.75,2.5,4.25,3.0],"texture":"#2"},"west":{"uv":[3.75,2.5,4.25,3.0],"texture":"#2"},"up":{"uv":[3.75,2.5,4.25,2.75],"texture":"#2"},"down":{"uv":[3.75,2.75,4.25,3.0],"texture":"#2"}}},{"from":[19.9,10.9,5.9],"to":[24.1,15.1,10.1],"rotation":{"angle":-22.5,"axis":"y","origin":[8.0,13.0,8.0]},"faces":{"north":{"uv":[3.75,1.25,4.75,2.25],"texture":"#2"},"east":{"uv":[4.75,1.25,5.75,2.25],"texture":"#2"},"south":{"uv":[4.75,0.25,5.75,1.25],"texture":"#2"},"west":{"uv":[5.75,0.25,6.75,1.25],"texture":"#2"},"up":{"uv":[5.75,1.25,6.75,2.25],"texture":"#2"},"down":{"uv":[5.75,1.25,6.75,2.25],"texture":"#2"}}},{"from":[21.0,12.0,0.0],"to":[23.0,14.0,2.0],"rotation":{"angle":0.0,"axis":"y","origin":[8.0,13.0,8.0]},"faces":{"north":{"uv":[0.25,2.5,0.75,3.0],"texture":"#2"},"east":{"uv":[0.25,2.5,0.75,3.0],"texture":"#2"},"south":{"uv":[0.25,2.5,0.75,3.0],"texture":"#2"},"west":{"uv":[0.25,2.5,0.75,3.0],"texture":"#2"},"up":{"uv":[0.25,2.5,0.75,2.75],"texture":"#2"},"down":{"uv":[0.25,2.75,0.75,3.0],"texture":"#2"}}},{"from":[19.9,10.9,5.9],"to":[24.1,15.1,10.1],"rotation":{"angle":0.0,"axis":"y","origin":[8.0,13.0,8.0]},"faces":{"north":{"uv":[0.25,1.25,1.25,2.25],"texture":"#2"},"east":{"uv":[1.25,1.25,2.25,2.25],"texture":"#2"},"south":{"uv":[1.25,0.25,2.25,1.25],"texture":"#2"},"west":{"uv":[2.25,0.25,3.25,1.25],"texture":"#2"},"up":{"uv":[2.25,1.25,3.25,2.25],"texture":"#2"},"down":{"uv":[2.25,1.25,3.25,2.25],"texture":"#2"}}},{"from":[15.5,7.5,10.5],"to":[12.5,1.5,4.5],"rotation":{"angle":0.0,"axis":"x","origin":[8.5,12.5,7.5]},"faces":{"north":{"uv":[14.75,14.75,15.0,15.0],"texture":"#4","tintindex":0,"rotation":180},"east":{"uv":[14.75,14.75,15.0,15.0],"texture":"#4","tintindex":0,"rotation":180},"south":{"uv":[14.75,14.75,15.0,15.0],"texture":"#4","tintindex":0,"rotation":180},"west":{"uv":[14.75,14.75,15.0,15.0],"texture":"#4","tintindex":0,"rotation":180},"up":{"uv":[14.75,14.75,15.0,15.0],"texture":"#4","tintindex":0,"rotation":180},"down":{"uv":[14.75,14.75,15.0,15.0],"texture":"#4","tintindex":0,"rotation":180}}},{"from":[14.5,2.5,14.0],"to":[1.5,-1.5,1.0],"rotation":{"angle":0.0,"axis":"x","origin":[7.5,9.0,7.75]},"faces":{"north":{"uv":[14.75,14.75,15.0,15.0],"texture":"#4","tintindex":0,"rotation":180},"east":{"uv":[14.75,14.75,15.0,15.0],"texture":"#4","tintindex":0,"rotation":180},"south":{"uv":[14.75,14.75,15.0,15.0],"texture":"#4","tintindex":0,"rotation":180},"west":{"uv":[14.75,14.75,15.0,15.0],"texture":"#4","tintindex":0,"rotation":180},"up":{"uv":[14.75,14.75,15.0,15.0],"texture":"#4","tintindex":0,"rotation":180},"down":{"uv":[14.75,14.75,15.0,15.0],"texture":"#4","tintindex":0,"rotation":180}}},{"from":[14.0,11.5,13.5],"to":[2.0,0.5,1.5],"rotation":{"angle":0.0,"axis":"x","origin":[7.5,12.5,8.0]},"faces":{"north":{"uv":[14.75,14.75,15.0,15.0],"texture":"#4","tintindex":0,"rotation":180},"east":{"uv":[14.75,14.75,15.0,15.0],"texture":"#4","tintindex":0,"rotation":180},"south":{"uv":[14.75,14.75,15.0,15.0],"texture":"#4","tintindex":0,"rotation":180},"west":{"uv":[14.75,14.75,15.0,15.0],"texture":"#4","tintindex":0,"rotation":180},"up":{"uv":[14.75,14.75,15.0,15.0],"texture":"#4","tintindex":0,"rotation":180},"down":{"uv":[14.75,14.75,15.0,15.0],"texture":"#4","tintindex":0,"rotation":180}}},{"from":[3.5,7.5,10.5],"to":[0.5,1.5,4.5],"rotation":{"angle":0.0,"axis":"x","origin":[7.5,12.5,7.5]},"faces":{"north":{"uv":[14.75,14.75,15.0,15.0],"texture":"#4","tintindex":0,"rotation":180},"east":{"uv":[14.75,14.75,15.0,15.0],"texture":"#4","tintindex":0,"rotation":180},"south":{"uv":[14.75,14.75,15.0,15.0],"texture":"#4","tintindex":0,"rotation":180},"west":{"uv":[14.75,14.75,15.0,15.0],"texture":"#4","tintindex":0,"rotation":180},"up":{"uv":[14.75,14.75,15.0,15.0],"texture":"#4","tintindex":0,"rotation":180},"down":{"uv":[14.75,14.75,15.0,15.0],"texture":"#4","tintindex":0,"rotation":180}}},{"from":[7.5,8.5,15.5],"to":[2.5,2.5,12.5],"faces":{"north":{"uv":[14.75,14.75,15.0,15.0],"texture":"#4","tintindex":0,"rotation":180},"east":{"uv":[14.75,14.75,15.0,15.0],"texture":"#4","tintindex":0,"rotation":180},"south":{"uv":[14.75,14.75,15.0,15.0],"texture":"#4","tintindex":0,"rotation":180},"west":{"uv":[14.75,14.75,15.0,15.0],"texture":"#4","tintindex":0,"rotation":180},"up":{"uv":[14.75,14.75,15.0,15.0],"texture":"#4","tintindex":0,"rotation":180},"down":{"uv":[14.75,14.75,15.0,15.0],"texture":"#4","tintindex":0,"rotation":180}}}],"display":{"thirdperson_righthand":{"translation":[0.0,1.0,0.75],"rotation":[55.5,34.0,0.0],"scale":[0.52539,0.52539,0.52539]},"thirdperson_lefthand":{"translation":[0.0,1.0,0.75],"rotation":[55.5,34.0,0.0],"scale":[0.52539,0.52539,0.52539]},"firstperson_righthand":{"translation":[9.5,0.0,-5.75],"rotation":[21.0,114.5,-13.75],"scale":[0.41992,0.41992,0.41992]},"firstperson_lefthand":{"translation":[9.5,0.0,-5.75],"rotation":[21.0,114.5,-13.75],"scale":[0.41992,0.41992,0.41992]},"gui":{"translation":[-0.25,-0.5,0.0],"rotation":[-149.61,-31.92,-180.0],"scale":[0.52539,0.52539,0.52539]},"head":{"translation":[0.0,3.5,0.25],"scale":[1.6,1.6,1.6]}},"credit":"Made with Blockbench","gui_light":"front"}