{"textures":{"1":"mcc:island_cosmetics/general/hat/cat_ears/cat_ears"},"display":{"thirdperson_righthand":{"translation":[0.0,0.0,2.75]},"thirdperson_lefthand":{"translation":[0.0,0.0,2.5]},"firstperson_righthand":{"translation":[0.0,0.0,1.0]},"firstperson_lefthand":{"translation":[0.0,0.0,1.0]},"ground":{"scale":[1.5,1.5,1.5]},"gui":{"translation":[-1.5,4.0,0.0],"rotation":[26.0,-149.0,0.0],"scale":[1.16797,1.16797,1.16797]},"head":{"translation":[0.0,8.4,0.25],"rotation":[-10.25,0.0,0.0],"scale":[1.51406,1.51406,1.51406]}},"credit":"Made with Blockbench","elements":[{"from":[3.0,7.0,5.0],"to":[6.0,10.0,6.0],"rotation":{"angle":22.5,"axis":"z","origin":[5.125,8.25,5.375]},"faces":{"north":{"uv":[1.0,7.0,4.0,10.0],"texture":"#1","tintindex":0.0},"east":{"uv":[7.0,7.0,6.0,10.0],"texture":"#1","tintindex":0.0},"south":{"uv":[4.0,7.0,7.0,10.0],"texture":"#1","tintindex":0.0},"west":{"uv":[4.0,7.0,5.0,10.0],"texture":"#1","tintindex":0.0},"up":{"uv":[4.0,7.0,7.0,8.0],"texture":"#1","tintindex":0.0},"down":{"uv":[4.0,7.0,5.0,10.0],"texture":"#1","tintindex":0.0}}},{"from":[1.0,7.0,5.0],"to":[8.0,12.0,5.0],"rotation":{"angle":22.5,"axis":"z","origin":[5.125,8.25,5.375]},"faces":{"north":{"uv":[0.0,2.0,7.0,7.0],"texture":"#1","tintindex":0.0},"south":{"uv":[7.0,2.0,0.0,7.0],"texture":"#1","tintindex":0.0}}},{"from":[8.0,7.0,5.0],"to":[15.0,12.0,5.0],"rotation":{"angle":-22.5,"axis":"z","origin":[10.875,8.25,5.375]},"faces":{"north":{"uv":[7.0,2.0,0.0,7.0],"texture":"#1","tintindex":0.0},"south":{"uv":[0.0,2.0,7.0,7.0],"texture":"#1","tintindex":0.0}}},{"from":[10.0,7.0,5.0],"to":[13.0,10.0,6.0],"rotation":{"angle":-22.5,"axis":"z","origin":[10.875,8.25,5.375]},"faces":{"north":{"uv":[4.0,7.0,1.0,10.0],"texture":"#1","tintindex":0.0},"east":{"uv":[4.0,7.0,5.0,10.0],"texture":"#1","tintindex":0.0},"south":{"uv":[7.0,7.0,4.0,10.0],"texture":"#1","tintindex":0.0},"west":{"uv":[7.0,7.0,6.0,10.0],"texture":"#1","tintindex":0.0},"up":{"uv":[7.0,8.0,4.0,7.0],"texture":"#1","tintindex":0.0},"down":{"uv":[4.0,7.0,5.0,10.0],"texture":"#1","tintindex":0.0}}},{"from":[10.0,7.0,5.0],"to":[13.0,10.0,6.0],"rotation":{"angle":-22.5,"axis":"z","origin":[10.875,8.25,5.375]},"faces":{"north":{"uv":[9.0,11.0,6.0,14.0],"texture":"#1"}}},{"from":[3.0,7.0,5.0],"to":[6.0,10.0,6.0],"rotation":{"angle":22.5,"axis":"z","origin":[5.125,8.25,5.375]},"faces":{"north":{"uv":[6.0,11.0,9.0,14.0],"texture":"#1"}}},{"from":[3.04,0.04,5.04],"to":[12.96,7.96,6.96],"faces":{"east":{"uv":[9.0,2.0,7.0,10.0],"texture":"#1","tintindex":0.0},"west":{"uv":[7.0,2.0,9.0,10.0],"texture":"#1","tintindex":0.0},"up":{"uv":[10.0,0.0,12.0,10.0],"rotation":90.0,"texture":"#1","tintindex":0.0}}},{"from":[3.04,6.04,5.04],"to":[12.96,7.96,6.96],"faces":{"north":{"uv":[15.0,10.0,13.0,0.0],"rotation":90.0,"texture":"#1","tintindex":0.0},"south":{"uv":[15.0,10.0,13.0,0.0],"rotation":90.0,"texture":"#1","tintindex":0.0}}},{"name":"cube inverted","from":[12.96,7.96,6.96],"to":[3.04,0.04,5.04],"faces":{"east":{"uv":[7.0,10.0,9.0,2.0],"texture":"#1","tintindex":0.0},"west":{"uv":[9.0,10.0,7.0,2.0],"texture":"#1","tintindex":0.0},"down":{"uv":[10.0,10.0,12.0,0.0],"rotation":90.0,"texture":"#1","tintindex":0.0}}},{"name":"cube inverted","from":[12.96,7.96,6.96],"to":[3.04,6.04,5.04],"faces":{"north":{"uv":[13.0,10.0,15.0,0.0],"rotation":90.0,"texture":"#1","tintindex":0.0},"south":{"uv":[13.0,10.0,15.0,0.0],"rotation":90.0,"texture":"#1","tintindex":0.0}}}]}