{"textures":{"1":"mcc:island_cosmetics/general/hat/hard_hat/hard_hat"},"display":{"thirdperson_righthand":{"translation":[0.0,1.0,0.75],"rotation":[55.5,34.0,0.0],"scale":[0.52539,0.52539,0.52539]},"thirdperson_lefthand":{"translation":[0.0,1.0,0.75],"rotation":[55.5,34.0,0.0],"scale":[0.52539,0.52539,0.52539]},"firstperson_righthand":{"translation":[9.5,0.0,-5.75],"rotation":[21.0,114.5,-13.75],"scale":[0.41992,0.41992,0.41992]},"firstperson_lefthand":{"translation":[9.5,0.0,-5.75],"rotation":[21.0,114.5,-13.75],"scale":[0.41992,0.41992,0.41992]},"gui":{"translation":[-0.5,1.25,0.0],"rotation":[-149.61,-31.92,-180.0],"scale":[0.94335,0.94335,0.94335]},"head":{"translation":[0.0,6.5,0.25],"rotation":[3.25,0.0,0.0],"scale":[1.70938,1.70938,1.70938]}},"credit":"Made with Blockbench","texture_size":[32.0,32.0],"elements":[{"from":[3.5,5.0,3.5],"to":[12.5,10.0,12.5],"rotation":{"angle":0.0,"axis":"y","origin":[-0.5,0.0,-1.5]},"faces":{"north":{"uv":[6.0,0.0,1.5,2.5],"texture":"#1"},"east":{"uv":[6.0,5.0,1.5,7.5],"texture":"#1"},"south":{"uv":[6.0,2.5,1.5,5.0],"texture":"#1"},"west":{"uv":[6.0,5.0,1.5,7.5],"texture":"#1"},"up":{"uv":[11.0,0.0,6.5,4.5],"texture":"#1"}}},{"from":[2.5,5.0,-1.5],"to":[13.5,5.0,14.5],"rotation":{"angle":0.0,"axis":"y","origin":[-0.5,0.0,-1.5]},"faces":{"north":{"uv":[2.125,5.25,3.25,5.875],"texture":"#missing"},"east":{"uv":[2.125,7.625,3.25,8.25],"texture":"#missing"},"south":{"uv":[2.125,5.25,3.25,5.875],"texture":"#missing"},"west":{"uv":[2.125,7.0,3.25,7.625],"texture":"#missing"},"up":{"uv":[10.0,13.5,2.0,8.0],"rotation":90.0,"texture":"#1"},"down":{"uv":[2.0,8.0,10.0,13.5],"rotation":90.0,"texture":"#1"}}},{"from":[6.5,5.0,2.5],"to":[9.5,11.0,13.5],"rotation":{"angle":0.0,"axis":"y","origin":[-0.5,0.0,-1.5]},"faces":{"north":{"uv":[1.5,0.0,0.0,3.0],"texture":"#1"},"east":{"uv":[12.0,4.5,6.5,7.5],"texture":"#1"},"south":{"uv":[1.5,0.0,0.0,3.0],"texture":"#1"},"west":{"uv":[12.0,4.5,6.5,7.5],"texture":"#1"},"up":{"uv":[1.5,3.0,0.0,8.5],"texture":"#1"}}}],"gui_light":"front"}