{"textures":{"2":"mcc:island_cosmetics/general/hat/feathery_cap/feathery_cap","4":"mcc:island_cosmetics/general/hat/feathery_cap/feathery_cap_anim","particle":"mcc:island_cosmetics/general/accessory/feathery_arm/feathery_arm"},"elements":[{"from":[3.3,-0.2,2.3],"to":[12.7,6.2,11.7],"rotation":{"angle":0.0,"axis":"y","origin":[8.0,2.07612,7.11732]},"faces":{"east":{"uv":[0.0,0.0,3.0,2.0],"texture":"#2"},"west":{"uv":[3.0,0.0,0.0,2.0],"texture":"#2"},"up":{"uv":[3.0,6.0,6.0,9.0],"texture":"#2"},"down":{"uv":[6.0,9.0,3.0,6.0],"texture":"#2"}}},{"from":[3.2,-0.3,2.2],"to":[12.8,6.3,8.8],"rotation":{"angle":0.0,"axis":"y","origin":[8.0,2.07612,7.11732]},"faces":{"north":{"uv":[0.0,4.0,3.0,6.0],"texture":"#2","tintindex":0},"east":{"uv":[0.0,2.0,2.0,4.0],"texture":"#2","tintindex":0},"west":{"uv":[2.0,2.0,0.0,4.0],"texture":"#2","tintindex":0},"up":{"uv":[2.0,2.0,5.0,4.0],"texture":"#2","tintindex":0},"down":{"uv":[3.0,4.0,6.0,6.0],"texture":"#2","tintindex":0}}},{"from":[2.3,-0.7,2.8],"to":[13.7,6.7,10.2],"rotation":{"angle":0.0,"axis":"y","origin":[8.5,2.07612,7.11732]},"faces":{"east":{"uv":[14.0,14.0,16.0,16.0],"texture":"#2","tintindex":0,"rotation":90},"west":{"uv":[14.0,16.0,16.0,14.0],"texture":"#2","tintindex":0,"rotation":90},"up":{"uv":[12.66667,14.0,16.0,16.0],"texture":"#2","tintindex":0},"down":{"uv":[12.66667,16.0,16.0,14.0],"texture":"#2","tintindex":0}}},{"from":[3.5,0.0,5.5],"to":[12.5,6.0,14.5],"rotation":{"angle":0.0,"axis":"y","origin":[8.0,2.07612,7.11732]},"faces":{"north":{"uv":[3.0,9.0,6.0,11.0],"texture":"#2"},"east":{"uv":[0.0,6.0,3.0,8.0],"texture":"#2"},"west":{"uv":[3.0,6.0,0.0,8.0],"texture":"#2"},"up":{"uv":[7.66667,11.66667,10.66667,14.66667],"texture":"#2"},"down":{"uv":[3.0,11.0,0.0,8.0],"texture":"#2"}}},{"from":[12.8,6.3,8.8],"to":[3.2,-0.3,2.2],"rotation":{"angle":0.0,"axis":"y","origin":[8.0,2.07612,7.11732]},"faces":{"east":{"uv":[2.0,4.0,0.0,2.0],"texture":"#2","tintindex":0},"south":{"uv":[0.0,6.0,3.0,4.0],"texture":"#2","tintindex":0},"west":{"uv":[0.0,4.0,2.0,2.0],"texture":"#2","tintindex":0},"up":{"uv":[6.0,4.0,3.0,6.0],"texture":"#2","tintindex":0},"down":{"uv":[5.0,2.0,2.0,4.0],"texture":"#2","tintindex":0}}},{"from":[2.5,0.32893,10.47029],"to":[13.5,8.32893,19.47029],"rotation":{"angle":22.5,"axis":"x","origin":[8.0,2.07612,7.11732]},"faces":{"north":{"uv":[6.0,6.0,9.66667,8.66667],"texture":"#2"},"east":{"uv":[5.0,0.0,8.0,2.66667],"texture":"#2"},"west":{"uv":[8.0,0.0,5.0,2.66667],"texture":"#2"},"up":{"uv":[8.0,0.0,11.66667,3.0],"texture":"#2"}}},{"from":[1.8,-0.37107,9.77029],"to":[14.2,9.02893,20.17029],"rotation":{"angle":22.5,"axis":"x","origin":[8.0,2.07612,7.11732]},"faces":{"east":{"uv":[13.0,0.0,16.0,2.66667],"texture":"#2"},"west":{"uv":[16.0,0.0,13.0,2.66667],"texture":"#2"},"up":{"uv":[12.33333,3.0,16.0,6.0],"texture":"#2"}}},{"from":[2.5,0.32893,10.47029],"to":[13.5,8.32893,19.47029],"rotation":{"angle":22.5,"axis":"x","origin":[8.0,2.07612,7.11732]},"faces":{"east":{"uv":[0.0,11.33333,3.0,14.0],"texture":"#2","tintindex":0},"west":{"uv":[3.0,11.33333,0.0,14.0],"texture":"#2","tintindex":0},"up":{"uv":[3.0,11.33333,6.66667,14.33333],"texture":"#2","tintindex":0}}},{"from":[5.5,0.0,-4.5],"to":[10.5,3.0,2.5],"rotation":{"angle":0.0,"axis":"y","origin":[8.0,2.07612,7.11732]},"faces":{"north":{"uv":[8.0,10.0,6.33333,11.0],"texture":"#2"},"east":{"uv":[6.33333,9.0,8.66667,10.0],"texture":"#2"},"west":{"uv":[8.66667,9.0,6.33333,10.0],"texture":"#2"},"up":{"uv":[10.66667,9.0,9.0,11.33333],"texture":"#2"},"down":{"uv":[11.66667,6.33333,10.0,8.66667],"texture":"#2"}}},{"from":[13.5,8.32893,19.47029],"to":[2.5,0.32893,10.47029],"rotation":{"angle":22.5,"axis":"x","origin":[8.0,2.07612,7.11732]},"faces":{"east":{"uv":[8.0,2.66667,5.0,0.0],"texture":"#2"},"south":{"uv":[6.0,8.66667,9.66667,6.0],"texture":"#2"},"west":{"uv":[5.0,2.66667,8.0,0.0],"texture":"#2"},"down":{"uv":[11.66667,0.0,8.0,3.0],"texture":"#2"}}},{"from":[13.5,8.32893,19.47029],"to":[2.5,0.32893,10.47029],"rotation":{"angle":22.5,"axis":"x","origin":[8.0,2.07612,7.11732]},"faces":{"east":{"uv":[3.0,14.0,0.0,11.33333],"texture":"#2","tintindex":0},"west":{"uv":[0.0,14.0,3.0,11.33333],"texture":"#2","tintindex":0},"down":{"uv":[6.66667,11.33333,3.0,14.33333],"texture":"#2","tintindex":0}}},{"from":[13.7,6.7,10.2],"to":[2.3,-0.7,2.8],"rotation":{"angle":0.0,"axis":"y","origin":[8.5,2.07612,7.11732]},"faces":{"east":{"uv":[16.0,16.0,14.0,14.0],"texture":"#2","tintindex":0,"rotation":90},"west":{"uv":[16.0,14.0,14.0,16.0],"texture":"#2","tintindex":0,"rotation":90},"up":{"uv":[16.0,16.0,12.66667,14.0],"texture":"#2","tintindex":0},"down":{"uv":[16.0,14.0,12.66667,16.0],"texture":"#2","tintindex":0}}},{"from":[14.2,9.02893,20.17029],"to":[1.8,-0.37107,9.77029],"rotation":{"angle":22.5,"axis":"x","origin":[8.0,2.07612,7.11732]},"faces":{"east":{"uv":[16.0,2.66667,13.0,0.0],"texture":"#2"},"west":{"uv":[13.0,2.66667,16.0,0.0],"texture":"#2"},"down":{"uv":[16.0,3.0,12.33333,6.0],"texture":"#2"}}},{"from":[10.84881,-3.0,12.76014],"to":[10.84881,5.0,28.76014],"rotation":{"angle":0.0,"axis":"y","origin":[6.5,1.0,19.5]},"faces":{"north":{"uv":[0.0,0.0,0.5,0.5],"texture":"#4","tintindex":0},"east":{"uv":[8.0,0.0,16.0,4.0],"texture":"#4","tintindex":0},"south":{"uv":[0.0,0.0,0.5,0.5],"texture":"#4","tintindex":0},"west":{"uv":[16.0,0.0,8.0,4.0],"texture":"#4","tintindex":0},"up":{"uv":[0.0,0.0,0.5,0.5],"texture":"#4","tintindex":0,"rotation":90},"down":{"uv":[0.0,0.0,0.5,0.5],"texture":"#4","tintindex":0,"rotation":270}}},{"from":[6.80552,-11.0,12.53596],"to":[6.80552,-3.0,28.53596],"rotation":{"angle":-22.5,"axis":"y","origin":[6.5,1.0,19.5]},"faces":{"north":{"uv":[0.0,0.0,0.5,0.5],"texture":"#4","tintindex":0},"east":{"uv":[3.0,6.5,11.0,10.5],"texture":"#4","tintindex":0},"south":{"uv":[0.0,0.0,0.5,0.5],"texture":"#4","tintindex":0},"west":{"uv":[11.0,6.5,3.0,10.5],"texture":"#4","tintindex":0},"up":{"uv":[0.0,0.0,0.5,0.5],"texture":"#4","tintindex":0,"rotation":90},"down":{"uv":[0.0,0.0,0.5,0.5],"texture":"#4","tintindex":0,"rotation":270}}}],"display":{"gui":{"translation":[0.5,3.75,0.0],"rotation":[-161.01,-33.36,174.62],"scale":[0.8,0.8,0.8]},"head":{"translation":[0.0,11.5,0.25],"rotation":[6.73,0.22,0.13],"scale":[1.61,1.61,1.61]}},"credit":"Made with Blockbench"}