{"textures":{"0":"mcc:island_cosmetics/general/hat/rubber_ducky/rubber_ducky","1":"mcc:island_cosmetics/general/hat/rubber_ducky/summer","2":"mcc:island_cosmetics/faction/accessory/faction_flag/faction_flag_shine_anim","particle":"mcc:island_cosmetics/general/hat/rubber_ducky/rubber_ducky"},"display":{"thirdperson_righthand":{"translation":[0.0,1.0,0.75],"rotation":[55.5,34.0,0.0],"scale":[0.52539,0.52539,0.52539]},"thirdperson_lefthand":{"translation":[0.0,1.0,0.75],"rotation":[55.5,34.0,0.0],"scale":[0.52539,0.52539,0.52539]},"firstperson_righthand":{"translation":[9.5,0.0,-5.75],"rotation":[21.0,114.5,-13.75],"scale":[0.41992,0.41992,0.41992]},"firstperson_lefthand":{"translation":[9.5,0.0,-5.75],"rotation":[21.0,114.5,-13.75],"scale":[0.41992,0.41992,0.41992]},"ground":{"translation":[0.0,8.5,0.0],"scale":[1.07617,1.07617,1.07617]},"gui":{"translation":[-0.5,1.5,0.0],"rotation":[-149.61,-31.92,-180.0],"scale":[0.92382,0.92382,0.92382]},"head":{"translation":[0.0,3.0,0.0],"scale":[1.72305,1.72305,1.72305]}},"credit":"Made with Blockbench","elements":[{"from":[3.0,1.5,3.0],"to":[13.0,11.5,13.0],"rotation":{"angle":0.0,"axis":"x","origin":[8.0,9.5,8.0]},"faces":{"north":{"uv":[5.0,0.0,10.0,5.0],"texture":"#0"},"east":{"uv":[0.0,0.0,5.0,5.0],"texture":"#0"},"south":{"uv":[10.0,0.0,15.0,5.0],"texture":"#0"},"west":{"uv":[5.0,0.0,0.0,5.0],"texture":"#0"},"up":{"uv":[0.0,5.0,5.0,10.0],"texture":"#0"},"down":{"uv":[0.0,10.0,5.0,15.0],"texture":"#0"}}},{"from":[3.0,1.5,3.0],"to":[13.0,11.5,13.0],"rotation":{"angle":0.0,"axis":"x","origin":[8.0,9.5,8.0]},"faces":{"north":{"uv":[11.0,6.0,16.0,11.0],"texture":"#0","tintindex":0.0}}},{"from":[3.5,11.25,6.0],"to":[12.5,15.25,6.0],"rotation":{"angle":-22.5,"axis":"x","origin":[8.0,13.5,6.0]},"faces":{"north":{"uv":[6.0,10.5,10.5,12.5],"texture":"#0"},"east":{"uv":[0.0,0.0,5.0,5.0],"texture":"#0"},"south":{"uv":[10.5,10.5,6.0,12.5],"texture":"#0"},"west":{"uv":[5.0,0.0,0.0,5.0],"texture":"#0"},"up":{"uv":[0.0,5.0,5.0,10.0],"texture":"#0"},"down":{"uv":[0.0,10.0,5.0,15.0],"texture":"#0"}}},{"from":[5.0,3.5,-2.0],"to":[11.0,6.5,3.0],"rotation":{"angle":0.0,"axis":"x","origin":[8.0,9.5,8.0]},"faces":{"north":{"uv":[5.0,6.5,8.0,8.0],"texture":"#0"},"east":{"uv":[5.0,5.0,7.5,6.5],"texture":"#0"},"south":{"uv":[0.0,14.25,2.5,18.5],"texture":"#missing"},"west":{"uv":[7.5,5.0,5.0,6.5],"texture":"#0"},"up":{"uv":[8.0,8.0,5.0,10.5],"texture":"#0"},"down":{"uv":[8.0,6.0,11.0,8.5],"texture":"#0"}}},{"from":[5.0,1.5,0.0],"to":[11.0,3.5,3.0],"rotation":{"angle":0.0,"axis":"x","origin":[8.0,9.5,8.0]},"faces":{"north":{"uv":[9.0,5.0,12.0,6.0],"texture":"#0"},"east":{"uv":[7.5,5.0,9.0,6.0],"texture":"#0"},"south":{"uv":[0.0,14.25,2.5,18.5],"texture":"#missing"},"west":{"uv":[9.0,5.0,7.5,6.0],"texture":"#0"},"up":{"uv":[5.0,9.75,7.5,12.25],"texture":"#missing"},"down":{"uv":[8.0,8.5,11.0,10.0],"texture":"#0"}}},{"from":[0.5,4.0,2.0],"to":[15.5,11.0,2.0],"rotation":{"angle":0.0,"axis":"y","origin":[0.5,0.0,0.0]},"faces":{"north":{"uv":[0.0,0.0,7.5,3.5],"texture":"#1","tintindex":0.0},"east":{"uv":[0.0,0.0,0.5,0.5],"texture":"#missing"},"south":{"uv":[0.0,0.0,7.5,3.5],"texture":"#1","tintindex":0.0},"west":{"uv":[0.0,0.0,0.5,0.5],"texture":"#missing"},"up":{"uv":[0.0,0.0,0.5,0.5],"texture":"#missing"},"down":{"uv":[0.0,0.0,0.5,0.5],"texture":"#missing"}}},{"from":[2.5,3.0,2.0],"to":[13.5,10.0,11.0],"rotation":{"angle":0.0,"axis":"y","origin":[0.5,0.0,0.0]},"faces":{"east":{"uv":[0.0,7.0,4.5,10.5],"texture":"#1","tintindex":0.0},"west":{"uv":[4.5,7.0,0.0,10.5],"texture":"#1","tintindex":0.0}}},{"from":[0.5,4.0,2.0],"to":[15.5,11.0,2.0],"rotation":{"angle":0.0,"axis":"y","origin":[0.5,0.0,0.0]},"faces":{"north":{"uv":[0.0,3.5,7.5,7.0],"texture":"#1"},"east":{"uv":[0.0,0.0,0.5,0.5],"texture":"#missing"},"south":{"uv":[0.0,3.5,7.5,7.0],"texture":"#1"},"west":{"uv":[0.0,0.0,0.5,0.5],"texture":"#missing"},"up":{"uv":[0.0,0.0,0.5,0.5],"texture":"#missing"},"down":{"uv":[0.0,0.0,0.5,0.5],"texture":"#missing"}}},{"from":[10.25,5.98853,1.78035],"to":[15.25,10.98853,1.78035],"rotation":{"angle":0.0,"axis":"x","origin":[8.25,11.98853,0.28035]},"faces":{"north":{"uv":[5.0,6.0,10.0,11.0],"texture":"#2"},"east":{"uv":[0.0,0.0,0.125,0.125],"texture":"#2"},"south":{"uv":[5.0,6.0,10.0,11.0],"texture":"#2"},"west":{"uv":[0.0,0.0,0.125,0.125],"texture":"#2"},"up":{"uv":[0.0,0.0,0.125,0.125],"texture":"#2"},"down":{"uv":[0.0,0.0,0.125,0.125],"texture":"#2"}}}],"gui_light":"front","groups":[{"name":"group","origin":[8.0,6.54121,3.32016],"color":0.0,"nbt":"{}","armAnimationEnabled":false,"children":[0.0,1.0,2.0,3.0,4.0]},{"name":"group","origin":[8.0,6.54121,3.32016],"color":0.0,"nbt":"{}","armAnimationEnabled":false,"children":[]},{"name":"hp","origin":[8.0,9.5,8.0],"color":0.0,"nbt":"{}","armAnimationEnabled":false,"children":[]},{"name":"hp","origin":[8.0,9.5,8.0],"color":0.0,"nbt":"{}","armAnimationEnabled":false,"children":[]},{"name":"shades","origin":[0.0,0.0,0.0],"color":0.0,"nbt":"{}","armAnimationEnabled":false,"children":[]},{"name":"shades","origin":[0.0,0.0,0.0],"color":0.0,"nbt":"{}","armAnimationEnabled":false,"children":[]},5.0,6.0,7.0,8.0]}