{
	"credit": "Made with Blockbench",
	"textures": {
		"0": "item/custom/kawaii_heart",
		"particle": "item/custom/kawaii_heart"
	},
	"elements": [
		{
			"name": "heart_of_the_sea_0",
			"from": [3.2, 0, 3.2],
			"to": [6.4, 0.8, 11.2],
			"faces": {
				"north": {"uv": [6.4, 3.2, 3.2, 4], "texture": "#0"},
				"east": {"uv": [5.6, 3.2, 6.4, 11.2], "rotation": 90, "texture": "#0"},
				"south": {"uv": [3.2, 10.4, 6.4, 11.2], "texture": "#0"},
				"west": {"uv": [3.2, 3.2, 4, 11.2], "rotation": 270, "texture": "#0"},
				"up": {"uv": [3.2, 3.2, 6.4, 11.2], "texture": "#0"},
				"down": {"uv": [3.2, 11.2, 6.4, 3.2], "texture": "#0"}
			}
		},
		{
			"name": "heart_of_the_sea_1",
			"from": [9.6, 0, 3.2],
			"to": [12.8, 0.8, 11.2],
			"faces": {
				"north": {"uv": [12.8, 3.2, 9.6, 4], "texture": "#0"},
				"east": {"uv": [12, 3.2, 12.8, 11.2], "rotation": 90, "texture": "#0"},
				"south": {"uv": [9.6, 10.4, 12.8, 11.2], "texture": "#0"},
				"west": {"uv": [9.6, 3.2, 10.4, 11.2], "rotation": 270, "texture": "#0"},
				"up": {"uv": [9.6, 3.2, 12.8, 11.2], "texture": "#0"},
				"down": {"uv": [9.6, 11.2, 12.8, 3.2], "texture": "#0"}
			}
		},
		{
			"name": "heart_of_the_sea_2",
			"from": [2.4, 0, 4],
			"to": [3.2, 0.8, 10.4],
			"faces": {
				"north": {"uv": [3.2, 4, 2.4, 4.8], "texture": "#0"},
				"east": {"uv": [2.4, 4, 3.2, 10.4], "rotation": 90, "texture": "#0"},
				"south": {"uv": [2.4, 9.6, 3.2, 10.4], "texture": "#0"},
				"west": {"uv": [2.4, 4, 3.2, 10.4], "rotation": 270, "texture": "#0"},
				"up": {"uv": [2.4, 4, 3.2, 10.4], "texture": "#0"},
				"down": {"uv": [2.4, 10.4, 3.2, 4], "texture": "#0"}
			}
		},
		{
			"name": "heart_of_the_sea_3",
			"from": [6.4, 0, 4],
			"to": [7.2, 0.8, 13.6],
			"faces": {
				"north": {"uv": [7.2, 4, 6.4, 4.8], "texture": "#0"},
				"east": {"uv": [6.4, 4, 7.2, 13.6], "rotation": 90, "texture": "#0"},
				"south": {"uv": [6.4, 12.8, 7.2, 13.6], "texture": "#0"},
				"west": {"uv": [6.4, 4, 7.2, 13.6], "rotation": 270, "texture": "#0"},
				"up": {"uv": [6.4, 4, 7.2, 13.6], "texture": "#0"},
				"down": {"uv": [6.4, 13.6, 7.2, 4], "texture": "#0"}
			}
		},
		{
			"name": "heart_of_the_sea_4",
			"from": [8.8, 0, 4],
			"to": [9.6, 0.8, 13.6],
			"faces": {
				"north": {"uv": [9.6, 4, 8.8, 4.8], "texture": "#0"},
				"east": {"uv": [8.8, 4, 9.6, 13.6], "rotation": 90, "texture": "#0"},
				"south": {"uv": [8.8, 12.8, 9.6, 13.6], "texture": "#0"},
				"west": {"uv": [8.8, 4, 9.6, 13.6], "rotation": 270, "texture": "#0"},
				"up": {"uv": [8.8, 4, 9.6, 13.6], "texture": "#0"},
				"down": {"uv": [8.8, 13.6, 9.6, 4], "texture": "#0"}
			}
		},
		{
			"name": "heart_of_the_sea_5",
			"from": [12.8, 0, 4],
			"to": [13.6, 0.8, 10.4],
			"faces": {
				"north": {"uv": [13.6, 4, 12.8, 4.8], "texture": "#0"},
				"east": {"uv": [12.8, 4, 13.6, 10.4], "rotation": 90, "texture": "#0"},
				"south": {"uv": [12.8, 9.6, 13.6, 10.4], "texture": "#0"},
				"west": {"uv": [12.8, 4, 13.6, 10.4], "rotation": 270, "texture": "#0"},
				"up": {"uv": [12.8, 4, 13.6, 10.4], "texture": "#0"},
				"down": {"uv": [12.8, 10.4, 13.6, 4], "texture": "#0"}
			}
		},
		{
			"name": "heart_of_the_sea_6",
			"from": [1.6, 0, 4.8],
			"to": [2.4, 0.8, 9.6],
			"faces": {
				"north": {"uv": [2.4, 4.8, 1.6, 5.6], "texture": "#0"},
				"east": {"uv": [1.6, 4.8, 2.4, 9.6], "rotation": 90, "texture": "#0"},
				"south": {"uv": [1.6, 8.8, 2.4, 9.6], "texture": "#0"},
				"west": {"uv": [1.6, 4.8, 2.4, 9.6], "rotation": 270, "texture": "#0"},
				"up": {"uv": [1.6, 4.8, 2.4, 9.6], "texture": "#0"},
				"down": {"uv": [1.6, 9.6, 2.4, 4.8], "texture": "#0"}
			}
		},
		{
			"name": "heart_of_the_sea_7",
			"from": [7.2, 0, 4.8],
			"to": [8.8, 0.8, 13.6],
			"faces": {
				"north": {"uv": [8.8, 4.8, 7.2, 5.6], "texture": "#0"},
				"east": {"uv": [8, 4.8, 8.8, 13.6], "rotation": 90, "texture": "#0"},
				"south": {"uv": [7.2, 12.8, 8.8, 13.6], "texture": "#0"},
				"west": {"uv": [7.2, 4.8, 8, 13.6], "rotation": 270, "texture": "#0"},
				"up": {"uv": [7.2, 4.8, 8.8, 13.6], "texture": "#0"},
				"down": {"uv": [7.2, 13.6, 8.8, 4.8], "texture": "#0"}
			}
		},
		{
			"name": "heart_of_the_sea_8",
			"from": [13.6, 0, 4.8],
			"to": [14.4, 0.8, 9.6],
			"faces": {
				"north": {"uv": [14.4, 4.8, 13.6, 5.6], "texture": "#0"},
				"east": {"uv": [13.6, 4.8, 14.4, 9.6], "rotation": 90, "texture": "#0"},
				"south": {"uv": [13.6, 8.8, 14.4, 9.6], "texture": "#0"},
				"west": {"uv": [13.6, 4.8, 14.4, 9.6], "rotation": 270, "texture": "#0"},
				"up": {"uv": [13.6, 4.8, 14.4, 9.6], "texture": "#0"},
				"down": {"uv": [13.6, 9.6, 14.4, 4.8], "texture": "#0"}
			}
		},
		{
			"name": "heart_of_the_sea_9",
			"from": [4, 0, 11.2],
			"to": [6.4, 0.8, 12],
			"faces": {
				"north": {"uv": [6.4, 11.2, 4, 12], "texture": "#0"},
				"east": {"uv": [5.6, 11.2, 6.4, 12], "rotation": 90, "texture": "#0"},
				"south": {"uv": [4, 11.2, 6.4, 12], "texture": "#0"},
				"west": {"uv": [4, 11.2, 4.8, 12], "rotation": 270, "texture": "#0"},
				"up": {"uv": [4, 11.2, 6.4, 12], "texture": "#0"},
				"down": {"uv": [4, 12, 6.4, 11.2], "texture": "#0"}
			}
		},
		{
			"name": "heart_of_the_sea_10",
			"from": [9.6, 0, 11.2],
			"to": [11.2, 0.8, 12.8],
			"faces": {
				"north": {"uv": [11.2, 11.2, 9.6, 12], "texture": "#0"},
				"east": {"uv": [10.4, 11.2, 11.2, 12.8], "rotation": 90, "texture": "#0"},
				"south": {"uv": [9.6, 12, 11.2, 12.8], "texture": "#0"},
				"west": {"uv": [9.6, 11.2, 10.4, 12.8], "rotation": 270, "texture": "#0"},
				"up": {"uv": [9.6, 11.2, 11.2, 12.8], "texture": "#0"},
				"down": {"uv": [9.6, 12.8, 11.2, 11.2], "texture": "#0"}
			}
		},
		{
			"name": "heart_of_the_sea_11",
			"from": [11.2, 0, 11.2],
			"to": [12, 0.8, 12],
			"faces": {
				"north": {"uv": [12, 11.2, 11.2, 12], "texture": "#0"},
				"east": {"uv": [11.2, 11.2, 12, 12], "rotation": 90, "texture": "#0"},
				"south": {"uv": [11.2, 11.2, 12, 12], "texture": "#0"},
				"west": {"uv": [11.2, 11.2, 12, 12], "rotation": 270, "texture": "#0"},
				"up": {"uv": [11.2, 11.2, 12, 12], "texture": "#0"},
				"down": {"uv": [11.2, 12, 12, 11.2], "texture": "#0"}
			}
		},
		{
			"name": "heart_of_the_sea_12",
			"from": [4.8, 0, 12],
			"to": [6.4, 0.8, 12.8],
			"faces": {
				"north": {"uv": [6.4, 12, 4.8, 12.8], "texture": "#0"},
				"east": {"uv": [5.6, 12, 6.4, 12.8], "rotation": 90, "texture": "#0"},
				"south": {"uv": [4.8, 12, 6.4, 12.8], "texture": "#0"},
				"west": {"uv": [4.8, 12, 5.6, 12.8], "rotation": 270, "texture": "#0"},
				"up": {"uv": [4.8, 12, 6.4, 12.8], "texture": "#0"},
				"down": {"uv": [4.8, 12.8, 6.4, 12], "texture": "#0"}
			}
		}
	],
	"gui_light": "front",
	"display": {
		"thirdperson_righthand": {
			"rotation": [90, 0, 0],
			"translation": [0.25, 2.75, 4.5],
			"scale": [0.5, 0.5, 0.5]
		},
		"thirdperson_lefthand": {
			"rotation": [90, 0, 0],
			"translation": [0.25, 2.75, 4.5],
			"scale": [0.5, 0.5, 0.5]
		},
		"firstperson_righthand": {
			"rotation": [45, 0, 45],
			"translation": [-2, 3, 0]
		},
		"firstperson_lefthand": {
			"rotation": [45, 0, 45],
			"translation": [-2, 3, 0]
		},
		"ground": {
			"rotation": [89, 0, 0],
			"translation": [0, 2.25, 8]
		},
		"gui": {
			"rotation": [90, 0, 0],
			"translation": [0, 0, -80]
		},
		"head": {
			"rotation": [90, 0, 0],
			"translation": [0, 16, 7.5]
		},
		"fixed": {
			"rotation": [90, 0, 0],
			"translation": [0, 0, 8.25]
		}
	},
	"groups": [
		{
			"name": "heart_of_the_sea",
			"origin": [8, 8, 8],
			"color": 0,
			"children": [0, 1, 2, 3, 4, 5, 6, 7, 8, 9, 10, 11, 12]
		}
	]
}