{
	"credit": "Made with Blockbench",
	"textures": {
		"0": "item/custom/vbuck",
		"particle": "item/custom/vbuck"
	},
	"elements": [
		{
			"name": "s-l501_0",
			"from": [6.4, 0, 0.64],
			"to": [9.6, 0.64, 14.08],
			"faces": {
				"north": {"uv": [9.6, 0.64, 6.4, 1.28], "texture": "#0"},
				"east": {"uv": [8.96, 0.64, 9.6, 14.08], "rotation": 90, "texture": "#0"},
				"south": {"uv": [6.4, 13.44, 9.6, 14.08], "texture": "#0"},
				"west": {"uv": [6.4, 0.64, 7.04, 14.08], "rotation": 270, "texture": "#0"},
				"up": {"uv": [6.4, 0.64, 9.6, 14.08], "texture": "#0"},
				"down": {"uv": [6.4, 14.08, 9.6, 0.64], "texture": "#0"}
			}
		},
		{
			"name": "s-l501_1",
			"from": [5.76, 0, 1.28],
			"to": [6.4, 0.64, 14.08],
			"faces": {
				"north": {"uv": [6.4, 1.28, 5.76, 1.92], "texture": "#0"},
				"east": {"uv": [5.76, 1.28, 6.4, 14.08], "rotation": 90, "texture": "#0"},
				"south": {"uv": [5.76, 13.44, 6.4, 14.08], "texture": "#0"},
				"west": {"uv": [5.76, 1.28, 6.4, 14.08], "rotation": 270, "texture": "#0"},
				"up": {"uv": [5.76, 1.28, 6.4, 14.08], "texture": "#0"},
				"down": {"uv": [5.76, 14.08, 6.4, 1.28], "texture": "#0"}
			}
		},
		{
			"name": "s-l501_2",
			"from": [9.6, 0, 1.28],
			"to": [10.24, 0.64, 14.08],
			"faces": {
				"north": {"uv": [10.24, 1.28, 9.6, 1.92], "texture": "#0"},
				"east": {"uv": [9.6, 1.28, 10.24, 14.08], "rotation": 90, "texture": "#0"},
				"south": {"uv": [9.6, 13.44, 10.24, 14.08], "texture": "#0"},
				"west": {"uv": [9.6, 1.28, 10.24, 14.08], "rotation": 270, "texture": "#0"},
				"up": {"uv": [9.6, 1.28, 10.24, 14.08], "texture": "#0"},
				"down": {"uv": [9.6, 14.08, 10.24, 1.28], "texture": "#0"}
			}
		},
		{
			"name": "s-l501_3",
			"from": [4.48, 0, 1.92],
			"to": [5.76, 0.64, 13.44],
			"faces": {
				"north": {"uv": [5.76, 1.92, 4.48, 2.56], "texture": "#0"},
				"east": {"uv": [5.12, 1.92, 5.76, 13.44], "rotation": 90, "texture": "#0"},
				"south": {"uv": [4.48, 12.8, 5.76, 13.44], "texture": "#0"},
				"west": {"uv": [4.48, 1.92, 5.12, 13.44], "rotation": 270, "texture": "#0"},
				"up": {"uv": [4.48, 1.92, 5.76, 13.44], "texture": "#0"},
				"down": {"uv": [4.48, 13.44, 5.76, 1.92], "texture": "#0"}
			}
		},
		{
			"name": "s-l501_4",
			"from": [10.24, 0, 1.92],
			"to": [11.52, 0.64, 14.08],
			"faces": {
				"north": {"uv": [11.52, 1.92, 10.24, 2.56], "texture": "#0"},
				"east": {"uv": [10.88, 1.92, 11.52, 14.08], "rotation": 90, "texture": "#0"},
				"south": {"uv": [10.24, 13.44, 11.52, 14.08], "texture": "#0"},
				"west": {"uv": [10.24, 1.92, 10.88, 14.08], "rotation": 270, "texture": "#0"},
				"up": {"uv": [10.24, 1.92, 11.52, 14.08], "texture": "#0"},
				"down": {"uv": [10.24, 14.08, 11.52, 1.92], "texture": "#0"}
			}
		},
		{
			"name": "s-l501_5",
			"from": [3.84, 0, 2.56],
			"to": [4.48, 0.64, 14.08],
			"faces": {
				"north": {"uv": [4.48, 2.56, 3.84, 3.2], "texture": "#0"},
				"east": {"uv": [3.84, 2.56, 4.48, 14.08], "rotation": 90, "texture": "#0"},
				"south": {"uv": [3.84, 13.44, 4.48, 14.08], "texture": "#0"},
				"west": {"uv": [3.84, 2.56, 4.48, 14.08], "rotation": 270, "texture": "#0"},
				"up": {"uv": [3.84, 2.56, 4.48, 14.08], "texture": "#0"},
				"down": {"uv": [3.84, 14.08, 4.48, 2.56], "texture": "#0"}
			}
		},
		{
			"name": "s-l501_16",
			"from": [2.56, 0, 10.86],
			"to": [3.2, 0.64, 11.5],
			"faces": {
				"north": {"uv": [15.36, 7.68, 14.72, 8.32], "texture": "#0"},
				"east": {"uv": [14.72, 7.68, 15.36, 8.32], "rotation": 90, "texture": "#0"},
				"south": {"uv": [14.72, 7.68, 15.36, 8.32], "texture": "#0"},
				"west": {"uv": [14.72, 7.68, 15.36, 8.32], "rotation": 270, "texture": "#0"},
				"up": {"uv": [14.72, 7.68, 15.36, 8.32], "texture": "#0"},
				"down": {"uv": [14.72, 8.32, 15.36, 7.68], "texture": "#0"}
			}
		},
		{
			"name": "s-l501_6",
			"from": [11.52, 0, 2.56],
			"to": [12.16, 0.64, 13.44],
			"faces": {
				"north": {"uv": [12.16, 2.56, 11.52, 3.2], "texture": "#0"},
				"east": {"uv": [11.52, 2.56, 12.16, 13.44], "rotation": 90, "texture": "#0"},
				"south": {"uv": [11.52, 12.8, 12.16, 13.44], "texture": "#0"},
				"west": {"uv": [11.52, 2.56, 12.16, 13.44], "rotation": 270, "texture": "#0"},
				"up": {"uv": [11.52, 2.56, 12.16, 13.44], "texture": "#0"},
				"down": {"uv": [11.52, 13.44, 12.16, 2.56], "texture": "#0"}
			}
		},
		{
			"name": "s-l501_7",
			"from": [3.2, 0, 3.2],
			"to": [3.84, 0.64, 12.8],
			"faces": {
				"north": {"uv": [3.84, 3.2, 3.2, 3.84], "texture": "#0"},
				"east": {"uv": [3.2, 3.2, 3.84, 12.8], "rotation": 90, "texture": "#0"},
				"south": {"uv": [3.2, 12.16, 3.84, 12.8], "texture": "#0"},
				"west": {"uv": [3.2, 3.2, 3.84, 12.8], "rotation": 270, "texture": "#0"},
				"up": {"uv": [3.2, 3.2, 3.84, 12.8], "texture": "#0"},
				"down": {"uv": [3.2, 12.8, 3.84, 3.2], "texture": "#0"}
			}
		},
		{
			"name": "s-l501_8",
			"from": [12.16, 0, 3.2],
			"to": [12.8, 0.64, 12.8],
			"faces": {
				"north": {"uv": [12.8, 3.2, 12.16, 3.84], "texture": "#0"},
				"east": {"uv": [12.16, 3.2, 12.8, 12.8], "rotation": 90, "texture": "#0"},
				"south": {"uv": [12.16, 12.16, 12.8, 12.8], "texture": "#0"},
				"west": {"uv": [12.16, 3.2, 12.8, 12.8], "rotation": 270, "texture": "#0"},
				"up": {"uv": [12.16, 3.2, 12.8, 12.8], "texture": "#0"},
				"down": {"uv": [12.16, 12.8, 12.8, 3.2], "texture": "#0"}
			}
		},
		{
			"name": "s-l501_9",
			"from": [2.56, 0, 3.84],
			"to": [3.2, 0.64, 10.88],
			"faces": {
				"north": {"uv": [3.2, 3.84, 2.56, 4.48], "texture": "#0"},
				"east": {"uv": [2.56, 3.84, 3.2, 10.88], "rotation": 90, "texture": "#0"},
				"south": {"uv": [2.56, 10.24, 3.2, 10.88], "texture": "#0"},
				"west": {"uv": [2.56, 3.84, 3.2, 10.88], "rotation": 270, "texture": "#0"},
				"up": {"uv": [2.56, 3.84, 3.2, 10.88], "texture": "#0"},
				"down": {"uv": [2.56, 10.88, 3.2, 3.84], "texture": "#0"}
			}
		},
		{
			"name": "s-l501_10",
			"from": [12.8, 0, 3.84],
			"to": [13.44, 0.64, 12.16],
			"faces": {
				"north": {"uv": [13.44, 3.84, 12.8, 4.48], "texture": "#0"},
				"east": {"uv": [12.8, 3.84, 13.44, 12.16], "rotation": 90, "texture": "#0"},
				"south": {"uv": [12.8, 11.52, 13.44, 12.16], "texture": "#0"},
				"west": {"uv": [12.8, 3.84, 13.44, 12.16], "rotation": 270, "texture": "#0"},
				"up": {"uv": [12.8, 3.84, 13.44, 12.16], "texture": "#0"},
				"down": {"uv": [12.8, 12.16, 13.44, 3.84], "texture": "#0"}
			}
		},
		{
			"name": "s-l501_11",
			"from": [13.44, 0, 4.48],
			"to": [14.08, 0.64, 11.52],
			"faces": {
				"north": {"uv": [14.08, 4.48, 13.44, 5.12], "texture": "#0"},
				"east": {"uv": [13.44, 4.48, 14.08, 11.52], "rotation": 90, "texture": "#0"},
				"south": {"uv": [13.44, 10.88, 14.08, 11.52], "texture": "#0"},
				"west": {"uv": [13.44, 4.48, 14.08, 11.52], "rotation": 270, "texture": "#0"},
				"up": {"uv": [13.44, 4.48, 14.08, 11.52], "texture": "#0"},
				"down": {"uv": [13.44, 11.52, 14.08, 4.48], "texture": "#0"}
			}
		},
		{
			"name": "s-l501_12",
			"from": [1.92, 0, 5.12],
			"to": [2.56, 0.64, 11.52],
			"faces": {
				"north": {"uv": [2.56, 5.12, 1.92, 5.76], "texture": "#0"},
				"east": {"uv": [1.92, 5.12, 2.56, 11.52], "rotation": 90, "texture": "#0"},
				"south": {"uv": [1.92, 10.88, 2.56, 11.52], "texture": "#0"},
				"west": {"uv": [1.92, 5.12, 2.56, 11.52], "rotation": 270, "texture": "#0"},
				"up": {"uv": [1.92, 5.12, 2.56, 11.52], "texture": "#0"},
				"down": {"uv": [1.92, 11.52, 2.56, 5.12], "texture": "#0"}
			}
		},
		{
			"name": "s-l501_14",
			"from": [14.08, 0, 5.76],
			"to": [14.72, 0.64, 10.24],
			"faces": {
				"north": {"uv": [14.72, 5.76, 14.08, 6.4], "texture": "#0"},
				"east": {"uv": [14.08, 5.76, 14.72, 10.24], "rotation": 90, "texture": "#0"},
				"south": {"uv": [14.08, 9.6, 14.72, 10.24], "texture": "#0"},
				"west": {"uv": [14.08, 5.76, 14.72, 10.24], "rotation": 270, "texture": "#0"},
				"up": {"uv": [14.08, 5.76, 14.72, 10.24], "texture": "#0"},
				"down": {"uv": [14.08, 10.24, 14.72, 5.76], "texture": "#0"}
			}
		},
		{
			"name": "s-l501_17",
			"from": [2.56, 0, 11.52],
			"to": [3.2, 0.64, 12.16],
			"faces": {
				"north": {"uv": [3.2, 11.52, 2.56, 12.16], "texture": "#0"},
				"east": {"uv": [2.56, 11.52, 3.2, 12.16], "rotation": 90, "texture": "#0"},
				"south": {"uv": [2.56, 11.52, 3.2, 12.16], "texture": "#0"},
				"west": {"uv": [2.56, 11.52, 3.2, 12.16], "rotation": 270, "texture": "#0"},
				"up": {"uv": [2.56, 11.52, 3.2, 12.16], "texture": "#0"},
				"down": {"uv": [2.56, 12.16, 3.2, 11.52], "texture": "#0"}
			}
		},
		{
			"name": "s-l501_18",
			"from": [4.5, 0, 13.44],
			"to": [5.78, 0.64, 14.08],
			"faces": {
				"north": {"uv": [5.76, 13.44, 5.12, 14.08], "texture": "#0"},
				"east": {"uv": [5.12, 13.44, 5.76, 14.08], "rotation": 90, "texture": "#0"},
				"south": {"uv": [5.12, 13.44, 5.76, 14.08], "texture": "#0"},
				"west": {"uv": [5.12, 13.44, 5.76, 14.08], "rotation": 270, "texture": "#0"},
				"up": {"uv": [5.12, 13.44, 5.76, 14.08], "texture": "#0"},
				"down": {"uv": [5.12, 14.08, 5.76, 13.44], "texture": "#0"}
			}
		},
		{
			"name": "s-l501_19",
			"from": [6.4, 0, 14.08],
			"to": [9.6, 0.64, 14.72],
			"faces": {
				"north": {"uv": [9.6, 14.72, 6.4, 15.36], "texture": "#0"},
				"east": {"uv": [8.96, 14.72, 9.6, 15.36], "rotation": 90, "texture": "#0"},
				"south": {"uv": [6.4, 14.72, 9.6, 15.36], "texture": "#0"},
				"west": {"uv": [6.4, 14.72, 7.04, 15.36], "rotation": 270, "texture": "#0"},
				"up": {"uv": [6.4, 14.72, 9.6, 15.36], "texture": "#0"},
				"down": {"uv": [6.4, 15.36, 9.6, 14.72], "texture": "#0"}
			}
		}
	],
	"gui_light": "front",
	"display": {
		"thirdperson_righthand": {
			"rotation": [90, 0, 0],
			"translation": [0, 3, 5],
			"scale": [0.5, 0.5, 0.5]
		},
		"thirdperson_lefthand": {
			"rotation": [90, 0, 0],
			"translation": [0, 3, 5],
			"scale": [0.5, 0.5, 0.5]
		},
		"firstperson_righthand": {
			"rotation": [90, 0, 35],
			"translation": [3, 0, 0],
			"scale": [0.7, 0.7, 0.7]
		},
		"firstperson_lefthand": {
			"rotation": [90, 0, 35],
			"translation": [3, 0, 0],
			"scale": [0.7, 0.7, 0.7]
		},
		"ground": {
			"rotation": [90, 0, 0],
			"translation": [0, 1, 4],
			"scale": [0.55, 0.55, 0.55]
		},
		"gui": {
			"rotation": [90, 0, 0],
			"translation": [0, -0.5, 0]
		},
		"head": {
			"translation": [0, 14.25, 0]
		},
		"fixed": {
			"rotation": [90, 0, 0],
			"translation": [0, 0, 8.5]
		}
	},
	"groups": [
		{
			"name": "s-l501",
			"origin": [8, 8, 8],
			"color": 0,
			"children": [0, 1, 2, 3, 4, 5, 6, 7, 8, 9, 10, 11, 12, 13, 14, 15, 16, 17]
		}
	]
}