{"textures":{"1":"mcc:island_cosmetics/general/hat/ski_goggles/ski_goggles","2":"mcc:island_cosmetics/general/hat/knitted_hat/knitted_hat","particle":"mcc:island_cosmetics/general/hat/knitted_hat/knitted_hat"},"display":{"thirdperson_righthand":{"translation":[0.0,1.0,0.75],"rotation":[55.5,34.0,0.0],"scale":[0.52539,0.52539,0.52539]},"thirdperson_lefthand":{"translation":[0.0,1.0,0.75],"rotation":[55.5,34.0,0.0],"scale":[0.52539,0.52539,0.52539]},"firstperson_righthand":{"translation":[9.5,0.0,-5.75],"rotation":[21.0,114.5,-13.75],"scale":[0.41992,0.41992,0.41992]},"firstperson_lefthand":{"translation":[9.5,0.0,-5.75],"rotation":[21.0,114.5,-13.75],"scale":[0.41992,0.41992,0.41992]},"gui":{"translation":[0.0,-1.0,0.0],"rotation":[-160.8,-33.59,175.04],"scale":[0.90428,0.90428,0.90428]},"head":{"translation":[0.0,0.75,0.5],"scale":[1.65859,1.65859,1.65859]}},"credit":"Made with Blockbench","texture_size":[32.0,32.0],"elements":[{"from":[3.52,5.52,3.52],"to":[12.48,8.48,12.48],"rotation":{"angle":0.0,"axis":"x","origin":[7.5,9.5,7.5]},"faces":{"east":{"uv":[4.0,2.5,8.5,4.0],"texture":"#1"},"south":{"uv":[8.5,2.5,13.0,4.0],"texture":"#1"},"west":{"uv":[8.5,2.5,4.0,4.0],"texture":"#1"}}},{"from":[3.52,5.52,3.52],"to":[12.48,8.48,12.48],"rotation":{"angle":0.0,"axis":"x","origin":[7.5,9.5,7.5]},"faces":{"east":{"uv":[4.5,5.0,9.0,6.5],"texture":"#1","tintindex":0.0},"south":{"uv":[0.0,5.0,4.5,6.5],"texture":"#1","tintindex":0.0},"west":{"uv":[9.0,5.0,4.5,6.5],"texture":"#1","tintindex":0.0}}},{"from":[3.0,4.5,1.5],"to":[13.0,9.5,3.5],"faces":{"north":{"uv":[5.0,0.0,10.0,2.5],"texture":"#1"},"east":{"uv":[5.0,6.5,6.0,9.0],"texture":"#1"},"south":{"uv":[0.0,6.5,5.0,9.0],"texture":"#1"},"west":{"uv":[6.0,6.5,5.0,9.0],"texture":"#1"},"up":{"uv":[6.0,6.5,11.0,7.5],"texture":"#1"},"down":{"uv":[4.0,4.0,9.0,5.0],"texture":"#1"}}},{"from":[3.0,4.5,1.5],"to":[13.0,9.5,3.5],"faces":{"north":{"uv":[0.0,0.0,5.0,2.5],"texture":"#1","tintindex":0.0}}},{"name":"cube inverted","from":[12.48,8.48,12.48],"to":[3.52,5.52,3.52],"rotation":{"angle":0.0,"axis":"x","origin":[7.5,9.5,7.5]},"faces":{"north":{"uv":[8.5,4.0,13.0,2.5],"texture":"#1"},"east":{"uv":[8.5,4.0,4.0,2.5],"texture":"#1"},"west":{"uv":[4.0,4.0,8.5,2.5],"texture":"#1"}}},{"name":"cube inverted","from":[12.48,8.48,12.48],"to":[3.52,5.52,3.52],"rotation":{"angle":0.0,"axis":"x","origin":[7.5,9.5,7.5]},"faces":{"north":{"uv":[0.0,6.5,4.5,5.0],"texture":"#1","tintindex":0.0},"east":{"uv":[9.0,6.5,4.5,5.0],"texture":"#1","tintindex":0.0},"west":{"uv":[4.5,6.5,9.0,5.0],"texture":"#1","tintindex":0.0}}},{"from":[3.0,9.5,8.25],"to":[13.0,14.5,18.25],"rotation":{"angle":22.5,"axis":"x","origin":[8.0,21.75,8.0]},"faces":{"north":{"uv":[0.0,4.5,5.0,7.0],"texture":"#2","tintindex":0.0},"east":{"uv":[0.0,4.5,5.0,7.0],"texture":"#2","tintindex":0.0},"south":{"uv":[0.0,4.5,5.0,7.0],"texture":"#2","tintindex":0.0},"west":{"uv":[0.0,4.5,5.0,7.0],"texture":"#2","tintindex":0.0},"up":{"uv":[0.0,6.0,5.0,11.0],"texture":"#2","tintindex":0.0},"down":{"uv":[0.0,0.0,0.0,0.0],"texture":"#2"}}},{"from":[2.8,9.3,8.05],"to":[13.2,11.7,18.45],"rotation":{"angle":22.5,"axis":"x","origin":[8.0,21.75,8.0]},"faces":{"north":{"uv":[0.0,3.5,5.0,4.5],"texture":"#2"},"east":{"uv":[0.0,3.5,5.0,4.5],"texture":"#2"},"south":{"uv":[0.0,3.5,5.0,4.5],"texture":"#2"},"west":{"uv":[0.0,3.5,5.0,4.5],"texture":"#2"},"up":{"uv":[8.5,0.0,9.0,0.5],"texture":"#2"},"down":{"uv":[5.0,3.5,10.0,8.5],"texture":"#2"}}},{"from":[6.0,14.5,11.25],"to":[10.0,17.5,15.25],"rotation":{"angle":22.5,"axis":"x","origin":[8.0,21.75,8.0]},"faces":{"north":{"uv":[0.0,2.0,2.0,3.5],"texture":"#2"},"east":{"uv":[0.0,2.0,2.0,3.5],"texture":"#2"},"south":{"uv":[0.0,2.0,2.0,3.5],"texture":"#2"},"west":{"uv":[0.0,2.0,2.0,3.5],"texture":"#2"},"up":{"uv":[0.0,0.0,2.0,2.0],"texture":"#2"},"down":{"uv":[0.0,0.0,0.0,0.0],"texture":"#2"}}},{"name":"cube inverted","from":[13.2,11.7,18.45],"to":[2.8,9.3,8.05],"rotation":{"angle":22.5,"axis":"x","origin":[8.0,21.75,8.0]},"faces":{"north":{"uv":[0.0,4.5,5.0,3.5],"texture":"#2"},"east":{"uv":[0.0,4.5,5.0,3.5],"texture":"#2"},"south":{"uv":[0.0,4.5,5.0,3.5],"texture":"#2"},"west":{"uv":[0.0,4.5,5.0,3.5],"texture":"#2"},"up":{"uv":[10.0,3.5,5.0,8.5],"texture":"#2"},"down":{"uv":[9.0,0.0,8.5,0.5],"texture":"#2"}}}],"gui_light":"front"}