{"textures":{"1":"mcc:island_cosmetics/general/hat/stone_dragon_emperor/dragon_flame","4":"mcc:island_cosmetics/general/hat/stone_dragon_emperor/stone_dragon_emperor","particle":"mcc:island_cosmetics/general/hat/stone_dragon_emperor/dragon_flame"},"elements":[{"from":[3.0,0.5,6.0],"to":[13.0,13.5,15.0],"rotation":{"angle":0.0,"axis":"y","origin":[0.0,-20.0,0.0]},"faces":{"north":{"uv":[1.66667,5.66667,3.33333,7.83333],"texture":"#4"},"east":{"uv":[0.0,1.33333,1.5,3.5],"texture":"#4"},"south":{"uv":[6.0,2.33333,7.66667,4.5],"texture":"#4"},"west":{"uv":[1.5,1.33333,0.0,3.5],"texture":"#4"},"up":{"uv":[3.66667,4.33333,5.33333,5.83333],"texture":"#4"},"down":{"uv":[3.33333,1.66667,5.0,3.16667],"texture":"#4"}}},{"from":[3.0,0.5,-2.0],"to":[13.0,3.5,6.0],"rotation":{"angle":0.0,"axis":"y","origin":[0.0,-20.0,0.0]},"faces":{"north":{"uv":[2.33333,1.16667,4.0,1.66667],"texture":"#4"},"east":{"uv":[1.5,2.16667,2.83333,2.66667],"texture":"#4"},"west":{"uv":[2.83333,2.16667,1.5,2.66667],"texture":"#4"},"up":{"uv":[0.0,5.83333,1.66667,7.16667],"texture":"#4"},"down":{"uv":[2.0,4.0,3.66667,5.33333],"texture":"#4"}}},{"from":[3.0,7.5,-2.0],"to":[13.0,11.5,6.0],"rotation":{"angle":0.0,"axis":"y","origin":[0.0,-20.0,0.0]},"faces":{"north":{"uv":[0.0,3.83333,1.66667,4.5],"texture":"#4"},"east":{"uv":[1.5,3.0,2.83333,3.66667],"texture":"#4"},"west":{"uv":[2.83333,3.0,1.5,3.66667],"texture":"#4"},"up":{"uv":[3.33333,6.16667,5.0,7.5],"texture":"#4"},"down":{"uv":[0.0,7.16667,1.66667,5.83333],"texture":"#4"}}},{"from":[6.0,10.44975,8.36396],"to":[10.0,17.44975,12.36396],"rotation":{"angle":0.0,"axis":"y","origin":[8.0,9.0,10.5]},"faces":{"north":{"uv":[1.33333,4.5,2.0,5.66667],"texture":"#4","tintindex":0},"east":{"uv":[0.0,4.5,0.66667,5.66667],"texture":"#4","tintindex":0},"south":{"uv":[1.33333,4.5,2.0,5.66667],"texture":"#4","tintindex":0},"west":{"uv":[0.0,4.5,0.66667,5.66667],"texture":"#4","tintindex":0},"up":{"uv":[0.66667,4.5,1.33333,5.16667],"texture":"#4","tintindex":0},"down":{"uv":[0.0,0.0,0.0,0.0],"texture":"#4","tintindex":0}}},{"from":[1.0,0.5,10.0],"to":[15.0,7.5,17.0],"rotation":{"angle":0.0,"axis":"y","origin":[0.0,-20.0,0.0]},"faces":{"north":{"uv":[3.66667,3.16667,6.0,4.33333],"texture":"#4"},"east":{"uv":[0.0,0.0,1.16667,1.16667],"texture":"#4"},"south":{"uv":[3.5,0.0,1.16667,1.16667],"texture":"#4"},"west":{"uv":[1.16667,0.0,0.0,1.16667],"texture":"#4"},"up":{"uv":[5.83333,0.0,7.0,2.33333],"texture":"#4","rotation":90},"down":{"uv":[3.5,0.0,5.83333,1.16667],"texture":"#4"}}},{"from":[3.0,5.5,-2.0],"to":[13.0,7.5,6.0],"rotation":{"angle":0.0,"axis":"y","origin":[0.0,-20.0,0.0]},"faces":{"north":{"uv":[1.5,3.0,3.33333,2.66667],"texture":"#4","tintindex":0},"east":{"uv":[1.5,3.0,2.83333,2.66667],"texture":"#4","tintindex":0},"west":{"uv":[1.5,3.0,2.83333,2.66667],"texture":"#4","tintindex":0}}},{"from":[12.0,6.5,7.0],"to":[14.0,11.5,12.0],"rotation":{"angle":0.0,"axis":"y","origin":[16.0,-20.0,0.0]},"faces":{"north":{"uv":[1.5,1.33333,1.66667,2.16667],"texture":"#4"},"east":{"uv":[1.5,1.33333,2.33333,2.16667],"texture":"#4"},"south":{"uv":[1.5,1.33333,1.66667,2.16667],"texture":"#4"},"west":{"uv":[0.0,0.0,0.0,0.0],"texture":"#4"},"up":{"uv":[1.5,1.33333,2.33333,1.5],"texture":"#4","rotation":90},"down":{"uv":[1.5,2.0,2.33333,2.16667],"texture":"#4","rotation":90}}},{"from":[3.0,3.5,-2.0],"to":[13.0,5.5,6.0],"rotation":{"angle":0.0,"axis":"y","origin":[0.0,-20.0,0.0]},"faces":{"north":{"uv":[1.5,3.0,3.33333,2.66667],"texture":"#4","tintindex":0},"east":{"uv":[1.5,3.0,2.83333,2.66667],"texture":"#4","tintindex":0},"west":{"uv":[1.5,3.0,2.83333,2.66667],"texture":"#4","tintindex":0}}},{"from":[2.0,6.5,7.0],"to":[4.0,11.5,12.0],"rotation":{"angle":0.0,"axis":"y","origin":[0.0,-20.0,0.0]},"faces":{"north":{"uv":[1.66667,1.33333,1.5,2.16667],"texture":"#4"},"east":{"uv":[0.0,0.0,0.0,0.0],"texture":"#4"},"south":{"uv":[1.66667,1.33333,1.5,2.16667],"texture":"#4"},"west":{"uv":[2.33333,1.33333,1.5,2.16667],"texture":"#4"},"up":{"uv":[1.5,1.33333,2.33333,1.5],"texture":"#4","rotation":90},"down":{"uv":[1.5,2.0,2.33333,2.16667],"texture":"#4","rotation":90}}},{"from":[4.0,11.5,-2.0],"to":[12.0,13.5,1.0],"rotation":{"angle":0.0,"axis":"y","origin":[16.0,-20.0,0.0]},"faces":{"north":{"uv":[1.5,3.5,0.16667,3.83333],"texture":"#4"},"east":{"uv":[2.16667,3.66667,1.66667,4.0],"texture":"#4"},"south":{"uv":[3.5,3.66667,2.16667,4.0],"texture":"#4"},"west":{"uv":[2.16667,3.66667,1.66667,4.0],"texture":"#4"},"up":{"uv":[5.33333,1.16667,4.0,1.66667],"texture":"#4"},"down":{"uv":[0.33333,3.66667,0.16667,3.83333],"texture":"#4"}}},{"from":[6.0,7.13604,13.36396],"to":[10.0,11.13604,20.36396],"rotation":{"angle":-45.0,"axis":"x","origin":[8.0,9.0,11.91421]},"faces":{"north":{"uv":[0.0,0.0,0.0,0.0],"texture":"#4","tintindex":0,"rotation":180},"east":{"uv":[0.0,4.5,0.66667,5.66667],"texture":"#4","tintindex":0,"rotation":270},"south":{"uv":[0.66667,4.5,1.33333,5.16667],"texture":"#4","tintindex":0},"west":{"uv":[0.0,4.5,0.66667,5.66667],"texture":"#4","tintindex":0,"rotation":90},"up":{"uv":[1.33333,5.66667,2.0,4.5],"texture":"#4","tintindex":0},"down":{"uv":[1.33333,4.5,2.0,5.66667],"texture":"#4","tintindex":0}}},{"from":[6.0,5.13604,12.94975],"to":[10.0,9.13604,19.94975],"rotation":{"angle":0.0,"axis":"y","origin":[8.0,7.0,11.5]},"faces":{"north":{"uv":[0.0,0.0,0.0,0.0],"texture":"#4","tintindex":0,"rotation":180},"east":{"uv":[0.0,4.5,0.66667,5.66667],"texture":"#4","tintindex":0,"rotation":270},"south":{"uv":[0.66667,4.5,1.33333,5.16667],"texture":"#4","tintindex":0},"west":{"uv":[0.0,4.5,0.66667,5.66667],"texture":"#4","tintindex":0,"rotation":90},"up":{"uv":[1.33333,5.66667,2.0,4.5],"texture":"#4","tintindex":0},"down":{"uv":[1.33333,4.5,2.0,5.66667],"texture":"#4","tintindex":0}}},{"from":[8.0,0.0,-16.0],"to":[8.0,12.0,4.0],"rotation":{"angle":0.0,"axis":"y","origin":[0.0,-21.0,0.0]},"faces":{"east":{"uv":[3.0,5.0,13.0,11.0],"texture":"#1"},"west":{"uv":[13.0,5.0,3.0,11.0],"texture":"#1"}}},{"from":[3.0,-0.5,-2.0],"to":[13.0,2.5,6.0],"rotation":{"angle":0.0,"axis":"y","origin":[0.0,-20.0,0.0]},"faces":{"north":{"uv":[10.16667,1.16667,11.83333,1.66667],"texture":"#4"},"east":{"uv":[9.33333,2.16667,10.66667,2.66667],"texture":"#4"},"west":{"uv":[10.66667,2.16667,9.33333,2.66667],"texture":"#4"},"up":{"uv":[7.83333,5.83333,9.5,7.16667],"texture":"#4"},"down":{"uv":[9.83333,4.0,11.5,5.33333],"texture":"#4"}}},{"from":[3.0,2.5,-2.0],"to":[13.0,4.5,6.0],"rotation":{"angle":0.0,"axis":"y","origin":[0.0,-20.0,0.0]},"faces":{"north":{"uv":[9.33333,3.0,11.16667,2.66667],"texture":"#4","tintindex":0},"east":{"uv":[9.33333,3.0,10.66667,2.66667],"texture":"#4","tintindex":0},"west":{"uv":[9.33333,3.0,10.66667,2.66667],"texture":"#4","tintindex":0}}},{"from":[3.0,6.5,-2.0],"to":[13.0,8.5,6.0],"rotation":{"angle":0.0,"axis":"y","origin":[0.0,-20.0,0.0]},"faces":{"north":{"uv":[9.33333,3.0,11.16667,2.66667],"texture":"#4","tintindex":0},"east":{"uv":[9.33333,3.0,10.66667,2.66667],"texture":"#4","tintindex":0},"west":{"uv":[9.33333,3.0,10.66667,2.66667],"texture":"#4","tintindex":0}}},{"from":[4.0,12.5,-2.0],"to":[12.0,14.5,1.0],"rotation":{"angle":0.0,"axis":"y","origin":[16.0,-20.0,0.0]},"faces":{"north":{"uv":[9.33333,3.5,8.0,3.83333],"texture":"#4"},"east":{"uv":[10.0,3.66667,9.5,4.0],"texture":"#4"},"south":{"uv":[11.33333,3.66667,10.0,4.0],"texture":"#4"},"west":{"uv":[10.0,3.66667,9.5,4.0],"texture":"#4"},"up":{"uv":[13.16667,1.16667,11.83333,1.66667],"texture":"#4"},"down":{"uv":[8.16667,3.66667,8.0,3.83333],"texture":"#4"}}},{"from":[3.0,8.5,-2.0],"to":[13.0,12.5,6.0],"rotation":{"angle":0.0,"axis":"y","origin":[0.0,-20.0,0.0]},"faces":{"north":{"uv":[7.83333,3.83333,9.5,4.5],"texture":"#4"},"east":{"uv":[9.33333,3.0,10.66667,3.66667],"texture":"#4"},"west":{"uv":[10.66667,3.0,9.33333,3.66667],"texture":"#4"},"up":{"uv":[11.16667,6.16667,12.83333,7.5],"texture":"#4"},"down":{"uv":[7.83333,7.16667,9.5,5.83333],"texture":"#4"}}},{"from":[12.0,6.5,7.0],"to":[14.0,11.5,12.0],"rotation":{"angle":0.0,"axis":"y","origin":[16.0,-20.0,0.0]},"faces":{"east":{"uv":[0.16667,7.66667,1.0,8.5],"texture":"#4"}}},{"from":[2.0,6.5,7.0],"to":[4.0,11.5,12.0],"rotation":{"angle":0.0,"axis":"y","origin":[0.0,-20.0,0.0]},"faces":{"west":{"uv":[1.0,7.66667,0.16667,8.5],"texture":"#4"}}}],"display":{"ground":{"translation":[0.0,4.25,0.0]},"gui":{"translation":[-0.25,1.5,0.0],"rotation":[-149.61,-31.92,-180.0],"scale":[0.67969,0.67969,0.67969]},"head":{"translation":[0.0,5.0,-3.5],"scale":[1.62148,1.62148,1.62148]}},"credit":"Made with Blockbench","gui_light":"front"}