{"textures":{"1":"mcc:island_cosmetics/general/hat/hayseed/hay_anim","2":"mcc:island_cosmetics/general/hat/hayseed/haunted","particle":"mcc:island_cosmetics/general/hat/hayseed/hay_anim"},"elements":[{"from":[-1.0,9.25,-1.0],"to":[17.0,10.0,17.0],"rotation":{"angle":0.0,"axis":"y","origin":[7.0,14.5,8.0]},"faces":{"up":{"uv":[0.0,1.66667,6.0,7.66667],"texture":"#2"},"down":{"uv":[0.0,1.66667,6.0,7.66667],"texture":"#2"}}},{"from":[-1.0,9.19291,-3.71299],"to":[17.0,9.94291,-0.71299],"rotation":{"angle":22.5,"axis":"x","origin":[8.0,9.94291,-0.71299]},"faces":{"up":{"uv":[0.0,7.66667,6.0,8.66667],"texture":"#2"},"down":{"uv":[6.0,8.66667,0.0,7.66667],"texture":"#2"}}},{"from":[-1.0,9.19291,16.71299],"to":[17.0,9.94291,19.71299],"rotation":{"angle":-22.5,"axis":"x","origin":[8.0,9.94291,16.71299]},"faces":{"up":{"uv":[0.0,8.66667,6.0,7.66667],"texture":"#2"},"down":{"uv":[6.0,7.66667,0.0,8.66667],"texture":"#2"}}},{"from":[-2.80823,5.79245,-1.0],"to":[0.19177,6.54245,17.0],"rotation":{"angle":-22.5,"axis":"z","origin":[8.28702,10.51694,8.0]},"faces":{"up":{"uv":[0.0,8.66667,6.0,7.66667],"texture":"#2","rotation":90},"down":{"uv":[6.0,7.66667,0.0,8.66667],"texture":"#2","rotation":270}}},{"from":[15.80823,5.79245,-1.0],"to":[18.80823,6.54245,17.0],"rotation":{"angle":22.5,"axis":"z","origin":[7.71298,10.51694,8.0]},"faces":{"up":{"uv":[0.0,7.66667,6.0,8.66667],"texture":"#2","rotation":90},"down":{"uv":[6.0,8.66667,0.0,7.66667],"texture":"#2","rotation":270}}},{"from":[-1.0,9.75,-4.0],"to":[17.0,9.75,-1.0],"rotation":{"angle":22.5,"axis":"x","origin":[8.0,9.75,-1.0]},"faces":{"north":{"uv":[13.66667,18.66667,17.33333,22.33333],"texture":"#2","tintindex":0},"east":{"uv":[13.66667,18.66667,17.33333,22.33333],"texture":"#2","tintindex":0},"south":{"uv":[13.66667,18.66667,17.33333,22.33333],"texture":"#2","tintindex":0},"west":{"uv":[13.66667,18.66667,17.33333,22.33333],"texture":"#2","tintindex":0},"up":{"uv":[0.33333,15.0,6.33333,16.0],"texture":"#2","tintindex":0},"down":{"uv":[6.33333,16.0,0.33333,15.0],"texture":"#2","tintindex":0}}},{"from":[-1.0,9.75,-1.0],"to":[17.0,9.75,17.0],"rotation":{"angle":0.0,"axis":"y","origin":[7.0,14.25,8.0]},"faces":{"up":{"uv":[2.0,15.66667,2.33333,16.0],"texture":"#2","tintindex":0},"down":{"uv":[2.0,15.66667,2.33333,16.0],"texture":"#2","tintindex":0}}},{"from":[16.09525,6.34954,-1.0],"to":[19.09525,6.34954,17.0],"rotation":{"angle":22.5,"axis":"z","origin":[8.0,10.32403,8.0]},"faces":{"north":{"uv":[13.66667,18.66667,17.33333,22.33333],"texture":"#2","tintindex":0},"east":{"uv":[13.66667,18.66667,17.33333,22.33333],"texture":"#2","tintindex":0},"south":{"uv":[13.66667,18.66667,17.33333,22.33333],"texture":"#2","tintindex":0},"west":{"uv":[13.66667,18.66667,17.33333,22.33333],"texture":"#2","tintindex":0},"up":{"uv":[0.33333,15.0,6.33333,16.0],"texture":"#2","tintindex":0,"rotation":90},"down":{"uv":[6.33333,16.0,0.33333,15.0],"texture":"#2","tintindex":0,"rotation":270}}},{"from":[-1.0,9.75,17.0],"to":[17.0,9.75,20.0],"rotation":{"angle":-22.5,"axis":"x","origin":[8.0,9.75,17.0]},"faces":{"north":{"uv":[17.33333,18.66667,13.66667,22.33333],"texture":"#2","tintindex":0},"east":{"uv":[17.33333,18.66667,13.66667,22.33333],"texture":"#2","tintindex":0},"south":{"uv":[17.33333,18.66667,13.66667,22.33333],"texture":"#2","tintindex":0},"west":{"uv":[17.33333,18.66667,13.66667,22.33333],"texture":"#2","tintindex":0},"up":{"uv":[0.33333,16.0,6.33333,15.0],"texture":"#2","tintindex":0},"down":{"uv":[6.33333,15.0,0.33333,16.0],"texture":"#2","tintindex":0}}},{"from":[-3.09525,6.34954,-1.0],"to":[-0.09525,6.34954,17.0],"rotation":{"angle":-22.5,"axis":"z","origin":[8.0,10.32403,8.0]},"faces":{"north":{"uv":[17.33333,18.66667,13.66667,22.33333],"texture":"#2","tintindex":0},"east":{"uv":[17.33333,18.66667,13.66667,22.33333],"texture":"#2","tintindex":0},"south":{"uv":[17.33333,18.66667,13.66667,22.33333],"texture":"#2","tintindex":0},"west":{"uv":[17.33333,18.66667,13.66667,22.33333],"texture":"#2","tintindex":0},"up":{"uv":[0.33333,16.0,6.33333,15.0],"texture":"#2","tintindex":0,"rotation":90},"down":{"uv":[6.33333,15.0,0.33333,16.0],"texture":"#2","tintindex":0,"rotation":270}}},{"from":[3.0,10.0,3.0],"to":[13.0,14.0,13.0],"rotation":{"angle":0.0,"axis":"y","origin":[7.0,14.5,8.0]},"faces":{"north":{"uv":[3.33333,0.0,6.66667,1.33333],"texture":"#2"},"east":{"uv":[3.33333,0.0,6.66667,1.33333],"texture":"#2"},"south":{"uv":[3.33333,0.0,6.66667,1.33333],"texture":"#2"},"west":{"uv":[3.33333,0.0,6.66667,1.33333],"texture":"#2"},"up":{"uv":[6.0,1.33333,9.33333,4.66667],"texture":"#2"}}},{"from":[2.9,10.15,2.9],"to":[13.1,11.35,13.1],"rotation":{"angle":0.0,"axis":"y","origin":[7.0,14.5,8.0]},"faces":{"north":{"uv":[0.33333,9.0,3.66667,9.33333],"texture":"#2","tintindex":0},"east":{"uv":[0.33333,9.0,3.66667,9.33333],"texture":"#2","tintindex":0},"south":{"uv":[0.33333,9.0,3.66667,9.33333],"texture":"#2","tintindex":0},"west":{"uv":[0.33333,9.0,3.66667,9.33333],"texture":"#2","tintindex":0}}},{"from":[3.3,1.8,3.3],"to":[12.7,11.2,12.7],"rotation":{"angle":0.0,"axis":"y","origin":[-0.5,-21.0,0.5]},"faces":{"north":{"uv":[6.0,4.66667,9.0,7.66667],"texture":"#2"},"east":{"uv":[9.0,7.66667,6.0,10.66667],"texture":"#2"},"south":{"uv":[3.0,9.66667,0.0,12.66667],"texture":"#2"},"west":{"uv":[6.0,7.66667,9.0,10.66667],"texture":"#2"},"down":{"uv":[9.0,7.66667,12.0,10.66667],"texture":"#2"}}},{"from":[3.3,1.8,3.3],"to":[12.7,11.2,12.7],"rotation":{"angle":0.0,"axis":"y","origin":[-0.5,-21.0,0.5]},"faces":{"north":{"uv":[9.0,4.66667,12.0,7.66667],"texture":"#2","tintindex":0}}},{"from":[12.5,2.0,12.5],"to":[3.5,-1.0,3.5],"rotation":{"angle":0.0,"axis":"y","origin":[-0.5,-21.0,0.5]},"faces":{"north":{"uv":[3.0,11.0,6.0,10.0],"texture":"#2"},"east":{"uv":[3.0,11.0,6.0,10.0],"texture":"#2"},"south":{"uv":[3.0,11.0,6.0,10.0],"texture":"#2"},"west":{"uv":[3.0,11.0,6.0,10.0],"texture":"#2"}}},{"from":[3.5,-1.0,3.5],"to":[12.5,2.0,12.5],"rotation":{"angle":0.0,"axis":"y","origin":[-0.5,-21.0,0.5]},"faces":{"north":{"uv":[3.0,10.0,6.0,11.0],"texture":"#2"},"east":{"uv":[3.0,10.0,6.0,11.0],"texture":"#2"},"south":{"uv":[3.0,10.0,6.0,11.0],"texture":"#2"},"west":{"uv":[3.0,10.0,6.0,11.0],"texture":"#2"}}},{"from":[-5.5,2.0,9.5],"to":[3.5,11.0,9.5],"rotation":{"angle":0.0,"axis":"y","origin":[-0.5,-21.0,0.5]},"faces":{"north":{"uv":[6.0,10.66667,9.0,13.66667],"texture":"#2"},"east":{"uv":[9.0,7.66667,6.0,10.66667],"texture":"#2"},"south":{"uv":[9.0,10.66667,6.0,13.66667],"texture":"#2"},"west":{"uv":[6.0,7.66667,9.0,10.66667],"texture":"#2"},"down":{"uv":[9.0,7.66667,12.0,10.66667],"texture":"#2"}}},{"from":[12.5,2.0,9.5],"to":[21.5,11.0,9.5],"rotation":{"angle":0.0,"axis":"y","origin":[16.5,-21.0,0.5]},"faces":{"north":{"uv":[9.0,10.66667,6.0,13.66667],"texture":"#2"},"east":{"uv":[9.0,7.66667,6.0,10.66667],"texture":"#2"},"south":{"uv":[6.0,10.66667,9.0,13.66667],"texture":"#2"},"west":{"uv":[6.0,7.66667,9.0,10.66667],"texture":"#2"},"down":{"uv":[12.0,7.66667,9.0,10.66667],"texture":"#2"}}},{"from":[0.77297,1.25,2.71662],"to":[0.77297,4.25,9.71662],"rotation":{"angle":-22.5,"axis":"y","origin":[0.77297,2.75,6.21662]},"faces":{"north":{"uv":[0.0,0.0,0.0,0.0],"texture":"#1"},"east":{"uv":[9.0,0.0,16.0,3.0],"texture":"#1"},"south":{"uv":[0.0,0.0,0.0,0.0],"texture":"#1"},"west":{"uv":[16.0,0.0,9.0,3.0],"texture":"#1"},"up":{"uv":[0.0,0.0,0.0,0.0],"texture":"#1","rotation":180},"down":{"uv":[0.0,0.0,0.0,0.0],"texture":"#1","rotation":180}}},{"from":[13.64124,2.25,20.71662],"to":[13.64124,5.25,27.71662],"rotation":{"angle":-22.5,"axis":"y","origin":[16.64124,7.75,6.21662]},"faces":{"north":{"uv":[0.0,0.0,0.0,0.0],"texture":"#1"},"east":{"uv":[9.0,5.0,16.0,8.0],"texture":"#1"},"south":{"uv":[0.0,0.0,0.0,0.0],"texture":"#1"},"west":{"uv":[16.0,5.0,9.0,8.0],"texture":"#1"},"up":{"uv":[0.0,0.0,0.0,0.0],"texture":"#1","rotation":90},"down":{"uv":[0.0,0.0,0.0,0.0],"texture":"#1","rotation":270}}},{"from":[13.58645,3.25,16.02317],"to":[20.58645,6.25,16.02317],"rotation":{"angle":-45.0,"axis":"y","origin":[16.08645,4.75,14.02317]},"faces":{"north":{"uv":[1.0,5.0,8.0,8.0],"texture":"#1"},"east":{"uv":[0.0,0.0,0.0,0.0],"texture":"#1"},"south":{"uv":[8.0,5.0,1.0,8.0],"texture":"#1"},"west":{"uv":[0.0,0.0,0.0,0.0],"texture":"#1"},"up":{"uv":[0.0,0.0,0.0,0.0],"texture":"#1"},"down":{"uv":[0.0,0.0,0.0,0.0],"texture":"#1"}}},{"from":[-3.58645,3.25,14.02317],"to":[3.41355,6.25,14.02317],"rotation":{"angle":45.0,"axis":"y","origin":[-0.08645,4.75,14.02317]},"faces":{"north":{"uv":[8.0,5.0,1.0,8.0],"texture":"#1"},"east":{"uv":[0.0,0.0,0.0,0.0],"texture":"#1"},"south":{"uv":[1.0,5.0,8.0,8.0],"texture":"#1"},"west":{"uv":[0.0,0.0,0.0,0.0],"texture":"#1"},"up":{"uv":[0.0,0.0,0.0,0.0],"texture":"#1"},"down":{"uv":[0.0,0.0,0.0,0.0],"texture":"#1"}}},{"from":[15.94153,6.25,6.25363],"to":[15.94153,9.25,13.25363],"rotation":{"angle":0.0,"axis":"y","origin":[15.94153,7.75,9.75363]},"faces":{"north":{"uv":[0.0,0.0,0.0,0.0],"texture":"#1"},"east":{"uv":[9.0,5.0,16.0,8.0],"texture":"#1"},"south":{"uv":[0.0,0.0,0.0,0.0],"texture":"#1"},"west":{"uv":[16.0,5.0,9.0,8.0],"texture":"#1"},"up":{"uv":[0.0,0.0,0.0,0.0],"texture":"#1","rotation":90},"down":{"uv":[0.0,0.0,0.0,0.0],"texture":"#1","rotation":270}}},{"from":[13.2,9.7,13.2],"to":[2.8,1.3,2.8],"rotation":{"angle":0.0,"axis":"y","origin":[-0.5,-21.0,0.5]},"faces":{"north":{"uv":[16.0,16.0,15.33333,15.33333],"texture":"#2","tintindex":0},"east":{"uv":[16.0,16.0,15.33333,15.33333],"texture":"#2","tintindex":0},"south":{"uv":[16.0,16.0,15.33333,15.33333],"texture":"#2","tintindex":0},"west":{"uv":[16.0,16.0,15.33333,15.33333],"texture":"#2","tintindex":0},"up":{"uv":[16.0,16.0,15.33333,15.33333],"texture":"#2","tintindex":0},"down":{"uv":[16.0,16.0,15.33333,15.33333],"texture":"#2","tintindex":0}}},{"from":[13.5,14.5,13.5],"to":[2.5,9.5,2.5],"rotation":{"angle":0.0,"axis":"y","origin":[-0.5,-21.0,0.5]},"faces":{"north":{"uv":[16.0,16.0,15.33333,15.33333],"texture":"#2","tintindex":0},"east":{"uv":[16.0,16.0,15.33333,15.33333],"texture":"#2","tintindex":0},"south":{"uv":[16.0,16.0,15.33333,15.33333],"texture":"#2","tintindex":0},"west":{"uv":[16.0,16.0,15.33333,15.33333],"texture":"#2","tintindex":0},"up":{"uv":[16.0,16.0,15.33333,15.33333],"texture":"#2","tintindex":0},"down":{"uv":[16.0,16.0,15.33333,15.33333],"texture":"#2","tintindex":0}}}],"display":{"thirdperson_righthand":{"translation":[0.0,1.0,0.75],"rotation":[55.5,34.0,0.0],"scale":[0.52539,0.52539,0.52539]},"thirdperson_lefthand":{"translation":[0.0,1.0,0.75],"rotation":[55.5,34.0,0.0],"scale":[0.52539,0.52539,0.52539]},"firstperson_righthand":{"translation":[9.5,0.0,-5.75],"rotation":[21.0,114.5,-13.75],"scale":[0.41992,0.41992,0.41992]},"firstperson_lefthand":{"translation":[9.5,0.0,-5.75],"rotation":[21.0,114.5,-13.75],"scale":[0.41992,0.41992,0.41992]},"ground":{"translation":[0.0,15.25,0.0],"scale":[0.84961,0.84961,0.84961]},"gui":{"translation":[0.0,1.0,0.0],"rotation":[-149.61,-31.92,-180.0],"scale":[0.60742,0.60742,0.60742]},"head":{"translation":[0.25,3.5,0.0],"rotation":[1.75,0.0,-1.5],"scale":[1.66641,1.66641,1.66641]}},"credit":"Made with Blockbench","gui_light":"front"}