{"textures":{"0":"mcc:island_cosmetics/general/hat/party_hat/striped","particle":"mcc:island_cosmetics/general/hat/party_hat/striped"},"elements":[{"from":[4.5,8.0,4.75],"to":[11.5,17.0,4.75],"rotation":{"angle":22.5,"axis":"x","origin":[8.5,9.5,6.5]},"faces":{"north":{"uv":[0.0,0.0,7.0,9.0],"texture":"#0","tintindex":0},"south":{"uv":[0.0,0.0,7.0,9.0],"texture":"#0","tintindex":0}}},{"from":[4.5,8.0,11.25],"to":[11.5,17.0,11.25],"rotation":{"angle":-22.5,"axis":"x","origin":[8.5,9.5,9.5]},"faces":{"north":{"uv":[7.0,0.0,0.0,9.0],"texture":"#0","tintindex":0},"south":{"uv":[7.0,0.0,0.0,9.0],"texture":"#0","tintindex":0}}},{"from":[6.18112,7.68793,4.5],"to":[6.18112,16.68793,11.5],"rotation":{"angle":-22.5,"axis":"z","origin":[8.0,12.94133,8.0]},"faces":{"east":{"uv":[7.0,0.0,0.0,9.0],"texture":"#0","tintindex":0},"west":{"uv":[7.0,0.0,0.0,9.0],"texture":"#0","tintindex":0}}},{"from":[5.93112,7.68793,4.5],"to":[5.93112,16.68793,11.5],"rotation":{"angle":-22.5,"axis":"z","origin":[8.0,12.94133,8.0]},"faces":{"east":{"uv":[7.0,0.0,14.0,9.0],"texture":"#0"},"west":{"uv":[14.0,0.0,7.0,9.0],"texture":"#0"}}},{"from":[10.06888,7.68793,4.5],"to":[10.06888,16.68793,11.5],"rotation":{"angle":22.5,"axis":"z","origin":[8.0,12.94133,8.0]},"faces":{"east":{"uv":[7.0,0.0,14.0,9.0],"texture":"#0"},"west":{"uv":[14.0,0.0,7.0,9.0],"texture":"#0"}}},{"from":[4.5,7.69521,10.03227],"to":[11.5,16.69521,10.03227],"rotation":{"angle":-22.5,"axis":"x","origin":[8.0,13.03701,8.0]},"faces":{"north":{"uv":[14.0,0.0,7.0,9.0],"texture":"#0"},"south":{"uv":[7.0,0.0,14.0,9.0],"texture":"#0"}}},{"from":[4.5,7.69521,5.96773],"to":[11.5,16.69521,5.96773],"rotation":{"angle":22.5,"axis":"x","origin":[8.0,13.03701,8.0]},"faces":{"north":{"uv":[14.0,0.0,7.0,9.0],"texture":"#0"},"south":{"uv":[7.0,0.0,14.0,9.0],"texture":"#0"}}},{"from":[9.81888,7.68793,4.5],"to":[9.81888,16.68793,11.5],"rotation":{"angle":22.5,"axis":"z","origin":[8.0,12.94133,8.0]},"faces":{"east":{"uv":[0.0,0.0,7.0,9.0],"texture":"#0","tintindex":0},"west":{"uv":[0.0,0.0,7.0,9.0],"texture":"#0","tintindex":0}}},{"from":[5.5,16.0,8.0],"to":[10.5,21.0,8.0],"rotation":{"angle":0.0,"axis":"y","origin":[8.0,17.5,8.0]},"faces":{"north":{"uv":[11.0,11.0,16.0,16.0],"texture":"#0"},"south":{"uv":[11.0,11.0,16.0,16.0],"texture":"#0"}}},{"from":[8.0,16.0,5.5],"to":[8.0,21.0,10.5],"rotation":{"angle":0.0,"axis":"y","origin":[8.0,18.5,8.0]},"faces":{"east":{"uv":[11.0,11.0,16.0,16.0],"texture":"#0"},"west":{"uv":[11.0,11.0,16.0,16.0],"texture":"#0"}}}],"display":{"thirdperson_righthand":{"translation":[0.0,1.0,0.75],"rotation":[55.5,34.0,0.0],"scale":[0.52539,0.52539,0.52539]},"thirdperson_lefthand":{"translation":[0.0,1.0,0.75],"rotation":[55.5,34.0,0.0],"scale":[0.52539,0.52539,0.52539]},"firstperson_righthand":{"translation":[9.5,0.0,-5.75],"rotation":[21.0,114.5,-13.75],"scale":[0.41992,0.41992,0.41992]},"firstperson_lefthand":{"translation":[9.5,0.0,-5.75],"rotation":[21.0,114.5,-13.75],"scale":[0.41992,0.41992,0.41992]},"gui":{"translation":[-0.25,-4.75,0.0],"rotation":[-149.61,-31.92,-180.0],"scale":[1.08789,1.08789,1.08789]},"head":{"translation":[0.0,5.0,0.0],"rotation":[12.25,-13.75,6.0],"scale":[1.6,1.6,1.6]}},"credit":"Made with Blockbench","gui_light":"front"}