{"textures":{"1":"mcc:island_cosmetics/general/hat/spartan/spartan"},"elements":[{"from":[3.5,2.0,3.5],"to":[12.5,13.0,12.5],"rotation":{"angle":0.0,"axis":"y","origin":[0.5,0.0,-1.5]},"faces":{"north":{"uv":[4.0,3.0,7.0,6.66667],"texture":"#1"},"east":{"uv":[1.0,3.0,4.0,6.66667],"texture":"#1"},"south":{"uv":[1.0,7.0,4.0,10.66667],"texture":"#1"},"west":{"uv":[4.0,3.0,1.0,6.66667],"texture":"#1"},"up":{"uv":[4.0,7.0,7.0,10.0],"texture":"#1"}}},{"from":[2.49,7.51008,7.5841],"to":[3.51,11.53008,11.6041],"rotation":{"angle":0.0,"axis":"x","origin":[8.0,9.52008,9.5941]},"faces":{"north":{"uv":[5.66667,0.0,6.0,1.33333],"texture":"#1"},"east":{"uv":[5.66667,0.0,7.0,1.33333],"texture":"#1"},"south":{"uv":[5.66667,0.0,6.0,1.33333],"texture":"#1"},"west":{"uv":[5.66667,0.0,7.0,1.33333],"texture":"#1"},"up":{"uv":[5.66667,0.0,7.0,0.33333],"texture":"#1","rotation":90},"down":{"uv":[5.66667,1.0,7.0,1.33333],"texture":"#1","rotation":90}}},{"from":[12.49,7.51008,7.5841],"to":[13.51,11.53008,11.6041],"rotation":{"angle":0.0,"axis":"x","origin":[8.0,9.52008,9.5941]},"faces":{"north":{"uv":[6.0,0.0,5.66667,1.33333],"texture":"#1"},"east":{"uv":[7.0,0.0,5.66667,1.33333],"texture":"#1"},"south":{"uv":[6.0,0.0,5.66667,1.33333],"texture":"#1"},"west":{"uv":[7.0,0.0,5.66667,1.33333],"texture":"#1"},"up":{"uv":[5.66667,0.33333,7.0,0.0],"texture":"#1","rotation":90},"down":{"uv":[5.66667,1.33333,7.0,1.0],"texture":"#1","rotation":90}}},{"from":[3.4,8.99672,2.6706],"to":[12.6,13.19672,9.8706],"rotation":{"angle":22.5,"axis":"x","origin":[8.0,11.09672,6.2706]},"faces":{"north":{"uv":[2.66667,0.0,5.66667,1.33333],"texture":"#1"},"east":{"uv":[0.33333,0.0,2.66667,1.33333],"texture":"#1"},"south":{"uv":[4.66667,1.33333,5.0,1.66667],"texture":"#1"},"west":{"uv":[2.66667,0.0,0.33333,1.33333],"texture":"#1"},"up":{"uv":[4.66667,1.33333,5.0,1.66667],"texture":"#1"},"down":{"uv":[4.66667,1.33333,5.0,1.66667],"texture":"#1"}}},{"from":[6.0,11.0,5.5],"to":[10.0,16.0,15.5],"rotation":{"angle":0.0,"axis":"y","origin":[1.0,1.0,-0.5]},"faces":{"north":{"uv":[4.0,10.66667,2.66667,12.33333],"texture":"#1"},"east":{"uv":[7.0,8.0,10.33333,9.66667],"texture":"#1"},"south":{"uv":[2.66667,10.66667,1.33333,12.33333],"texture":"#1"},"west":{"uv":[10.33333,8.0,7.0,9.66667],"texture":"#1"},"up":{"uv":[10.0,4.66667,11.33333,8.0],"texture":"#1"},"down":{"uv":[0.0,12.33333,3.33333,13.66667],"texture":"#1","rotation":90}}},{"from":[6.48,15.98,3.98],"to":[9.52,22.02,15.02],"rotation":{"angle":0.0,"axis":"x","origin":[8.0,13.92031,9.3934]},"faces":{"north":{"uv":[11.66667,8.33333,12.66667,10.33333],"texture":"#1","tintindex":0},"east":{"uv":[12.33333,0.33333,16.0,2.33333],"texture":"#1","tintindex":0},"south":{"uv":[12.33333,0.33333,12.66667,2.33333],"texture":"#1","tintindex":0},"west":{"uv":[16.0,0.33333,12.33333,2.33333],"texture":"#1","tintindex":0},"up":{"uv":[11.33333,0.0,12.33333,3.66667],"texture":"#1","tintindex":0},"down":{"uv":[12.33333,2.0,16.0,2.33333],"texture":"#1","tintindex":0,"rotation":90}}},{"from":[6.49,19.30802,10.97959],"to":[9.51,25.32802,18.99959],"rotation":{"angle":45.0,"axis":"x","origin":[8.0,18.81802,8.98959]},"faces":{"north":{"uv":[14.33333,6.0,14.66667,8.0],"texture":"#1","tintindex":0},"east":{"uv":[12.0,6.0,14.66667,8.0],"texture":"#1","tintindex":0},"south":{"uv":[12.0,6.0,12.33333,8.0],"texture":"#1","tintindex":0},"west":{"uv":[14.66667,6.0,12.0,8.0],"texture":"#1","tintindex":0},"up":{"uv":[10.33333,0.0,11.33333,2.66667],"texture":"#1","tintindex":0},"down":{"uv":[12.0,7.66667,14.66667,8.0],"texture":"#1","tintindex":0,"rotation":90}}},{"from":[6.5,10.34315,15.65685],"to":[9.5,16.34315,20.65685],"rotation":{"angle":0.0,"axis":"x","origin":[8.0,12.84315,16.65685]},"faces":{"north":{"uv":[14.33333,8.33333,14.66667,10.33333],"texture":"#1","tintindex":0},"east":{"uv":[13.0,8.33333,14.66667,10.33333],"texture":"#1","tintindex":0},"south":{"uv":[9.33333,0.0,10.33333,2.0],"texture":"#1","tintindex":0},"west":{"uv":[14.66667,8.33333,13.0,10.33333],"texture":"#1","tintindex":0},"up":{"uv":[9.33333,0.0,10.33333,2.0],"texture":"#1","tintindex":0},"down":{"uv":[14.66667,10.33333,13.66667,12.0],"texture":"#1","tintindex":0}}},{"from":[8.0,14.99016,1.1667],"to":[8.0,21.99016,4.1667],"rotation":{"angle":0.0,"axis":"x","origin":[8.0,13.41047,8.5601]},"faces":{"north":{"uv":[32.33333,15.0,33.33333,18.0],"texture":"#1","tintindex":0},"east":{"uv":[8.66667,2.33333,9.66667,4.66667],"texture":"#1","tintindex":0},"south":{"uv":[39.33333,18.0,39.66667,21.0],"texture":"#1","tintindex":0},"west":{"uv":[9.66667,2.33333,8.66667,4.66667],"texture":"#1","tintindex":0},"up":{"uv":[42.0,21.0,42.66667,24.33333],"texture":"#1","tintindex":0},"down":{"uv":[39.33333,20.66667,42.0,21.0],"texture":"#1","tintindex":0,"rotation":90}}},{"from":[8.0,5.34315,14.65685],"to":[8.0,10.34315,20.65685],"rotation":{"angle":0.0,"axis":"x","origin":[8.0,1.76346,8.05025]},"faces":{"north":{"uv":[32.33333,15.0,33.33333,18.0],"texture":"#1","tintindex":0},"east":{"uv":[11.33333,4.0,13.33333,5.66667],"texture":"#1","tintindex":0},"south":{"uv":[39.33333,18.0,39.66667,21.0],"texture":"#1","tintindex":0},"west":{"uv":[13.33333,4.0,11.33333,5.66667],"texture":"#1","tintindex":0},"up":{"uv":[42.0,21.0,42.66667,24.33333],"texture":"#1","tintindex":0},"down":{"uv":[39.33333,20.66667,42.0,21.0],"texture":"#1","tintindex":0,"rotation":90}}},{"from":[3.5,4.0,12.5],"to":[12.5,9.0,14.5],"rotation":{"angle":0.0,"axis":"y","origin":[0.5,0.0,-1.5]},"faces":{"north":{"uv":[5.66667,5.66667,6.0,6.0],"texture":"#1"},"east":{"uv":[7.0,3.66667,7.66667,5.33333],"texture":"#1"},"south":{"uv":[7.0,5.33333,10.0,7.0],"texture":"#1"},"west":{"uv":[7.66667,3.66667,7.0,5.33333],"texture":"#1"},"up":{"uv":[7.0,7.0,10.0,7.66667],"texture":"#1"},"down":{"uv":[5.66667,5.66667,6.0,6.0],"texture":"#1"}}},{"from":[12.5,13.0,12.5],"to":[3.5,2.0,3.5],"rotation":{"angle":0.0,"axis":"y","origin":[0.5,0.0,-1.5]},"faces":{"north":{"uv":[1.0,10.66667,4.0,7.0],"texture":"#1"},"east":{"uv":[4.0,6.66667,1.0,3.0],"texture":"#1"},"south":{"uv":[4.0,6.66667,7.0,3.0],"texture":"#1"},"west":{"uv":[1.0,6.66667,4.0,3.0],"texture":"#1"},"down":{"uv":[7.0,7.0,4.0,10.0],"texture":"#1"}}},{"from":[12.6,13.19672,9.8706],"to":[3.4,8.99672,2.6706],"rotation":{"angle":22.5,"axis":"x","origin":[8.0,11.09672,6.2706]},"faces":{"north":{"uv":[4.66667,1.66667,5.0,1.33333],"texture":"#1"},"east":{"uv":[2.66667,1.33333,0.33333,0.0],"texture":"#1"},"south":{"uv":[2.66667,1.33333,5.66667,0.0],"texture":"#1"},"west":{"uv":[0.33333,1.33333,2.66667,0.0],"texture":"#1"},"up":{"uv":[5.0,1.33333,4.66667,1.66667],"texture":"#1"},"down":{"uv":[5.0,1.33333,4.66667,1.66667],"texture":"#1"}}},{"from":[12.5,9.0,14.5],"to":[3.5,4.0,12.5],"rotation":{"angle":0.0,"axis":"y","origin":[0.5,0.0,-1.5]},"faces":{"north":{"uv":[7.0,7.0,10.0,5.33333],"texture":"#1"},"east":{"uv":[7.66667,5.33333,7.0,3.66667],"texture":"#1"},"south":{"uv":[5.66667,6.0,6.0,5.66667],"texture":"#1"},"west":{"uv":[7.0,5.33333,7.66667,3.66667],"texture":"#1"},"up":{"uv":[6.0,5.66667,5.66667,6.0],"texture":"#1"},"down":{"uv":[10.0,7.0,7.0,7.66667],"texture":"#1"}}}],"display":{"thirdperson_righthand":{"translation":[0.0,1.0,0.75],"rotation":[55.5,34.0,0.0],"scale":[0.52539,0.52539,0.52539]},"thirdperson_lefthand":{"translation":[0.0,1.0,0.75],"rotation":[55.5,34.0,0.0],"scale":[0.52539,0.52539,0.52539]},"firstperson_righthand":{"translation":[9.5,0.0,-5.75],"rotation":[21.0,114.5,-13.75],"scale":[0.41992,0.41992,0.41992]},"firstperson_lefthand":{"translation":[9.5,0.0,-5.75],"rotation":[21.0,114.5,-13.75],"scale":[0.41992,0.41992,0.41992]},"gui":{"translation":[0.25,-2.25,0.0],"rotation":[-149.61,-31.92,-180.0],"scale":[0.64648,0.64648,0.64648]},"head":{"translation":[0.0,-0.5,0.0],"scale":[1.66836,1.66836,1.66836]}},"credit":"Made with Blockbench","gui_light":"front"}