{"textures":{"1":"mcc:island_cosmetics/general/hat/skull/skull","2":"mcc:island_cosmetics/general/hat/skull/skull_flaming_anim","3":"mcc:island_cosmetics/general/hat/skull/skull_flaming_anim_2","particle":"mcc:island_cosmetics/general/hat/skull/skull_flaming_anim"},"elements":[{"from":[2.5,2.0,2.5],"to":[13.5,11.0,13.5],"rotation":{"angle":0.0,"axis":"x","origin":[8.5,9.5,7.5]},"faces":{"north":{"uv":[1.66667,12.0,5.33333,15.0],"texture":"#1"},"east":{"uv":[9.0,12.0,5.33333,15.0],"texture":"#1"},"south":{"uv":[9.0,12.0,12.66667,15.0],"texture":"#1"},"west":{"uv":[5.33333,12.0,9.0,15.0],"texture":"#1"},"up":{"uv":[9.0,8.33333,5.33333,12.0],"texture":"#1"},"down":{"uv":[9.0,8.33333,12.66667,12.0],"texture":"#1"}}},{"from":[4.0,0.0,2.5],"to":[12.0,2.0,4.5],"rotation":{"angle":0.0,"axis":"x","origin":[8.0,0.5,4.5]},"faces":{"north":{"uv":[1.66667,15.0,4.33333,15.66667],"texture":"#1"},"east":{"uv":[4.33333,15.0,5.0,15.66667],"texture":"#1"},"south":{"uv":[1.66667,15.0,4.33333,15.66667],"texture":"#1"},"west":{"uv":[4.33333,15.0,5.0,15.66667],"texture":"#1"},"up":{"uv":[1.66667,15.0,4.33333,15.33333],"texture":"#1"},"down":{"uv":[5.0,15.0,7.66667,15.66667],"texture":"#1"}}},{"from":[13.5,9.0,3.5],"to":[2.5,3.0,2.5],"rotation":{"angle":0.0,"axis":"y","origin":[8.5,9.5,7.5]},"faces":{"north":{"uv":[4.0,8.0,7.66667,6.0],"texture":"#1","tintindex":0}}},{"from":[13.5,9.0,3.5],"to":[2.5,3.0,2.5],"rotation":{"angle":0.0,"axis":"y","origin":[8.5,9.5,7.5]},"faces":{"north":{"uv":[7.66667,8.0,11.33333,6.0],"texture":"#1"},"east":{"uv":[7.66667,8.0,8.0,6.0],"texture":"#1"},"west":{"uv":[7.66667,8.0,8.0,6.0],"texture":"#1"},"up":{"uv":[7.66667,7.66667,11.33333,8.0],"texture":"#1"},"down":{"uv":[7.66667,6.0,11.33333,6.33333],"texture":"#1"}}},{"from":[14.0,20.5,14.0],"to":[2.0,10.5,2.0],"rotation":{"angle":0.0,"axis":"y","origin":[8.0,9.5,7.0]},"faces":{"north":{"uv":[0.0,14.0,12.0,2.0],"texture":"#2","tintindex":0},"east":{"uv":[0.0,14.0,12.0,2.0],"texture":"#2","tintindex":0},"south":{"uv":[0.0,14.0,12.0,2.0],"texture":"#2","tintindex":0},"west":{"uv":[0.0,14.0,12.0,2.0],"texture":"#2","tintindex":0}}},{"from":[14.0,10.5,14.0],"to":[2.0,1.5,2.0],"rotation":{"angle":0.0,"axis":"y","origin":[20.0,8.5,19.0]},"faces":{"north":{"uv":[7.0,12.16667,7.5,12.66667],"texture":"#2","tintindex":0},"east":{"uv":[7.0,12.16667,7.5,12.66667],"texture":"#2","tintindex":0},"south":{"uv":[7.0,12.16667,7.5,12.66667],"texture":"#2","tintindex":0},"west":{"uv":[7.0,12.16667,7.5,12.66667],"texture":"#2","tintindex":0}}},{"from":[12.5,2.5,5.0],"to":[3.5,-0.5,2.0],"rotation":{"angle":0.0,"axis":"y","origin":[16.5,0.5,4.5]},"faces":{"north":{"uv":[7.0,12.16667,7.5,12.66667],"texture":"#2","tintindex":0},"east":{"uv":[7.0,12.16667,7.5,12.66667],"texture":"#2","tintindex":0},"south":{"uv":[7.0,12.16667,7.5,12.66667],"texture":"#2","tintindex":0},"west":{"uv":[7.0,12.16667,7.5,12.66667],"texture":"#2","tintindex":0},"up":{"uv":[7.0,12.16667,7.5,12.66667],"texture":"#2","tintindex":0},"down":{"uv":[7.0,12.16667,7.5,12.66667],"texture":"#2","tintindex":0}}},{"from":[14.6,21.875,14.825],"to":[1.4,10.675,1.625],"rotation":{"angle":0.0,"axis":"y","origin":[8.0,9.575,7.125]},"faces":{"north":{"uv":[0.0,14.0,12.0,2.0],"texture":"#3","tintindex":0},"east":{"uv":[0.0,14.0,12.0,2.0],"texture":"#3","tintindex":0},"south":{"uv":[0.0,14.0,12.0,2.0],"texture":"#3","tintindex":0},"west":{"uv":[0.0,14.0,12.0,2.0],"texture":"#3","tintindex":0},"up":{"uv":[0.0,0.0,0.0,0.0],"texture":"#3"}}},{"from":[14.6,10.675,14.825],"to":[1.4,0.675,1.625],"rotation":{"angle":0.0,"axis":"y","origin":[21.2,8.475,20.325]},"faces":{"north":{"uv":[7.0,12.16667,7.5,12.66667],"texture":"#3","tintindex":0},"east":{"uv":[7.0,12.16667,7.5,12.66667],"texture":"#3","tintindex":0},"south":{"uv":[7.0,12.16667,7.5,12.66667],"texture":"#3","tintindex":0},"west":{"uv":[7.0,12.16667,7.5,12.66667],"texture":"#3","tintindex":0}}}],"display":{"thirdperson_righthand":{"translation":[0.0,1.0,0.75],"rotation":[55.5,34.0,0.0],"scale":[0.52539,0.52539,0.52539]},"thirdperson_lefthand":{"translation":[0.0,1.0,0.75],"rotation":[55.5,34.0,0.0],"scale":[0.52539,0.52539,0.52539]},"firstperson_righthand":{"translation":[9.5,0.0,-5.75],"rotation":[21.0,114.5,-13.75],"scale":[0.41992,0.41992,0.41992]},"firstperson_lefthand":{"translation":[9.5,0.0,-5.75],"rotation":[21.0,114.5,-13.75],"scale":[0.41992,0.41992,0.41992]},"gui":{"translation":[0.0,-1.25,0.0],"rotation":[-149.61,-31.92,-180.0],"scale":[0.6289,0.6289,0.6289]},"head":{"translation":[0.0,4.5,0.0],"scale":[1.62539,1.62539,1.62539]}},"credit":"Made with Blockbench","gui_light":"front"}