{"textures":{"0":"mcc:island_cosmetics/head/head","1":"mcc:island_cosmetics/head_variant/head_extra","particle":"mcc:island_cosmetics/head/head"},"credit":"Made with Blockbench","texture_size":[128.0,128.0],"elements":[{"from":[3.5,-0.26,3.5],"to":[12.5,5.74,12.5],"rotation":{"angle":0.0,"axis":"y","origin":[8.0,3.40667,8.0]},"faces":{"north":{"uv":[0.0,12.5,1.125,13.25],"texture":"#1"},"east":{"uv":[0.0,12.5,1.125,13.25],"texture":"#1"},"south":{"uv":[0.0,12.5,1.125,13.25],"texture":"#1"},"west":{"uv":[0.0,12.5,1.125,13.25],"texture":"#1"},"up":{"uv":[1.125,12.5,2.25,13.625],"texture":"#1"},"down":{"uv":[1.125,11.75,1.25,11.875],"texture":"#1"}}},{"from":[-0.01,-0.27,2.99],"to":[16.01,8.75,13.01],"rotation":{"angle":0.0,"axis":"y","origin":[8.0,3.40667,8.0]},"faces":{"north":{"uv":[2.125,10.0,4.125,11.125],"texture":"#1"},"east":{"uv":[0.0,10.0,1.25,11.125],"texture":"#1"},"south":{"uv":[2.125,11.125,4.125,12.25],"texture":"#1"},"west":{"uv":[0.0,10.0,1.25,11.125],"texture":"#1"},"up":{"uv":[0.625,10.125,0.75,10.25],"texture":"#1"},"down":{"uv":[0.0,11.125,2.0,12.375],"texture":"#1"}}},{"from":[14.01,4.73,4.99],"to":[19.01,17.73,4.99],"rotation":{"angle":-22.5,"axis":"z","origin":[13.51,20.23,2.99]},"faces":{"north":{"uv":[2.375,12.375,3.0,14.0],"texture":"#1","tintindex":0.0},"east":{"uv":[0.0,10.0,1.25,11.125],"texture":"#1"},"south":{"uv":[3.0,12.375,2.375,14.0],"texture":"#1","tintindex":0.0},"west":{"uv":[0.0,10.0,1.25,11.125],"texture":"#1"},"up":{"uv":[0.625,10.125,0.75,10.25],"texture":"#1"},"down":{"uv":[0.0,11.125,2.0,12.375],"texture":"#1"}}},{"from":[21.01,6.73,5.99],"to":[26.01,19.73,5.99],"rotation":{"angle":-45.0,"axis":"z","origin":[13.51,20.23,2.99]},"faces":{"north":{"uv":[3.0,12.375,3.625,14.0],"texture":"#1"},"east":{"uv":[0.0,10.0,1.25,11.125],"texture":"#1"},"south":{"uv":[3.625,12.375,3.0,14.0],"texture":"#1"},"west":{"uv":[0.0,10.0,1.25,11.125],"texture":"#1"},"up":{"uv":[0.625,10.125,0.75,10.25],"texture":"#1"},"down":{"uv":[0.0,11.125,2.0,12.375],"texture":"#1"}}},{"from":[3.0,-2.26,3.5],"to":[13.0,-0.26,12.5],"rotation":{"angle":0.0,"axis":"y","origin":[8.0,-1.26,8.0]},"faces":{"north":{"uv":[0.0,14.75,1.25,15.0],"texture":"#0","tintindex":0.0},"east":{"uv":[0.0,15.0,1.125,15.25],"texture":"#0","tintindex":0.0},"south":{"uv":[0.0,14.75,1.25,15.0],"texture":"#0","tintindex":0.0},"west":{"uv":[0.0,15.0,1.125,15.25],"texture":"#0","tintindex":0.0},"up":{"uv":[0.625,10.125,0.75,10.25],"texture":"#0","tintindex":0.0},"down":{"uv":[14.75,14.875,16.0,16.0],"texture":"#0","tintindex":0.0}}},{"from":[12.5,-8.26,4.25],"to":[12.5,-2.26,11.25],"rotation":{"angle":0.0,"axis":"y","origin":[12.5,-5.26,7.75]},"faces":{"north":{"uv":[13.5,15.25,14.75,16.0],"texture":"#0","tintindex":0.0},"east":{"uv":[12.75,15.25,13.625,16.0],"texture":"#0","tintindex":0.0},"south":{"uv":[13.125,15.625,13.25,15.75],"texture":"#0","tintindex":0.0},"west":{"uv":[13.625,15.25,12.75,16.0],"texture":"#0","tintindex":0.0},"up":{"uv":[13.25,15.75,13.125,15.625],"texture":"#0","tintindex":0.0},"down":{"uv":[13.25,15.75,13.125,15.625],"texture":"#0","tintindex":0.0}}},{"name":"cube inverted","from":[16.01,8.75,13.01],"to":[-0.01,-0.27,2.99],"rotation":{"angle":0.0,"axis":"y","origin":[8.0,3.40667,8.0]},"faces":{"north":{"uv":[2.125,12.25,4.125,11.125],"texture":"#1"},"east":{"uv":[0.0,11.125,1.25,10.0],"texture":"#1"},"south":{"uv":[2.125,11.125,4.125,10.0],"texture":"#1"},"west":{"uv":[0.0,11.125,1.25,10.0],"texture":"#1"},"up":{"uv":[2.0,11.125,0.0,12.375],"texture":"#1"},"down":{"uv":[0.75,10.125,0.625,10.25],"texture":"#1"}}}],"gui_light":"front","display":{"thirdperson_righthand":{"rotation":[64.25,0.0,0.0],"scale":[0.44336,0.44336,0.44336]},"thirdperson_lefthand":{"rotation":[64.25,0.0,0.0],"scale":[0.44336,0.44336,0.44336]},"firstperson_righthand":{"scale":[0.0,0.0,0.0]},"firstperson_lefthand":{"scale":[0.0,0.0,0.0]},"ground":{"translation":[0.0,4.25,0.0],"scale":[0.43945,0.43945,0.43945]},"gui":{"rotation":[-149.61,-31.92,-180.0],"translation":[0.0,5.25,0.0],"scale":[0.77538,0.77538,0.77538]},"head":{"translation":[0.0,19.25,0.0],"scale":[1.6957,1.6957,1.6957]}}}