{"textures":{"0":"mcc:island_cosmetics/general/hat/tribal_mask/tribal_mask","particle":"mcc:island_cosmetics/general/hat/tribal_mask/tribal_mask"},"elements":[{"from":[3.5,4.0,2.5],"to":[12.5,8.0,11.5],"rotation":{"angle":0.0,"axis":"y","origin":[0.5,0.0,-0.5]},"faces":{"east":{"uv":[0.0,12.66667,3.0,14.0],"texture":"#0"},"south":{"uv":[0.0,14.0,3.0,15.33333],"texture":"#0"},"west":{"uv":[3.0,12.66667,0.0,14.0],"texture":"#0"}}},{"from":[4.5,-1.0,11.5],"to":[11.5,5.0,11.5],"rotation":{"angle":0.0,"axis":"y","origin":[0.5,0.0,-0.5]},"faces":{"north":{"uv":[5.33333,12.66667,3.0,14.66667],"texture":"#0"},"east":{"uv":[0.0,39.66667,3.0,41.0],"texture":"#0"},"south":{"uv":[3.0,12.66667,5.33333,14.66667],"texture":"#0"},"west":{"uv":[3.0,39.66667,0.0,41.0],"texture":"#0"},"up":{"uv":[0.0,39.0,0.33333,39.33333],"texture":"#0"},"down":{"uv":[0.0,39.0,0.33333,39.33333],"texture":"#0"}}},{"from":[2.5,-3.0,0.5],"to":[13.5,14.0,3.5],"rotation":{"angle":0.0,"axis":"y","origin":[0.5,-1.0,-0.5]},"faces":{"north":{"uv":[8.66667,10.33333,12.33333,16.0],"texture":"#0"},"east":{"uv":[0.0,5.33333,1.0,11.0],"texture":"#0"},"south":{"uv":[1.0,7.0,4.66667,12.66667],"texture":"#0"},"west":{"uv":[1.0,5.33333,0.0,11.0],"texture":"#0"},"up":{"uv":[1.66667,34.0,2.0,34.33333],"texture":"#0"},"down":{"uv":[1.66667,34.0,2.0,34.33333],"texture":"#0"}}},{"from":[2.5,-3.0,0.5],"to":[13.5,14.0,3.5],"rotation":{"angle":0.0,"axis":"y","origin":[0.5,-1.0,-0.5]},"faces":{"north":{"uv":[12.33333,0.0,16.0,5.66667],"texture":"#0","tintindex":0},"east":{"uv":[11.0,0.0,12.0,5.66667],"texture":"#0","tintindex":0},"south":{"uv":[12.33333,6.0,16.0,11.66667],"texture":"#0","tintindex":0},"west":{"uv":[12.0,0.0,11.0,5.66667],"texture":"#0","tintindex":0},"up":{"uv":[1.0,6.0,4.66667,7.0],"texture":"#0","tintindex":0},"down":{"uv":[1.0,7.0,4.66667,6.0],"texture":"#0","tintindex":0}}},{"from":[5.5,14.0,0.25],"to":[10.5,23.0,0.25],"rotation":{"angle":-22.5,"axis":"x","origin":[8.0,18.5,1.5]},"faces":{"north":{"uv":[4.66667,6.0,6.33333,9.0],"texture":"#0"},"east":{"uv":[0.0,32.33333,1.0,38.0],"texture":"#0"},"south":{"uv":[6.33333,6.0,4.66667,9.0],"texture":"#0"},"west":{"uv":[1.0,32.33333,0.0,38.0],"texture":"#0"},"up":{"uv":[1.0,33.0,4.66667,34.0],"texture":"#0"},"down":{"uv":[1.0,34.0,4.66667,33.0],"texture":"#0"}}},{"from":[1.13604,10.29289,2.5],"to":[6.13604,19.29289,2.5],"rotation":{"angle":22.5,"axis":"z","origin":[1.63604,14.79289,2.5]},"faces":{"north":{"uv":[8.0,6.0,6.33333,9.0],"texture":"#0","tintindex":0},"east":{"uv":[0.0,32.33333,1.0,38.0],"texture":"#0","tintindex":0},"south":{"uv":[6.33333,6.0,8.0,9.0],"texture":"#0","tintindex":0},"west":{"uv":[1.0,32.33333,0.0,38.0],"texture":"#0","tintindex":0},"up":{"uv":[4.66667,33.0,1.0,34.0],"texture":"#0","tintindex":0},"down":{"uv":[4.66667,34.0,1.0,33.0],"texture":"#0","tintindex":0}}},{"from":[-1.86396,10.29289,2.5],"to":[7.13604,15.29289,2.5],"rotation":{"angle":-22.5,"axis":"z","origin":[1.63604,14.79289,2.5]},"faces":{"north":{"uv":[9.33333,6.0,7.66667,9.0],"texture":"#0","rotation":90},"east":{"uv":[4.66667,34.0,1.0,33.0],"texture":"#0","rotation":270},"south":{"uv":[9.33333,6.0,7.66667,9.0],"texture":"#0","rotation":270},"west":{"uv":[4.66667,33.0,1.0,34.0],"texture":"#0","rotation":270},"up":{"uv":[0.0,32.33333,1.0,38.0],"texture":"#0","rotation":270},"down":{"uv":[1.0,32.33333,0.0,38.0],"texture":"#0","rotation":270}}},{"from":[8.86396,10.29289,2.5],"to":[17.86396,15.29289,2.5],"rotation":{"angle":22.5,"axis":"z","origin":[14.36396,14.79289,2.5]},"faces":{"north":{"uv":[9.33333,9.0,7.66667,6.0],"texture":"#0","rotation":90},"east":{"uv":[4.66667,34.0,1.0,33.0],"texture":"#0","rotation":270},"south":{"uv":[9.33333,9.0,7.66667,6.0],"texture":"#0","rotation":270},"west":{"uv":[4.66667,33.0,1.0,34.0],"texture":"#0","rotation":270},"up":{"uv":[0.0,38.0,1.0,32.33333],"texture":"#0","rotation":270},"down":{"uv":[1.0,38.0,0.0,32.33333],"texture":"#0","rotation":270}}},{"from":[9.86396,10.29289,1.5],"to":[14.86396,19.29289,1.5],"rotation":{"angle":-22.5,"axis":"z","origin":[14.36396,14.79289,2.5]},"faces":{"north":{"uv":[6.33333,6.0,8.0,9.0],"texture":"#0","tintindex":0},"east":{"uv":[0.0,32.33333,1.0,38.0],"texture":"#0","tintindex":0},"south":{"uv":[8.0,6.0,6.33333,9.0],"texture":"#0","tintindex":0},"west":{"uv":[1.0,32.33333,0.0,38.0],"texture":"#0","tintindex":0},"up":{"uv":[1.0,33.0,4.66667,34.0],"texture":"#0","tintindex":0},"down":{"uv":[1.0,34.0,4.66667,33.0],"texture":"#0","tintindex":0}}},{"from":[6.5,4.0,-1.5],"to":[9.5,10.0,0.5],"rotation":{"angle":0.0,"axis":"x","origin":[8.0,6.0,-0.5]},"faces":{"north":{"uv":[3.66667,3.0,4.66667,5.0],"texture":"#0"},"east":{"uv":[7.0,3.0,6.33333,5.0],"texture":"#0"},"west":{"uv":[6.33333,3.0,7.0,5.0],"texture":"#0"},"up":{"uv":[5.33333,0.33333,6.33333,1.0],"texture":"#0"},"down":{"uv":[3.66667,4.66667,4.0,5.0],"texture":"#0"}}},{"from":[9.5,6.94,-1.5],"to":[14.56,10.0,0.56],"rotation":{"angle":0.0,"axis":"z","origin":[12.03,8.47,-0.47]},"faces":{"north":{"uv":[4.66667,3.0,6.33333,4.0],"texture":"#0","tintindex":0},"east":{"uv":[7.0,3.66667,7.66667,4.66667],"texture":"#0","tintindex":0},"south":{"uv":[7.0,4.33333,7.33333,4.66667],"texture":"#0","tintindex":0},"west":{"uv":[7.66667,3.66667,8.33333,4.66667],"texture":"#0","tintindex":0},"up":{"uv":[7.0,3.0,8.66667,3.66667],"texture":"#0","tintindex":0},"down":{"uv":[7.0,5.0,5.33333,5.66667],"texture":"#0","tintindex":0}}},{"from":[1.44,6.94,-1.5],"to":[6.5,10.0,0.56],"rotation":{"angle":0.0,"axis":"z","origin":[3.97,8.47,-0.47]},"faces":{"north":{"uv":[6.33333,3.0,4.66667,4.0],"texture":"#0","tintindex":0},"east":{"uv":[8.33333,3.66667,7.66667,4.66667],"texture":"#0","tintindex":0},"south":{"uv":[7.33333,4.33333,7.0,4.66667],"texture":"#0","tintindex":0},"west":{"uv":[7.66667,3.66667,7.0,4.66667],"texture":"#0","tintindex":0},"up":{"uv":[8.66667,3.0,7.0,3.66667],"texture":"#0","tintindex":0},"down":{"uv":[5.33333,5.0,7.0,5.66667],"texture":"#0","tintindex":0}}},{"from":[1.5,-1.0,-0.5],"to":[14.5,4.0,1.5],"rotation":{"angle":0.0,"axis":"y","origin":[8.0,1.5,0.5]},"faces":{"north":{"uv":[3.66667,1.0,8.0,2.66667],"texture":"#0"},"east":{"uv":[8.0,1.0,8.66667,2.66667],"texture":"#0"},"south":{"uv":[8.0,1.0,8.33333,2.66667],"texture":"#0"},"west":{"uv":[8.66667,1.0,8.0,2.66667],"texture":"#0"},"up":{"uv":[1.0,5.33333,5.33333,6.0],"texture":"#0"},"down":{"uv":[0.66667,1.0,0.0,5.33333],"texture":"#0","rotation":90}}},{"from":[12.5,8.0,11.5],"to":[3.5,4.0,2.5],"rotation":{"angle":0.0,"axis":"y","origin":[0.5,0.0,-0.5]},"faces":{"north":{"uv":[0.0,15.33333,3.0,14.0],"texture":"#0"},"east":{"uv":[3.0,14.0,0.0,12.66667],"texture":"#0"},"west":{"uv":[0.0,14.0,3.0,12.66667],"texture":"#0"}}}],"display":{"thirdperson_righthand":{"translation":[0.0,1.0,-1.0],"rotation":[63.0,34.0,0.0],"scale":[0.52539,0.52539,0.52539]},"thirdperson_lefthand":{"translation":[0.0,1.0,-1.0],"rotation":[63.0,34.0,0.0],"scale":[0.52539,0.52539,0.52539]},"firstperson_righthand":{"translation":[9.5,0.0,-5.75],"rotation":[3.0,112.0,-13.0],"scale":[0.41992,0.41992,0.41992]},"firstperson_lefthand":{"translation":[9.5,0.0,-5.75],"rotation":[3.0,112.0,-13.0],"scale":[0.41992,0.41992,0.41992]},"ground":{"translation":[0.0,4.25,0.0],"scale":[0.28906,0.28906,0.28906]},"gui":{"translation":[-2.0,1.5,0.0],"rotation":[-149.61,-31.92,-180.0],"scale":[0.64453,0.64453,0.64453]},"head":{"translation":[0.0,3.5,2.5],"scale":[1.5375,1.5375,1.5375]},"fixed":{"translation":[0.0,-3.25,-7.5]}},"credit":"Made with Blockbench","gui_light":"front"}