{"textures":{"1":"mcc:island_cosmetics/general/accessory/lollipop_staff/lollipop_staff","2":"mcc:island_cosmetics/general/hat/cupcake/knight","4":"mcc:island_cosmetics/general/hat/cupcake/choc","particle":"mcc:island_cosmetics/general/accessory/lollipop_staff/lollipop_staff"},"elements":[{"from":[2.5,7.0,3.25],"to":[13.5,10.0,14.25],"rotation":{"angle":22.5,"axis":"x","origin":[7.5,9.0,8.0]},"faces":{"north":{"uv":[4.0,8.0,7.66667,9.0],"texture":"#4","tintindex":0},"east":{"uv":[4.0,8.0,7.66667,9.0],"texture":"#4","tintindex":0},"south":{"uv":[4.0,8.0,7.66667,9.0],"texture":"#4","tintindex":0},"west":{"uv":[4.0,8.0,7.66667,9.0],"texture":"#4","tintindex":0},"down":{"uv":[7.0,0.0,10.66667,3.66667],"texture":"#4","tintindex":0}}},{"from":[5.90433,16.60663,11.15243],"to":[9.90433,20.60663,15.15243],"rotation":{"angle":-45.0,"axis":"x","origin":[7.90433,19.10663,12.90243]},"faces":{"north":{"uv":[0.0,0.33333,0.33333,0.66667],"texture":"#4","rotation":180},"east":{"uv":[0.0,1.66667,1.33333,0.33333],"texture":"#4","rotation":270},"south":{"uv":[0.0,3.0,1.33333,1.66667],"texture":"#4"},"west":{"uv":[0.0,1.66667,1.33333,0.33333],"texture":"#4","rotation":90},"up":{"uv":[0.0,1.66667,1.33333,0.33333],"texture":"#4","rotation":180},"down":{"uv":[0.0,1.66667,1.33333,0.33333],"texture":"#4"}}},{"from":[1.9,9.9,2.65],"to":[14.1,15.1,14.85],"rotation":{"angle":22.5,"axis":"x","origin":[-7.0,9.0,8.0]},"faces":{"north":{"uv":[0.0,9.0,4.0,10.66667],"texture":"#4"},"east":{"uv":[0.0,9.0,4.0,10.66667],"texture":"#4"},"south":{"uv":[0.0,9.0,4.0,10.66667],"texture":"#4"},"west":{"uv":[0.0,9.0,4.0,10.66667],"texture":"#4"},"up":{"uv":[4.0,4.0,8.0,8.0],"texture":"#4"},"down":{"uv":[4.0,4.0,8.0,8.0],"texture":"#4"}}},{"from":[3.5,14.0,4.25],"to":[12.5,18.0,13.25],"rotation":{"angle":22.5,"axis":"x","origin":[8.5,9.0,8.0]},"faces":{"north":{"uv":[0.0,3.0,3.0,4.33333],"texture":"#4"},"east":{"uv":[0.0,3.0,3.0,4.33333],"texture":"#4"},"south":{"uv":[0.0,3.0,3.0,4.33333],"texture":"#4"},"west":{"uv":[0.0,3.0,3.0,4.33333],"texture":"#4"},"up":{"uv":[0.0,4.33333,3.0,7.33333],"texture":"#4"}}},{"from":[1.6,9.6,2.35],"to":[14.4,15.4,15.15],"rotation":{"angle":22.5,"axis":"x","origin":[8.0,9.0,8.0]},"faces":{"north":{"uv":[0.0,7.33333,4.0,9.0],"texture":"#4"},"east":{"uv":[0.0,7.33333,4.0,9.0],"texture":"#4"},"south":{"uv":[0.0,7.33333,4.0,9.0],"texture":"#4"},"west":{"uv":[0.0,7.33333,4.0,9.0],"texture":"#4"},"up":{"uv":[3.0,0.0,7.0,4.0],"texture":"#4"}}},{"from":[4.2,17.7,4.95],"to":[11.8,19.3,12.55],"rotation":{"angle":22.5,"axis":"x","origin":[8.5,9.0,8.0]},"faces":{"north":{"uv":[0.0,10.66667,2.33333,11.0],"texture":"#4"},"east":{"uv":[0.0,10.66667,2.33333,11.0],"texture":"#4"},"south":{"uv":[0.0,10.66667,2.33333,11.0],"texture":"#4"},"west":{"uv":[0.0,10.66667,2.33333,11.0],"texture":"#4"},"up":{"uv":[0.0,11.0,2.33333,13.33333],"texture":"#4"},"down":{"uv":[0.66667,12.0,1.0,12.33333],"texture":"#4"}}},{"from":[6.0,4.0,13.0],"to":[10.0,8.0,16.0],"rotation":{"angle":0.0,"axis":"y","origin":[8.0,-8.0,-1.0]},"faces":{"north":{"uv":[0.0,6.0,2.0,8.0],"texture":"#1","tintindex":0,"rotation":270},"east":{"uv":[3.5,8.0,2.0,10.0],"texture":"#1","tintindex":0},"south":{"uv":[2.0,6.0,0.0,8.0],"texture":"#1","tintindex":0,"rotation":90},"west":{"uv":[3.5,8.0,2.0,10.0],"texture":"#1","tintindex":0},"up":{"uv":[1.5,10.0,0.0,12.0],"texture":"#1","tintindex":0,"rotation":90},"down":{"uv":[3.0,10.0,1.5,12.0],"texture":"#1","tintindex":0,"rotation":90}}},{"from":[2.0,0.0,14.5],"to":[14.0,8.0,14.5],"rotation":{"angle":0.0,"axis":"y","origin":[8.0,-8.0,-1.0]},"faces":{"north":{"uv":[0.0,0.0,4.0,6.0],"texture":"#1","tintindex":0,"rotation":270},"east":{"uv":[0.0,0.0,0.33333,0.33333],"texture":"#1"},"south":{"uv":[4.0,0.0,0.0,6.0],"texture":"#1","tintindex":0,"rotation":90},"west":{"uv":[0.0,0.0,0.33333,0.33333],"texture":"#1","rotation":180},"up":{"uv":[0.0,0.0,0.33333,0.33333],"texture":"#1","rotation":90},"down":{"uv":[0.0,0.0,0.33333,0.33333],"texture":"#1","rotation":90}}},{"from":[1.3,9.3,2.05],"to":[14.7,15.7,15.45],"rotation":{"angle":22.5,"axis":"x","origin":[8.0,9.0,8.0]},"faces":{"north":{"uv":[12.0,10.33333,16.0,12.0],"texture":"#2"},"east":{"uv":[12.0,10.33333,16.0,12.0],"texture":"#2"},"south":{"uv":[12.0,10.33333,16.0,12.0],"texture":"#2"},"west":{"uv":[12.0,10.33333,16.0,12.0],"texture":"#2"},"down":{"uv":[0.0,0.0,0.0,0.0],"texture":"#2"}}},{"from":[3.1,13.6,3.85],"to":[12.9,18.4,13.65],"rotation":{"angle":22.5,"axis":"x","origin":[8.5,9.0,8.0]},"faces":{"north":{"uv":[9.0,11.66667,12.0,13.0],"texture":"#2"},"east":{"uv":[9.0,11.66667,12.0,13.0],"texture":"#2"},"south":{"uv":[9.0,11.66667,12.0,13.0],"texture":"#2"},"west":{"uv":[0.0,3.0,3.0,4.33333],"texture":"#2"},"up":{"uv":[9.0,13.0,12.0,16.0],"texture":"#2"}}}],"display":{"thirdperson_righthand":{"translation":[0.0,1.0,-1.0],"rotation":[63.0,34.0,0.0],"scale":[0.52539,0.52539,0.52539]},"thirdperson_lefthand":{"translation":[0.0,1.0,-1.0],"rotation":[63.0,34.0,0.0],"scale":[0.52539,0.52539,0.52539]},"firstperson_righthand":{"translation":[9.5,0.0,-5.75],"rotation":[3.0,112.0,-13.0],"scale":[0.41992,0.41992,0.41992]},"firstperson_lefthand":{"translation":[9.5,0.0,-5.75],"rotation":[3.0,112.0,-13.0],"scale":[0.41992,0.41992,0.41992]},"ground":{"translation":[0.0,4.25,0.0],"scale":[0.28906,0.28906,0.28906]},"gui":{"translation":[0.75,-5.0,0.0],"rotation":[-149.61,-31.92,-180.0],"scale":[0.78711,0.78711,0.78711]},"head":{"translation":[0.0,3.75,0.0],"scale":[1.6,1.6,1.6]},"fixed":{"translation":[0.0,-3.25,-7.5]}},"credit":"Made with Blockbench","gui_light":"front"}