{"textures":{"0":"mcc:island_cosmetics/head/head_8","particle":"mcc:island_cosmetics/head/head_8"},"credit":"Made with Blockbench","texture_size":[128.0,128.0],"elements":[{"from":[2.5,-1.0,3.0],"to":[13.5,12.0,14.0],"rotation":{"angle":0.0,"axis":"y","origin":[0.5,0.0,0.0]},"faces":{"north":{"uv":[1.375,0.0,2.75,1.625],"texture":"#0","tintindex":0.0},"east":{"uv":[2.75,0.0,4.125,1.625],"texture":"#0","tintindex":0.0},"south":{"uv":[6.25,0.75,7.625,2.375],"texture":"#0","tintindex":0.0},"west":{"uv":[4.125,0.0,2.75,1.625],"texture":"#0","tintindex":0.0},"up":{"uv":[2.125,1.625,3.5,3.0],"texture":"#0","tintindex":0.0}}},{"from":[14.0731,-3.8862,3.0],"to":[14.0731,-0.8862,14.0],"rotation":{"angle":22.5,"axis":"z","origin":[14.0731,-2.3862,8.5]},"faces":{"north":{"uv":[0.0,0.5,1.25,2.0],"texture":"#missing"},"east":{"uv":[3.5,1.625,4.875,2.0],"texture":"#0","tintindex":0.0},"south":{"uv":[1.875,3.125,3.125,4.625],"texture":"#missing"},"west":{"uv":[3.5,1.625,4.875,2.0],"texture":"#0","tintindex":0.0},"up":{"uv":[2.5,1.25,3.75,0.0],"texture":"#missing"},"down":{"uv":[3.75,0.0,5.0,1.25],"texture":"#missing"}}},{"from":[1.9269,-3.8862,3.0],"to":[1.9269,-0.8862,14.0],"rotation":{"angle":-22.5,"axis":"z","origin":[1.9269,-2.3862,8.5]},"faces":{"north":{"uv":[1.25,0.5,0.0,2.0],"texture":"#missing"},"east":{"uv":[3.5,1.625,4.875,2.0],"texture":"#0","tintindex":0.0},"south":{"uv":[3.125,3.125,1.875,4.625],"texture":"#missing"},"west":{"uv":[3.5,1.625,4.875,2.0],"texture":"#0","tintindex":0.0},"up":{"uv":[3.75,1.25,2.5,0.0],"texture":"#missing"},"down":{"uv":[5.0,0.0,3.75,1.25],"texture":"#missing"}}},{"from":[2.5,-6.21028,2.88919],"to":[13.5,-3.21028,2.88919],"rotation":{"angle":22.5,"axis":"x","origin":[8.0,-2.3862,8.5]},"faces":{"north":{"uv":[3.5,1.625,4.875,2.0],"texture":"#0","tintindex":0.0},"east":{"uv":[1.25,0.5,0.0,2.0],"texture":"#missing"},"south":{"uv":[3.5,1.625,4.875,2.0],"texture":"#0","tintindex":0.0},"west":{"uv":[3.125,3.125,1.875,4.625],"texture":"#missing"},"up":{"uv":[3.75,1.25,2.5,0.0],"rotation":90.0,"texture":"#missing"},"down":{"uv":[5.0,0.0,3.75,1.25],"rotation":270.0,"texture":"#missing"}}},{"from":[2.5,-6.21028,14.11081],"to":[13.5,-3.21028,14.11081],"rotation":{"angle":-22.5,"axis":"x","origin":[8.0,-2.3862,8.5]},"faces":{"north":{"uv":[3.5,1.625,4.875,2.0],"texture":"#0","tintindex":0.0},"east":{"uv":[0.0,0.5,1.25,2.0],"texture":"#missing"},"south":{"uv":[3.5,1.625,4.875,2.0],"texture":"#0","tintindex":0.0},"west":{"uv":[1.875,3.125,3.125,4.625],"texture":"#missing"},"up":{"uv":[2.5,1.25,3.75,0.0],"rotation":90.0,"texture":"#missing"},"down":{"uv":[3.75,0.0,5.0,1.25],"rotation":270.0,"texture":"#missing"}}},{"from":[0.5,5.0,1.0],"to":[5.5,10.0,6.0],"rotation":{"angle":0.0,"axis":"y","origin":[2.5,7.5,4.5]},"faces":{"north":{"uv":[4.875,0.0,4.25,0.625],"texture":"#0"},"east":{"uv":[4.25,0.625,4.875,1.25],"texture":"#0"},"south":{"uv":[4.25,0.625,4.875,1.25],"texture":"#0"},"west":{"uv":[4.25,0.0,4.875,0.625],"texture":"#0"},"up":{"uv":[4.875,0.75,5.5,1.375],"texture":"#0"},"down":{"uv":[5.5,0.75,6.125,1.375],"texture":"#0"}}},{"from":[10.5,5.0,1.0],"to":[15.5,10.0,6.0],"rotation":{"angle":0.0,"axis":"y","origin":[13.0,7.5,3.5]},"faces":{"north":{"uv":[4.25,0.0,4.875,0.625],"texture":"#0"},"east":{"uv":[4.875,0.0,4.25,0.625],"texture":"#0"},"south":{"uv":[4.875,0.625,4.25,1.25],"texture":"#0"},"west":{"uv":[4.875,0.625,4.25,1.25],"texture":"#0"},"up":{"uv":[5.5,0.75,4.875,1.375],"texture":"#0"},"down":{"uv":[6.125,0.75,5.5,1.375],"texture":"#0"}}},{"from":[4.0,3.0,-2.0],"to":[12.0,6.0,3.0],"faces":{"north":{"uv":[4.875,0.0,5.875,0.375],"texture":"#0"},"east":{"uv":[5.5,0.375,4.875,0.75],"texture":"#0"},"west":{"uv":[4.875,0.375,5.5,0.75],"texture":"#0"},"up":{"uv":[6.875,0.0,5.875,0.625],"texture":"#0"},"down":{"uv":[6.875,0.0,7.875,0.625],"texture":"#0"}}},{"from":[5.5,0.0,0.0],"to":[10.5,4.0,3.0],"rotation":{"angle":0.0,"axis":"y","origin":[-0.5,0.0,0.0]},"faces":{"north":{"uv":[5.125,2.25,4.5,2.75],"texture":"#0"},"east":{"uv":[4.875,2.75,4.5,3.25],"texture":"#0"},"west":{"uv":[4.5,2.75,4.875,3.25],"texture":"#0"},"down":{"uv":[5.5,2.75,4.875,3.125],"texture":"#0"}}},{"from":[7.0,9.99889,2.85275],"to":[9.0,14.99889,7.85275],"rotation":{"angle":22.5,"axis":"x","origin":[8.0,12.49889,5.35275]},"faces":{"north":{"uv":[3.25,3.125,3.0,3.75],"texture":"#0"},"east":{"uv":[2.75,3.125,2.125,3.75],"texture":"#0"},"south":{"uv":[3.5,3.125,3.25,3.75],"texture":"#0"},"west":{"uv":[2.125,3.125,2.75,3.75],"texture":"#0"},"up":{"uv":[2.75,3.125,3.0,3.75],"texture":"#0"},"down":{"uv":[3.75,3.125,3.5,3.75],"texture":"#0"}}},{"from":[8.0,9.73528,-1.84619],"to":[8.0,18.73528,9.15381],"rotation":{"angle":-22.5,"axis":"x","origin":[8.0,13.24784,4.58058]},"faces":{"north":{"uv":[3.125,1.25,3.375,1.875],"rotation":180.0,"texture":"#0"},"east":{"uv":[2.25,4.875,3.625,3.75],"rotation":180.0,"texture":"#0"},"south":{"uv":[0.0,0.0,1.25,1.25],"texture":"#0"},"west":{"uv":[3.625,4.875,2.25,3.75],"rotation":180.0,"texture":"#0"},"up":{"uv":[3.875,1.25,3.625,1.875],"texture":"#0"},"down":{"uv":[3.625,1.25,3.375,1.875],"rotation":180.0,"texture":"#0"}}},{"name":"cube inverted","from":[13.5,12.0,14.0],"to":[2.5,-1.0,3.0],"rotation":{"angle":0.0,"axis":"y","origin":[0.5,0.0,0.0]},"faces":{"north":{"uv":[6.25,2.375,7.625,0.75],"texture":"#0","tintindex":0.0},"east":{"uv":[4.125,1.625,2.75,0.0],"texture":"#0","tintindex":0.0},"south":{"uv":[1.375,1.625,2.75,0.0],"texture":"#0","tintindex":0.0},"west":{"uv":[2.75,1.625,4.125,0.0],"texture":"#0","tintindex":0.0},"down":{"uv":[3.5,1.625,2.125,3.0],"texture":"#0","tintindex":0.0}}}],"gui_light":"front","display":{"thirdperson_righthand":{"rotation":[63.0,34.0,0.0],"translation":[0.0,1.0,-1.0],"scale":[0.52539,0.52539,0.52539]},"thirdperson_lefthand":{"rotation":[63.0,34.0,0.0],"translation":[0.0,1.0,-1.0],"scale":[0.52539,0.52539,0.52539]},"firstperson_righthand":{"rotation":[3.0,112.0,-13.0],"translation":[9.5,0.0,-5.75],"scale":[0.41992,0.41992,0.41992]},"firstperson_lefthand":{"rotation":[3.0,112.0,-13.0],"translation":[9.5,0.0,-5.75],"scale":[0.41992,0.41992,0.41992]},"ground":{"translation":[0.0,4.25,0.0],"scale":[0.28906,0.28906,0.28906]},"gui":{"rotation":[-149.61,-31.92,-180.0],"translation":[-0.25,2.0,0.0],"scale":[0.67968,0.67968,0.67968]},"head":{"translation":[0.0,4.75,0.0],"scale":[1.6,1.6,1.6]},"fixed":{"translation":[0.0,-3.25,-7.5]}}}