{"textures":{"0":"mcc:island_cosmetics/head/head","particle":"mcc:island_cosmetics/head/head"},"credit":"Made with Blockbench","texture_size":[128.0,128.0],"elements":[{"from":[-1.0,0.75,-1.0],"to":[17.0,0.75,17.0],"faces":{"north":{"uv":[3.875,0.75,5.125,1.25],"texture":"#0"},"east":{"uv":[3.875,0.75,5.125,1.25],"texture":"#0"},"south":{"uv":[3.875,0.75,5.125,1.25],"texture":"#0"},"west":{"uv":[3.875,0.75,5.125,1.25],"texture":"#0"},"up":{"uv":[11.25,8.625,13.5,10.875],"texture":"#0"},"down":{"uv":[11.25,8.625,13.5,10.875],"texture":"#0"}}},{"from":[-1.0,1.18985,-3.78873],"to":[17.0,1.18985,-0.78873],"rotation":{"angle":-22.5,"axis":"x","origin":[0.0,0.43985,0.21127]},"faces":{"north":{"uv":[3.875,0.75,5.125,1.25],"texture":"#0"},"east":{"uv":[3.875,0.75,5.125,1.25],"texture":"#0"},"south":{"uv":[3.875,0.75,5.125,1.25],"texture":"#0"},"west":{"uv":[3.875,0.75,5.125,1.25],"texture":"#0"},"up":{"uv":[11.25,11.375,13.5,11.0],"texture":"#0"},"down":{"uv":[11.25,11.0,13.5,11.375],"texture":"#0"}}},{"from":[-1.0,1.18985,16.78873],"to":[17.0,1.18985,19.78873],"rotation":{"angle":22.5,"axis":"x","origin":[0.0,0.43985,15.78873]},"faces":{"north":{"uv":[5.125,0.75,3.875,1.25],"texture":"#0"},"east":{"uv":[5.125,0.75,3.875,1.25],"texture":"#0"},"south":{"uv":[5.125,0.75,3.875,1.25],"texture":"#0"},"west":{"uv":[5.125,0.75,3.875,1.25],"texture":"#0"},"up":{"uv":[11.25,11.0,13.5,11.375],"texture":"#0"},"down":{"uv":[11.25,11.375,13.5,11.0],"texture":"#0"}}},{"from":[-3.09489,4.15039,-1.0],"to":[-0.09489,4.15039,17.0],"rotation":{"angle":22.5,"axis":"z","origin":[8.0,0.17605,8.0]},"faces":{"north":{"uv":[5.125,0.75,3.875,1.25],"texture":"#0"},"east":{"uv":[5.125,0.75,3.875,1.25],"texture":"#0"},"south":{"uv":[5.125,0.75,3.875,1.25],"texture":"#0"},"west":{"uv":[5.125,0.75,3.875,1.25],"texture":"#0"},"up":{"uv":[11.25,11.0,13.5,11.375],"rotation":90.0,"texture":"#0"},"down":{"uv":[11.25,11.375,13.5,11.0],"rotation":270.0,"texture":"#0"}}},{"from":[16.09489,4.15039,-1.0],"to":[19.09489,4.15039,17.0],"rotation":{"angle":-22.5,"axis":"z","origin":[8.0,0.17605,8.0]},"faces":{"north":{"uv":[3.875,0.75,5.125,1.25],"texture":"#0"},"east":{"uv":[3.875,0.75,5.125,1.25],"texture":"#0"},"south":{"uv":[3.875,0.75,5.125,1.25],"texture":"#0"},"west":{"uv":[3.875,0.75,5.125,1.25],"texture":"#0"},"up":{"uv":[11.25,11.375,13.5,11.0],"rotation":90.0,"texture":"#0"},"down":{"uv":[11.25,11.0,13.5,11.375],"rotation":270.0,"texture":"#0"}}},{"from":[4.0,0.74,4.0],"to":[12.0,4.74,12.0],"rotation":{"angle":0.0,"axis":"y","origin":[0.01,0.0,0.01]},"faces":{"north":{"uv":[13.875,8.625,14.875,9.125],"texture":"#0"},"east":{"uv":[13.875,8.625,14.875,9.125],"texture":"#0"},"south":{"uv":[13.875,8.625,14.875,9.125],"texture":"#0"},"west":{"uv":[13.875,8.625,14.875,9.125],"texture":"#0"},"up":{"uv":[13.875,9.25,14.875,10.25],"texture":"#0"},"down":{"uv":[13.875,10.25,14.875,11.25],"texture":"#0"}}},{"from":[3.98,0.88,3.98],"to":[12.02,2.92,12.02],"faces":{"north":{"uv":[8.625,5.0,9.625,5.25],"texture":"#0","tintindex":0.0},"east":{"uv":[8.625,5.0,9.625,5.25],"texture":"#0","tintindex":0.0},"south":{"uv":[8.625,5.0,9.625,5.25],"texture":"#0","tintindex":0.0},"west":{"uv":[8.625,5.0,9.625,5.25],"texture":"#0","tintindex":0.0},"up":{"uv":[6.75,10.625,6.875,10.75],"texture":"#0","tintindex":0.0},"down":{"uv":[6.75,10.625,6.875,10.75],"texture":"#0","tintindex":0.0}}}],"gui_light":"front","display":{"thirdperson_righthand":{"rotation":[64.25,0.0,0.0],"scale":[0.44336,0.44336,0.44336]},"thirdperson_lefthand":{"rotation":[64.25,0.0,0.0],"scale":[0.44336,0.44336,0.44336]},"firstperson_righthand":{"scale":[0.0,0.0,0.0]},"firstperson_lefthand":{"scale":[0.0,0.0,0.0]},"ground":{"translation":[0.0,4.25,0.0],"scale":[0.43945,0.43945,0.43945]},"gui":{"rotation":[-149.61,-31.92,-180.0],"translation":[0.0,4.5,0.0],"scale":[0.64452,0.64452,0.64452]},"head":{"rotation":[6.0,0.0,0.0],"translation":[0.0,16.75,1.25],"scale":[1.84415,1.84415,1.84415]}}}