{"textures":{"0":"mcc:island_cosmetics/head/head_3","particle":"mcc:island_cosmetics/head/head_3"},"credit":"Made with Blockbench","texture_size":[128.0,128.0],"elements":[{"from":[3.2,6.75,3.2],"to":[12.8,9.35,12.8],"rotation":{"angle":0.0,"axis":"x","origin":[8.38333,7.5,8.2]},"faces":{"north":{"uv":[8.0,0.75,9.125,1.0],"texture":"#0","tintindex":0.0},"east":{"uv":[8.0,0.375,9.125,0.625],"texture":"#0","tintindex":0.0},"south":{"uv":[8.0,0.375,9.125,0.625],"texture":"#0","tintindex":0.0},"west":{"uv":[8.0,0.375,9.125,0.625],"texture":"#0","tintindex":0.0},"up":{"uv":[5.25,3.0,5.375,3.125],"texture":"#0","tintindex":0.0},"down":{"uv":[5.25,3.0,5.375,3.125],"texture":"#0","tintindex":0.0}}},{"from":[3.2,6.75,3.2],"to":[12.8,9.35,3.8],"rotation":{"angle":0.0,"axis":"x","origin":[8.38333,7.5,8.2]},"faces":{"north":{"uv":[8.0,1.125,9.125,1.375],"texture":"#0"}}},{"from":[3.5,6.75,3.5],"to":[12.5,12.75,12.5],"rotation":{"angle":0.0,"axis":"x","origin":[8.0,10.5,8.0]},"faces":{"north":{"uv":[10.25,0.0,11.375,0.75],"texture":"#0","tintindex":0.0},"east":{"uv":[10.25,0.0,11.375,0.75],"texture":"#0","tintindex":0.0},"south":{"uv":[10.25,0.0,11.375,0.75],"texture":"#0","tintindex":0.0},"west":{"uv":[10.25,0.0,11.375,0.75],"texture":"#0","tintindex":0.0},"up":{"uv":[6.875,0.0,8.0,1.125],"texture":"#0","tintindex":0.0},"down":{"uv":[9.125,0.0,10.25,1.125],"texture":"#0","tintindex":0.0}}},{"name":"cube inverted","from":[12.8,9.35,12.8],"to":[3.2,6.75,3.2],"rotation":{"angle":0.0,"axis":"x","origin":[8.38333,7.5,8.2]},"faces":{"north":{"uv":[8.0,0.625,9.125,0.375],"texture":"#0","tintindex":0.0},"east":{"uv":[8.0,0.625,9.125,0.375],"texture":"#0","tintindex":0.0},"south":{"uv":[8.0,1.0,9.125,0.75],"texture":"#0","tintindex":0.0},"west":{"uv":[8.0,0.625,9.125,0.375],"texture":"#0","tintindex":0.0},"up":{"uv":[5.375,3.0,5.25,3.125],"texture":"#0","tintindex":0.0},"down":{"uv":[5.375,3.0,5.25,3.125],"texture":"#0","tintindex":0.0}}},{"name":"cube inverted","from":[12.8,9.35,3.8],"to":[3.2,6.75,3.2],"rotation":{"angle":0.0,"axis":"x","origin":[8.38333,7.5,8.2]},"faces":{"south":{"uv":[8.0,1.375,9.125,1.125],"texture":"#0"}}},{"name":"cube inverted","from":[12.5,12.75,12.5],"to":[3.5,6.75,3.5],"rotation":{"angle":0.0,"axis":"x","origin":[8.0,10.5,8.0]},"faces":{"north":{"uv":[10.25,0.75,11.375,0.0],"texture":"#0","tintindex":0.0},"east":{"uv":[10.25,0.75,11.375,0.0],"texture":"#0","tintindex":0.0},"south":{"uv":[10.25,0.75,11.375,0.0],"texture":"#0","tintindex":0.0},"west":{"uv":[10.25,0.75,11.375,0.0],"texture":"#0","tintindex":0.0},"up":{"uv":[10.25,0.0,9.125,1.125],"texture":"#0","tintindex":0.0},"down":{"uv":[8.0,0.0,6.875,1.125],"texture":"#0","tintindex":0.0}}}],"gui_light":"front","display":{"thirdperson_righthand":{"rotation":[55.5,34.0,0.0],"translation":[0.0,1.0,0.75],"scale":[0.52539,0.52539,0.52539]},"thirdperson_lefthand":{"rotation":[55.5,34.0,0.0],"translation":[0.0,1.0,0.75],"scale":[0.52539,0.52539,0.52539]},"firstperson_righthand":{"rotation":[21.0,114.5,-13.75],"translation":[9.5,0.0,-5.75],"scale":[0.41992,0.41992,0.41992]},"firstperson_lefthand":{"rotation":[21.0,114.5,-13.75],"translation":[9.5,0.0,-5.75],"scale":[0.41992,0.41992,0.41992]},"gui":{"rotation":[-168.09,-34.89,169.2],"translation":[0.0,-1.5,0.0],"scale":[1.0664,1.0664,1.0664]},"head":{"rotation":[5.73,0.0,0.0],"translation":[-0.25,2.75,0.25],"scale":[1.7504,1.7504,1.7504]}}}