{"textures":{"0":"mcc:island_cosmetics/head/head_7","1":"mcc:island_cosmetics/head/emoji_head","particle":"mcc:island_cosmetics/head/head_7"},"credit":"Made with Blockbench","elements":[{"from":[2.0,-0.5,2.0],"to":[14.0,11.5,14.0],"rotation":{"angle":0.0,"axis":"x","origin":[7.0,9.5,7.0]},"faces":{"north":{"uv":[2.0,2.0,14.0,14.0],"texture":"#1"},"east":{"uv":[9.375,5.375,10.875,6.875],"texture":"#0"},"south":{"uv":[9.375,5.375,10.875,6.875],"texture":"#0"},"west":{"uv":[9.375,5.375,10.875,6.875],"texture":"#0"},"up":{"uv":[10.875,5.375,12.375,6.875],"texture":"#0"},"down":{"uv":[12.375,5.375,13.875,6.875],"texture":"#0"}}},{"from":[14.5,12.0,14.5],"to":[1.5,-1.0,1.5],"rotation":{"angle":0.0,"axis":"x","origin":[19.5,9.5,19.5]},"faces":{"north":{"uv":[9.25,6.75,9.375,6.875],"texture":"#0"},"east":{"uv":[9.25,6.75,9.375,6.875],"texture":"#0"},"south":{"uv":[9.25,6.75,9.375,6.875],"texture":"#0"},"west":{"uv":[9.25,6.75,9.375,6.875],"texture":"#0"},"up":{"uv":[9.25,6.75,9.375,6.875],"texture":"#0"},"down":{"uv":[9.25,6.75,9.375,6.875],"texture":"#0"}}}],"gui_light":"front","display":{"thirdperson_righthand":{"rotation":[55.5,34.0,0.0],"translation":[0.0,1.0,0.75],"scale":[0.52539,0.52539,0.52539]},"thirdperson_lefthand":{"rotation":[55.5,34.0,0.0],"translation":[0.0,1.0,0.75],"scale":[0.52539,0.52539,0.52539]},"firstperson_righthand":{"rotation":[21.0,114.5,-13.75],"translation":[9.5,0.0,-5.75],"scale":[0.41992,0.41992,0.41992]},"firstperson_lefthand":{"rotation":[21.0,114.5,-13.75],"translation":[9.5,0.0,-5.75],"scale":[0.41992,0.41992,0.41992]},"gui":{"rotation":[-149.61,-31.92,-180.0],"translation":[-0.25,1.5,0.0],"scale":[0.75195,0.75195,0.75195]},"head":{"translation":[0.0,6.5,0.0],"scale":[1.62734,1.62734,1.62734]}}}