{"textures":{"0":"mcc:island_cosmetics/general/hat/larr_e/larr_e","3":"mcc:island_cosmetics/general/hat/larr_e/larr_e_2","particle":"mcc:island_cosmetics/general/hat/larr_e/larr_e"},"elements":[{"from":[1.5,5.5,10.0],"to":[14.5,9.5,14.0],"rotation":{"angle":0.0,"axis":"y","origin":[0.5,0.0,0.0]},"faces":{"east":{"uv":[4.66667,3.33333,6.0,4.66667],"texture":"#0","tintindex":0},"south":{"uv":[6.66667,2.33333,11.0,3.66667],"texture":"#0","tintindex":0},"west":{"uv":[4.66667,3.33333,6.0,4.66667],"texture":"#0","tintindex":0},"up":{"uv":[6.0,3.66667,10.33333,5.0],"texture":"#0","tintindex":0},"down":{"uv":[0.0,5.33333,4.33333,6.66667],"texture":"#0","tintindex":0}}},{"from":[3.3,14.3,7.3],"to":[5.7,16.7,9.7],"rotation":{"angle":0.0,"axis":"y","origin":[0.5,0.0,0.0]},"faces":{"north":{"uv":[9.0,5.0,9.66667,5.66667],"texture":"#0"},"east":{"uv":[9.0,5.0,9.66667,5.66667],"texture":"#0"},"south":{"uv":[9.0,5.0,9.66667,5.66667],"texture":"#0"},"west":{"uv":[9.0,5.0,9.66667,5.66667],"texture":"#0"},"up":{"uv":[9.33333,5.0,9.66667,5.33333],"texture":"#0"},"down":{"uv":[9.0,5.33333,9.33333,5.66667],"texture":"#0"}}},{"from":[4.0,9.5,8.0],"to":[5.0,14.5,9.0],"rotation":{"angle":0.0,"axis":"y","origin":[0.5,0.0,0.0]},"faces":{"north":{"uv":[10.33333,3.66667,10.66667,5.33333],"texture":"#0"},"east":{"uv":[10.33333,3.66667,10.66667,5.33333],"texture":"#0"},"south":{"uv":[10.33333,3.66667,10.66667,5.33333],"texture":"#0"},"west":{"uv":[10.33333,3.66667,10.66667,5.33333],"texture":"#0"},"up":{"uv":[3.66667,3.33333,4.0,3.66667],"texture":"#0"},"down":{"uv":[3.66667,3.33333,4.0,3.66667],"texture":"#0"}}},{"from":[3.0,11.5,7.0],"to":[6.0,11.5,10.0],"rotation":{"angle":0.0,"axis":"y","origin":[0.5,0.0,0.0]},"faces":{"up":{"uv":[0.33333,8.66667,0.66667,9.0],"texture":"#0"},"down":{"uv":[0.33333,8.66667,0.66667,9.0],"texture":"#0"}}},{"from":[1.5,-0.5,3.0],"to":[14.5,9.5,10.0],"rotation":{"angle":0.0,"axis":"y","origin":[0.5,0.0,0.0]},"faces":{"north":{"uv":[0.0,0.0,4.33333,3.33333],"texture":"#0","tintindex":0},"east":{"uv":[4.33333,0.0,6.66667,3.33333],"texture":"#0","tintindex":0},"south":{"uv":[4.66667,5.0,9.0,8.33333],"texture":"#0","tintindex":0},"west":{"uv":[4.33333,0.0,6.66667,3.33333],"texture":"#0","tintindex":0},"up":{"uv":[6.66667,0.0,11.0,2.33333],"texture":"#0","tintindex":0},"down":{"uv":[11.0,0.0,13.33333,4.33333],"texture":"#0","tintindex":0,"rotation":90}}},{"from":[2.4,0.4,9.9],"to":[13.6,5.6,13.1],"rotation":{"angle":0.0,"axis":"y","origin":[0.5,0.0,0.0]},"faces":{"east":{"uv":[4.66667,6.66667,3.66667,8.33333],"texture":"#0"},"south":{"uv":[3.66667,6.66667,0.0,8.33333],"texture":"#0"},"west":{"uv":[3.66667,6.66667,4.66667,8.33333],"texture":"#0"},"down":{"uv":[3.66667,8.33333,0.0,9.33333],"texture":"#0"}}},{"from":[8.0,1.5,0.25],"to":[14.0,7.5,2.25],"faces":{"north":{"uv":[0.0,3.33333,2.0,5.33333],"texture":"#0"}}},{"from":[8.6,2.1,1.85],"to":[13.4,6.9,4.65],"faces":{"north":{"uv":[4.33333,5.33333,4.66667,5.66667],"texture":"#0"},"east":{"uv":[4.33333,5.33333,4.66667,6.0],"texture":"#0","rotation":90},"south":{"uv":[4.33333,5.33333,4.66667,5.66667],"texture":"#0"},"west":{"uv":[4.66667,6.0,4.33333,5.33333],"texture":"#0","rotation":90},"up":{"uv":[4.33333,5.33333,4.66667,6.0],"texture":"#0"},"down":{"uv":[4.66667,6.0,4.33333,5.33333],"texture":"#0"}}},{"from":[7.8,1.3,0.05],"to":[14.2,7.7,2.45],"faces":{"north":{"uv":[2.0,3.33333,4.0,5.33333],"texture":"#0"},"east":{"uv":[4.66667,3.33333,4.0,5.33333],"texture":"#0"},"south":{"uv":[4.33333,3.33333,4.66667,3.66667],"texture":"#0"},"west":{"uv":[4.0,3.33333,4.66667,5.33333],"texture":"#0"},"up":{"uv":[4.0,3.33333,4.66667,5.33333],"texture":"#0","rotation":90},"down":{"uv":[4.66667,3.33333,4.0,5.33333],"texture":"#0","rotation":90}}},{"from":[8.0,1.5,-0.75],"to":[14.0,7.5,1.25],"faces":{"north":{"uv":[0.0,9.66667,2.0,11.66667],"texture":"#0"}}},{"from":[8.6,2.1,0.85],"to":[13.4,6.9,3.65],"faces":{"north":{"uv":[4.33333,11.66667,4.66667,12.0],"texture":"#0"},"east":{"uv":[4.33333,11.66667,4.66667,12.33333],"texture":"#0","rotation":90},"south":{"uv":[4.33333,11.66667,4.66667,12.0],"texture":"#0"},"west":{"uv":[4.66667,12.33333,4.33333,11.66667],"texture":"#0","rotation":90},"up":{"uv":[4.33333,11.66667,4.66667,12.33333],"texture":"#0"},"down":{"uv":[4.66667,12.33333,4.33333,11.66667],"texture":"#0"}}},{"from":[7.8,1.3,-0.95],"to":[14.2,7.7,1.45],"faces":{"north":{"uv":[2.0,9.66667,4.0,11.66667],"texture":"#0"},"east":{"uv":[4.66667,9.66667,4.0,11.66667],"texture":"#0"},"south":{"uv":[4.33333,9.66667,4.66667,10.0],"texture":"#0"},"west":{"uv":[4.0,9.66667,4.66667,11.66667],"texture":"#0"},"up":{"uv":[4.0,9.66667,4.66667,11.66667],"texture":"#0","rotation":90},"down":{"uv":[4.66667,9.66667,4.0,11.66667],"texture":"#0","rotation":90}}},{"from":[8.0,1.5,-1.25],"to":[14.0,7.5,0.75],"faces":{"north":{"uv":[5.0,9.66667,7.0,11.66667],"texture":"#0"}}},{"from":[8.6,2.1,0.35],"to":[13.4,6.9,3.15],"faces":{"north":{"uv":[9.33333,11.66667,9.66667,12.0],"texture":"#0"},"east":{"uv":[9.33333,11.66667,9.66667,12.33333],"texture":"#0","rotation":90},"south":{"uv":[9.33333,11.66667,9.66667,12.0],"texture":"#0"},"west":{"uv":[9.66667,12.33333,9.33333,11.66667],"texture":"#0","rotation":90},"up":{"uv":[9.33333,11.66667,9.66667,12.33333],"texture":"#0"},"down":{"uv":[9.66667,12.33333,9.33333,11.66667],"texture":"#0"}}},{"from":[7.8,1.3,-1.45],"to":[14.2,7.7,0.95],"faces":{"north":{"uv":[7.0,9.66667,9.0,11.66667],"texture":"#0"},"east":{"uv":[9.66667,9.66667,9.0,11.66667],"texture":"#0"},"south":{"uv":[9.33333,9.66667,9.66667,10.0],"texture":"#0"},"west":{"uv":[9.0,9.66667,9.66667,11.66667],"texture":"#0"},"up":{"uv":[9.0,9.66667,9.66667,11.66667],"texture":"#0","rotation":90},"down":{"uv":[9.66667,9.66667,9.0,11.66667],"texture":"#0","rotation":90}}},{"from":[6.3,17.3,10.3],"to":[2.7,13.7,6.7],"rotation":{"angle":0.0,"axis":"y","origin":[0.5,0.0,0.0]},"faces":{"north":{"uv":[0.0,0.0,2.0,2.0],"texture":"#3"},"east":{"uv":[0.0,0.0,2.0,2.0],"texture":"#3"},"south":{"uv":[0.0,0.0,2.0,2.0],"texture":"#3"},"west":{"uv":[0.0,0.0,2.0,2.0],"texture":"#3"},"up":{"uv":[0.0,0.0,2.0,2.0],"texture":"#3"},"down":{"uv":[0.0,0.0,2.0,2.0],"texture":"#3"}}},{"from":[5.5,5.5,3.0],"to":[3.5,3.5,-2.0],"rotation":{"angle":0.0,"axis":"y","origin":[0.5,0.0,0.0]},"faces":{"east":{"uv":[11.0,7.0,9.33333,6.33333],"texture":"#0"},"west":{"uv":[9.33333,7.0,11.0,6.33333],"texture":"#0"},"up":{"uv":[9.33333,7.0,11.0,6.33333],"texture":"#0","rotation":90},"down":{"uv":[11.0,6.33333,9.33333,7.0],"texture":"#0","rotation":90}}},{"from":[3.5,3.5,3.0],"to":[5.5,5.5,3.0],"rotation":{"angle":0.0,"axis":"y","origin":[0.5,0.0,0.0]},"faces":{"north":{"uv":[9.0,5.0,9.33333,5.33333],"texture":"#0"},"east":{"uv":[4.33333,0.0,6.66667,3.33333],"texture":"#0","tintindex":0},"south":{"uv":[9.0,5.0,9.33333,5.33333],"texture":"#0"},"west":{"uv":[4.33333,0.0,6.66667,3.33333],"texture":"#0","tintindex":0},"up":{"uv":[6.66667,0.0,11.0,2.33333],"texture":"#0","tintindex":0},"down":{"uv":[11.0,0.0,13.33333,4.33333],"texture":"#0","tintindex":0,"rotation":90}}},{"from":[7.0,18.0,11.0],"to":[2.0,13.0,6.0],"rotation":{"angle":0.0,"axis":"y","origin":[0.5,0.0,0.0]},"faces":{"north":{"uv":[2.0,0.0,4.0,2.0],"texture":"#3"},"east":{"uv":[2.0,0.0,4.0,2.0],"texture":"#3"},"south":{"uv":[2.0,0.0,4.0,2.0],"texture":"#3"},"west":{"uv":[2.0,0.0,4.0,2.0],"texture":"#3"},"up":{"uv":[2.0,0.0,4.0,2.0],"texture":"#3"},"down":{"uv":[2.0,0.0,4.0,2.0],"texture":"#3"}}}],"display":{"thirdperson_righthand":{"translation":[0.0,1.0,-1.0],"rotation":[63.0,34.0,0.0],"scale":[0.52539,0.52539,0.52539]},"thirdperson_lefthand":{"translation":[0.0,1.0,-1.0],"rotation":[63.0,34.0,0.0],"scale":[0.52539,0.52539,0.52539]},"firstperson_righthand":{"translation":[9.5,0.0,-5.75],"rotation":[3.0,112.0,-13.0],"scale":[0.41992,0.41992,0.41992]},"firstperson_lefthand":{"translation":[9.5,0.0,-5.75],"rotation":[3.0,112.0,-13.0],"scale":[0.41992,0.41992,0.41992]},"ground":{"translation":[0.0,4.25,0.0],"scale":[0.28906,0.28906,0.28906]},"gui":{"translation":[0.0,0.25,0.0],"rotation":[-149.61,-31.92,-180.0],"scale":[0.72656,0.72656,0.72656]},"head":{"translation":[0.0,5.25,0.0],"scale":[1.64102,1.64102,1.64102]},"fixed":{"translation":[0.0,-3.25,-7.5]}},"credit":"Made with Blockbench","gui_light":"front"}