{"textures":{"1":"mcc:island_cosmetics/general/hat/nurse_hat/nurse_hat"},"display":{"thirdperson_righthand":{"translation":[0.0,1.0,-1.0],"rotation":[63.0,34.0,0.0],"scale":[0.37891,0.37891,0.37891]},"thirdperson_lefthand":{"translation":[0.0,1.0,-1.0],"rotation":[63.0,34.0,0.0],"scale":[0.37891,0.37891,0.37891]},"firstperson_righthand":{"translation":[9.5,0.0,-5.75],"rotation":[3.0,112.0,-13.0],"scale":[0.35547,0.35547,0.35547]},"firstperson_lefthand":{"translation":[9.5,0.0,-5.75],"rotation":[3.0,112.0,-13.0],"scale":[0.35547,0.35547,0.35547]},"ground":{"translation":[0.0,4.25,0.0],"scale":[0.28906,0.28906,0.28906]},"gui":{"translation":[-1.0,0.25,0.0],"rotation":[-155.0,-36.12,170.39],"scale":[1.09569,1.09569,1.09569]},"head":{"translation":[0.0,5.0,0.25],"rotation":[21.43,0.44,-0.59],"scale":[1.6,1.6,1.6]},"fixed":{"translation":[0.0,-3.25,-7.5]}},"credit":"Made with Blockbench","texture_size":[32.0,32.0],"elements":[{"from":[4.5,8.0,4.5],"to":[10.5,11.0,10.5],"rotation":{"angle":-45.0,"axis":"y","origin":[8.0,10.0,8.0]},"faces":{"north":{"uv":[4.0,0.0,7.0,1.5],"texture":"#1"},"east":{"uv":[4.0,0.0,7.0,1.5],"texture":"#1"},"south":{"uv":[4.0,0.0,7.0,1.5],"texture":"#1"},"west":{"uv":[4.0,0.0,7.0,1.5],"texture":"#1"},"up":{"uv":[4.0,2.0,7.0,5.0],"texture":"#1"},"down":{"uv":[4.5,1.0,5.0,1.5],"texture":"#1"}}},{"from":[2.5,7.0,3.0],"to":[13.5,12.0,10.0],"rotation":{"angle":0.0,"axis":"y","origin":[8.0,11.0,8.0]},"faces":{"north":{"uv":[10.5,6.5,16.0,9.0],"texture":"#1"},"east":{"uv":[7.0,0.0,10.5,2.5],"texture":"#1"},"south":{"uv":[0.0,0.0,0.0,0.0],"texture":"#1"},"west":{"uv":[10.5,0.0,7.0,2.5],"texture":"#1"},"up":{"uv":[0.0,0.0,0.0,0.0],"texture":"#1"},"down":{"uv":[5.0,5.5,10.5,9.0],"texture":"#1","tintindex":0.0}}},{"from":[3.5,7.0,3.0],"to":[12.5,12.0,10.0],"rotation":{"angle":0.0,"axis":"y","origin":[8.0,11.0,8.0]},"faces":{"north":{"uv":[7.0,3.0,11.5,5.5],"texture":"#1","tintindex":0.0}}},{"name":"cube inverted","from":[13.5,12.0,10.0],"to":[2.5,7.0,3.0],"rotation":{"angle":0.0,"axis":"y","origin":[8.0,11.0,8.0]},"faces":{"north":{"uv":[0.0,0.0,0.0,0.0],"texture":"#1"},"east":{"uv":[10.5,2.5,7.0,0.0],"texture":"#1"},"south":{"uv":[10.5,9.0,16.0,6.5],"texture":"#1"},"west":{"uv":[7.0,2.5,10.5,0.0],"texture":"#1"},"up":{"uv":[10.5,5.5,5.0,9.0],"texture":"#1","tintindex":0.0},"down":{"uv":[0.0,0.0,0.0,0.0],"texture":"#1"}}},{"name":"cube inverted","from":[12.5,12.0,10.0],"to":[3.5,7.0,3.0],"rotation":{"angle":0.0,"axis":"y","origin":[8.0,11.0,8.0]},"faces":{"south":{"uv":[7.0,5.5,11.5,3.0],"texture":"#1","tintindex":0.0}}}],"gui_light":"front"}