{"textures":{"0":"mcc:island_cosmetics/general/hat/mellowhead/mellowhead","5":"mcc:island_cosmetics/general/hat/mellowhead/cracker","6":"mcc:island_cosmetics/general/hat/mellowhead/smore","7":"mcc:island_cosmetics/general/hat/mellowhead/mellowhead_anim","particle":"mcc:island_cosmetics/general/hat/mellowhead/mellowhead"},"elements":[{"from":[2.0,0.0,2.0],"to":[14.0,13.0,14.0],"rotation":{"angle":0.0,"axis":"y","origin":[0.0,0.0,-1.0]},"faces":{"north":{"uv":[0.0,0.0,6.0,6.5],"texture":"#0"},"east":{"uv":[0.0,0.0,6.0,6.5],"texture":"#0"},"south":{"uv":[0.0,0.0,6.0,6.5],"texture":"#0"},"west":{"uv":[0.0,0.0,6.0,6.5],"texture":"#0"},"up":{"uv":[0.0,6.5,6.0,12.5],"texture":"#0"},"down":{"uv":[6.0,0.0,12.0,6.0],"texture":"#0"}}},{"from":[3.0,5.0,1.5],"to":[13.0,12.0,1.5],"rotation":{"angle":0.0,"axis":"y","origin":[0.0,0.0,-0.5]},"faces":{"north":{"uv":[0.5,0.0,5.0,3.5],"texture":"#7"},"east":{"uv":[2.875,6.75,4.25,8.125],"texture":"#0"},"south":{"uv":[0.5,0.0,5.0,3.5],"texture":"#7"},"west":{"uv":[2.875,6.75,4.25,8.125],"texture":"#0"},"up":{"uv":[2.875,8.125,4.25,9.5],"texture":"#0"},"down":{"uv":[1.5,8.875,2.875,10.25],"texture":"#0"}}},{"from":[2.0,1.0,1.5],"to":[14.0,4.0,1.5],"rotation":{"angle":0.0,"axis":"y","origin":[0.0,0.0,-0.5]},"faces":{"north":{"uv":[0.0,4.0,5.5,5.5],"texture":"#7"},"east":{"uv":[2.875,6.75,4.25,8.125],"texture":"#0"},"south":{"uv":[0.0,4.0,5.5,5.5],"texture":"#7"},"west":{"uv":[2.875,6.75,4.25,8.125],"texture":"#0"},"up":{"uv":[2.875,8.125,4.25,9.5],"texture":"#0"},"down":{"uv":[1.5,8.875,2.875,10.25],"texture":"#0"}}},{"from":[0.4,10.9,0.4],"to":[15.6,13.1,15.6],"rotation":{"angle":0.0,"axis":"y","origin":[8.0,12.0,8.0]},"faces":{"north":{"uv":[0.0,0.0,7.5,1.0],"texture":"#5"},"east":{"uv":[0.0,0.0,7.5,1.0],"texture":"#5"},"south":{"uv":[0.0,0.0,7.5,1.0],"texture":"#5"},"west":{"uv":[0.0,0.0,7.5,1.0],"texture":"#5"},"up":{"uv":[0.0,1.0,7.5,8.5],"texture":"#5"},"down":{"uv":[7.5,0.0,15.0,7.5],"texture":"#5"}}},{"from":[0.5,-1.0,0.5],"to":[15.5,1.0,15.5],"rotation":{"angle":0.0,"axis":"y","origin":[8.0,16.0,8.0]},"faces":{"north":{"uv":[0.0,1.0,7.5,0.0],"texture":"#5"},"east":{"uv":[0.0,1.0,7.5,0.0],"texture":"#5"},"south":{"uv":[0.0,1.0,7.5,0.0],"texture":"#5"},"west":{"uv":[0.0,1.0,7.5,0.0],"texture":"#5"},"up":{"uv":[7.5,7.5,15.0,0.0],"texture":"#5"},"down":{"uv":[0.0,8.5,7.5,1.0],"texture":"#5"}}},{"from":[1.4,1.4,1.4],"to":[14.6,7.6,14.6],"rotation":{"angle":0.0,"axis":"y","origin":[8.0,6.5,8.0]},"faces":{"north":{"uv":[0.0,5.5,6.0,8.0],"texture":"#6"},"east":{"uv":[0.0,8.0,6.0,10.5],"texture":"#6"},"west":{"uv":[6.0,8.0,0.0,10.5],"texture":"#6"}}},{"from":[14.6,7.6,14.6],"to":[1.4,1.4,1.4],"rotation":{"angle":0.0,"axis":"y","origin":[8.0,6.5,8.0]},"faces":{"east":{"uv":[6.0,10.5,0.0,8.0],"texture":"#6"},"south":{"uv":[0.0,8.0,6.0,5.5],"texture":"#6"},"west":{"uv":[0.0,10.5,6.0,8.0],"texture":"#6"}}},{"from":[5.0,-3.75,0.0],"to":[16.0,1.25,2.0],"faces":{"north":{"uv":[5.5,0.0,11.0,2.5],"texture":"#7"},"up":{"uv":[11.0,0.5,5.5,0.0],"texture":"#7"}}},{"from":[0.0,-3.75,14.0],"to":[11.0,1.25,16.0],"rotation":{"angle":0.0,"axis":"y","origin":[16.0,0.0,16.0]},"faces":{"south":{"uv":[5.5,0.0,11.0,2.5],"texture":"#7"},"up":{"uv":[5.5,0.0,11.0,0.5],"texture":"#7"}}},{"from":[11.0,1.25,16.0],"to":[0.0,-3.75,14.0],"rotation":{"angle":0.0,"axis":"y","origin":[16.0,0.0,16.0]},"faces":{"north":{"uv":[5.5,2.5,11.0,0.0],"texture":"#7"},"down":{"uv":[11.0,0.0,5.5,0.5],"texture":"#7"}}},{"from":[16.0,1.25,2.0],"to":[5.0,-3.75,0.0],"faces":{"south":{"uv":[5.5,2.5,11.0,0.0],"texture":"#7"},"down":{"uv":[5.5,0.5,11.0,0.0],"texture":"#7"}}}],"display":{"thirdperson_righthand":{"translation":[0.0,1.0,-1.0],"rotation":[63.0,34.0,0.0],"scale":[0.52539,0.52539,0.52539]},"thirdperson_lefthand":{"translation":[0.0,1.0,-1.0],"rotation":[63.0,34.0,0.0],"scale":[0.52539,0.52539,0.52539]},"firstperson_righthand":{"translation":[9.5,0.0,-5.75],"rotation":[3.0,112.0,-13.0],"scale":[0.41992,0.41992,0.41992]},"firstperson_lefthand":{"translation":[9.5,0.0,-5.75],"rotation":[3.0,112.0,-13.0],"scale":[0.41992,0.41992,0.41992]},"ground":{"translation":[0.0,4.25,0.0],"scale":[0.28906,0.28906,0.28906]},"gui":{"translation":[0.0,1.5,0.0],"rotation":[-149.61,-31.92,-180.0],"scale":[0.71679,0.71679,0.71679]},"head":{"translation":[0.0,5.75,0.0],"scale":[1.6,1.6,1.6]},"fixed":{"translation":[0.0,-3.25,-7.5]}},"credit":"Made with Blockbench","gui_light":"front"}