{"textures":{"0":"mcc:island_cosmetics/general/hat/mellowhead/mellowhead","3":"mcc:island_cosmetics/general/hat/8_ball/gold_shine","4":"mcc:island_cosmetics/general/hat/mellowhead/monarch","7":"mcc:island_cosmetics/general/hat/mellowhead/mellowhead_anim","particle":"mcc:island_cosmetics/general/hat/mellowhead/mellowhead"},"elements":[{"from":[2.0,0.0,2.0],"to":[14.0,13.0,14.0],"rotation":{"angle":0.0,"axis":"y","origin":[0.0,0.0,-1.0]},"faces":{"north":{"uv":[0.0,0.0,6.0,6.5],"texture":"#0"},"east":{"uv":[0.0,0.0,6.0,6.5],"texture":"#0"},"south":{"uv":[0.0,0.0,6.0,6.5],"texture":"#0"},"west":{"uv":[0.0,0.0,6.0,6.5],"texture":"#0"},"up":{"uv":[0.0,6.5,6.0,12.5],"texture":"#0"},"down":{"uv":[6.0,0.0,12.0,6.0],"texture":"#0"}}},{"from":[2.0,-4.0,2.0],"to":[14.0,0.0,14.0],"rotation":{"angle":0.0,"axis":"y","origin":[1.0,0.0,0.0]},"faces":{"east":{"uv":[5.5,5.0,11.5,7.0],"texture":"#7"},"west":{"uv":[11.5,5.0,5.5,7.0],"texture":"#7"}}},{"from":[2.0,-5.0,2.0],"to":[14.0,0.0,14.0],"rotation":{"angle":0.0,"axis":"y","origin":[1.0,0.0,0.0]},"faces":{"north":{"uv":[5.5,0.0,11.5,2.5],"texture":"#7"},"south":{"uv":[5.5,0.0,11.5,2.5],"texture":"#7"}}},{"from":[3.0,1.0,1.5],"to":[13.0,12.0,1.5],"rotation":{"angle":0.0,"axis":"y","origin":[0.0,0.0,-0.5]},"faces":{"north":{"uv":[0.5,0.0,5.0,5.5],"texture":"#7"},"east":{"uv":[2.875,6.75,4.25,8.125],"texture":"#7"},"south":{"uv":[0.5,0.0,5.0,5.5],"texture":"#7"},"west":{"uv":[2.875,6.75,4.25,8.125],"texture":"#7"},"up":{"uv":[2.875,8.125,4.25,9.5],"texture":"#7"},"down":{"uv":[1.5,8.875,2.875,10.25],"texture":"#7"}}},{"from":[10.75,1.5,0.75],"to":[14.75,5.5,4.75],"rotation":{"angle":0.0,"axis":"y","origin":[16.0,0.0,0.0]},"faces":{"north":{"uv":[2.0,3.0,0.0,5.0],"texture":"#4"},"east":{"uv":[0.0,3.0,2.0,5.0],"texture":"#4"},"south":{"uv":[2.0,5.0,0.0,7.0],"texture":"#4"},"west":{"uv":[2.0,5.0,0.0,7.0],"texture":"#4"},"up":{"uv":[2.0,3.0,4.0,5.0],"texture":"#4"},"down":{"uv":[4.0,5.0,2.0,7.0],"texture":"#4"}}},{"from":[1.25,1.5,0.75],"to":[5.25,5.5,4.75],"faces":{"north":{"uv":[0.0,3.0,2.0,5.0],"texture":"#4"},"east":{"uv":[0.0,5.0,2.0,7.0],"texture":"#4"},"south":{"uv":[0.0,5.0,2.0,7.0],"texture":"#4"},"west":{"uv":[2.0,3.0,0.0,5.0],"texture":"#4"},"up":{"uv":[4.0,3.0,2.0,5.0],"texture":"#4"},"down":{"uv":[2.0,5.0,4.0,7.0],"texture":"#4"}}},{"from":[4.0,12.64419,4.0],"to":[12.0,18.64419,12.0],"rotation":{"angle":0.0,"axis":"z","origin":[4.0,14.64419,8.0]},"faces":{"north":{"uv":[0.0,0.0,4.0,3.0],"texture":"#4"},"east":{"uv":[0.0,0.0,4.0,3.0],"texture":"#4"},"south":{"uv":[0.0,0.0,4.0,3.0],"texture":"#4"},"west":{"uv":[0.0,0.0,4.0,3.0],"texture":"#4"}}},{"from":[-9.0,17.0,10.0],"to":[-2.0,24.0,10.0],"rotation":{"angle":-22.5,"axis":"y","origin":[3.5,52.5,29.0]},"faces":{"north":{"uv":[8.0,9.0,15.0,16.0],"texture":"#3"},"east":{"uv":[0.0,8.0,1.0,9.0],"texture":"#3"},"south":{"uv":[8.0,9.0,15.0,16.0],"texture":"#3"},"west":{"uv":[0.0,8.0,1.0,9.0],"texture":"#3"},"up":{"uv":[0.0,8.0,1.0,9.0],"texture":"#3"},"down":{"uv":[0.0,8.0,1.0,9.0],"texture":"#3"}}},{"from":[-5.5,17.0,6.5],"to":[-5.5,24.0,13.5],"rotation":{"angle":-22.5,"axis":"y","origin":[3.5,52.5,29.0]},"faces":{"north":{"uv":[0.0,8.0,1.0,9.0],"texture":"#3"},"east":{"uv":[8.0,9.0,15.0,16.0],"texture":"#3"},"south":{"uv":[0.0,8.0,1.0,9.0],"texture":"#3"},"west":{"uv":[8.0,9.0,15.0,16.0],"texture":"#3"},"up":{"uv":[0.0,8.0,1.0,9.0],"texture":"#3","rotation":270},"down":{"uv":[0.0,8.0,1.0,9.0],"texture":"#3","rotation":90}}},{"from":[22.4797,12.0,9.6704],"to":[29.4797,19.0,9.6704],"rotation":{"angle":22.5,"axis":"y","origin":[13.9797,58.5,37.6704]},"faces":{"north":{"uv":[8.0,1.0,15.0,8.0],"texture":"#3"},"east":{"uv":[0.0,0.0,1.0,1.0],"texture":"#3"},"south":{"uv":[8.0,1.0,15.0,8.0],"texture":"#3"},"west":{"uv":[0.0,0.0,1.0,1.0],"texture":"#3"},"up":{"uv":[0.0,0.0,1.0,1.0],"texture":"#3"},"down":{"uv":[0.0,0.0,1.0,1.0],"texture":"#3"}}},{"from":[25.9797,12.0,6.1704],"to":[25.9797,19.0,13.1704],"rotation":{"angle":22.5,"axis":"y","origin":[13.9797,58.5,37.6704]},"faces":{"north":{"uv":[0.0,0.0,1.0,1.0],"texture":"#3"},"east":{"uv":[8.0,1.0,15.0,8.0],"texture":"#3"},"south":{"uv":[0.0,0.0,1.0,1.0],"texture":"#3"},"west":{"uv":[8.0,1.0,15.0,8.0],"texture":"#3"},"up":{"uv":[0.0,0.0,1.0,1.0],"texture":"#3","rotation":90},"down":{"uv":[0.0,0.0,1.0,1.0],"texture":"#3","rotation":270}}},{"from":[12.0,18.64419,12.0],"to":[4.0,12.64419,4.0],"rotation":{"angle":0.0,"axis":"z","origin":[4.0,14.64419,8.0]},"faces":{"north":{"uv":[0.0,3.0,4.0,0.0],"texture":"#4"},"east":{"uv":[0.0,3.0,4.0,0.0],"texture":"#4"},"south":{"uv":[0.0,3.0,4.0,0.0],"texture":"#4"},"west":{"uv":[0.0,3.0,4.0,0.0],"texture":"#4"}}},{"from":[14.0,0.0,14.0],"to":[2.0,-4.0,2.0],"rotation":{"angle":0.0,"axis":"y","origin":[1.0,0.0,0.0]},"faces":{"east":{"uv":[11.5,7.0,5.5,5.0],"texture":"#7"},"west":{"uv":[5.5,7.0,11.5,5.0],"texture":"#7"}}},{"from":[14.0,0.0,14.0],"to":[2.0,-5.0,2.0],"rotation":{"angle":0.0,"axis":"y","origin":[1.0,0.0,0.0]},"faces":{"north":{"uv":[5.5,2.5,11.5,0.0],"texture":"#7"},"south":{"uv":[5.5,2.5,11.5,0.0],"texture":"#7"}}}],"display":{"thirdperson_righthand":{"translation":[0.0,1.0,-1.0],"rotation":[63.0,34.0,0.0],"scale":[0.52539,0.52539,0.52539]},"thirdperson_lefthand":{"translation":[0.0,1.0,-1.0],"rotation":[63.0,34.0,0.0],"scale":[0.52539,0.52539,0.52539]},"firstperson_righthand":{"translation":[9.5,0.0,-5.75],"rotation":[3.0,112.0,-13.0],"scale":[0.41992,0.41992,0.41992]},"firstperson_lefthand":{"translation":[9.5,0.0,-5.75],"rotation":[3.0,112.0,-13.0],"scale":[0.41992,0.41992,0.41992]},"ground":{"translation":[0.0,4.25,0.0],"scale":[0.28906,0.28906,0.28906]},"gui":{"translation":[0.0,1.5,0.0],"rotation":[-149.61,-31.92,-180.0],"scale":[0.71679,0.71679,0.71679]},"head":{"translation":[0.0,5.75,0.0],"scale":[1.6,1.6,1.6]},"fixed":{"translation":[0.0,-3.25,-7.5]}},"credit":"Made with Blockbench","gui_light":"front"}