{"textures":{"0":"mcc:island_cosmetics/general/hat/rocky_rocket/nuclear","1":"mcc:island_cosmetics/general/hat/rocky_rocket/rocky_rocket_nuclear_anim","particle":"mcc:island_cosmetics/general/hat/rocky_rocket/nuclear"},"elements":[{"from":[3.0,0.0,0.0],"to":[13.0,10.0,16.0],"rotation":{"angle":0.0,"axis":"x","origin":[8.0,9.5,8.0]},"faces":{"north":{"uv":[5.33333,0.0,8.66667,3.33333],"texture":"#0"},"east":{"uv":[0.0,0.0,8.0,5.0],"texture":"#1"},"south":{"uv":[8.66667,0.0,12.0,3.33333],"texture":"#0"},"west":{"uv":[8.0,0.0,0.0,5.0],"texture":"#1"},"up":{"uv":[0.0,10.0,5.33333,6.66667],"texture":"#0","rotation":90},"down":{"uv":[5.33333,6.66667,0.0,3.33333],"texture":"#0","rotation":90}}},{"from":[3.0,0.0,0.0],"to":[13.0,10.0,16.0],"rotation":{"angle":0.0,"axis":"x","origin":[8.0,9.5,8.0]},"faces":{"north":{"uv":[12.33333,3.66667,15.66667,7.0],"texture":"#0","tintindex":0},"east":{"uv":[0.0,5.0,8.0,10.0],"texture":"#1","tintindex":0},"south":{"uv":[12.33333,0.0,15.66667,3.33333],"texture":"#0","tintindex":0},"west":{"uv":[8.0,5.0,0.0,10.0],"texture":"#1","tintindex":0},"up":{"uv":[10.66667,13.66667,16.0,10.33333],"texture":"#0","tintindex":0,"rotation":90},"down":{"uv":[10.66667,16.0,5.33333,12.66667],"texture":"#0","tintindex":0,"rotation":90}}},{"from":[2.7,-0.3,-0.3],"to":[13.3,10.3,16.3],"rotation":{"angle":0.0,"axis":"x","origin":[8.0,9.5,8.0]},"faces":{"east":{"uv":[0.0,10.0,5.33333,13.33333],"texture":"#0","tintindex":0},"west":{"uv":[5.33333,10.0,0.0,13.33333],"texture":"#0","tintindex":0},"down":{"uv":[10.66667,11.33333,5.33333,8.0],"texture":"#0","tintindex":0,"rotation":90}}},{"from":[5.0,2.0,-2.0],"to":[11.0,8.0,0.0],"rotation":{"angle":0.0,"axis":"x","origin":[8.0,9.5,8.0]},"faces":{"north":{"uv":[13.0,4.33333,15.0,6.33333],"texture":"#0","tintindex":0},"east":{"uv":[6.0,3.33333,5.33333,5.33333],"texture":"#0","tintindex":0},"south":{"uv":[6.0,1.0,6.33333,1.33333],"texture":"#0","tintindex":0},"west":{"uv":[5.33333,3.33333,6.0,5.33333],"texture":"#0","tintindex":0},"up":{"uv":[6.0,4.0,8.0,4.66667],"texture":"#0","tintindex":0},"down":{"uv":[8.0,3.33333,6.0,4.0],"texture":"#0","tintindex":0}}},{"from":[7.0,8.0,10.0],"to":[9.0,13.0,20.0],"rotation":{"angle":0.0,"axis":"x","origin":[8.0,9.5,8.0]},"faces":{"north":{"uv":[9.33333,6.33333,8.66667,8.0],"texture":"#0"},"east":{"uv":[8.0,3.33333,11.33333,5.0],"texture":"#0"},"south":{"uv":[8.66667,6.33333,8.0,8.0],"texture":"#0"},"west":{"uv":[11.33333,3.33333,8.0,5.0],"texture":"#0"},"up":{"uv":[8.0,5.66667,11.33333,5.0],"texture":"#0","rotation":90},"down":{"uv":[8.0,6.33333,11.33333,5.66667],"texture":"#0","rotation":90}}},{"from":[7.0,-3.0,10.0],"to":[9.0,2.0,20.0],"rotation":{"angle":0.0,"axis":"x","origin":[8.0,6.5,8.0]},"faces":{"north":{"uv":[9.33333,8.0,8.66667,6.33333],"texture":"#0"},"east":{"uv":[8.0,5.0,11.33333,3.33333],"texture":"#0"},"south":{"uv":[8.66667,8.0,8.0,6.33333],"texture":"#0"},"west":{"uv":[11.33333,5.0,8.0,3.33333],"texture":"#0"},"up":{"uv":[11.33333,6.33333,8.0,5.66667],"texture":"#0","rotation":90},"down":{"uv":[11.33333,5.66667,8.0,5.0],"texture":"#0","rotation":90}}},{"from":[0.0,4.0,10.0],"to":[5.0,6.0,20.0],"rotation":{"angle":0.0,"axis":"z","origin":[8.0,5.0,15.0]},"faces":{"north":{"uv":[9.33333,8.0,8.66667,6.33333],"texture":"#0","rotation":270},"east":{"uv":[11.33333,6.33333,8.0,5.66667],"texture":"#0","rotation":180},"south":{"uv":[8.66667,8.0,8.0,6.33333],"texture":"#0","rotation":90},"west":{"uv":[11.33333,5.66667,8.0,5.0],"texture":"#0","rotation":180},"up":{"uv":[11.33333,5.0,8.0,3.33333],"texture":"#0","rotation":90},"down":{"uv":[8.0,5.0,11.33333,3.33333],"texture":"#0","rotation":90}}},{"from":[11.0,4.0,10.0],"to":[16.0,6.0,20.0],"rotation":{"angle":0.0,"axis":"z","origin":[8.0,5.0,15.0]},"faces":{"north":{"uv":[9.33333,6.33333,8.66667,8.0],"texture":"#0","rotation":270},"east":{"uv":[8.0,5.66667,11.33333,5.0],"texture":"#0","rotation":180},"south":{"uv":[8.66667,6.33333,8.0,8.0],"texture":"#0","rotation":90},"west":{"uv":[8.0,6.33333,11.33333,5.66667],"texture":"#0","rotation":180},"up":{"uv":[11.33333,3.33333,8.0,5.0],"texture":"#0","rotation":90},"down":{"uv":[8.0,3.33333,11.33333,5.0],"texture":"#0","rotation":90}}},{"from":[13.3,10.3,16.3],"to":[2.7,-0.3,-0.3],"rotation":{"angle":0.0,"axis":"x","origin":[8.0,9.5,8.0]},"faces":{"east":{"uv":[5.33333,13.33333,0.0,10.0],"texture":"#0","tintindex":0},"west":{"uv":[0.0,13.33333,5.33333,10.0],"texture":"#0","tintindex":0},"up":{"uv":[10.66667,8.0,5.33333,11.33333],"texture":"#0","tintindex":0,"rotation":90}}},{"from":[13.6,10.6,16.6],"to":[2.4,-0.6,-0.6],"rotation":{"angle":0.0,"axis":"x","origin":[8.0,9.5,8.0]},"faces":{"north":{"uv":[8.5,4.0,9.5,5.0],"texture":"#1"},"east":{"uv":[8.5,4.0,9.5,5.0],"texture":"#1"},"south":{"uv":[8.5,4.0,9.5,5.0],"texture":"#1"},"west":{"uv":[8.5,4.0,9.5,5.0],"texture":"#1"},"up":{"uv":[8.5,4.0,9.5,5.0],"texture":"#1"},"down":{"uv":[8.5,4.0,9.5,5.0],"texture":"#1"}}},{"from":[11.4,8.4,0.4],"to":[4.6,1.6,-2.4],"rotation":{"angle":0.0,"axis":"x","origin":[8.0,9.5,8.0]},"faces":{"east":{"uv":[8.5,4.0,9.5,5.0],"texture":"#1"},"south":{"uv":[8.5,4.0,9.5,5.0],"texture":"#1"},"west":{"uv":[8.5,4.0,9.5,5.0],"texture":"#1"},"up":{"uv":[8.5,4.0,9.5,5.0],"texture":"#1"},"down":{"uv":[8.5,4.0,9.5,5.0],"texture":"#1"}}},{"from":[9.4,13.4,20.4],"to":[6.6,7.6,9.6],"rotation":{"angle":0.0,"axis":"x","origin":[8.0,9.5,8.0]},"faces":{"north":{"uv":[8.5,4.0,9.5,5.0],"texture":"#1"},"east":{"uv":[8.5,4.0,9.5,5.0],"texture":"#1"},"south":{"uv":[8.5,4.0,9.5,5.0],"texture":"#1"},"west":{"uv":[8.5,4.0,9.5,5.0],"texture":"#1"},"up":{"uv":[8.5,4.0,9.5,5.0],"texture":"#1"},"down":{"uv":[8.5,4.0,9.5,5.0],"texture":"#1"}}},{"from":[5.4,6.4,20.4],"to":[-0.4,3.6,9.6],"rotation":{"angle":0.0,"axis":"z","origin":[8.0,5.0,15.0]},"faces":{"north":{"uv":[8.5,4.0,9.5,5.0],"texture":"#1"},"east":{"uv":[8.5,4.0,9.5,5.0],"texture":"#1"},"south":{"uv":[8.5,4.0,9.5,5.0],"texture":"#1"},"west":{"uv":[8.5,4.0,9.5,5.0],"texture":"#1"},"up":{"uv":[8.5,4.0,9.5,5.0],"texture":"#1"},"down":{"uv":[8.5,4.0,9.5,5.0],"texture":"#1"}}},{"from":[9.4,2.4,20.4],"to":[6.6,-3.4,9.6],"rotation":{"angle":0.0,"axis":"x","origin":[8.0,6.5,8.0]},"faces":{"north":{"uv":[8.5,4.0,9.5,5.0],"texture":"#1"},"east":{"uv":[8.5,4.0,9.5,5.0],"texture":"#1"},"south":{"uv":[8.5,4.0,9.5,5.0],"texture":"#1"},"west":{"uv":[8.5,4.0,9.5,5.0],"texture":"#1"},"up":{"uv":[8.5,4.0,9.5,5.0],"texture":"#1"},"down":{"uv":[8.5,4.0,9.5,5.0],"texture":"#1"}}},{"from":[16.4,6.4,20.4],"to":[10.6,3.6,9.6],"rotation":{"angle":0.0,"axis":"z","origin":[8.0,5.0,15.0]},"faces":{"north":{"uv":[8.5,4.0,9.5,5.0],"texture":"#1"},"east":{"uv":[8.5,4.0,9.5,5.0],"texture":"#1"},"south":{"uv":[8.5,4.0,9.5,5.0],"texture":"#1"},"west":{"uv":[8.5,4.0,9.5,5.0],"texture":"#1"},"up":{"uv":[8.5,4.0,9.5,5.0],"texture":"#1"},"down":{"uv":[8.5,4.0,9.5,5.0],"texture":"#1"}}},{"from":[6.0,3.0,18.0],"to":[10.0,7.0,18.0],"faces":{"north":{"uv":[10.0,4.0,12.0,6.0],"texture":"#1"},"south":{"uv":[10.0,4.0,12.0,6.0],"texture":"#1"}}},{"from":[6.0,3.0,21.0],"to":[10.0,7.0,21.0],"faces":{"north":{"uv":[12.0,4.0,14.0,6.0],"texture":"#1"},"south":{"uv":[12.0,4.0,14.0,6.0],"texture":"#1"}}},{"from":[6.0,3.0,27.0],"to":[10.0,7.0,27.0],"faces":{"north":{"uv":[12.0,6.0,14.0,8.0],"texture":"#1"},"south":{"uv":[12.0,6.0,14.0,8.0],"texture":"#1"}}},{"from":[6.0,3.0,24.0],"to":[10.0,7.0,24.0],"faces":{"north":{"uv":[10.0,6.0,12.0,8.0],"texture":"#1"},"south":{"uv":[10.0,6.0,12.0,8.0],"texture":"#1"}}}],"display":{"thirdperson_righthand":{"translation":[0.0,1.0,0.75],"rotation":[55.5,34.0,0.0],"scale":[0.52539,0.52539,0.52539]},"thirdperson_lefthand":{"translation":[0.0,1.0,0.75],"rotation":[55.5,34.0,0.0],"scale":[0.52539,0.52539,0.52539]},"firstperson_righthand":{"translation":[9.5,0.0,-5.75],"rotation":[21.0,114.5,-13.75],"scale":[0.41992,0.41992,0.41992]},"firstperson_lefthand":{"translation":[9.5,0.0,-5.75],"rotation":[21.0,114.5,-13.75],"scale":[0.41992,0.41992,0.41992]},"ground":{"translation":[0.0,15.25,0.0],"scale":[0.84961,0.84961,0.84961]},"gui":{"translation":[1.25,1.0,0.0],"rotation":[-149.61,-31.92,-180.0],"scale":[0.66015,0.66015,0.66015]},"head":{"translation":[0.0,4.25,-1.75],"scale":[1.53555,1.53555,1.53555]}},"credit":"Made with Blockbench","gui_light":"front"}