{"textures":{"1":"mcc:island_cosmetics/general/hat/motorcycle_helmet/daredevil"},"elements":[{"from":[3.0,-0.5,3.0],"to":[13.0,9.5,13.0],"rotation":{"angle":0.0,"axis":"x","origin":[8.0,9.5,7.0]},"faces":{"north":{"uv":[3.33333,7.66667,6.66667,11.0],"texture":"#1"},"east":{"uv":[0.0,7.66667,3.33333,11.0],"texture":"#1"},"south":{"uv":[10.0,7.66667,6.66667,11.0],"texture":"#1"},"west":{"uv":[3.33333,7.66667,0.0,11.0],"texture":"#1"},"up":{"uv":[0.0,1.0,3.33333,4.33333],"texture":"#1"},"down":{"uv":[0.0,11.0,3.33333,14.33333],"texture":"#1"}}},{"from":[3.0,-0.5,3.0],"to":[13.0,9.5,13.0],"rotation":{"angle":0.0,"axis":"x","origin":[8.0,9.5,7.0]},"faces":{"north":{"uv":[3.33333,11.0,6.66667,14.33333],"texture":"#1","tintindex":0},"south":{"uv":[13.33333,11.0,10.0,14.33333],"texture":"#1","tintindex":0},"up":{"uv":[6.66666,11.0,10.0,14.33334],"texture":"#1","tintindex":0}}},{"from":[13.0,5.5,7.0],"to":[3.0,-0.5,3.0],"rotation":{"angle":0.0,"axis":"x","origin":[8.0,9.5,7.0]},"faces":{"north":{"uv":[6.66667,4.33333,3.33333,2.33333],"texture":"#1"},"down":{"uv":[3.33333,1.0,6.66667,2.33333],"texture":"#1"}}},{"from":[2.6,1.1,2.1],"to":[13.4,5.9,11.9],"rotation":{"angle":0.0,"axis":"x","origin":[8.0,3.5,7.0]},"faces":{"north":{"uv":[0.0,5.0,3.33333,6.33334],"texture":"#1"},"east":{"uv":[0.0,6.33334,3.0,7.66667],"texture":"#1"},"west":{"uv":[3.0,6.33334,0.0,7.66667],"texture":"#1"}}},{"from":[13.4,5.9,11.9],"to":[2.6,1.1,2.1],"rotation":{"angle":0.0,"axis":"x","origin":[8.0,3.5,7.0]},"faces":{"east":{"uv":[3.0,7.66667,0.0,6.33334],"texture":"#1"},"south":{"uv":[0.0,6.33334,3.33333,5.0],"texture":"#1"},"west":{"uv":[0.0,7.66667,3.0,6.33334],"texture":"#1"}}}],"display":{"thirdperson_righthand":{"translation":[0.0,1.0,0.75],"rotation":[55.5,34.0,0.0],"scale":[0.52539,0.52539,0.52539]},"thirdperson_lefthand":{"translation":[0.0,1.0,0.75],"rotation":[55.5,34.0,0.0],"scale":[0.52539,0.52539,0.52539]},"firstperson_righthand":{"translation":[9.5,0.0,-5.75],"rotation":[21.0,114.5,-13.75],"scale":[0.41992,0.41992,0.41992]},"firstperson_lefthand":{"translation":[9.5,0.0,-5.75],"rotation":[21.0,114.5,-13.75],"scale":[0.41992,0.41992,0.41992]},"gui":{"translation":[-0.25,2.5,0.0],"rotation":[-149.61,-31.92,-180.0],"scale":[0.95116,0.95116,0.95116]},"head":{"translation":[0.0,7.0,0.0],"scale":[1.64883,1.64883,1.64883]}},"credit":"Made with Blockbench","gui_light":"front"}