{"textures":{"0":"mcc:island_cosmetics/head/head_3","particle":"mcc:island_cosmetics/head/head_3"},"credit":"Made with Blockbench","texture_size":[128.0,128.0],"elements":[{"from":[3.5,0.0,3.5],"to":[12.5,10.0,12.5],"rotation":{"angle":0.0,"axis":"x","origin":[7.5,9.5,7.5]},"faces":{"north":{"uv":[0.0,0.75,1.125,2.0],"texture":"#0"},"east":{"uv":[1.125,0.75,2.25,2.0],"texture":"#0"},"south":{"uv":[1.125,3.0,0.0,4.25],"texture":"#0"},"west":{"uv":[2.25,0.75,1.125,2.0],"texture":"#0"},"up":{"uv":[2.5,2.0,1.375,3.125],"texture":"#0"},"down":{"uv":[1.125,3.125,2.25,4.25],"texture":"#0"}}},{"from":[6.5,2.0,4.5],"to":[9.5,12.0,14.5],"rotation":{"angle":0.0,"axis":"x","origin":[7.5,9.5,7.5]},"faces":{"north":{"uv":[3.75,0.0,4.125,1.25],"texture":"#0"},"east":{"uv":[2.5,0.0,3.75,1.25],"texture":"#0"},"south":{"uv":[2.875,1.375,3.25,2.625],"texture":"#0"},"west":{"uv":[3.75,0.0,2.5,1.25],"texture":"#0"},"up":{"uv":[2.5,1.375,2.875,2.625],"texture":"#0"},"down":{"uv":[3.25,1.375,3.625,2.625],"texture":"#0"}}},{"from":[8.0,-2.0,7.5],"to":[8.0,17.0,20.5],"rotation":{"angle":22.5,"axis":"y","origin":[8.0,7.5,14.0]},"faces":{"north":{"uv":[0.0,14.125,1.25,15.375],"texture":"#0","tintindex":0.0},"east":{"uv":[4.125,0.0,5.75,2.375],"texture":"#0","tintindex":0.0},"south":{"uv":[3.75,14.125,5.0,15.375],"texture":"#0","tintindex":0.0},"west":{"uv":[5.75,0.0,4.125,2.375],"texture":"#0","tintindex":0.0},"up":{"uv":[2.5,14.125,3.75,15.375],"texture":"#0","tintindex":0.0},"down":{"uv":[2.125,14.75,2.25,14.875],"texture":"#0","tintindex":0.0}}},{"from":[8.0,-2.0,7.5],"to":[8.0,17.0,20.5],"rotation":{"angle":-22.5,"axis":"y","origin":[8.0,7.5,14.0]},"faces":{"north":{"uv":[1.25,14.125,0.0,15.375],"texture":"#0","tintindex":0.0},"east":{"uv":[4.125,0.0,5.75,2.375],"texture":"#0","tintindex":0.0},"south":{"uv":[5.0,14.125,3.75,15.375],"texture":"#0","tintindex":0.0},"west":{"uv":[5.75,0.0,4.125,2.375],"texture":"#0","tintindex":0.0},"up":{"uv":[3.75,14.125,2.5,15.375],"texture":"#0","tintindex":0.0},"down":{"uv":[2.25,14.75,2.125,14.875],"texture":"#0","tintindex":0.0}}},{"from":[6.51,10.01,8.51],"to":[9.49,15.99,18.49],"rotation":{"angle":0.0,"axis":"x","origin":[7.0,9.5,7.5]},"faces":{"north":{"uv":[6.5,0.0,6.875,0.75],"texture":"#0","tintindex":0.0},"east":{"uv":[4.375,0.125,5.625,0.875],"texture":"#0","tintindex":0.0},"south":{"uv":[5.75,0.125,6.125,0.875],"texture":"#0","tintindex":0.0},"west":{"uv":[5.625,0.125,4.375,0.875],"texture":"#0","tintindex":0.0},"up":{"uv":[6.125,0.0,6.5,1.25],"texture":"#0","tintindex":0.0},"down":{"uv":[6.875,0.5,6.5,1.75],"texture":"#0","tintindex":0.0}}},{"from":[2.8,5.61876,2.79578],"to":[13.0,9.81876,9.99578],"rotation":{"angle":22.5,"axis":"x","origin":[7.4,9.67337,6.58295]},"faces":{"north":{"uv":[0.875,0.0,2.125,0.5],"texture":"#0"},"east":{"uv":[0.0,0.0,0.875,0.5],"texture":"#0"},"south":{"uv":[0.0,4.25,1.25,4.75],"texture":"#0"},"west":{"uv":[0.875,0.0,0.0,0.5],"texture":"#0"},"up":{"uv":[0.0,3.0,1.25,2.125],"texture":"#0"},"down":{"uv":[0.0,2.125,1.25,3.0],"texture":"#0"}}},{"from":[3.0,-2.74321,3.7125],"to":[13.0,0.25679,10.7125],"rotation":{"angle":-22.5,"axis":"x","origin":[8.1,0.35679,3.0625]},"faces":{"north":{"uv":[6.875,10.375,5.625,10.75],"texture":"#0"},"east":{"uv":[6.0,10.0,6.875,10.375],"texture":"#0"},"south":{"uv":[5.25,10.375,5.625,11.625],"rotation":90.0,"texture":"#0"},"west":{"uv":[6.875,10.0,6.0,10.375],"texture":"#0"},"up":{"uv":[0.0,3.0,1.25,2.125],"texture":"#0"},"down":{"uv":[5.625,10.75,6.875,11.625],"texture":"#0"}}},{"name":"cube inverted","from":[13.0,9.81876,9.99578],"to":[2.8,5.61876,2.79578],"rotation":{"angle":22.5,"axis":"x","origin":[7.4,9.67337,6.58295]},"faces":{"north":{"uv":[0.0,4.75,1.25,4.25],"texture":"#0"},"east":{"uv":[0.875,0.5,0.0,0.0],"texture":"#0"},"south":{"uv":[0.875,0.5,2.125,0.0],"texture":"#0"},"west":{"uv":[0.0,0.5,0.875,0.0],"texture":"#0"},"up":{"uv":[1.25,2.125,0.0,3.0],"texture":"#0"},"down":{"uv":[1.25,3.0,0.0,2.125],"texture":"#0"}}},{"name":"cube inverted","from":[13.0,0.25679,10.7125],"to":[3.0,-2.74321,3.7125],"rotation":{"angle":-22.5,"axis":"x","origin":[8.1,0.35679,3.0625]},"faces":{"north":{"uv":[5.625,10.375,5.25,11.625],"rotation":90.0,"texture":"#0"},"east":{"uv":[6.875,10.375,6.0,10.0],"texture":"#0"},"south":{"uv":[6.875,10.75,5.625,10.375],"texture":"#0"},"west":{"uv":[6.0,10.375,6.875,10.0],"texture":"#0"},"up":{"uv":[6.875,10.75,5.625,11.625],"texture":"#0"},"down":{"uv":[1.25,3.0,0.0,2.125],"texture":"#0"}}},{"name":"cube inverted","from":[12.5,10.0,12.5],"to":[3.5,0.0,3.5],"rotation":{"angle":0.0,"axis":"x","origin":[7.5,9.5,7.5]},"faces":{"north":{"uv":[1.125,4.25,0.0,3.0],"texture":"#0"},"east":{"uv":[2.25,2.0,1.125,0.75],"texture":"#0"},"south":{"uv":[0.0,2.0,1.125,0.75],"texture":"#0"},"west":{"uv":[1.125,2.0,2.25,0.75],"texture":"#0"},"up":{"uv":[2.25,3.125,1.125,4.25],"texture":"#0"},"down":{"uv":[1.375,2.0,2.5,3.125],"texture":"#0"}}}],"gui_light":"front","display":{"thirdperson_righthand":{"rotation":[55.5,34.0,0.0],"translation":[0.0,1.0,0.75],"scale":[0.52539,0.52539,0.52539]},"thirdperson_lefthand":{"rotation":[55.5,34.0,0.0],"translation":[0.0,1.0,0.75],"scale":[0.52539,0.52539,0.52539]},"firstperson_righthand":{"rotation":[21.0,114.5,-13.75],"translation":[9.5,0.0,-5.75],"scale":[0.41992,0.41992,0.41992]},"firstperson_lefthand":{"rotation":[21.0,114.5,-13.75],"translation":[9.5,0.0,-5.75],"scale":[0.41992,0.41992,0.41992]},"gui":{"rotation":[-149.61,-31.92,-180.0],"translation":[0.25,0.0,0.0],"scale":[0.65039,0.65039,0.65039]},"head":{"translation":[0.0,4.5,0.0],"scale":[1.62735,1.62735,1.62735]}}}