{"textures":{"0":"mcc:island_cosmetics/head/head_2","particle":"mcc:island_cosmetics/head/head_2"},"credit":"Made with Blockbench","texture_size":[128.0,128.0],"elements":[{"from":[7.0,7.0,7.0],"to":[9.0,13.0,9.0],"rotation":{"angle":0.0,"axis":"x","origin":[8.0,9.5,4.0]},"faces":{"north":{"uv":[10.25,1.125,10.5,1.875],"texture":"#0"},"east":{"uv":[10.5,1.125,10.25,1.875],"texture":"#0"},"south":{"uv":[10.25,1.125,10.5,1.875],"texture":"#0"},"west":{"uv":[10.5,1.125,10.25,1.875],"texture":"#0"},"up":{"uv":[10.25,1.875,10.5,2.125],"texture":"#0"},"down":{"uv":[10.0,1.875,10.25,2.125],"texture":"#0"}}},{"from":[8.09221,11.9064,8.65638],"to":[15.09221,16.9064,8.65638],"rotation":{"angle":22.5,"axis":"z","origin":[11.59221,14.4064,8.65638]},"faces":{"north":{"uv":[11.375,1.875,10.5,2.5],"rotation":180.0,"texture":"#0"},"east":{"uv":[6.125,2.875,5.375,4.0],"rotation":90.0,"texture":"#missing"},"south":{"uv":[10.5,1.875,11.375,2.5],"rotation":180.0,"texture":"#0"},"west":{"uv":[5.375,2.875,6.125,4.0],"rotation":270.0,"texture":"#missing"},"up":{"uv":[7.25,2.875,6.125,4.0],"texture":"#missing"},"down":{"uv":[5.75,1.5,5.625,1.625],"rotation":180.0,"texture":"#missing"}}},{"from":[1.07508,12.87745,8.5],"to":[8.07508,17.87745,8.5],"rotation":{"angle":-45.0,"axis":"z","origin":[4.57508,14.87745,8.5]},"faces":{"north":{"uv":[10.5,1.125,11.375,1.75],"rotation":180.0,"texture":"#0"},"east":{"uv":[6.125,2.875,5.375,4.0],"rotation":90.0,"texture":"#missing"},"south":{"uv":[11.375,1.125,10.5,1.75],"rotation":180.0,"texture":"#0"},"west":{"uv":[5.375,2.875,6.125,4.0],"rotation":270.0,"texture":"#missing"},"up":{"uv":[6.125,2.875,7.25,4.0],"texture":"#missing"},"down":{"uv":[5.625,1.5,5.75,1.625],"rotation":180.0,"texture":"#missing"}}}],"gui_light":"front","display":{"thirdperson_righthand":{"rotation":[55.5,34.0,0.0],"translation":[0.0,1.0,0.75],"scale":[0.52539,0.52539,0.52539]},"thirdperson_lefthand":{"rotation":[55.5,34.0,0.0],"translation":[0.0,1.0,0.75],"scale":[0.52539,0.52539,0.52539]},"firstperson_righthand":{"rotation":[21.0,114.5,-13.75],"translation":[9.5,0.0,-5.75],"scale":[0.41992,0.41992,0.41992]},"firstperson_lefthand":{"rotation":[21.0,114.5,-13.75],"translation":[9.5,0.0,-5.75],"scale":[0.41992,0.41992,0.41992]},"gui":{"rotation":[-149.61,-31.92,-180.0],"translation":[-0.5,-5.5,0.0],"scale":[1.20507,1.20507,1.20507]},"head":{"rotation":[0.36,9.02,-4.2],"translation":[-0.25,5.75,-0.5],"scale":[1.6,1.6,1.6]}}}