{"textures":{"0":"mcc:island_cosmetics/head/head","particle":"mcc:island_cosmetics/head/head"},"credit":"Made with Blockbench","texture_size":[128.0,128.0],"elements":[{"from":[4.0,0.0,4.0],"to":[12.0,4.0,12.0],"rotation":{"angle":0.0,"axis":"y","origin":[8.0,3.5,8.0]},"faces":{"north":{"uv":[13.625,5.5,14.625,6.0],"texture":"#0","tintindex":0.0},"east":{"uv":[13.625,6.0,14.625,6.5],"texture":"#0","tintindex":0.0},"south":{"uv":[15.625,5.0,14.625,5.5],"texture":"#0","tintindex":0.0},"west":{"uv":[14.625,6.0,13.625,6.5],"texture":"#0","tintindex":0.0},"up":{"uv":[14.0,6.0,14.125,6.125],"texture":"#0","tintindex":0.0},"down":{"uv":[14.625,6.125,14.75,6.25],"texture":"#0","tintindex":0.0}}},{"from":[4.0,0.0,0.0],"to":[12.0,1.0,4.0],"rotation":{"angle":0.0,"axis":"y","origin":[8.0,3.5,8.0]},"faces":{"north":{"uv":[14.625,6.0,15.625,6.25],"texture":"#0","tintindex":0.0},"east":{"uv":[14.625,6.25,15.125,6.375],"texture":"#0","tintindex":0.0},"south":{"uv":[14.125,6.125,14.25,6.25],"texture":"#0","tintindex":0.0},"west":{"uv":[15.125,6.25,14.625,6.375],"texture":"#0","tintindex":0.0},"up":{"uv":[14.625,5.5,15.625,6.0],"texture":"#0","tintindex":0.0},"down":{"uv":[14.625,6.125,14.75,6.25],"texture":"#0","tintindex":0.0}}},{"name":"cube inverted","from":[12.0,1.0,4.0],"to":[4.0,0.0,0.0],"rotation":{"angle":0.0,"axis":"y","origin":[-8.0,-3.5,-8.0]},"faces":{"north":{"uv":[14.125,6.25,14.25,6.125],"texture":"#0","tintindex":0.0},"east":{"uv":[15.125,6.375,14.625,6.25],"texture":"#0","tintindex":0.0},"south":{"uv":[14.625,6.25,15.625,6.0],"texture":"#0","tintindex":0.0},"west":{"uv":[14.625,6.375,15.125,6.25],"texture":"#0","tintindex":0.0},"up":{"uv":[14.75,6.125,14.625,6.25],"texture":"#0","tintindex":0.0},"down":{"uv":[15.625,5.5,14.625,6.0],"texture":"#0","tintindex":0.0}}},{"name":"cube inverted","from":[12.0,4.0,12.0],"to":[4.0,0.0,4.0],"rotation":{"angle":0.0,"axis":"y","origin":[-8.0,-3.5,-8.0]},"faces":{"north":{"uv":[15.625,5.5,14.625,5.0],"texture":"#0","tintindex":0.0},"east":{"uv":[14.625,6.5,13.625,6.0],"texture":"#0","tintindex":0.0},"south":{"uv":[13.625,6.0,14.625,5.5],"texture":"#0","tintindex":0.0},"west":{"uv":[13.625,6.5,14.625,6.0],"texture":"#0","tintindex":0.0},"up":{"uv":[14.75,6.125,14.625,6.25],"texture":"#0","tintindex":0.0},"down":{"uv":[14.125,6.0,14.0,6.125],"texture":"#0","tintindex":0.0}}}],"gui_light":"front","display":{"thirdperson_righthand":{"rotation":[64.25,0.0,0.0],"scale":[0.44336,0.44336,0.44336]},"thirdperson_lefthand":{"rotation":[64.25,0.0,0.0],"scale":[0.44336,0.44336,0.44336]},"firstperson_righthand":{"scale":[0.0,0.0,0.0]},"firstperson_lefthand":{"scale":[0.0,0.0,0.0]},"ground":{"translation":[0.0,4.25,0.0],"scale":[0.43945,0.43945,0.43945]},"gui":{"rotation":[-151.14,-30.13,-178.48],"translation":[-0.75,7.75,0.0],"scale":[1.10742,1.10742,1.10742]},"head":{"rotation":[4.75,0.0,0.0],"translation":[0.0,15.0,1.0],"scale":[1.89688,1.89688,1.89688]}}}