{"textures":{"0":"mcc:island_cosmetics/general/hat/ushanka/ushanka","particle":"mcc:island_cosmetics/general/hat/ushanka/ushanka"},"display":{"thirdperson_righthand":{"rotation":[64.25,0.0,0.0],"scale":[0.44336,0.44336,0.44336]},"thirdperson_lefthand":{"rotation":[64.25,0.0,0.0],"scale":[0.44336,0.44336,0.44336]},"firstperson_righthand":{"scale":[0.0,0.0,0.0]},"firstperson_lefthand":{"scale":[0.0,0.0,0.0]},"ground":{"translation":[0.0,4.25,0.0],"scale":[0.43945,0.43945,0.43945]},"gui":{"translation":[0.0,2.75,0.0],"rotation":[-149.61,-31.92,-180.0],"scale":[0.85937,0.85937,0.85937]},"head":{"translation":[0.0,6.75,0.0],"scale":[1.6,1.6,1.6]}},"credit":"Made with Blockbench","texture_size":[48.0,48.0],"elements":[{"from":[2.99,3.73,4.99],"to":[13.01,9.75,13.01],"rotation":{"angle":0.0,"axis":"y","origin":[9.5,6.24,8.0]},"faces":{"north":{"uv":[29.33333,36.0,32.66667,38.0],"texture":"#0","tintindex":0.0},"east":{"uv":[30.66667,30.33333,33.33333,32.33333],"texture":"#0","tintindex":0.0},"south":{"uv":[30.0,33.33333,33.33333,35.33333],"texture":"#0","tintindex":0.0},"west":{"uv":[33.33333,30.33333,30.66667,32.33333],"texture":"#0","tintindex":0.0},"up":{"uv":[32.66667,35.33333,36.0,38.0],"texture":"#0","tintindex":0.0},"down":{"uv":[35.33333,32.0,35.66667,32.33333],"texture":"#0","tintindex":0.0}}},{"from":[2.97,3.71,4.97],"to":[13.03,9.77,13.03],"rotation":{"angle":0.0,"axis":"y","origin":[9.5,6.24,8.0]},"faces":{"north":{"uv":[0.0,5.66667,3.33333,7.66667],"texture":"#0","tintindex":0.0},"east":{"uv":[1.33333,0.0,4.0,2.0],"texture":"#0","tintindex":0.0},"south":{"uv":[0.66667,3.0,4.0,5.0],"texture":"#0","tintindex":0.0},"west":{"uv":[4.0,0.0,1.33333,2.0],"texture":"#0","tintindex":0.0},"up":{"uv":[3.33333,5.0,6.66667,7.66667],"texture":"#0","tintindex":0.0}}},{"from":[2.95,0.69,11.01],"to":[12.99,3.73,13.05],"rotation":{"angle":0.0,"axis":"y","origin":[9.47,11.46,8.03]},"faces":{"north":{"uv":[3.33333,11.33333,6.66667,12.33333],"texture":"#0"},"east":{"uv":[4.0,7.66667,4.66667,8.66667],"texture":"#0"},"south":{"uv":[4.66667,7.66667,8.0,8.66667],"texture":"#0"},"west":{"uv":[4.0,7.66667,4.66667,8.66667],"texture":"#0"},"up":{"uv":[35.66667,32.0,36.0,32.33333],"texture":"#0"},"down":{"uv":[4.66667,8.66667,8.0,9.33333],"texture":"#0"}}},{"from":[2.97,0.71,11.03],"to":[12.97,3.71,13.03],"rotation":{"angle":0.0,"axis":"y","origin":[9.5,11.24,8.06]},"faces":{"north":{"uv":[10.66667,7.66667,14.0,8.66667],"texture":"#0","tintindex":0.0},"east":{"uv":[0.66667,0.0,1.33333,1.0],"texture":"#0","tintindex":0.0},"south":{"uv":[0.66667,2.0,4.0,3.0],"texture":"#0","tintindex":0.0},"west":{"uv":[1.33333,0.0,0.66667,1.0],"texture":"#0","tintindex":0.0},"down":{"uv":[0.66667,2.33333,4.0,3.0],"texture":"#0","tintindex":0.0}}},{"from":[12.26029,-1.83701,4.96],"to":[14.34029,4.24299,11.04],"rotation":{"angle":22.5,"axis":"z","origin":[12.30029,0.20299,9.0]},"faces":{"north":{"uv":[7.33333,4.0,8.0,6.0],"texture":"#0"},"east":{"uv":[8.0,4.0,10.0,6.0],"texture":"#0"},"south":{"uv":[6.66667,1.66667,6.0,3.66667],"texture":"#0"},"west":{"uv":[8.0,6.0,10.0,8.0],"texture":"#0"},"up":{"uv":[0.66667,3.02667,0.0,5.02667],"texture":"#0"},"down":{"uv":[6.66667,4.0,7.33333,6.0],"texture":"#0"}}},{"from":[12.30029,-1.79701,5.0],"to":[14.30029,4.20299,11.0],"rotation":{"angle":22.5,"axis":"z","origin":[12.30029,0.20299,9.0]},"faces":{"east":{"uv":[4.0,0.0,6.0,2.0],"texture":"#0","tintindex":0.0},"south":{"uv":[5.33333,2.0,6.0,4.0],"texture":"#0","tintindex":0.0}}},{"from":[1.65971,-1.83701,4.96],"to":[3.73971,4.24299,11.04],"rotation":{"angle":-22.5,"axis":"z","origin":[3.69971,0.20299,9.0]},"faces":{"north":{"uv":[8.0,4.0,7.33333,6.0],"texture":"#0"},"east":{"uv":[10.0,6.0,8.0,8.0],"texture":"#0"},"south":{"uv":[6.0,1.66667,6.66667,3.66667],"texture":"#0"},"west":{"uv":[10.0,4.0,8.0,6.0],"texture":"#0"},"up":{"uv":[0.0,3.02667,0.66667,5.02667],"texture":"#0"},"down":{"uv":[7.33333,4.0,6.66667,6.0],"texture":"#0"}}},{"from":[1.69971,-1.79701,5.0],"to":[3.69971,4.20299,11.0],"rotation":{"angle":-22.5,"axis":"z","origin":[3.69971,0.20299,9.0]},"faces":{"south":{"uv":[6.0,2.0,5.33333,4.0],"texture":"#0","tintindex":0.0},"west":{"uv":[6.0,0.0,4.0,2.0],"texture":"#0","tintindex":0.0}}},{"from":[3.0,5.74,3.0],"to":[13.0,10.74,5.0],"rotation":{"angle":0.0,"axis":"y","origin":[9.5,6.24,8.0]},"faces":{"north":{"uv":[6.66667,0.0,10.0,1.66667],"texture":"#0"},"east":{"uv":[6.0,0.0,6.66667,1.66667],"texture":"#0"},"south":{"uv":[10.0,2.33333,6.66667,4.0],"texture":"#0"},"west":{"uv":[6.66667,0.0,6.0,1.66667],"texture":"#0"},"up":{"uv":[6.66667,1.66667,10.0,2.33333],"texture":"#0"},"down":{"uv":[0.0,5.0,3.33333,5.66667],"texture":"#0"}}},{"name":"cube inverted","from":[13.03,9.77,13.03],"to":[2.97,3.71,4.97],"rotation":{"angle":0.0,"axis":"y","origin":[9.5,6.24,8.0]},"faces":{"north":{"uv":[0.66667,5.0,4.0,3.0],"texture":"#0","tintindex":0.0},"east":{"uv":[4.0,2.0,1.33333,0.0],"texture":"#0","tintindex":0.0},"south":{"uv":[0.0,7.66667,3.33333,5.66667],"texture":"#0","tintindex":0.0},"west":{"uv":[1.33333,2.0,4.0,0.0],"texture":"#0","tintindex":0.0},"down":{"uv":[6.66667,5.0,3.33333,7.66667],"texture":"#0","tintindex":0.0}}},{"name":"cube inverted","from":[12.97,3.71,13.03],"to":[2.97,0.71,11.03],"rotation":{"angle":0.0,"axis":"y","origin":[9.5,11.24,8.06]},"faces":{"north":{"uv":[0.66667,3.0,4.0,2.0],"texture":"#0","tintindex":0.0},"east":{"uv":[1.33333,1.0,0.66667,0.0],"texture":"#0","tintindex":0.0},"south":{"uv":[10.66667,8.66667,14.0,7.66667],"texture":"#0","tintindex":0.0},"west":{"uv":[0.66667,1.0,1.33333,0.0],"texture":"#0","tintindex":0.0},"up":{"uv":[4.0,2.33333,0.66667,3.0],"texture":"#0","tintindex":0.0}}}],"gui_light":"front"}