{"textures":{"0":"mcc:island_cosmetics/head/head_2","1":"mcc:island_cosmetics/head_variant/head_2_extra","particle":"mcc:island_cosmetics/head/head_2"},"credit":"Made with Blockbench","texture_size":[128.0,128.0],"elements":[{"from":[3.4,-1.1,3.4],"to":[12.6,2.1,12.6],"rotation":{"angle":0.0,"axis":"y","origin":[10.0,6.24,8.5]},"faces":{"north":{"uv":[5.0,7.625,6.125,8.0],"texture":"#0"},"east":{"uv":[5.0,6.375,6.125,6.75],"texture":"#0"},"south":{"uv":[5.0,6.375,6.125,6.75],"texture":"#0"},"west":{"uv":[5.0,6.375,6.125,6.75],"texture":"#0"},"up":{"uv":[6.5,6.875,6.625,7.0],"texture":"#0"},"down":{"uv":[6.125,4.375,7.25,5.5],"texture":"#0"}}},{"from":[3.5,0.64727,-0.01772],"to":[12.5,0.64727,3.98228],"rotation":{"angle":-22.5,"axis":"x","origin":[8.0,0.27227,0.35728]},"faces":{"north":{"uv":[6.125,6.375,5.0,6.75],"texture":"#0"},"east":{"uv":[6.125,7.625,5.0,8.0],"texture":"#0"},"south":{"uv":[6.125,6.375,5.0,6.75],"texture":"#0"},"west":{"uv":[6.125,6.375,5.0,6.75],"texture":"#0"},"up":{"uv":[6.0,1.125,5.5,2.25],"rotation":90.0,"texture":"#1"},"down":{"uv":[6.0,1.125,5.5,2.25],"rotation":270.0,"texture":"#1"}}},{"from":[3.5,-7.35273,-0.01772],"to":[12.5,0.64727,-0.01772],"rotation":{"angle":22.5,"axis":"x","origin":[8.0,0.27227,0.35728]},"faces":{"north":{"uv":[7.25,1.125,6.125,2.125],"texture":"#1"},"east":{"uv":[6.125,7.625,5.0,8.0],"texture":"#0"},"south":{"uv":[7.25,1.125,6.125,2.125],"texture":"#1"},"west":{"uv":[6.125,6.375,5.0,6.75],"texture":"#0"},"up":{"uv":[5.125,2.25,4.5,3.375],"rotation":90.0,"texture":"#1"},"down":{"uv":[5.125,2.25,4.5,3.375],"rotation":270.0,"texture":"#1"}}},{"from":[3.5,-7.60273,0.23228],"to":[12.5,0.39727,0.23228],"rotation":{"angle":22.5,"axis":"x","origin":[8.0,0.27227,0.35728]},"faces":{"north":{"uv":[6.25,2.25,5.125,3.25],"texture":"#1"},"east":{"uv":[6.125,7.625,5.0,8.0],"texture":"#0"},"south":{"uv":[6.25,2.25,5.125,3.25],"texture":"#1"},"west":{"uv":[6.125,6.375,5.0,6.75],"texture":"#0"},"up":{"uv":[5.125,2.25,4.5,3.375],"rotation":90.0,"texture":"#1"},"down":{"uv":[5.125,2.25,4.5,3.375],"rotation":270.0,"texture":"#1"}}},{"from":[3.5,0.39727,0.23228],"to":[12.5,0.39727,4.23228],"rotation":{"angle":-22.5,"axis":"x","origin":[8.0,0.27227,0.35728]},"faces":{"north":{"uv":[6.125,6.375,5.0,6.75],"texture":"#0"},"east":{"uv":[6.125,7.625,5.0,8.0],"texture":"#0"},"south":{"uv":[6.125,6.375,5.0,6.75],"texture":"#0"},"west":{"uv":[6.125,6.375,5.0,6.75],"texture":"#0"},"up":{"uv":[5.0,2.25,4.5,3.375],"rotation":90.0,"texture":"#1"},"down":{"uv":[5.0,2.25,4.5,3.375],"rotation":270.0,"texture":"#1"}}},{"from":[3.5,0.54027,11.52901],"to":[12.5,0.54027,15.52901],"rotation":{"angle":22.5,"axis":"x","origin":[8.0,-1.00967,15.66734]},"faces":{"north":{"uv":[5.0,6.375,6.125,6.75],"texture":"#0"},"east":{"uv":[5.0,7.625,6.125,8.0],"texture":"#0"},"south":{"uv":[5.0,6.375,6.125,6.75],"texture":"#0"},"west":{"uv":[5.0,6.375,6.125,6.75],"texture":"#0"},"up":{"uv":[5.5,1.125,6.0,2.25],"rotation":90.0,"texture":"#1"},"down":{"uv":[5.5,1.125,6.0,2.25],"rotation":270.0,"texture":"#1"}}},{"from":[3.5,-7.44089,16.51017],"to":[12.5,0.55911,16.51017],"rotation":{"angle":-22.5,"axis":"x","origin":[8.0,-1.00967,15.66734]},"faces":{"north":{"uv":[6.125,1.125,7.25,2.125],"texture":"#1"},"east":{"uv":[5.0,7.625,6.125,8.0],"texture":"#0"},"south":{"uv":[6.125,1.125,7.25,2.125],"texture":"#1"},"west":{"uv":[5.0,6.375,6.125,6.75],"texture":"#0"},"up":{"uv":[4.5,2.25,5.125,3.375],"rotation":90.0,"texture":"#1"},"down":{"uv":[4.5,2.25,5.125,3.375],"rotation":270.0,"texture":"#1"}}},{"from":[3.5,0.29027,11.27901],"to":[12.5,0.29027,15.27901],"rotation":{"angle":22.5,"axis":"x","origin":[8.0,-1.00967,15.66734]},"faces":{"north":{"uv":[5.0,6.375,6.125,6.75],"texture":"#0"},"east":{"uv":[5.0,7.625,6.125,8.0],"texture":"#0"},"south":{"uv":[5.0,6.375,6.125,6.75],"texture":"#0"},"west":{"uv":[5.0,6.375,6.125,6.75],"texture":"#0"},"up":{"uv":[4.5,2.25,5.0,3.375],"rotation":90.0,"texture":"#1"},"down":{"uv":[4.5,2.25,5.0,3.375],"rotation":270.0,"texture":"#1"}}},{"from":[3.5,-7.69089,16.26017],"to":[12.5,0.30911,16.26017],"rotation":{"angle":-22.5,"axis":"x","origin":[8.0,-1.00967,15.66734]},"faces":{"north":{"uv":[5.125,2.25,6.25,3.25],"texture":"#1"},"east":{"uv":[5.0,7.625,6.125,8.0],"texture":"#0"},"south":{"uv":[5.125,2.25,6.25,3.25],"texture":"#1"},"west":{"uv":[5.0,6.375,6.125,6.75],"texture":"#0"},"up":{"uv":[4.5,2.25,5.125,3.375],"rotation":90.0,"texture":"#1"},"down":{"uv":[4.5,2.25,5.125,3.375],"rotation":270.0,"texture":"#1"}}},{"from":[10.69537,3.22443,3.5],"to":[14.69537,3.22443,12.5],"rotation":{"angle":-22.5,"axis":"z","origin":[8.0,-1.00967,8.0]},"faces":{"north":{"uv":[6.125,6.375,5.0,6.75],"texture":"#0"},"east":{"uv":[6.125,6.375,5.0,6.75],"texture":"#0"},"south":{"uv":[6.125,7.625,5.0,8.0],"texture":"#0"},"west":{"uv":[6.125,6.375,5.0,6.75],"texture":"#0"},"up":{"uv":[5.0,2.25,4.5,3.375],"rotation":180.0,"texture":"#1"},"down":{"uv":[5.0,2.25,4.5,3.375],"rotation":180.0,"texture":"#1"}}},{"from":[10.94537,3.47443,3.5],"to":[14.94537,3.47443,12.5],"rotation":{"angle":-22.5,"axis":"z","origin":[8.0,-1.00967,8.0]},"faces":{"north":{"uv":[6.125,6.375,5.0,6.75],"texture":"#0"},"east":{"uv":[6.125,6.375,5.0,6.75],"texture":"#0"},"south":{"uv":[6.125,7.625,5.0,8.0],"texture":"#0"},"west":{"uv":[6.125,6.375,5.0,6.75],"texture":"#0"},"up":{"uv":[6.0,1.125,5.5,2.25],"rotation":180.0,"texture":"#1"},"down":{"uv":[6.0,1.125,5.5,2.25],"rotation":180.0,"texture":"#1"}}},{"from":[15.67653,-10.62505,3.5],"to":[15.67653,-2.62505,12.5],"rotation":{"angle":22.5,"axis":"z","origin":[8.0,-1.00967,8.0]},"faces":{"north":{"uv":[6.125,6.375,5.0,6.75],"texture":"#0"},"east":{"uv":[6.25,2.25,5.125,3.25],"texture":"#1"},"south":{"uv":[6.125,7.625,5.0,8.0],"texture":"#0"},"west":{"uv":[6.25,2.25,5.125,3.25],"texture":"#1"},"up":{"uv":[5.125,2.25,4.5,3.375],"rotation":180.0,"texture":"#1"},"down":{"uv":[5.125,2.25,4.5,3.375],"rotation":180.0,"texture":"#1"}}},{"from":[15.92653,-10.37505,3.5],"to":[15.92653,-2.37505,12.5],"rotation":{"angle":22.5,"axis":"z","origin":[8.0,-1.00967,8.0]},"faces":{"north":{"uv":[6.125,6.375,5.0,6.75],"texture":"#0"},"east":{"uv":[7.25,1.125,6.125,2.125],"texture":"#1"},"south":{"uv":[6.125,7.625,5.0,8.0],"texture":"#0"},"west":{"uv":[7.25,1.125,6.125,2.125],"texture":"#1"},"up":{"uv":[5.125,2.25,4.5,3.375],"rotation":180.0,"texture":"#1"},"down":{"uv":[5.125,2.25,4.5,3.375],"rotation":180.0,"texture":"#1"}}},{"from":[1.05463,3.47443,3.5],"to":[5.05463,3.47443,12.5],"rotation":{"angle":22.5,"axis":"z","origin":[8.0,-1.00967,8.0]},"faces":{"north":{"uv":[5.0,6.375,6.125,6.75],"texture":"#0"},"east":{"uv":[5.0,6.375,6.125,6.75],"texture":"#0"},"south":{"uv":[5.0,7.625,6.125,8.0],"texture":"#0"},"west":{"uv":[5.0,6.375,6.125,6.75],"texture":"#0"},"up":{"uv":[5.5,1.125,6.0,2.25],"rotation":180.0,"texture":"#1"},"down":{"uv":[5.5,1.125,6.0,2.25],"rotation":180.0,"texture":"#1"}}},{"from":[0.07347,-10.37505,3.5],"to":[0.07347,-2.37505,12.5],"rotation":{"angle":-22.5,"axis":"z","origin":[8.0,-1.00967,8.0]},"faces":{"north":{"uv":[5.0,6.375,6.125,6.75],"texture":"#0"},"east":{"uv":[6.125,1.125,7.25,2.125],"texture":"#1"},"south":{"uv":[5.0,7.625,6.125,8.0],"texture":"#0"},"west":{"uv":[6.125,1.125,7.25,2.125],"texture":"#1"},"up":{"uv":[4.5,2.25,5.125,3.375],"rotation":180.0,"texture":"#1"},"down":{"uv":[4.5,2.25,5.125,3.375],"rotation":180.0,"texture":"#1"}}},{"from":[1.30463,3.22443,3.5],"to":[5.30463,3.22443,12.5],"rotation":{"angle":22.5,"axis":"z","origin":[8.0,-1.00967,8.0]},"faces":{"north":{"uv":[5.0,6.375,6.125,6.75],"texture":"#0"},"east":{"uv":[5.0,6.375,6.125,6.75],"texture":"#0"},"south":{"uv":[5.0,7.625,6.125,8.0],"texture":"#0"},"west":{"uv":[5.0,6.375,6.125,6.75],"texture":"#0"},"up":{"uv":[4.5,2.25,5.0,3.375],"rotation":180.0,"texture":"#1"},"down":{"uv":[4.5,2.25,5.0,3.375],"rotation":180.0,"texture":"#1"}}},{"from":[0.32347,-10.62505,3.5],"to":[0.32347,-2.62505,12.5],"rotation":{"angle":-22.5,"axis":"z","origin":[8.0,-1.00967,8.0]},"faces":{"north":{"uv":[5.0,6.375,6.125,6.75],"texture":"#0"},"east":{"uv":[5.125,2.25,6.25,3.25],"texture":"#1"},"south":{"uv":[5.0,7.625,6.125,8.0],"texture":"#0"},"west":{"uv":[5.125,2.25,6.25,3.25],"texture":"#1"},"up":{"uv":[4.5,2.25,5.125,3.375],"rotation":180.0,"texture":"#1"},"down":{"uv":[4.5,2.25,5.125,3.375],"rotation":180.0,"texture":"#1"}}},{"from":[3.6,-0.9,3.6],"to":[12.4,8.9,12.4],"rotation":{"angle":0.0,"axis":"y","origin":[10.0,6.24,8.5]},"faces":{"north":{"uv":[2.25,2.125,3.375,3.375],"texture":"#1"},"east":{"uv":[3.375,2.5,4.5,3.75],"texture":"#1"},"south":{"uv":[3.375,2.5,4.5,3.75],"texture":"#1"},"west":{"uv":[3.375,2.5,4.5,3.75],"texture":"#1"},"up":{"uv":[4.375,1.125,5.5,2.25],"texture":"#1"},"down":{"uv":[6.125,4.375,7.25,5.5],"texture":"#0"}}},{"from":[4.5,8.0,5.0],"to":[11.5,14.0,12.0],"rotation":{"angle":-22.5,"axis":"x","origin":[10.0,6.24,9.0]},"faces":{"north":{"uv":[2.5,1.125,3.375,1.875],"texture":"#1"},"east":{"uv":[2.5,1.125,3.375,1.875],"texture":"#1"},"south":{"uv":[2.5,1.125,3.375,1.875],"texture":"#1"},"west":{"uv":[2.5,1.125,3.375,1.875],"texture":"#1"},"up":{"uv":[3.375,1.625,4.25,2.5],"texture":"#1"},"down":{"uv":[6.5,6.875,6.625,7.0],"texture":"#0"}}},{"from":[6.0,13.0,9.0],"to":[10.0,17.0,13.0],"rotation":{"angle":-45.0,"axis":"x","origin":[9.5,6.24,9.0]},"faces":{"north":{"uv":[3.375,1.125,3.875,1.625],"texture":"#1"},"east":{"uv":[3.375,1.125,3.875,1.625],"texture":"#1"},"south":{"uv":[3.375,1.125,3.875,1.625],"texture":"#1"},"west":{"uv":[3.375,1.125,3.875,1.625],"texture":"#1"},"up":{"uv":[3.875,1.125,4.375,1.625],"texture":"#1"},"down":{"uv":[11.0,13.25,12.25,13.5],"texture":"#missing"}}},{"from":[6.0,-6.35828,0.03521],"to":[10.0,-2.35828,4.03521],"rotation":{"angle":-45.0,"axis":"x","origin":[8.0,-3.76119,4.96581]},"faces":{"north":{"uv":[5.5,8.0,6.0,8.5],"rotation":180.0,"texture":"#0"},"east":{"uv":[5.0,8.0,5.5,8.5],"rotation":90.0,"texture":"#0"},"south":{"uv":[11.0,13.25,12.25,13.5],"texture":"#missing"},"west":{"uv":[5.0,8.0,5.5,8.5],"rotation":270.0,"texture":"#0"},"up":{"uv":[5.0,8.0,5.5,8.5],"texture":"#0"},"down":{"uv":[5.0,8.0,5.5,8.5],"rotation":180.0,"texture":"#0"}}},{"from":[4.5,-5.82517,2.03566],"to":[11.5,4.17483,9.03566],"rotation":{"angle":22.5,"axis":"x","origin":[8.0,-3.76119,4.96581]},"faces":{"north":{"uv":[6.125,6.75,7.0,8.0],"texture":"#0"},"east":{"uv":[6.125,5.5,7.0,6.75],"texture":"#0"},"south":{"uv":[7.25,5.125,8.125,6.375],"texture":"#0"},"west":{"uv":[7.0,5.5,6.125,6.75],"texture":"#0"},"up":{"uv":[5.375,7.125,5.5,7.25],"texture":"#0"},"down":{"uv":[7.875,6.375,8.75,7.25],"texture":"#0"}}},{"name":"cube inverted","from":[12.6,2.1,12.6],"to":[3.4,-1.1,3.4],"rotation":{"angle":0.0,"axis":"y","origin":[10.0,6.24,8.5]},"faces":{"north":{"uv":[5.0,6.75,6.125,6.375],"texture":"#0"},"east":{"uv":[5.0,6.75,6.125,6.375],"texture":"#0"},"south":{"uv":[5.0,8.0,6.125,7.625],"texture":"#0"},"west":{"uv":[5.0,6.75,6.125,6.375],"texture":"#0"},"up":{"uv":[7.25,4.375,6.125,5.5],"texture":"#0"},"down":{"uv":[6.625,6.875,6.5,7.0],"texture":"#0"}}},{"name":"cube inverted","from":[12.4,8.9,12.4],"to":[3.6,-0.9,3.6],"rotation":{"angle":0.0,"axis":"y","origin":[10.0,6.24,8.5]},"faces":{"north":{"uv":[3.375,3.75,4.5,2.5],"texture":"#1"},"east":{"uv":[3.375,3.75,4.5,2.5],"texture":"#1"},"south":{"uv":[2.25,3.375,3.375,2.125],"texture":"#1"},"west":{"uv":[3.375,3.75,4.5,2.5],"texture":"#1"},"up":{"uv":[7.25,4.375,6.125,5.5],"texture":"#0"},"down":{"uv":[5.5,1.125,4.375,2.25],"texture":"#1"}}}],"gui_light":"front","display":{"thirdperson_righthand":{"rotation":[64.25,0.0,0.0],"scale":[0.44336,0.44336,0.44336]},"thirdperson_lefthand":{"rotation":[64.25,0.0,0.0],"scale":[0.44336,0.44336,0.44336]},"firstperson_righthand":{"scale":[0.0,0.0,0.0]},"firstperson_lefthand":{"scale":[0.0,0.0,0.0]},"ground":{"translation":[0.0,4.25,0.0],"scale":[0.43945,0.43945,0.43945]},"gui":{"rotation":[-149.61,-31.92,-180.0],"translation":[-0.25,3.5,0.0],"scale":[0.61914,0.61914,0.61914]},"head":{"translation":[0.0,5.75,0.0],"scale":[1.70352,1.70352,1.70352]}}}