{"textures":{"0":"mcc:island_cosmetics/head/head_7","1":"mcc:island_cosmetics/head_variant/variant_knitted_hat","particle":"mcc:island_cosmetics/head/head_7"},"credit":"Made with Blockbench","texture_size":[128.0,128.0],"elements":[{"from":[3.0,6.0,3.0],"to":[13.0,11.0,13.0],"rotation":{"angle":0.0,"axis":"x","origin":[8.0,9.5,7.0]},"faces":{"north":{"uv":[0.0,7.125,1.25,7.75],"texture":"#0","tintindex":0.0},"east":{"uv":[0.0,7.125,1.25,7.75],"texture":"#0","tintindex":0.0},"south":{"uv":[0.0,7.125,1.25,7.75],"texture":"#0","tintindex":0.0},"west":{"uv":[0.0,7.125,1.25,7.75],"texture":"#0","tintindex":0.0},"up":{"uv":[0.0,7.5,1.25,8.75],"texture":"#0","tintindex":0.0},"down":{"uv":[2.125,5.5,2.25,5.625],"texture":"#0","tintindex":0.0}}},{"from":[2.8,5.8,2.8],"to":[13.2,8.2,13.2],"rotation":{"angle":0.0,"axis":"x","origin":[8.0,9.5,7.0]},"faces":{"north":{"uv":[2.75,1.0,4.0,1.25],"texture":"#1"},"east":{"uv":[2.75,1.0,4.0,1.25],"texture":"#1"},"south":{"uv":[2.75,1.0,4.0,1.25],"texture":"#1"},"west":{"uv":[2.75,1.0,4.0,1.25],"texture":"#1"},"down":{"uv":[4.0,1.0,5.25,2.25],"texture":"#1"}}},{"from":[6.0,11.0,6.0],"to":[10.0,14.0,10.0],"rotation":{"angle":0.0,"axis":"x","origin":[8.0,9.5,7.0]},"faces":{"north":{"uv":[2.75,0.625,3.25,1.0],"texture":"#1"},"east":{"uv":[2.75,0.625,3.25,1.0],"texture":"#1"},"south":{"uv":[2.75,0.625,3.25,1.0],"texture":"#1"},"west":{"uv":[2.75,0.625,3.25,1.0],"texture":"#1"},"up":{"uv":[2.75,0.125,3.25,0.625],"texture":"#1"}}}],"gui_light":"front","display":{"thirdperson_righthand":{"rotation":[55.5,34.0,0.0],"translation":[0.0,1.0,0.75],"scale":[0.52539,0.52539,0.52539]},"thirdperson_lefthand":{"rotation":[55.5,34.0,0.0],"translation":[0.0,1.0,0.75],"scale":[0.52539,0.52539,0.52539]},"firstperson_righthand":{"rotation":[21.0,114.5,-13.75],"translation":[9.5,0.0,-5.75],"scale":[0.41992,0.41992,0.41992]},"firstperson_lefthand":{"rotation":[21.0,114.5,-13.75],"translation":[9.5,0.0,-5.75],"scale":[0.41992,0.41992,0.41992]},"gui":{"rotation":[-162.26,-34.89,171.09],"translation":[-0.25,-0.25,0.0],"scale":[0.97265,0.97265,0.97265]},"head":{"rotation":[6.5,0.0,0.0],"translation":[0.0,5.75,0.75],"scale":[1.64687,1.64687,1.64687]}}}