{"textures":{"0":"mcc:island_cosmetics/head/head_8","particle":"mcc:island_cosmetics/head/head_8"},"credit":"Made with Blockbench","texture_size":[128.0,128.0],"elements":[{"from":[2.99,2.99,2.99],"to":[13.01,11.01,13.01],"rotation":{"angle":0.0,"axis":"y","origin":[8.0,9.5,8.0]},"faces":{"north":{"uv":[15.875,9.25,14.625,10.25],"texture":"#0"},"east":{"uv":[14.625,8.25,15.875,9.25],"texture":"#0"},"south":{"uv":[14.625,7.25,15.875,8.25],"texture":"#0"},"west":{"uv":[15.875,8.25,14.625,9.25],"texture":"#0"},"up":{"uv":[13.375,6.625,14.625,7.875],"texture":"#0"}}},{"from":[3.0,0.97136,4.80135],"to":[4.0,3.97136,13.80135],"rotation":{"angle":-22.5,"axis":"x","origin":[3.5,-0.02864,8.30135]},"faces":{"north":{"uv":[14.5,7.875,14.625,8.25],"texture":"#0"},"east":{"uv":[13.5,7.875,14.625,8.25],"texture":"#0"},"south":{"uv":[13.5,7.875,13.625,8.25],"texture":"#0"},"west":{"uv":[14.625,7.875,13.5,8.25],"texture":"#0"},"up":{"uv":[14.625,7.875,13.5,8.0],"rotation":90.0,"texture":"#0"},"down":{"uv":[13.5,8.25,14.625,8.125],"rotation":90.0,"texture":"#0"}}},{"from":[12.0,0.97136,4.80135],"to":[13.0,3.97136,13.80135],"rotation":{"angle":-22.5,"axis":"x","origin":[12.5,-0.02864,8.30135]},"faces":{"north":{"uv":[14.625,7.875,14.5,8.25],"texture":"#0"},"east":{"uv":[13.5,7.875,14.625,8.25],"texture":"#0"},"south":{"uv":[13.625,7.875,13.5,8.25],"texture":"#0"},"west":{"uv":[14.625,7.875,13.5,8.25],"texture":"#0"},"up":{"uv":[14.625,8.0,13.5,7.875],"rotation":90.0,"texture":"#0"},"down":{"uv":[13.5,8.125,14.625,8.25],"rotation":90.0,"texture":"#0"}}},{"from":[2.75,4.98528,5.44975],"to":[2.75,13.98528,19.44975],"rotation":{"angle":-22.5,"axis":"x","origin":[8.0,9.48528,12.44975]},"faces":{"north":{"uv":[29.0,45.0,39.0,53.0],"texture":"#missing"},"east":{"uv":[12.75,10.125,14.5,11.25],"texture":"#0"},"south":{"uv":[39.0,56.0,49.0,64.0],"texture":"#missing"},"west":{"uv":[14.5,10.125,12.75,11.25],"texture":"#0"},"up":{"uv":[8.0,56.0,18.0,66.0],"texture":"#missing"},"down":{"uv":[49.0,56.0,59.0,66.0],"texture":"#missing"}}},{"from":[13.25,4.98528,5.44975],"to":[13.25,13.98528,19.44975],"rotation":{"angle":-22.5,"axis":"x","origin":[8.0,9.48528,12.44975]},"faces":{"north":{"uv":[39.0,45.0,29.0,53.0],"texture":"#missing"},"east":{"uv":[12.75,10.125,14.5,11.25],"texture":"#0"},"south":{"uv":[49.0,56.0,39.0,64.0],"texture":"#missing"},"west":{"uv":[14.5,10.125,12.75,11.25],"texture":"#0"},"up":{"uv":[18.0,56.0,8.0,66.0],"texture":"#missing"},"down":{"uv":[59.0,56.0,49.0,66.0],"texture":"#missing"}}},{"from":[7.0,2.5,12.5],"to":[9.0,10.5,13.5],"rotation":{"angle":0.0,"axis":"y","origin":[8.0,9.5,8.0]},"faces":{"north":{"uv":[14.375,8.375,14.125,9.375],"texture":"#0"},"east":{"uv":[14.375,8.375,14.125,9.375],"texture":"#0"},"south":{"uv":[14.375,8.375,14.125,9.375],"texture":"#0"},"west":{"uv":[14.375,8.375,14.125,9.375],"texture":"#0"},"down":{"uv":[14.25,9.25,14.375,9.375],"texture":"#0"}}},{"from":[7.0,4.5,2.5],"to":[9.0,10.5,3.5],"rotation":{"angle":0.0,"axis":"y","origin":[8.0,9.5,8.0]},"faces":{"north":{"uv":[14.625,8.375,14.375,9.125],"texture":"#0"},"east":{"uv":[14.625,8.375,14.375,9.125],"texture":"#0"},"south":{"uv":[14.625,8.375,14.375,9.125],"texture":"#0"},"west":{"uv":[14.625,8.375,14.375,9.125],"texture":"#0"},"down":{"uv":[14.25,9.125,14.375,9.25],"texture":"#0"}}},{"from":[7.0,10.5,2.5],"to":[9.0,11.5,13.5],"rotation":{"angle":0.0,"axis":"y","origin":[8.0,9.5,8.0]},"faces":{"north":{"uv":[14.125,8.375,13.875,8.5],"texture":"#0"},"east":{"uv":[14.0,8.5,13.875,9.875],"rotation":90.0,"texture":"#0"},"south":{"uv":[14.125,8.375,13.875,8.5],"texture":"#0"},"west":{"uv":[14.0,9.875,14.125,8.5],"rotation":90.0,"texture":"#0"},"up":{"uv":[14.125,8.5,13.875,9.875],"texture":"#0"}}},{"name":"cube inverted","from":[13.01,11.01,13.01],"to":[2.99,2.99,2.99],"rotation":{"angle":0.0,"axis":"y","origin":[8.0,9.5,8.0]},"faces":{"north":{"uv":[14.625,8.25,15.875,7.25],"texture":"#0"},"east":{"uv":[15.875,9.25,14.625,8.25],"texture":"#0"},"south":{"uv":[15.875,10.25,14.625,9.25],"texture":"#0"},"west":{"uv":[14.625,9.25,15.875,8.25],"texture":"#0"},"down":{"uv":[14.625,6.625,13.375,7.875],"texture":"#0"}}}],"gui_light":"front","display":{"thirdperson_righthand":{"rotation":[63.0,34.0,0.0],"translation":[0.0,1.0,-1.0],"scale":[0.37891,0.37891,0.37891]},"thirdperson_lefthand":{"rotation":[63.0,34.0,0.0],"translation":[0.0,1.0,-1.0],"scale":[0.37891,0.37891,0.37891]},"firstperson_righthand":{"rotation":[3.0,112.0,-13.0],"translation":[9.5,0.0,-5.75],"scale":[0.35547,0.35547,0.35547]},"firstperson_lefthand":{"rotation":[3.0,112.0,-13.0],"translation":[9.5,0.0,-5.75],"scale":[0.35547,0.35547,0.35547]},"ground":{"translation":[0.0,4.25,0.0],"scale":[0.28906,0.28906,0.28906]},"gui":{"rotation":[-149.61,-31.92,-180.0],"translation":[0.5,-0.75,0.0],"scale":[0.73046,0.73046,0.73046]},"head":{"translation":[0.0,4.0,0.0],"scale":[1.60977,1.60977,1.60977]},"fixed":{"translation":[0.0,-3.25,-7.5]}}}