{"textures":{"1":"mcc:island_cosmetics/general/hat/hothead/hothead_explode_anim","2":"mcc:island_cosmetics/general/hat/hothead/hothead"},"elements":[{"from":[2.49,-0.01,2.49],"to":[13.51,11.01,13.51],"rotation":{"angle":0.0,"axis":"x","origin":[7.5,12.0,8.5]},"faces":{"north":{"uv":[7.0,0.0,9.75,2.75],"texture":"#1"},"east":{"uv":[9.75,0.0,7.0,2.75],"texture":"#1"},"south":{"uv":[7.0,0.0,9.75,2.75],"texture":"#1"},"west":{"uv":[9.75,0.0,7.0,2.75],"texture":"#1"},"up":{"uv":[9.75,0.0,12.5,2.75],"texture":"#1"},"down":{"uv":[7.0,1.75,4.25,4.5],"texture":"#1"}}},{"from":[2.4,-0.1,2.15],"to":[13.6,11.1,4.35],"rotation":{"angle":0.0,"axis":"x","origin":[7.5,12.0,8.5]},"faces":{"north":{"uv":[13.25,0.0,16.0,2.75],"texture":"#1"},"east":{"uv":[12.75,0.0,13.25,2.75],"texture":"#1"},"west":{"uv":[13.25,0.0,12.75,2.75],"texture":"#1"},"down":{"uv":[13.25,3.0,16.0,2.5],"texture":"#1"}}},{"from":[5.49,10.99,5.49],"to":[10.51,13.01,10.51],"rotation":{"angle":0.0,"axis":"x","origin":[7.5,9.5,7.5]},"faces":{"north":{"uv":[8.25,2.75,7.0,3.25],"texture":"#1"},"east":{"uv":[8.25,2.75,7.0,3.25],"texture":"#1"},"south":{"uv":[8.25,2.75,7.0,3.25],"texture":"#1"},"west":{"uv":[8.25,2.75,7.0,3.25],"texture":"#1"},"up":{"uv":[9.5,2.75,8.25,4.0],"texture":"#1"},"down":{"uv":[5.25,2.5,5.5,2.75],"texture":"#1"}}},{"from":[1.85,-0.6,1.4875],"to":[14.15,11.7,3.6875],"rotation":{"angle":0.0,"axis":"x","origin":[7.45,13.2,30.4125]},"faces":{"north":{"uv":[1.25,0.0,4.0,2.75],"texture":"#1"},"east":{"uv":[0.75,0.0,1.25,2.75],"texture":"#1"},"west":{"uv":[1.25,0.0,0.75,2.75],"texture":"#1"},"down":{"uv":[1.25,3.0,4.0,2.5],"texture":"#1"}}},{"from":[14.2,6.5,10.0875],"to":[21.3,13.6,10.0875],"rotation":{"angle":-45.0,"axis":"y","origin":[25.5,8.05,1.5875]},"faces":{"north":{"uv":[14.225,3.0,16.0,4.775],"texture":"#1"},"south":{"uv":[14.225,3.0,16.0,4.775],"texture":"#1"}}},{"from":[5.95,0.5,-6.6625],"to":[5.95,13.6,0.3375],"rotation":{"angle":45.0,"axis":"y","origin":[7.95,6.05,-0.9125]},"faces":{"north":{"uv":[1.25,0.0,4.0,2.75],"texture":"#1"},"east":{"uv":[12.75,5.25,14.5,8.525],"texture":"#1"},"south":{"uv":[1.25,0.0,4.0,2.75],"texture":"#1"},"west":{"uv":[14.5,5.25,12.75,8.525],"texture":"#1"}}},{"from":[5.25,11.6,5.1625],"to":[10.75,13.8,10.6625],"rotation":{"angle":0.0,"axis":"x","origin":[7.45,10.45,29.3125]},"faces":{"north":{"uv":[7.75,7.75,6.5,8.25],"texture":"#1"},"east":{"uv":[7.75,7.75,6.5,8.25],"texture":"#1"},"south":{"uv":[7.75,7.75,6.5,8.25],"texture":"#1"},"west":{"uv":[7.75,7.75,6.5,8.25],"texture":"#1"},"up":{"uv":[9.0,7.75,7.75,9.0],"texture":"#1"},"down":{"uv":[4.75,7.5,5.0,7.75],"texture":"#1"}}},{"from":[1.95,-0.5,1.8625],"to":[14.05,11.6,13.9625],"rotation":{"angle":0.0,"axis":"x","origin":[7.45,13.2,30.4125]},"faces":{"north":{"uv":[6.5,5.0,9.25,7.75],"texture":"#1"},"east":{"uv":[9.25,5.0,6.5,7.75],"texture":"#1"},"south":{"uv":[6.5,5.0,9.25,7.75],"texture":"#1"},"west":{"uv":[9.25,5.0,6.5,7.75],"texture":"#1"},"up":{"uv":[9.25,5.0,12.0,7.75],"texture":"#1"},"down":{"uv":[6.5,6.75,3.75,9.5],"texture":"#1"}}},{"from":[6.0,5.0,8.0],"to":[23.0,20.0,8.0],"rotation":{"angle":-45.0,"axis":"y","origin":[8.0,14.0,8.0]},"faces":{"north":{"uv":[0.0,12.0,4.25,15.75],"texture":"#1"},"south":{"uv":[4.25,12.0,0.0,15.75],"texture":"#1"}}},{"from":[5.5,11.0,5.5],"to":[10.5,13.0,10.5],"rotation":{"angle":0.0,"axis":"y","origin":[7.5,9.5,7.5]},"faces":{"north":{"uv":[7.5,5.5,5.0,6.5],"texture":"#2"},"east":{"uv":[7.5,5.5,5.0,6.5],"texture":"#2"},"south":{"uv":[7.5,5.5,5.0,6.5],"texture":"#2"},"west":{"uv":[7.5,5.5,5.0,6.5],"texture":"#2"},"up":{"uv":[10.0,5.5,7.5,8.0],"texture":"#2"}}},{"from":[2.5,0.0,2.5],"to":[13.5,11.0,13.5],"rotation":{"angle":0.0,"axis":"y","origin":[7.5,12.0,8.5]},"faces":{"north":{"uv":[5.0,0.0,10.5,5.5],"texture":"#2"},"east":{"uv":[10.5,0.0,5.0,5.5],"texture":"#2"},"south":{"uv":[5.0,0.0,10.5,5.5],"texture":"#2"},"west":{"uv":[10.5,0.0,5.0,5.5],"texture":"#2"},"up":{"uv":[10.5,0.0,16.0,5.5],"texture":"#2"},"down":{"uv":[10.5,5.5,16.0,11.0],"texture":"#2"}}}],"display":{"thirdperson_righthand":{"translation":[0.0,1.0,0.75],"rotation":[55.5,34.0,0.0],"scale":[0.52539,0.52539,0.52539]},"thirdperson_lefthand":{"translation":[0.0,1.0,0.75],"rotation":[55.5,34.0,0.0],"scale":[0.52539,0.52539,0.52539]},"firstperson_righthand":{"translation":[9.5,0.0,-5.75],"rotation":[21.0,114.5,-13.75],"scale":[0.41992,0.41992,0.41992]},"firstperson_lefthand":{"translation":[9.5,0.0,-5.75],"rotation":[21.0,114.5,-13.75],"scale":[0.41992,0.41992,0.41992]},"gui":{"translation":[1.5,0.25,0.0],"rotation":[-149.61,-31.92,-180.0],"scale":[0.68554,0.68554,0.68554]},"head":{"translation":[0.0,6.0,0.0],"scale":[1.65859,1.65859,1.65859]}},"credit":"Made with Blockbench","gui_light":"front"}