{"textures":{"0":"mcc:island_cosmetics/general/hat/comet_head/comet_head","2":"mcc:island_cosmetics/general/hat/comet_head/comet_anim","particle":"mcc:island_cosmetics/general/hat/comet_head/comet_head"},"elements":[{"from":[3.7,0.2,3.7],"to":[12.3,8.8,12.3],"faces":{"north":{"uv":[0.0,0.0,2.66667,2.66667],"texture":"#0"},"east":{"uv":[0.0,0.0,2.66667,2.66667],"texture":"#0"},"south":{"uv":[0.5,6.0,4.5,10.0],"texture":"#2"},"west":{"uv":[0.0,0.0,2.66667,2.66667],"texture":"#0"},"up":{"uv":[2.66667,0.0,5.33333,2.66667],"texture":"#0"},"down":{"uv":[0.66667,2.66667,3.33333,5.33333],"texture":"#0"}}},{"from":[3.7,0.2,12.3],"to":[12.3,8.8,18.9],"rotation":{"angle":0.0,"axis":"y","origin":[0.0,0.0,-0.4]},"faces":{"east":{"uv":[9.0,4.5,5.0,1.5],"texture":"#2","rotation":90},"west":{"uv":[9.0,4.5,5.0,1.5],"texture":"#2","rotation":270},"up":{"uv":[5.0,4.5,9.0,1.5],"texture":"#2"},"down":{"uv":[9.0,1.5,5.0,4.5],"texture":"#2"}}},{"from":[3.55,0.05,3.3],"to":[12.45,8.95,4.7],"faces":{"north":{"uv":[9.5,1.83333,13.5,5.83333],"texture":"#2"},"east":{"uv":[9.5,1.83333,10.0,5.83333],"texture":"#2"},"west":{"uv":[9.5,1.83333,10.0,5.83333],"texture":"#2"}}},{"from":[12.8,9.3,12.8],"to":[3.2,-0.3,3.2],"faces":{"north":{"uv":[0.5,6.0,1.0,6.5],"texture":"#2"},"east":{"uv":[0.5,6.0,1.0,6.5],"texture":"#2"},"south":{"uv":[0.5,6.0,1.0,6.5],"texture":"#2"},"west":{"uv":[0.5,6.0,1.0,6.5],"texture":"#2"},"up":{"uv":[0.5,6.0,1.0,6.5],"texture":"#2"},"down":{"uv":[0.5,6.0,1.0,6.5],"texture":"#2"}}},{"from":[13.5,10.0,11.5],"to":[2.5,-1.0,2.5],"faces":{"east":{"uv":[0.66667,3.33333,0.33333,2.66667],"texture":"#0","rotation":90},"south":{"uv":[0.33333,2.66667,0.66667,3.0],"texture":"#0"},"west":{"uv":[0.33333,2.66667,0.66667,3.33333],"texture":"#0","rotation":90},"up":{"uv":[0.33333,2.66667,0.66667,3.33333],"texture":"#0","rotation":180},"down":{"uv":[0.33333,3.33333,0.66667,2.66667],"texture":"#0","rotation":180}}},{"from":[13.5,10.0,22.5],"to":[2.5,-1.0,11.5],"faces":{"east":{"uv":[0.5,5.5,4.5,1.5],"texture":"#2","rotation":270},"west":{"uv":[0.5,5.5,4.5,1.5],"texture":"#2","rotation":90},"up":{"uv":[4.5,1.5,0.5,5.5],"texture":"#2"},"down":{"uv":[4.5,1.5,0.5,5.5],"texture":"#2","rotation":180}}},{"from":[12.3,8.8,16.9],"to":[3.7,0.2,10.3],"rotation":{"angle":0.0,"axis":"y","origin":[0.0,0.0,-0.4]},"faces":{"east":{"uv":[3.33333,5.66667,6.0,7.66667],"texture":"#0","rotation":270},"west":{"uv":[3.33333,5.66667,6.0,7.66667],"texture":"#0","rotation":90},"up":{"uv":[3.33333,7.66667,6.0,5.66667],"texture":"#0"},"down":{"uv":[6.0,5.66667,3.33333,7.66667],"texture":"#0"}}}],"display":{"thirdperson_righthand":{"translation":[0.0,1.0,-1.0],"rotation":[63.0,34.0,0.0],"scale":[0.52539,0.52539,0.52539]},"thirdperson_lefthand":{"translation":[0.0,1.0,-1.0],"rotation":[63.0,34.0,0.0],"scale":[0.52539,0.52539,0.52539]},"firstperson_righthand":{"translation":[9.5,0.0,-5.75],"rotation":[3.0,112.0,-13.0],"scale":[0.41992,0.41992,0.41992]},"firstperson_lefthand":{"translation":[9.5,0.0,-5.75],"rotation":[3.0,112.0,-13.0],"scale":[0.41992,0.41992,0.41992]},"ground":{"translation":[0.0,4.25,0.0],"scale":[0.28906,0.28906,0.28906]},"gui":{"translation":[1.25,1.5,0.0],"rotation":[-149.61,-31.92,-180.0],"scale":[0.77148,0.77148,0.77148]},"head":{"translation":[0.0,6.0,0.0],"scale":[1.70938,1.70938,1.70938]},"fixed":{"translation":[0.0,-3.25,-7.5]}},"credit":"Made with Blockbench"}