{"textures":{"1":"mcc:island_cosmetics/general/hat/choco_chancellor/choco_chancellor","2":"mcc:island_cosmetics/general/accessory/lollipop_staff/lollipop_staff","4":"mcc:island_cosmetics/general/accessory/lollipop_staff/anim","particle":"mcc:island_cosmetics/general/hat/choco_chancellor/choco_chancellor"},"elements":[{"from":[3.8,10.75,3.8],"to":[12.2,22.15,12.2],"rotation":{"angle":0.0,"axis":"y","origin":[0.0,-21.05,0.0]},"faces":{"north":{"uv":[0.0,0.0,2.66667,3.66667],"texture":"#1"},"east":{"uv":[0.0,0.0,2.66667,3.66667],"texture":"#1"},"south":{"uv":[0.0,0.0,2.66667,3.66667],"texture":"#1"},"west":{"uv":[0.0,0.0,2.66667,3.66667],"texture":"#1"},"up":{"uv":[2.66667,0.0,5.33333,2.66667],"texture":"#1"}}},{"from":[-2.0,6.75,-2.0],"to":[18.0,10.75,18.0],"rotation":{"angle":0.0,"axis":"y","origin":[0.0,-21.0,0.0]},"faces":{"north":{"uv":[0.0,6.66667,6.66667,8.0],"texture":"#1"},"east":{"uv":[0.0,6.66667,6.66667,8.0],"texture":"#1"},"south":{"uv":[0.0,6.66667,6.66667,8.0],"texture":"#1"},"west":{"uv":[0.0,6.66667,6.66667,8.0],"texture":"#1"},"up":{"uv":[5.33333,0.0,12.0,6.66667],"texture":"#1"}}},{"from":[3.6,11.85,3.6],"to":[12.4,14.65,12.4],"rotation":{"angle":0.0,"axis":"y","origin":[0.0,-20.75,0.0]},"faces":{"north":{"uv":[0.0,3.66667,2.66667,4.33333],"texture":"#1","tintindex":0},"east":{"uv":[0.0,3.66667,2.66667,4.33333],"texture":"#1","tintindex":0},"south":{"uv":[0.0,3.66667,2.66667,4.33333],"texture":"#1","tintindex":0},"west":{"uv":[0.0,3.66667,2.66667,4.33333],"texture":"#1","tintindex":0}}},{"from":[11.88268,16.92388,9.0],"to":[14.88268,19.92388,10.0],"rotation":{"angle":-22.5,"axis":"z","origin":[13.38268,18.42388,9.5]},"faces":{"north":{"uv":[1.0,4.33333,2.0,5.33333],"texture":"#1","rotation":90},"east":{"uv":[2.0,5.33333,1.0,5.66667],"texture":"#1","rotation":270},"south":{"uv":[2.0,4.33333,1.0,5.33333],"texture":"#1","rotation":270},"west":{"uv":[2.0,5.33333,1.0,5.66667],"texture":"#1","rotation":270},"up":{"uv":[2.0,5.33333,1.0,5.66667],"texture":"#1","rotation":270},"down":{"uv":[2.0,5.33333,1.0,5.66667],"texture":"#1","rotation":270}}},{"from":[12.21299,13.05709,9.5],"to":[13.21299,17.05709,9.5],"rotation":{"angle":-22.5,"axis":"z","origin":[12.71299,16.80709,9.5]},"faces":{"north":{"uv":[2.0,4.33333,2.33333,5.66667],"texture":"#1"},"south":{"uv":[2.0,4.33333,2.33333,5.66667],"texture":"#1"}}},{"from":[12.96299,13.30709,7.0],"to":[15.96299,16.30709,8.0],"rotation":{"angle":22.5,"axis":"z","origin":[12.71299,16.80709,9.5]},"faces":{"north":{"uv":[0.0,4.33333,1.0,5.33333],"texture":"#1"},"east":{"uv":[1.0,5.33333,0.0,5.66667],"texture":"#1"},"south":{"uv":[1.0,4.33333,0.0,5.33333],"texture":"#1"},"west":{"uv":[1.0,5.33333,0.0,5.66667],"texture":"#1"},"up":{"uv":[1.0,5.33333,0.0,5.66667],"texture":"#1"},"down":{"uv":[1.0,5.33333,0.0,5.66667],"texture":"#1"}}},{"from":[8.96299,14.30709,7.5],"to":[12.96299,15.30709,7.5],"rotation":{"angle":22.5,"axis":"z","origin":[12.71299,16.80709,9.5]},"faces":{"north":{"uv":[2.0,5.66667,2.33333,4.33333],"texture":"#1","rotation":90},"south":{"uv":[2.0,4.33333,2.33333,5.66667],"texture":"#1","rotation":90}}},{"from":[9.5,11.25,2.0],"to":[13.5,15.25,4.0],"rotation":{"angle":-22.5,"axis":"y","origin":[11.0,13.25,3.0]},"faces":{"north":{"uv":[2.66667,2.66667,4.0,4.0],"texture":"#1"},"east":{"uv":[4.0,2.66667,4.66667,4.0],"texture":"#1"},"south":{"uv":[3.66667,2.66667,4.0,3.0],"texture":"#1"},"west":{"uv":[4.66667,2.66667,4.0,4.0],"texture":"#1"},"up":{"uv":[2.66667,4.0,4.0,4.66667],"texture":"#1"},"down":{"uv":[4.0,2.66667,4.66667,4.0],"texture":"#1","rotation":90}}},{"from":[2.5,11.25,2.0],"to":[6.5,15.25,4.0],"rotation":{"angle":22.5,"axis":"y","origin":[5.0,13.25,3.0]},"faces":{"north":{"uv":[4.0,2.66667,2.66667,4.0],"texture":"#1"},"east":{"uv":[4.0,2.66667,4.66667,4.0],"texture":"#1"},"south":{"uv":[4.0,2.66667,3.66667,3.0],"texture":"#1"},"west":{"uv":[4.66667,2.66667,4.0,4.0],"texture":"#1"},"up":{"uv":[4.0,4.0,2.66667,4.66667],"texture":"#1"},"down":{"uv":[4.0,4.0,4.66667,2.66667],"texture":"#1","rotation":90}}},{"from":[3.6,18.301,3.6],"to":[12.4,23.101,12.4],"rotation":{"angle":0.0,"axis":"y","origin":[0.0,-21.049,0.0]},"faces":{"north":{"uv":[0.0,0.0,2.66667,1.33333],"texture":"#1"},"east":{"uv":[0.0,0.0,2.66667,1.33333],"texture":"#1"},"south":{"uv":[0.0,0.0,2.66667,1.33333],"texture":"#1"},"west":{"uv":[0.0,0.0,2.66667,1.33333],"texture":"#1"},"up":{"uv":[2.66667,0.0,5.33333,2.66667],"texture":"#1"}}},{"from":[18.0,10.75,18.0],"to":[-2.0,6.75,-2.0],"rotation":{"angle":0.0,"axis":"y","origin":[0.0,-21.0,0.0]},"faces":{"north":{"uv":[0.0,8.0,6.66667,6.66667],"texture":"#1"},"east":{"uv":[0.0,8.0,6.66667,6.66667],"texture":"#1"},"south":{"uv":[0.0,8.0,6.66667,6.66667],"texture":"#1"},"west":{"uv":[0.0,8.0,6.66667,6.66667],"texture":"#1"},"down":{"uv":[12.0,0.0,5.33333,6.66667],"texture":"#1"}}},{"from":[-2.925,17.275,-2.925],"to":[18.925,17.275,18.925],"rotation":{"angle":22.5,"axis":"y","origin":[8.0,17.275,8.0]},"faces":{"north":{"uv":[12.0,0.0,7.0,5.0],"texture":"#2","rotation":90},"east":{"uv":[7.0,0.0,12.0,0.5],"texture":"#2","rotation":270},"south":{"uv":[7.0,0.0,12.0,5.0],"texture":"#2","rotation":270},"west":{"uv":[12.0,0.0,7.0,0.5],"texture":"#2","rotation":90},"up":{"uv":[6.66667,6.66667,13.0,13.0],"texture":"#4","rotation":270},"down":{"uv":[6.66667,6.66667,13.0,13.0],"texture":"#4","rotation":270}}},{"from":[-2.925,17.275,-2.925],"to":[18.925,17.275,18.925],"rotation":{"angle":-45.0,"axis":"y","origin":[8.0,17.275,8.0]},"faces":{"north":{"uv":[7.0,0.0,12.0,0.5],"texture":"#2","rotation":270},"east":{"uv":[7.0,0.0,12.0,5.0],"texture":"#2","rotation":270},"south":{"uv":[12.0,0.0,7.0,0.5],"texture":"#2","rotation":90},"west":{"uv":[12.0,0.0,7.0,5.0],"texture":"#2","rotation":90},"up":{"uv":[0.0,6.66667,6.33333,13.0],"texture":"#4","rotation":180},"down":{"uv":[0.0,6.66667,6.33333,13.0],"texture":"#4"}}},{"from":[-2.925,17.275,-2.925],"to":[18.925,17.275,18.925],"rotation":{"angle":-22.5,"axis":"y","origin":[8.0,17.275,8.0]},"faces":{"north":{"uv":[7.0,0.0,12.0,0.5],"texture":"#2","rotation":270},"east":{"uv":[7.0,0.0,12.0,5.0],"texture":"#2","rotation":270},"south":{"uv":[12.0,0.0,7.0,0.5],"texture":"#2","rotation":90},"west":{"uv":[12.0,0.0,7.0,5.0],"texture":"#2","rotation":90},"up":{"uv":[6.66667,0.0,13.0,6.33333],"texture":"#4","rotation":180},"down":{"uv":[6.66667,0.0,13.0,6.33333],"texture":"#4"}}},{"from":[-2.925,17.275,-2.925],"to":[18.925,17.275,18.925],"rotation":{"angle":0.0,"axis":"y","origin":[8.0,17.275,8.0]},"faces":{"north":{"uv":[7.0,0.0,12.0,0.5],"texture":"#2","rotation":270},"east":{"uv":[7.0,0.0,12.0,5.0],"texture":"#2","rotation":270},"south":{"uv":[12.0,0.0,7.0,0.5],"texture":"#2","rotation":90},"west":{"uv":[12.0,0.0,7.0,5.0],"texture":"#2","rotation":90},"up":{"uv":[0.0,0.0,6.33333,6.33333],"texture":"#4","rotation":180},"down":{"uv":[0.0,0.0,6.33333,6.33333],"texture":"#4"}}}],"display":{"thirdperson_righthand":{"translation":[0.0,1.0,0.75],"rotation":[55.5,34.0,0.0],"scale":[0.52539,0.52539,0.52539]},"thirdperson_lefthand":{"translation":[0.0,1.0,0.75],"rotation":[55.5,34.0,0.0],"scale":[0.52539,0.52539,0.52539]},"firstperson_righthand":{"translation":[9.5,0.0,-5.75],"rotation":[21.0,114.5,-13.75],"scale":[0.41992,0.41992,0.41992]},"firstperson_lefthand":{"translation":[9.5,0.0,-5.75],"rotation":[21.0,114.5,-13.75],"scale":[0.41992,0.41992,0.41992]},"gui":{"translation":[1.0,-4.25,0.0],"rotation":[-175.77,-34.38,161.99],"scale":[0.67187,0.67187,0.67187]},"head":{"translation":[0.0,0.0,-1.0],"rotation":[7.25,0.0,0.0],"scale":[1.7289,1.7289,1.7289]}},"credit":"Made with Blockbench","gui_light":"front"}