{"textures":{"0":"mcc:island_cosmetics/general/hat/star_sailor/star_sailor","particle":"mcc:island_cosmetics/general/hat/star_sailor/star_sailor"},"elements":[{"from":[3.0,0.0,3.0],"to":[13.0,10.0,13.0],"faces":{"north":{"uv":[0.0,8.0,3.33333,11.33333],"texture":"#0"},"east":{"uv":[6.66667,8.0,3.33333,11.33333],"texture":"#0"},"south":{"uv":[0.0,4.33333,3.33333,7.66667],"texture":"#0"},"west":{"uv":[3.33333,8.0,6.66667,11.33333],"texture":"#0"},"up":{"uv":[6.66667,0.0,10.0,3.33333],"texture":"#0"},"down":{"uv":[10.0,0.0,13.33333,3.33333],"texture":"#0"}}},{"from":[11.3,8.3,11.3],"to":[15.7,12.7,15.7],"rotation":{"angle":0.0,"axis":"y","origin":[1.62,4.02,1.62]},"faces":{"north":{"uv":[3.66667,6.0,5.33333,7.66667],"texture":"#0"},"east":{"uv":[3.66667,6.0,5.33333,7.66667],"texture":"#0"},"south":{"uv":[3.66667,6.0,5.33333,7.66667],"texture":"#0"},"west":{"uv":[3.66667,6.0,5.33333,7.66667],"texture":"#0"},"up":{"uv":[5.33333,4.33333,7.0,6.0],"texture":"#0"},"down":{"uv":[5.33333,6.0,7.0,7.66667],"texture":"#0"}}},{"from":[1.0,-5.0,12.0],"to":[4.0,8.0,15.0],"rotation":{"angle":0.0,"axis":"y","origin":[2.5,25.0,13.5]},"faces":{"north":{"uv":[7.33333,3.33333,8.33333,7.66667],"texture":"#0","tintindex":0},"east":{"uv":[7.33333,3.33333,8.33333,7.66667],"texture":"#0","tintindex":0},"south":{"uv":[7.33333,3.33333,8.33333,7.66667],"texture":"#0","tintindex":0},"west":{"uv":[7.33333,3.33333,8.33333,7.66667],"texture":"#0","tintindex":0}}},{"from":[1.0,6.0,2.0],"to":[15.0,6.0,5.0],"faces":{"up":{"uv":[0.0,3.33333,4.66667,4.33333],"texture":"#0"},"down":{"uv":[0.0,4.33333,4.66667,3.33333],"texture":"#0"}}},{"from":[3.0,-3.0,12.0],"to":[13.0,0.0,12.0],"faces":{"north":{"uv":[8.33333,3.33333,11.66667,4.33333],"texture":"#0","tintindex":0},"south":{"uv":[8.33333,3.33333,11.66667,4.33333],"texture":"#0","tintindex":0}}},{"from":[12.0,-5.0,12.0],"to":[15.0,8.0,15.0],"rotation":{"angle":0.0,"axis":"y","origin":[13.5,25.0,13.5]},"faces":{"north":{"uv":[8.33333,3.33333,7.33333,7.66667],"texture":"#0","tintindex":0},"east":{"uv":[8.33333,3.33333,7.33333,7.66667],"texture":"#0","tintindex":0},"south":{"uv":[8.33333,3.33333,7.33333,7.66667],"texture":"#0","tintindex":0},"west":{"uv":[8.33333,3.33333,7.33333,7.66667],"texture":"#0","tintindex":0}}},{"from":[4.0,8.0,15.0],"to":[1.0,-5.0,12.0],"rotation":{"angle":0.0,"axis":"y","origin":[2.5,25.0,13.5]},"faces":{"north":{"uv":[7.33333,7.66667,8.33333,3.33333],"texture":"#0","tintindex":0},"east":{"uv":[7.33333,7.66667,8.33333,3.33333],"texture":"#0","tintindex":0},"south":{"uv":[7.33333,7.66667,8.33333,3.33333],"texture":"#0","tintindex":0},"west":{"uv":[7.33333,7.66667,8.33333,3.33333],"texture":"#0","tintindex":0}}},{"from":[15.0,8.0,15.0],"to":[12.0,-5.0,12.0],"rotation":{"angle":0.0,"axis":"y","origin":[13.5,25.0,13.5]},"faces":{"north":{"uv":[8.33333,7.66667,7.33333,3.33333],"texture":"#0","tintindex":0},"east":{"uv":[8.33333,7.66667,7.33333,3.33333],"texture":"#0","tintindex":0},"south":{"uv":[8.33333,7.66667,7.33333,3.33333],"texture":"#0","tintindex":0},"west":{"uv":[8.33333,7.66667,7.33333,3.33333],"texture":"#0","tintindex":0}}},{"from":[16.14,13.14,16.14],"to":[10.86,7.86,10.86],"rotation":{"angle":0.0,"axis":"y","origin":[1.62,4.02,1.62]},"faces":{"north":{"uv":[5.0,5.66667,5.33333,6.0],"texture":"#0"},"east":{"uv":[5.0,5.66667,5.33333,6.0],"texture":"#0"},"south":{"uv":[5.0,5.66667,5.33333,6.0],"texture":"#0"},"west":{"uv":[5.0,5.66667,5.33333,6.0],"texture":"#0"},"up":{"uv":[5.0,5.66667,5.33333,6.0],"texture":"#0"},"down":{"uv":[5.0,5.66667,5.33333,6.0],"texture":"#0"}}},{"from":[0.3,8.3,11.3],"to":[4.7,12.7,15.7],"rotation":{"angle":0.0,"axis":"y","origin":[14.38,4.02,1.62]},"faces":{"north":{"uv":[5.33333,6.0,3.66667,7.66667],"texture":"#0"},"east":{"uv":[5.33333,6.0,3.66667,7.66667],"texture":"#0"},"south":{"uv":[5.33333,6.0,3.66667,7.66667],"texture":"#0"},"west":{"uv":[5.33333,6.0,3.66667,7.66667],"texture":"#0"},"up":{"uv":[7.0,4.33333,5.33333,6.0],"texture":"#0"},"down":{"uv":[7.0,6.0,5.33333,7.66667],"texture":"#0"}}},{"from":[5.14,13.14,16.14],"to":[-0.14,7.86,10.86],"rotation":{"angle":0.0,"axis":"y","origin":[14.38,4.02,1.62]},"faces":{"north":{"uv":[5.33333,5.66667,5.0,6.0],"texture":"#0"},"east":{"uv":[5.33333,5.66667,5.0,6.0],"texture":"#0"},"south":{"uv":[5.33333,5.66667,5.0,6.0],"texture":"#0"},"west":{"uv":[5.33333,5.66667,5.0,6.0],"texture":"#0"},"up":{"uv":[5.33333,5.66667,5.0,6.0],"texture":"#0"},"down":{"uv":[5.33333,5.66667,5.0,6.0],"texture":"#0"}}},{"from":[13.0,2.0,7.0],"to":[14.0,6.0,11.0],"rotation":{"angle":0.0,"axis":"y","origin":[7.0,32.5,7.0]},"faces":{"north":{"uv":[7.33333,10.0,7.0,11.33333],"texture":"#0"},"east":{"uv":[8.33333,10.0,7.0,11.33333],"texture":"#0"},"south":{"uv":[7.33333,10.0,7.0,11.33333],"texture":"#0"},"west":{"uv":[8.33333,10.0,7.0,11.33333],"texture":"#0"},"up":{"uv":[8.33333,10.0,7.0,10.33333],"texture":"#0"},"down":{"uv":[8.33333,11.0,7.0,11.33333],"texture":"#0"}}},{"from":[2.0,2.0,7.0],"to":[3.0,6.0,11.0],"rotation":{"angle":0.0,"axis":"y","origin":[9.0,32.5,7.0]},"faces":{"north":{"uv":[7.0,10.0,7.33333,11.33333],"texture":"#0"},"east":{"uv":[7.0,10.0,8.33333,11.33333],"texture":"#0"},"south":{"uv":[7.0,10.0,7.33333,11.33333],"texture":"#0"},"west":{"uv":[7.0,10.0,8.33333,11.33333],"texture":"#0"},"up":{"uv":[7.0,10.0,8.33333,10.33333],"texture":"#0"},"down":{"uv":[7.0,11.0,8.33333,11.33333],"texture":"#0"}}},{"from":[3.0,0.0,3.0],"to":[13.0,10.0,13.0],"faces":{"north":{"uv":[0.0,0.0,3.33333,3.33333],"texture":"#0","tintindex":0},"east":{"uv":[6.66667,0.0,3.33333,3.33333],"texture":"#0","tintindex":0},"west":{"uv":[3.33333,0.0,6.66667,3.33333],"texture":"#0","tintindex":0}}},{"from":[13.0,10.0,13.0],"to":[3.0,0.0,3.0],"faces":{"north":{"uv":[0.0,7.66667,3.33333,4.33333],"texture":"#0"},"east":{"uv":[3.33333,11.33333,6.66667,8.0],"texture":"#0"},"south":{"uv":[0.0,11.33333,3.33333,8.0],"texture":"#0"},"west":{"uv":[6.66667,11.33333,3.33333,8.0],"texture":"#0"},"up":{"uv":[13.33333,0.0,10.0,3.33333],"texture":"#0"},"down":{"uv":[10.0,0.0,6.66667,3.33333],"texture":"#0"}}}],"display":{"thirdperson_righthand":{"translation":[0.0,1.0,-1.0],"rotation":[63.0,34.0,0.0],"scale":[0.52539,0.52539,0.52539]},"thirdperson_lefthand":{"translation":[0.0,1.0,-1.0],"rotation":[63.0,34.0,0.0],"scale":[0.52539,0.52539,0.52539]},"firstperson_righthand":{"translation":[9.5,0.0,-5.75],"rotation":[3.0,112.0,-13.0],"scale":[0.41992,0.41992,0.41992]},"firstperson_lefthand":{"translation":[9.5,0.0,-5.75],"rotation":[3.0,112.0,-13.0],"scale":[0.41992,0.41992,0.41992]},"ground":{"translation":[0.0,4.25,0.0],"scale":[0.28906,0.28906,0.28906]},"gui":{"translation":[1.25,2.0,0.0],"rotation":[-170.16,-32.7,170.59],"scale":[0.73047,0.73047,0.73047]},"head":{"translation":[0.0,6.75,0.75],"scale":[1.63321,1.63321,1.63321]},"fixed":{"translation":[0.0,-3.25,-7.5]}},"credit":"Made with Blockbench","gui_light":"front"}