{"textures":{"0":"mcc:island_cosmetics/general/hat/furball/furball","1":"mcc:island_cosmetics/general/hat/furball/furball_anim","particle":"mcc:island_cosmetics/general/hat/furball/furball"},"elements":[{"from":[2.5,-0.5,2.5],"to":[13.5,10.5,13.5],"rotation":{"angle":0.0,"axis":"x","origin":[7.5,9.5,7.5]},"faces":{"north":{"uv":[0.0,0.0,5.5,5.5],"texture":"#1","tintindex":0},"east":{"uv":[6.0,0.0,11.5,5.5],"texture":"#1","tintindex":0},"south":{"uv":[7.33333,6.66667,11.0,10.33333],"texture":"#0","tintindex":0},"west":{"uv":[11.5,0.0,6.0,5.5],"texture":"#1","tintindex":0},"up":{"uv":[3.66667,1.33333,7.33333,5.0],"texture":"#0","tintindex":0},"down":{"uv":[3.66667,5.0,7.33333,8.66667],"texture":"#0","tintindex":0}}},{"from":[2.5,2.5,2.5],"to":[13.5,7.5,3.5],"rotation":{"angle":0.0,"axis":"x","origin":[7.5,9.5,7.5]},"faces":{"north":{"uv":[0.0,5.5,5.5,8.0],"texture":"#1"},"east":{"uv":[0.0,5.5,0.5,8.0],"texture":"#1"},"west":{"uv":[0.0,5.5,0.5,8.0],"texture":"#1"}}},{"from":[11.0,7.0,7.5],"to":[16.0,12.0,9.5],"rotation":{"angle":-45.0,"axis":"z","origin":[14.5,10.0,8.5]},"faces":{"north":{"uv":[7.33333,0.0,9.0,1.66667],"texture":"#0","tintindex":0},"east":{"uv":[7.33333,1.66667,8.0,3.33333],"texture":"#0","tintindex":0},"south":{"uv":[9.66667,1.66667,8.0,3.33333],"texture":"#0","tintindex":0},"west":{"uv":[8.0,1.66667,7.33333,3.33333],"texture":"#0","tintindex":0},"up":{"uv":[9.0,3.33333,7.33333,4.0],"texture":"#0","tintindex":0}}},{"from":[0.0,7.0,7.5],"to":[5.0,12.0,9.5],"rotation":{"angle":45.0,"axis":"z","origin":[1.5,10.0,8.5]},"faces":{"north":{"uv":[9.0,0.0,7.33333,1.66667],"texture":"#0","tintindex":0},"east":{"uv":[7.33333,1.66667,8.0,3.33333],"texture":"#0","tintindex":0},"south":{"uv":[8.0,1.66667,9.66667,3.33333],"texture":"#0","tintindex":0},"west":{"uv":[8.0,1.66667,7.33333,3.33333],"texture":"#0","tintindex":0},"up":{"uv":[7.33333,3.33333,9.0,4.0],"texture":"#0","tintindex":0}}},{"from":[11.0,7.0,7.5],"to":[16.0,12.0,9.5],"rotation":{"angle":-45.0,"axis":"z","origin":[14.5,10.0,8.5]},"faces":{"north":{"uv":[10.0,0.0,11.66667,1.66667],"texture":"#0"}}},{"from":[0.0,7.0,7.5],"to":[5.0,12.0,9.5],"rotation":{"angle":45.0,"axis":"z","origin":[1.5,10.0,8.5]},"faces":{"north":{"uv":[11.66667,0.0,10.0,1.66667],"texture":"#0"}}},{"from":[4.5,-0.5,0.5],"to":[11.5,3.5,2.5],"rotation":{"angle":0.0,"axis":"x","origin":[7.5,9.5,7.5]},"faces":{"north":{"uv":[4.0,0.0,6.33333,1.33333],"texture":"#0"},"east":{"uv":[3.0,7.33333,3.66667,8.66667],"texture":"#0"},"west":{"uv":[3.66667,7.33333,3.0,8.66667],"texture":"#0"},"up":{"uv":[0.33333,7.33333,2.66667,8.0],"texture":"#0"},"down":{"uv":[3.33333,8.66667,5.66667,9.33333],"texture":"#0"}}},{"from":[13.42388,-0.5,2.88268],"to":[15.42388,3.5,2.88268],"rotation":{"angle":-22.5,"axis":"y","origin":[14.42388,1.5,2.88268]},"faces":{"north":{"uv":[2.33333,8.0,3.0,9.33333],"texture":"#0","tintindex":0},"south":{"uv":[3.0,8.0,2.33333,9.33333],"texture":"#0","tintindex":0}}},{"from":[0.57612,-0.5,2.88268],"to":[2.57612,3.5,2.88268],"rotation":{"angle":22.5,"axis":"y","origin":[1.57612,1.5,2.88268]},"faces":{"north":{"uv":[3.0,8.0,2.33333,9.33333],"texture":"#0","tintindex":0},"south":{"uv":[2.33333,8.0,3.0,9.33333],"texture":"#0","tintindex":0}}},{"from":[6.5,-3.0,1.5],"to":[9.5,0.0,1.5],"rotation":{"angle":45.0,"axis":"x","origin":[8.0,-1.5,2.0]},"faces":{"north":{"uv":[6.0,6.0,7.5,7.5],"texture":"#1"},"south":{"uv":[6.0,6.0,7.5,7.5],"texture":"#1"}}}],"display":{"thirdperson_righthand":{"translation":[0.0,1.0,0.75],"rotation":[55.5,34.0,0.0],"scale":[0.52539,0.52539,0.52539]},"thirdperson_lefthand":{"translation":[0.0,1.0,0.75],"rotation":[55.5,34.0,0.0],"scale":[0.52539,0.52539,0.52539]},"firstperson_righthand":{"translation":[9.5,0.0,-5.75],"rotation":[21.0,114.5,-13.75],"scale":[0.41992,0.41992,0.41992]},"firstperson_lefthand":{"translation":[9.5,0.0,-5.75],"rotation":[21.0,114.5,-13.75],"scale":[0.41992,0.41992,0.41992]},"gui":{"translation":[-0.5,2.0,0.0],"rotation":[-149.61,-31.92,-180.0],"scale":[0.78124,0.78124,0.78124]},"head":{"translation":[0.0,6.25,0.0],"scale":[1.6,1.6,1.6]}},"credit":"Made with Blockbench","gui_light":"front"}