{"textures":{"1":"mcc:island_cosmetics/general/hat/graduate/graduate"},"elements":[{"from":[3.0,0.0,3.0],"to":[13.0,4.0,13.0],"faces":{"north":{"uv":[6.0,7.0,11.0,9.0],"texture":"#1","tintindex":0},"east":{"uv":[6.0,7.0,11.0,9.0],"texture":"#1","tintindex":0},"south":{"uv":[6.0,7.0,11.0,9.0],"texture":"#1","tintindex":0},"west":{"uv":[6.0,7.0,11.0,9.0],"texture":"#1","tintindex":0},"up":{"uv":[11.0,7.0,16.0,12.0],"texture":"#1","tintindex":0},"down":{"uv":[11.0,7.0,16.0,12.0],"texture":"#1","tintindex":0}}},{"from":[1.0,4.0,1.0],"to":[15.0,5.0,15.0],"rotation":{"angle":-45.0,"axis":"y","origin":[8.0,4.5,8.0]},"faces":{"north":{"uv":[0.0,0.0,7.0,0.5],"texture":"#1","tintindex":0},"east":{"uv":[0.0,0.0,7.0,0.5],"texture":"#1","tintindex":0},"south":{"uv":[0.0,0.0,7.0,0.5],"texture":"#1","tintindex":0},"west":{"uv":[0.0,0.0,7.0,0.5],"texture":"#1","tintindex":0},"up":{"uv":[0.0,0.0,7.0,7.0],"texture":"#1","tintindex":0},"down":{"uv":[7.0,0.0,14.0,7.0],"texture":"#1","tintindex":0}}},{"from":[7.0,5.25,7.0],"to":[9.0,5.25,9.0],"rotation":{"angle":-45.0,"axis":"y","origin":[8.0,4.5,8.0]},"faces":{"up":{"uv":[0.0,0.0,0.5,0.5],"texture":"#1","tintindex":0},"down":{"uv":[0.0,0.0,0.5,0.5],"texture":"#1","tintindex":0}}},{"from":[7.5,-3.0,-0.25],"to":[8.5,1.0,0.75],"rotation":{"angle":-45.0,"axis":"y","origin":[8.0,4.5,8.0]},"faces":{"north":{"uv":[0.5,7.5,1.0,9.5],"texture":"#1"},"east":{"uv":[0.5,7.5,1.0,9.5],"texture":"#1"},"south":{"uv":[0.5,7.5,1.0,9.5],"texture":"#1"},"west":{"uv":[0.5,7.5,1.0,9.5],"texture":"#1"},"up":{"uv":[0.5,7.5,1.0,8.0],"texture":"#1"},"down":{"uv":[0.5,9.0,1.0,9.5],"texture":"#1"}}},{"from":[6.4,-2.1,0.15],"to":[9.6,5.1,8.35],"rotation":{"angle":-45.0,"axis":"y","origin":[8.0,4.5,8.0]},"faces":{"north":{"uv":[1.5,7.5,3.0,11.0],"texture":"#1"},"up":{"uv":[3.5,7.5,5.0,11.5],"texture":"#1"}}},{"from":[9.6,5.1,8.35],"to":[6.4,-2.1,0.15],"rotation":{"angle":-45.0,"axis":"y","origin":[8.0,4.5,8.0]},"faces":{"south":{"uv":[1.5,11.0,3.0,7.5],"texture":"#1"},"down":{"uv":[5.0,7.5,3.5,11.5],"texture":"#1"}}}],"display":{"thirdperson_righthand":{"rotation":[64.25,0.0,0.0],"scale":[0.44336,0.44336,0.44336]},"thirdperson_lefthand":{"rotation":[64.25,0.0,0.0],"scale":[0.44336,0.44336,0.44336]},"firstperson_righthand":{"scale":[0.0,0.0,0.0]},"firstperson_lefthand":{"scale":[0.0,0.0,0.0]},"ground":{"translation":[0.0,4.25,0.0],"scale":[0.43945,0.43945,0.43945]},"gui":{"translation":[0.0,4.5,0.0],"rotation":[23.0,-153.0,0.0],"scale":[0.84375,0.84375,0.84375]},"head":{"translation":[0.0,14.5,1.5],"rotation":[6.25,0.0,0.0],"scale":[1.58047,1.58047,1.58047]}},"credit":"Made with Blockbench","gui_light":"front"}