{"textures":{"1":"mcc:island_cosmetics/general/hat/trucker_hat/trucker_hat","2":"mcc:island_cosmetics/general/hat/trucker_hat/crown","particle":"mcc:island_cosmetics/general/hat/trucker_hat/crown"},"display":{"thirdperson_righthand":{"rotation":[64.25,0.0,0.0],"scale":[0.44336,0.44336,0.44336]},"thirdperson_lefthand":{"rotation":[64.25,0.0,0.0],"scale":[0.44336,0.44336,0.44336]},"firstperson_righthand":{"scale":[0.0,0.0,0.0]},"firstperson_lefthand":{"scale":[0.0,0.0,0.0]},"ground":{"translation":[0.0,4.25,0.0],"scale":[0.43945,0.43945,0.43945]},"gui":{"translation":[-0.75,6.0,0.0],"rotation":[-151.14,-30.13,-178.48],"scale":[1.08008,1.08008,1.08008]},"head":{"translation":[0.0,13.5,0.75],"rotation":[4.75,0.0,0.0],"scale":[1.89688,1.89688,1.89688]}},"credit":"Made with Blockbench","elements":[{"from":[7.0,5.25,7.0],"to":[9.0,5.25,9.0],"rotation":{"angle":0.0,"axis":"y","origin":[8.0,3.5,8.0]},"faces":{"north":{"uv":[14.875,8.625,15.875,9.25],"texture":"#missing","tintindex":0.0},"east":{"uv":[14.875,9.25,15.875,9.875],"texture":"#missing","tintindex":0.0},"south":{"uv":[15.5,9.375,15.0,9.75],"texture":"#missing","tintindex":0.0},"west":{"uv":[15.875,9.25,14.875,9.875],"texture":"#missing","tintindex":0.0},"up":{"uv":[3.0,8.0,5.0,10.0],"texture":"#1","tintindex":0.0},"down":{"uv":[3.0,8.0,5.0,10.0],"texture":"#1","tintindex":0.0}}},{"from":[4.0,1.0,4.0],"to":[12.0,5.0,12.0],"rotation":{"angle":0.0,"axis":"y","origin":[8.0,3.5,8.0]},"faces":{"east":{"uv":[8.0,4.0,16.0,8.0],"texture":"#1","tintindex":0.0},"south":{"uv":[0.0,11.0,8.0,15.0],"texture":"#1","tintindex":0.0},"west":{"uv":[16.0,4.0,8.0,8.0],"texture":"#1","tintindex":0.0},"up":{"uv":[8.0,3.0,0.0,11.0],"texture":"#1","tintindex":0.0}}},{"from":[3.98,1.98,3.98],"to":[12.02,5.02,12.02],"rotation":{"angle":0.0,"axis":"y","origin":[8.0,3.5,8.0]},"faces":{"north":{"uv":[7.0,0.0,16.0,3.0],"texture":"#2"},"east":{"uv":[8.0,13.0,16.0,16.0],"texture":"#1"},"west":{"uv":[16.0,13.0,8.0,16.0],"texture":"#1"},"up":{"uv":[8.0,13.0,16.0,14.0],"rotation":270.0,"texture":"#1"}}},{"from":[3.98,1.98,3.98],"to":[12.02,5.02,12.02],"rotation":{"angle":0.0,"axis":"y","origin":[8.0,3.5,8.0]},"faces":{"north":{"uv":[7.0,3.0,16.0,6.0],"texture":"#2","tintindex":0.0}}},{"from":[4.0,1.0,0.0],"to":[12.0,2.0,4.0],"rotation":{"angle":0.0,"axis":"y","origin":[8.0,3.5,8.0]},"faces":{"east":{"uv":[8.0,9.0,9.0,13.0],"rotation":90.0,"texture":"#1","tintindex":0.0},"west":{"uv":[8.0,9.0,9.0,13.0],"rotation":90.0,"texture":"#1","tintindex":0.0},"up":{"uv":[8.0,9.0,16.0,13.0],"texture":"#1","tintindex":0.0}}},{"name":"cube inverted","from":[12.0,5.0,12.0],"to":[4.0,1.0,4.0],"rotation":{"angle":0.0,"axis":"y","origin":[8.0,3.5,8.0]},"faces":{"north":{"uv":[0.0,15.0,8.0,11.0],"texture":"#1","tintindex":0.0},"east":{"uv":[16.0,8.0,8.0,4.0],"texture":"#1","tintindex":0.0},"west":{"uv":[8.0,8.0,16.0,4.0],"texture":"#1","tintindex":0.0},"down":{"uv":[0.0,3.0,8.0,11.0],"texture":"#1","tintindex":0.0}}},{"name":"cube inverted","from":[12.0,2.0,4.0],"to":[4.0,1.0,0.0],"rotation":{"angle":0.0,"axis":"y","origin":[8.0,3.5,8.0]},"faces":{"east":{"uv":[9.0,9.0,8.0,13.0],"rotation":90.0,"texture":"#1","tintindex":0.0},"west":{"uv":[9.0,9.0,8.0,13.0],"rotation":90.0,"texture":"#1","tintindex":0.0},"down":{"uv":[16.0,9.0,8.0,13.0],"texture":"#1","tintindex":0.0}}},{"name":"cube inverted","from":[12.02,5.02,12.02],"to":[3.98,1.98,3.98],"rotation":{"angle":0.0,"axis":"y","origin":[8.0,3.5,8.0]},"faces":{"east":{"uv":[16.0,16.0,8.0,13.0],"texture":"#1"},"south":{"uv":[8.0,3.0,16.0,0.0],"texture":"#1"},"west":{"uv":[8.0,16.0,16.0,13.0],"texture":"#1"},"down":{"uv":[8.0,14.0,16.0,13.0],"rotation":270.0,"texture":"#1"}}}],"gui_light":"front"}