{"textures":{"1":"mcc:island_cosmetics/general/hat/flower_crown/flower_crown","2":"mcc:island_cosmetics/general/hat/flower_crown/tropical","particle":"mcc:island_cosmetics/general/hat/flower_crown/tropical"},"elements":[{"from":[3.0,5.0,3.0],"to":[13.0,8.0,13.0],"rotation":{"angle":0.0,"axis":"x","origin":[8.5,4.5,8.5]},"faces":{"north":{"uv":[3.0,7.5,8.0,9.0],"texture":"#1"},"east":{"uv":[3.0,7.5,8.0,9.0],"texture":"#1"},"south":{"uv":[3.0,7.5,8.0,9.0],"texture":"#1"},"west":{"uv":[3.0,7.5,8.0,9.0],"texture":"#1"}}},{"from":[3.75,3.5,3.75],"to":[3.75,8.5,6.75],"rotation":{"angle":-45.0,"axis":"z","origin":[2.0,7.5,7.5]},"faces":{"north":{"uv":[22.0,51.0,27.0,52.5],"texture":"#1","rotation":180},"east":{"uv":[4.5,5.0,3.0,7.5],"texture":"#1","rotation":180},"south":{"uv":[0.0,6.0,5.0,7.5],"texture":"#1","rotation":180},"west":{"uv":[4.5,5.0,3.0,7.5],"texture":"#1","rotation":180},"up":{"uv":[23.0,51.5,22.5,51.0],"texture":"#1","rotation":180},"down":{"uv":[23.0,51.5,22.5,51.0],"texture":"#1","rotation":180}}},{"from":[12.25,3.5,8.25],"to":[12.25,8.5,11.25],"rotation":{"angle":45.0,"axis":"z","origin":[14.0,7.5,8.5]},"faces":{"north":{"uv":[22.0,51.0,27.0,52.5],"texture":"#1","rotation":180},"east":{"uv":[4.5,5.0,3.0,7.5],"texture":"#1","rotation":180},"south":{"uv":[0.0,6.0,5.0,7.5],"texture":"#1","rotation":180},"west":{"uv":[3.0,5.0,4.5,7.5],"texture":"#1","rotation":180},"up":{"uv":[22.5,51.0,23.0,51.5],"texture":"#1","rotation":180},"down":{"uv":[22.5,51.0,23.0,51.5],"texture":"#1","rotation":180}}},{"from":[8.25,-0.41574,3.88236],"to":[11.25,4.58426,3.88236],"rotation":{"angle":45.0,"axis":"x","origin":[8.0,5.2019,7.0]},"faces":{"north":{"uv":[4.5,5.0,3.0,7.5],"texture":"#1","rotation":180},"east":{"uv":[0.5,6.0,5.5,7.5],"texture":"#1","rotation":180},"south":{"uv":[3.0,5.0,4.5,7.5],"texture":"#1","rotation":180},"west":{"uv":[22.0,51.0,27.0,52.5],"texture":"#1","rotation":180},"up":{"uv":[23.0,51.5,22.5,51.0],"texture":"#1","rotation":270},"down":{"uv":[23.0,51.5,22.5,51.0],"texture":"#1","rotation":90}}},{"from":[4.75,-1.41574,12.11764],"to":[7.75,3.58426,12.11764],"rotation":{"angle":-45.0,"axis":"x","origin":[8.0,5.2019,8.0]},"faces":{"north":{"uv":[3.0,5.0,4.5,7.5],"texture":"#1","rotation":180},"east":{"uv":[0.5,6.0,5.5,7.5],"texture":"#1","rotation":180},"south":{"uv":[4.5,5.0,3.0,7.5],"texture":"#1","rotation":180},"west":{"uv":[22.0,51.0,27.0,52.5],"texture":"#1","rotation":180},"up":{"uv":[22.5,51.0,23.0,51.5],"texture":"#1","rotation":270},"down":{"uv":[22.5,51.0,23.0,51.5],"texture":"#1","rotation":90}}},{"from":[13.0,8.0,13.0],"to":[3.0,5.0,3.0],"rotation":{"angle":0.0,"axis":"x","origin":[8.5,4.5,8.5]},"faces":{"north":{"uv":[3.0,9.0,8.0,7.5],"texture":"#1"},"east":{"uv":[3.0,9.0,8.0,7.5],"texture":"#1"},"south":{"uv":[3.0,9.0,8.0,7.5],"texture":"#1"},"west":{"uv":[3.0,9.0,8.0,7.5],"texture":"#1"}}},{"from":[12.75,6.0,5.25],"to":[13.75,11.0,10.25],"rotation":{"angle":0.0,"axis":"y","origin":[14.0,8.61548,7.75]},"faces":{"north":{"uv":[2.0,0.0,2.5,2.5],"texture":"#2","tintindex":0},"east":{"uv":[0.0,0.0,2.5,2.5],"texture":"#2","tintindex":0},"south":{"uv":[0.0,0.0,0.5,2.5],"texture":"#2","tintindex":0},"up":{"uv":[2.5,0.0,0.0,0.5],"texture":"#2","tintindex":0,"rotation":90},"down":{"uv":[2.5,2.0,0.0,2.5],"texture":"#2","tintindex":0,"rotation":270}}},{"from":[13.7814,8.89566,7.25],"to":[15.7814,9.89566,8.25],"rotation":{"angle":0.0,"axis":"z","origin":[14.0,8.61548,7.75]},"faces":{"east":{"uv":[3.0,1.0,2.5,1.5],"texture":"#2"},"down":{"uv":[3.0,0.0,2.5,1.0],"texture":"#2","rotation":270}}},{"from":[13.75,7.0,7.25],"to":[15.75,8.0,8.25],"rotation":{"angle":0.0,"axis":"z","origin":[14.0,8.61548,7.75]},"faces":{"east":{"uv":[3.0,1.0,2.5,1.5],"texture":"#2","rotation":180},"up":{"uv":[3.0,0.0,2.5,1.0],"texture":"#2","rotation":270}}},{"from":[15.75,8.0,8.25],"to":[13.75,7.0,7.25],"rotation":{"angle":0.0,"axis":"z","origin":[14.0,8.61548,7.75]},"faces":{"west":{"uv":[3.0,1.5,2.5,1.0],"texture":"#2","rotation":180},"down":{"uv":[2.5,0.0,3.0,1.0],"texture":"#2","rotation":90}}},{"from":[13.75,11.0,10.25],"to":[12.75,6.0,5.25],"rotation":{"angle":0.0,"axis":"y","origin":[14.0,8.61548,7.75]},"faces":{"north":{"uv":[0.0,2.5,0.5,0.0],"texture":"#2","tintindex":0},"south":{"uv":[2.0,2.5,2.5,0.0],"texture":"#2","tintindex":0},"west":{"uv":[0.0,2.5,2.5,0.0],"texture":"#2","tintindex":0},"up":{"uv":[0.0,2.0,2.5,2.5],"texture":"#2","tintindex":0,"rotation":90},"down":{"uv":[0.0,0.0,2.5,0.5],"texture":"#2","tintindex":0,"rotation":270}}},{"from":[15.7814,9.89566,8.25],"to":[13.7814,8.89566,7.25],"rotation":{"angle":0.0,"axis":"z","origin":[14.0,8.61548,7.75]},"faces":{"west":{"uv":[3.0,1.5,2.5,1.0],"texture":"#2"},"up":{"uv":[3.0,1.0,2.5,0.0],"texture":"#2","rotation":270}}},{"from":[2.25,6.0,5.25],"to":[3.25,11.0,10.25],"rotation":{"angle":0.0,"axis":"y","origin":[2.0,8.61548,7.75]},"faces":{"north":{"uv":[2.5,0.0,2.0,2.5],"texture":"#2","tintindex":0},"south":{"uv":[0.5,0.0,0.0,2.5],"texture":"#2","tintindex":0},"west":{"uv":[2.5,0.0,0.0,2.5],"texture":"#2","tintindex":0},"up":{"uv":[2.5,0.5,0.0,0.0],"texture":"#2","tintindex":0,"rotation":90},"down":{"uv":[2.5,2.5,0.0,2.0],"texture":"#2","tintindex":0,"rotation":270}}},{"from":[0.2186,8.89566,7.25],"to":[2.2186,9.89566,8.25],"rotation":{"angle":0.0,"axis":"z","origin":[2.0,8.61548,7.75]},"faces":{"west":{"uv":[2.5,1.0,3.0,1.5],"texture":"#2"},"down":{"uv":[3.0,1.0,2.5,0.0],"texture":"#2","rotation":270}}},{"from":[0.25,7.0,7.25],"to":[2.25,8.0,8.25],"rotation":{"angle":0.0,"axis":"z","origin":[2.0,8.61548,7.75]},"faces":{"west":{"uv":[2.5,1.0,3.0,1.5],"texture":"#2","rotation":180},"up":{"uv":[3.0,1.0,2.5,0.0],"texture":"#2","rotation":270}}},{"from":[2.25,8.0,8.25],"to":[0.25,7.0,7.25],"rotation":{"angle":0.0,"axis":"z","origin":[2.0,8.61548,7.75]},"faces":{"east":{"uv":[2.5,1.5,3.0,1.0],"texture":"#2","rotation":180},"down":{"uv":[2.5,1.0,3.0,0.0],"texture":"#2","rotation":90}}},{"from":[3.25,11.0,10.25],"to":[2.25,6.0,5.25],"rotation":{"angle":0.0,"axis":"y","origin":[2.0,8.61548,7.75]},"faces":{"north":{"uv":[0.5,2.5,0.0,0.0],"texture":"#2","tintindex":0},"east":{"uv":[2.5,2.5,0.0,0.0],"texture":"#2","tintindex":0},"south":{"uv":[2.5,2.5,2.0,0.0],"texture":"#2","tintindex":0},"up":{"uv":[0.0,2.5,2.5,2.0],"texture":"#2","tintindex":0,"rotation":90},"down":{"uv":[0.0,0.5,2.5,0.0],"texture":"#2","tintindex":0,"rotation":270}}},{"from":[2.2186,9.89566,8.25],"to":[0.2186,8.89566,7.25],"rotation":{"angle":0.0,"axis":"z","origin":[2.0,8.61548,7.75]},"faces":{"east":{"uv":[2.5,1.5,3.0,1.0],"texture":"#2"},"up":{"uv":[3.0,0.0,2.5,1.0],"texture":"#2","rotation":270}}},{"from":[5.5,6.0,2.0],"to":[10.5,11.0,3.0],"rotation":{"angle":0.0,"axis":"y","origin":[-0.5,0.0,1.0]},"faces":{"north":{"uv":[0.0,0.0,2.5,2.5],"texture":"#2","tintindex":0},"east":{"uv":[0.0,0.0,0.5,2.5],"texture":"#2","tintindex":0},"west":{"uv":[2.0,0.0,2.5,2.5],"texture":"#2","tintindex":0},"up":{"uv":[2.5,0.0,0.0,0.5],"texture":"#2","tintindex":0},"down":{"uv":[2.5,2.0,0.0,2.5],"texture":"#2","tintindex":0}}},{"from":[7.5,9.0,0.0],"to":[8.5,10.0,2.0],"rotation":{"angle":0.0,"axis":"x","origin":[8.0,9.5,1.0]},"faces":{"north":{"uv":[3.0,1.0,2.5,1.5],"texture":"#2"},"down":{"uv":[3.0,0.0,2.5,1.0],"texture":"#2"}}},{"from":[7.5,7.0,0.0],"to":[8.5,8.0,2.0],"rotation":{"angle":0.0,"axis":"z","origin":[8.0,9.5,1.0]},"faces":{"north":{"uv":[3.0,1.0,2.5,1.5],"texture":"#2","rotation":180},"up":{"uv":[3.0,0.0,2.5,1.0],"texture":"#2","rotation":180}}},{"from":[8.5,8.0,2.0],"to":[7.5,7.0,0.0],"rotation":{"angle":0.0,"axis":"z","origin":[8.0,9.5,1.0]},"faces":{"south":{"uv":[3.0,1.5,2.5,1.0],"texture":"#2","rotation":180},"down":{"uv":[2.5,0.0,3.0,1.0],"texture":"#2","rotation":180}}},{"from":[10.5,11.0,3.0],"to":[5.5,6.0,2.0],"rotation":{"angle":0.0,"axis":"y","origin":[-0.5,0.0,1.0]},"faces":{"east":{"uv":[2.0,2.5,2.5,0.0],"texture":"#2","tintindex":0},"south":{"uv":[0.0,2.5,2.5,0.0],"texture":"#2","tintindex":0},"west":{"uv":[0.0,2.5,0.5,0.0],"texture":"#2","tintindex":0},"up":{"uv":[0.0,2.0,2.5,2.5],"texture":"#2","tintindex":0},"down":{"uv":[0.0,0.0,2.5,0.5],"texture":"#2","tintindex":0}}},{"from":[8.5,10.0,2.0],"to":[7.5,9.0,0.0],"rotation":{"angle":0.0,"axis":"x","origin":[8.0,9.5,1.0]},"faces":{"south":{"uv":[3.0,1.5,2.5,1.0],"texture":"#2"},"up":{"uv":[2.5,0.0,3.0,1.0],"texture":"#2"}}},{"from":[5.5,6.0,13.0],"to":[10.5,11.0,14.0],"rotation":{"angle":0.0,"axis":"y","origin":[-0.5,0.0,15.0]},"faces":{"east":{"uv":[0.5,0.0,0.0,2.5],"texture":"#2","tintindex":0},"south":{"uv":[2.5,0.0,0.0,2.5],"texture":"#2","tintindex":0},"west":{"uv":[2.5,0.0,2.0,2.5],"texture":"#2","tintindex":0},"up":{"uv":[2.5,0.5,0.0,0.0],"texture":"#2","tintindex":0},"down":{"uv":[2.5,2.5,0.0,2.0],"texture":"#2","tintindex":0}}},{"from":[7.5,9.0,14.0],"to":[8.5,10.0,16.0],"rotation":{"angle":0.0,"axis":"x","origin":[8.0,9.5,15.0]},"faces":{"south":{"uv":[2.5,1.0,3.0,1.5],"texture":"#2"},"down":{"uv":[3.0,1.0,2.5,0.0],"texture":"#2"}}},{"from":[7.5,7.0,14.0],"to":[8.5,8.0,16.0],"rotation":{"angle":0.0,"axis":"z","origin":[8.0,9.5,15.0]},"faces":{"south":{"uv":[2.5,1.0,3.0,1.5],"texture":"#2","rotation":180},"up":{"uv":[3.0,1.0,2.5,0.0],"texture":"#2","rotation":180}}},{"from":[8.5,8.0,16.0],"to":[7.5,7.0,14.0],"rotation":{"angle":0.0,"axis":"z","origin":[8.0,9.5,15.0]},"faces":{"north":{"uv":[2.5,1.5,3.0,1.0],"texture":"#2","rotation":180},"down":{"uv":[2.5,1.0,3.0,0.0],"texture":"#2","rotation":180}}},{"from":[10.5,11.0,14.0],"to":[5.5,6.0,13.0],"rotation":{"angle":0.0,"axis":"y","origin":[-0.5,0.0,15.0]},"faces":{"north":{"uv":[2.5,2.5,0.0,0.0],"texture":"#2","tintindex":0},"east":{"uv":[2.5,2.5,2.0,0.0],"texture":"#2","tintindex":0},"west":{"uv":[0.5,2.5,0.0,0.0],"texture":"#2","tintindex":0},"up":{"uv":[0.0,2.5,2.5,2.0],"texture":"#2","tintindex":0},"down":{"uv":[0.0,0.5,2.5,0.0],"texture":"#2","tintindex":0}}},{"from":[8.5,10.0,16.0],"to":[7.5,9.0,14.0],"rotation":{"angle":0.0,"axis":"x","origin":[8.0,9.5,15.0]},"faces":{"north":{"uv":[2.5,1.5,3.0,1.0],"texture":"#2"},"up":{"uv":[2.5,1.0,3.0,0.0],"texture":"#2"}}},{"from":[11.25,6.0,-0.75],"to":[15.25,10.0,0.25],"rotation":{"angle":-45.0,"axis":"y","origin":[10.0,1.0,1.0]},"faces":{"east":{"uv":[0.0,2.5,2.0,3.0],"texture":"#2","tintindex":0,"rotation":90},"south":{"uv":[0.0,3.0,2.0,5.0],"texture":"#2","tintindex":0,"rotation":90},"west":{"uv":[0.0,2.5,2.0,3.0],"texture":"#2","tintindex":0,"rotation":90},"up":{"uv":[0.0,2.5,2.0,3.0],"texture":"#2","tintindex":0},"down":{"uv":[0.0,2.5,2.0,3.0],"texture":"#2","tintindex":0}}},{"from":[15.25,10.0,0.25],"to":[11.25,6.0,-0.75],"rotation":{"angle":-45.0,"axis":"y","origin":[10.0,1.0,1.0]},"faces":{"north":{"uv":[2.0,3.0,0.0,5.0],"texture":"#2","tintindex":0,"rotation":90},"east":{"uv":[2.0,2.5,0.0,3.0],"texture":"#2","tintindex":0,"rotation":90},"west":{"uv":[2.0,2.5,0.0,3.0],"texture":"#2","tintindex":0,"rotation":90},"up":{"uv":[2.0,2.5,0.0,3.0],"texture":"#2","tintindex":0},"down":{"uv":[2.0,2.5,0.0,3.0],"texture":"#2","tintindex":0}}},{"from":[11.25,6.0,0.0],"to":[15.25,10.0,0.0],"rotation":{"angle":-45.0,"axis":"y","origin":[10.0,1.0,1.0]},"faces":{"north":{"uv":[2.0,2.5,4.0,4.5],"texture":"#2","rotation":90},"east":{"uv":[0.0,2.5,2.0,3.0],"texture":"#2","rotation":90},"south":{"uv":[4.0,2.5,2.0,4.5],"texture":"#2","rotation":90},"west":{"uv":[0.0,2.5,2.0,2.5],"texture":"#2","rotation":90},"up":{"uv":[0.0,2.5,2.0,3.0],"texture":"#2"},"down":{"uv":[0.0,2.5,2.0,3.0],"texture":"#2"}}},{"from":[11.25,6.0,15.75],"to":[15.25,10.0,16.75],"rotation":{"angle":45.0,"axis":"y","origin":[10.0,1.0,15.0]},"faces":{"north":{"uv":[0.0,5.0,2.0,3.0],"texture":"#2","tintindex":0,"rotation":90},"east":{"uv":[0.0,3.0,2.0,2.5],"texture":"#2","tintindex":0,"rotation":90},"west":{"uv":[0.0,3.0,2.0,2.5],"texture":"#2","tintindex":0,"rotation":90},"up":{"uv":[0.0,3.0,2.0,2.5],"texture":"#2","tintindex":0},"down":{"uv":[0.0,3.0,2.0,2.5],"texture":"#2","tintindex":0}}},{"from":[15.25,10.0,16.75],"to":[11.25,6.0,15.75],"rotation":{"angle":45.0,"axis":"y","origin":[10.0,1.0,15.0]},"faces":{"east":{"uv":[2.0,3.0,0.0,2.5],"texture":"#2","tintindex":0,"rotation":90},"south":{"uv":[2.0,5.0,0.0,3.0],"texture":"#2","tintindex":0,"rotation":90},"west":{"uv":[2.0,3.0,0.0,2.5],"texture":"#2","tintindex":0,"rotation":90},"up":{"uv":[2.0,3.0,0.0,2.5],"texture":"#2","tintindex":0},"down":{"uv":[2.0,3.0,0.0,2.5],"texture":"#2","tintindex":0}}},{"from":[11.25,6.0,16.0],"to":[15.25,10.0,16.0],"rotation":{"angle":45.0,"axis":"y","origin":[10.0,1.0,15.0]},"faces":{"north":{"uv":[4.0,4.5,2.0,2.5],"texture":"#2","rotation":90},"east":{"uv":[0.0,3.0,2.0,2.5],"texture":"#2","rotation":90},"south":{"uv":[2.0,4.5,4.0,2.5],"texture":"#2","rotation":90},"west":{"uv":[0.0,2.5,2.0,2.5],"texture":"#2","rotation":90},"up":{"uv":[0.0,3.0,2.0,2.5],"texture":"#2"},"down":{"uv":[0.0,3.0,2.0,2.5],"texture":"#2"}}},{"from":[0.75,6.0,-0.75],"to":[4.75,10.0,0.25],"rotation":{"angle":45.0,"axis":"y","origin":[6.0,1.0,1.0]},"faces":{"east":{"uv":[0.0,3.0,2.0,2.5],"texture":"#2","tintindex":0,"rotation":90},"south":{"uv":[0.0,5.0,2.0,3.0],"texture":"#2","tintindex":0,"rotation":90},"west":{"uv":[0.0,3.0,2.0,2.5],"texture":"#2","tintindex":0,"rotation":90},"up":{"uv":[2.0,2.5,0.0,3.0],"texture":"#2","tintindex":0},"down":{"uv":[2.0,2.5,0.0,3.0],"texture":"#2","tintindex":0}}},{"from":[4.75,10.0,0.25],"to":[0.75,6.0,-0.75],"rotation":{"angle":45.0,"axis":"y","origin":[6.0,1.0,1.0]},"faces":{"north":{"uv":[2.0,5.0,0.0,3.0],"texture":"#2","tintindex":0,"rotation":90},"east":{"uv":[2.0,3.0,0.0,2.5],"texture":"#2","tintindex":0,"rotation":90},"west":{"uv":[2.0,3.0,0.0,2.5],"texture":"#2","tintindex":0,"rotation":90},"up":{"uv":[0.0,2.5,2.0,3.0],"texture":"#2","tintindex":0},"down":{"uv":[0.0,2.5,2.0,3.0],"texture":"#2","tintindex":0}}},{"from":[0.75,6.0,0.0],"to":[4.75,10.0,0.0],"rotation":{"angle":45.0,"axis":"y","origin":[6.0,1.0,1.0]},"faces":{"north":{"uv":[2.0,4.5,4.0,2.5],"texture":"#2","rotation":90},"east":{"uv":[0.0,2.5,2.0,2.5],"texture":"#2","rotation":90},"south":{"uv":[4.0,4.5,2.0,2.5],"texture":"#2","rotation":90},"west":{"uv":[0.0,3.0,2.0,2.5],"texture":"#2","rotation":90},"up":{"uv":[2.0,2.5,0.0,3.0],"texture":"#2"},"down":{"uv":[2.0,2.5,0.0,3.0],"texture":"#2"}}},{"from":[0.75,6.0,15.75],"to":[4.75,10.0,16.75],"rotation":{"angle":-45.0,"axis":"y","origin":[6.0,1.0,15.0]},"faces":{"north":{"uv":[0.0,3.0,2.0,5.0],"texture":"#2","tintindex":0,"rotation":90},"east":{"uv":[0.0,2.5,2.0,3.0],"texture":"#2","tintindex":0,"rotation":90},"west":{"uv":[0.0,2.5,2.0,3.0],"texture":"#2","tintindex":0,"rotation":90},"up":{"uv":[2.0,3.0,0.0,2.5],"texture":"#2","tintindex":0},"down":{"uv":[2.0,3.0,0.0,2.5],"texture":"#2","tintindex":0}}},{"from":[4.75,10.0,16.75],"to":[0.75,6.0,15.75],"rotation":{"angle":-45.0,"axis":"y","origin":[6.0,1.0,15.0]},"faces":{"east":{"uv":[2.0,2.5,0.0,3.0],"texture":"#2","tintindex":0,"rotation":90},"south":{"uv":[2.0,3.0,0.0,5.0],"texture":"#2","tintindex":0,"rotation":90},"west":{"uv":[2.0,2.5,0.0,3.0],"texture":"#2","tintindex":0,"rotation":90},"up":{"uv":[0.0,3.0,2.0,2.5],"texture":"#2","tintindex":0},"down":{"uv":[0.0,3.0,2.0,2.5],"texture":"#2","tintindex":0}}},{"from":[0.75,6.0,16.0],"to":[4.75,10.0,16.0],"rotation":{"angle":-45.0,"axis":"y","origin":[6.0,1.0,15.0]},"faces":{"north":{"uv":[4.0,2.5,2.0,4.5],"texture":"#2","rotation":90},"east":{"uv":[0.0,2.5,2.0,2.5],"texture":"#2","rotation":90},"south":{"uv":[2.0,2.5,4.0,4.5],"texture":"#2","rotation":90},"west":{"uv":[0.0,2.5,2.0,3.0],"texture":"#2","rotation":90},"up":{"uv":[2.0,3.0,0.0,2.5],"texture":"#2"},"down":{"uv":[2.0,3.0,0.0,2.5],"texture":"#2"}}}],"display":{"thirdperson_righthand":{"translation":[0.0,1.0,0.75],"rotation":[55.5,34.0,0.0],"scale":[0.52539,0.52539,0.52539]},"thirdperson_lefthand":{"translation":[0.0,1.0,0.75],"rotation":[55.5,34.0,0.0],"scale":[0.52539,0.52539,0.52539]},"firstperson_righthand":{"translation":[9.5,0.0,-5.75],"rotation":[21.0,114.5,-13.75],"scale":[0.41992,0.41992,0.41992]},"firstperson_lefthand":{"translation":[9.5,0.0,-5.75],"rotation":[21.0,114.5,-13.75],"scale":[0.41992,0.41992,0.41992]},"ground":{"translation":[0.0,11.75,0.0],"scale":[0.85742,0.85742,0.85742]},"gui":{"translation":[-0.25,0.5,0.0],"rotation":[-171.27,-35.09,163.94],"scale":[0.95312,0.95312,0.95312]},"head":{"translation":[0.0,5.75,0.5],"rotation":[10.0,0.0,0.0],"scale":[1.62539,1.62539,1.62539]}},"credit":"Made with Blockbench","gui_light":"front"}