{"textures":{"1":"mcc:island_cosmetics/general/hat/slime_wall/slime_wall_anim","2":"mcc:island_cosmetics/general/hat/slime_wall/slime_wall","3":"mcc:island_cosmetics/general/hat/slime_wall/toxic","4":"mcc:island_cosmetics/general/hat/slime_wall/glow","particle":"mcc:island_cosmetics/general/hat/slime_wall/toxic"},"display":{"thirdperson_righthand":{"translation":[0.0,1.0,-1.0],"rotation":[63.0,34.0,0.0],"scale":[0.37891,0.37891,0.37891]},"thirdperson_lefthand":{"translation":[0.0,1.0,-1.0],"rotation":[63.0,34.0,0.0],"scale":[0.37891,0.37891,0.37891]},"firstperson_righthand":{"translation":[9.5,0.0,-5.75],"rotation":[3.0,112.0,-13.0],"scale":[0.35547,0.35547,0.35547]},"firstperson_lefthand":{"translation":[9.5,0.0,-5.75],"rotation":[3.0,112.0,-13.0],"scale":[0.35547,0.35547,0.35547]},"ground":{"translation":[0.0,4.25,0.0],"scale":[0.28906,0.28906,0.28906]},"gui":{"translation":[0.0,3.25,0.0],"rotation":[-149.61,-31.92,-180.0],"scale":[0.69725,0.69725,0.69725]},"head":{"translation":[-0.5,5.75,0.0],"rotation":[-1.0,0.0,3.25],"scale":[1.55899,1.55899,1.55899]},"fixed":{"translation":[0.0,-3.25,-7.5]}},"credit":"Made with Blockbench","elements":[{"from":[-0.5,-2.0,5.0],"to":[16.5,11.0,11.0],"rotation":{"angle":0.0,"axis":"y","origin":[3.5,3.5,3.0]},"faces":{"north":{"uv":[0.0,9.5,8.5,16.0],"texture":"#2","tintindex":0.0},"east":{"uv":[8.5,9.5,11.5,16.0],"texture":"#2","tintindex":0.0},"south":{"uv":[0.0,9.5,8.5,16.0],"texture":"#2","tintindex":0.0},"west":{"uv":[11.5,9.5,8.5,16.0],"texture":"#2","tintindex":0.0},"up":{"uv":[0.0,6.0,8.5,9.0],"texture":"#2","tintindex":0.0},"down":{"uv":[0.0,3.0,8.5,6.0],"texture":"#2","tintindex":0.0}}},{"from":[17.0,11.5,11.5],"to":[-1.0,-2.5,4.5],"rotation":{"angle":0.0,"axis":"y","origin":[21.0,3.5,3.0]},"faces":{"north":{"uv":[1.0,1.0,2.0,2.0],"texture":"#4","tintindex":0.0},"east":{"uv":[1.0,1.0,2.0,2.0],"texture":"#4","tintindex":0.0},"south":{"uv":[1.0,1.0,2.0,2.0],"texture":"#4","tintindex":0.0},"west":{"uv":[1.0,1.0,2.0,2.0],"texture":"#4","tintindex":0.0},"up":{"uv":[1.0,1.0,2.0,2.0],"texture":"#4","tintindex":0.0},"down":{"uv":[1.0,1.0,2.0,2.0],"texture":"#4","tintindex":0.0}}},{"from":[17.5,12.0,12.0],"to":[-1.5,-3.0,4.0],"rotation":{"angle":0.0,"axis":"y","origin":[21.5,3.5,3.0]},"faces":{"north":{"uv":[4.0,1.0,5.0,2.0],"texture":"#4","tintindex":0.0},"east":{"uv":[4.0,1.0,5.0,2.0],"texture":"#4","tintindex":0.0},"south":{"uv":[4.0,1.0,5.0,2.0],"texture":"#4","tintindex":0.0},"west":{"uv":[4.0,1.0,5.0,2.0],"texture":"#4","tintindex":0.0},"up":{"uv":[4.0,1.0,5.0,2.0],"texture":"#4","tintindex":0.0},"down":{"uv":[4.0,1.0,5.0,2.0],"texture":"#4","tintindex":0.0}}},{"from":[1.5,7.24507,17.32264],"to":[13.5,20.24507,17.32264],"rotation":{"angle":45.0,"axis":"x","origin":[7.5,15.74507,18.32264]},"faces":{"north":{"uv":[3.0,3.0,16.0,15.0],"rotation":90.0,"texture":"#3","tintindex":0.0},"east":{"uv":[0.0,0.0,0.5,0.5],"rotation":270.0,"texture":"#2","tintindex":0.0},"south":{"uv":[16.0,3.0,3.0,15.0],"rotation":270.0,"texture":"#3","tintindex":0.0},"west":{"uv":[0.0,0.0,0.5,0.5],"rotation":270.0,"texture":"#2","tintindex":0.0},"up":{"uv":[0.0,0.0,0.5,0.5],"rotation":270.0,"texture":"#2","tintindex":0.0},"down":{"uv":[0.0,0.0,0.5,0.5],"rotation":270.0,"texture":"#2","tintindex":0.0}}},{"from":[14.58579,-1.5,12.91421],"to":[27.58579,10.5,12.91421],"rotation":{"angle":-45.0,"axis":"y","origin":[21.08579,4.5,12.91421]},"faces":{"north":{"uv":[3.0,3.0,16.0,15.0],"texture":"#3","tintindex":0.0},"east":{"uv":[0.0,0.0,0.5,0.5],"texture":"#2","tintindex":0.0},"south":{"uv":[16.0,3.0,3.0,15.0],"texture":"#3","tintindex":0.0},"west":{"uv":[0.0,0.0,0.5,0.5],"texture":"#2","tintindex":0.0},"up":{"uv":[0.0,0.0,0.5,0.5],"texture":"#2","tintindex":0.0},"down":{"uv":[0.0,0.0,0.5,0.5],"texture":"#2","tintindex":0.0}}},{"from":[8.0,-1.5,11.0],"to":[8.0,10.5,24.0],"rotation":{"angle":0.0,"axis":"y","origin":[23.0,4.5,11.5]},"faces":{"north":{"uv":[0.0,0.0,0.5,0.5],"texture":"#2","tintindex":0.0},"east":{"uv":[3.0,3.0,16.0,15.0],"texture":"#3","tintindex":0.0},"south":{"uv":[0.0,0.0,0.5,0.5],"texture":"#2","tintindex":0.0},"west":{"uv":[16.0,3.0,3.0,15.0],"texture":"#3","tintindex":0.0},"up":{"uv":[0.0,0.0,0.5,0.5],"rotation":90.0,"texture":"#2","tintindex":0.0},"down":{"uv":[0.0,0.0,0.5,0.5],"rotation":270.0,"texture":"#2","tintindex":0.0}}},{"from":[-13.0,-1.5,12.5],"to":[0.0,10.5,12.5],"rotation":{"angle":45.0,"axis":"y","origin":[-6.5,4.5,11.5]},"faces":{"north":{"uv":[16.0,3.0,3.0,15.0],"texture":"#3","tintindex":0.0},"east":{"uv":[0.5,0.0,0.0,0.5],"texture":"#2","tintindex":0.0},"south":{"uv":[3.0,3.0,16.0,15.0],"texture":"#3","tintindex":0.0},"west":{"uv":[0.5,0.0,0.0,0.5],"texture":"#2","tintindex":0.0},"up":{"uv":[0.5,0.0,0.0,0.5],"texture":"#2","tintindex":0.0},"down":{"uv":[0.5,0.0,0.0,0.5],"texture":"#2","tintindex":0.0}}},{"from":[11.5,8.0,11.0],"to":[4.5,1.0,5.0],"rotation":{"angle":0.0,"axis":"y","origin":[3.5,3.5,3.0]},"faces":{"east":{"uv":[8.5,6.0,11.5,9.5],"texture":"#2","tintindex":0.0},"west":{"uv":[11.5,6.0,8.5,9.5],"texture":"#2","tintindex":0.0},"up":{"uv":[8.5,2.5,11.5,6.0],"rotation":90.0,"texture":"#2","tintindex":0.0},"down":{"uv":[12.0,12.5,15.0,16.0],"rotation":90.0,"texture":"#2","tintindex":0.0}}},{"from":[0.5,-8.0,5.0],"to":[16.5,-2.0,11.0],"rotation":{"angle":0.0,"axis":"y","origin":[3.0,3.5,4.0]},"faces":{"north":{"uv":[0.0,1.0,16.0,7.0],"texture":"#1","tintindex":0.0},"south":{"uv":[0.0,1.0,16.0,7.0],"texture":"#1","tintindex":0.0}}},{"name":"cube inverted","from":[16.5,-2.0,11.0],"to":[0.5,-8.0,5.0],"rotation":{"angle":0.0,"axis":"y","origin":[3.0,3.5,4.0]},"faces":{"north":{"uv":[0.0,7.0,16.0,1.0],"texture":"#1","tintindex":0.0},"south":{"uv":[0.0,7.0,16.0,1.0],"texture":"#1","tintindex":0.0}}}],"gui_light":"front"}