{"textures":{"0":"mcc:island_cosmetics/general/hat/competitors_helmet/competitors_helmet","particle":"mcc:island_cosmetics/general/hat/competitors_helmet/competitors_helmet"},"display":{"thirdperson_righthand":{"rotation":[64.25,0.0,0.0],"scale":[0.44336,0.44336,0.44336]},"thirdperson_lefthand":{"rotation":[64.25,0.0,0.0],"scale":[0.44336,0.44336,0.44336]},"firstperson_righthand":{"scale":[0.0,0.0,0.0]},"firstperson_lefthand":{"scale":[0.0,0.0,0.0]},"ground":{"translation":[0.0,4.25,0.0],"scale":[0.43945,0.43945,0.43945]},"gui":{"translation":[0.0,2.0,0.0],"rotation":[-154.25,-38.49,-179.01],"scale":[0.99765,0.99765,0.99765]},"head":{"translation":[0.0,5.75,0.5],"scale":[1.71133,1.71133,1.71133]}},"credit":"Made with Blockbench","texture_size":[32.0,32.0],"elements":[{"from":[3.0,5.0,3.0],"to":[13.0,10.0,13.0],"rotation":{"angle":0.0,"axis":"y","origin":[9.5,6.24,8.0]},"faces":{"north":{"uv":[5.0,0.0,10.0,2.5],"texture":"#0","tintindex":0.0},"east":{"uv":[0.0,0.0,5.0,2.5],"texture":"#0","tintindex":0.0},"south":{"uv":[10.0,0.0,15.0,2.5],"texture":"#0","tintindex":0.0},"west":{"uv":[0.0,0.0,5.0,2.5],"texture":"#0","tintindex":0.0},"up":{"uv":[0.0,2.5,5.0,7.5],"texture":"#0","tintindex":0.0},"down":{"uv":[5.0,2.5,10.0,7.5],"texture":"#0"}}},{"from":[3.0,5.0,3.0],"to":[13.0,10.0,3.0],"rotation":{"angle":0.0,"axis":"y","origin":[9.5,6.24,8.0]},"faces":{"north":{"uv":[11.0,6.0,16.0,8.5],"texture":"#0"},"east":{"uv":[0.0,0.0,5.0,2.5],"texture":"#0","tintindex":0.0},"south":{"uv":[11.0,6.0,16.0,8.5],"texture":"#0"},"west":{"uv":[0.0,0.0,5.0,2.5],"texture":"#0","tintindex":0.0},"up":{"uv":[0.0,2.5,5.0,7.5],"texture":"#0","tintindex":0.0},"down":{"uv":[5.0,2.5,10.0,7.5],"texture":"#0"}}},{"from":[3.0,3.0,7.0],"to":[13.0,5.0,13.0],"rotation":{"angle":0.0,"axis":"y","origin":[9.5,6.24,8.0]},"faces":{"north":{"uv":[15.0,3.5,10.0,4.5],"texture":"#0"},"east":{"uv":[13.0,2.5,10.0,3.5],"texture":"#0","tintindex":0.0},"south":{"uv":[15.0,4.5,10.0,5.5],"texture":"#0","tintindex":0.0},"west":{"uv":[10.0,2.5,13.0,3.5],"texture":"#0","tintindex":0.0},"down":{"uv":[0.0,7.5,5.0,10.5],"texture":"#0"}}},{"from":[3.5,0.5,5.0],"to":[12.5,5.5,7.0],"rotation":{"angle":0.0,"axis":"y","origin":[10.0,6.24,8.0]},"faces":{"east":{"uv":[5.0,7.5,6.0,10.0],"texture":"#0"},"west":{"uv":[5.0,7.5,6.0,10.0],"texture":"#0"},"down":{"uv":[6.0,7.5,10.5,8.5],"texture":"#0"}}},{"name":"cube inverted","from":[12.5,5.5,7.0],"to":[3.5,0.5,5.0],"rotation":{"angle":0.0,"axis":"y","origin":[10.0,6.24,8.0]},"faces":{"east":{"uv":[5.0,10.0,6.0,7.5],"texture":"#0"},"west":{"uv":[5.0,10.0,6.0,7.5],"texture":"#0"},"up":{"uv":[10.5,7.5,6.0,8.5],"texture":"#0"}}}],"gui_light":"front"}