{"textures":{"0":"mcc:island_cosmetics/general/hat/arcade_cadet/arcade_cadet","2":"mcc:island_cosmetics/general/accessory/pixel_pusher/pixel_pusher","7":"mcc:island_cosmetics/general/back/game_buddy/falling_blocks_2","particle":"mcc:island_cosmetics/general/hat/arcade_cadet/arcade_cadet"},"elements":[{"from":[2.8,-0.2,2.8],"to":[13.2,10.2,13.2],"rotation":{"angle":0.0,"axis":"y","origin":[1.0,-23.5,16.5]},"faces":{"north":{"uv":[3.33333,0.0,0.0,3.33333],"texture":"#0","tintindex":0},"east":{"uv":[6.66667,0.0,3.33333,3.33333],"texture":"#0","tintindex":0},"south":{"uv":[6.0,3.33333,2.66667,6.66667],"texture":"#0","tintindex":0},"west":{"uv":[6.66667,0.0,3.33333,3.33333],"texture":"#0","tintindex":0},"up":{"uv":[6.66667,3.33333,10.0,0.0],"texture":"#0","tintindex":0},"down":{"uv":[6.0,6.66667,9.33333,3.33333],"texture":"#0","tintindex":0}}},{"from":[3.0,0.0,3.0],"to":[13.0,10.0,13.0],"rotation":{"angle":0.0,"axis":"y","origin":[1.0,-23.5,16.5]},"faces":{"north":{"uv":[13.33333,0.0,10.0,3.33333],"texture":"#0"},"east":{"uv":[11.83333,5.0,11.33333,5.5],"texture":"#0"},"south":{"uv":[11.83333,5.0,11.33333,5.5],"texture":"#0"},"west":{"uv":[11.83333,5.0,11.33333,5.5],"texture":"#0"},"up":{"uv":[11.33333,5.5,11.83333,5.0],"texture":"#0"},"down":{"uv":[10.0,6.66667,13.33333,3.33333],"texture":"#0"}}},{"from":[1.0,2.0,5.0],"to":[3.0,8.0,11.0],"rotation":{"angle":0.0,"axis":"y","origin":[1.0,-23.5,16.5]},"faces":{"north":{"uv":[2.66667,3.33333,2.0,5.33333],"texture":"#0"},"east":{"uv":[2.66667,5.0,2.33333,5.33333],"texture":"#0"},"south":{"uv":[2.0,3.33333,2.66667,5.33333],"texture":"#0"},"west":{"uv":[2.0,3.33333,0.0,5.33333],"texture":"#0"},"up":{"uv":[2.0,5.33333,2.66667,3.33333],"texture":"#0"},"down":{"uv":[2.0,5.33333,2.66667,3.33333],"texture":"#0"}}},{"from":[6.0,8.0,2.0],"to":[10.0,12.0,14.0],"rotation":{"angle":0.0,"axis":"y","origin":[1.0,-23.5,16.5]},"faces":{"north":{"uv":[0.0,5.33333,1.33333,6.66667],"texture":"#0"},"east":{"uv":[4.0,6.66667,0.0,8.0],"texture":"#0"},"south":{"uv":[5.33333,6.66667,6.66667,8.0],"texture":"#0"},"west":{"uv":[0.0,6.66667,4.0,8.0],"texture":"#0"},"up":{"uv":[4.0,9.33333,0.0,8.0],"texture":"#0","rotation":90},"down":{"uv":[5.33333,10.66667,4.0,6.66667],"texture":"#0"}}},{"from":[13.0,2.0,5.0],"to":[15.0,8.0,11.0],"rotation":{"angle":0.0,"axis":"y","origin":[15.0,-23.5,16.5]},"faces":{"north":{"uv":[2.0,3.33333,2.66667,5.33333],"texture":"#0"},"east":{"uv":[0.0,3.33333,2.0,5.33333],"texture":"#0"},"south":{"uv":[2.66667,3.33333,2.0,5.33333],"texture":"#0"},"west":{"uv":[2.33333,5.0,2.66667,5.33333],"texture":"#0"},"up":{"uv":[2.66667,5.33333,2.0,3.33333],"texture":"#0"},"down":{"uv":[2.66667,5.33333,2.0,3.33333],"texture":"#0"}}},{"from":[13.0,2.0,5.0],"to":[15.0,8.0,11.0],"rotation":{"angle":0.0,"axis":"y","origin":[15.0,-23.5,16.5]},"faces":{"north":{"uv":[2.0,9.33333,2.66667,11.33333],"texture":"#0","tintindex":0},"east":{"uv":[0.0,9.33333,2.0,11.33333],"texture":"#0","tintindex":0},"south":{"uv":[2.66667,9.33333,2.0,11.33333],"texture":"#0","tintindex":0},"west":{"uv":[2.33333,11.0,2.66667,11.33333],"texture":"#0","tintindex":0},"up":{"uv":[2.66667,11.33333,2.0,9.33333],"texture":"#0","tintindex":0},"down":{"uv":[2.66667,11.33333,2.0,9.33333],"texture":"#0","tintindex":0}}},{"from":[1.0,2.0,5.0],"to":[3.0,8.0,11.0],"rotation":{"angle":0.0,"axis":"y","origin":[1.0,-23.5,16.5]},"faces":{"north":{"uv":[2.66667,9.33333,2.0,11.33333],"texture":"#0","tintindex":0},"east":{"uv":[2.66667,11.0,2.33333,11.33333],"texture":"#0","tintindex":0},"south":{"uv":[2.0,9.33333,2.66667,11.33333],"texture":"#0","tintindex":0},"west":{"uv":[2.0,9.33333,0.0,11.33333],"texture":"#0","tintindex":0},"up":{"uv":[2.0,11.33333,2.66667,9.33333],"texture":"#0","tintindex":0},"down":{"uv":[2.0,11.33333,2.66667,9.33333],"texture":"#0","tintindex":0}}},{"from":[6.0,2.0,13.0],"to":[10.0,8.0,14.0],"rotation":{"angle":0.0,"axis":"y","origin":[1.0,-23.5,16.5]},"faces":{"north":{"uv":[0.0,5.33333,1.33333,6.66667],"texture":"#0"},"east":{"uv":[6.33333,8.0,6.66667,10.0],"texture":"#0"},"south":{"uv":[5.33333,8.0,6.66667,10.0],"texture":"#0"},"west":{"uv":[6.33333,8.0,6.66667,10.0],"texture":"#0"},"up":{"uv":[4.0,9.33333,0.0,8.0],"texture":"#0","rotation":90},"down":{"uv":[6.66667,10.0,5.33333,9.66667],"texture":"#0"}}},{"from":[13.6,10.6,13.6],"to":[2.4,-0.6,2.4],"rotation":{"angle":0.0,"axis":"y","origin":[1.0,-23.5,16.5]},"faces":{"north":{"uv":[5.0,10.5,4.5,11.0],"texture":"#2"},"east":{"uv":[5.0,10.5,4.5,11.0],"texture":"#2"},"south":{"uv":[5.0,10.5,4.5,11.0],"texture":"#2"},"west":{"uv":[5.0,10.5,4.5,11.0],"texture":"#2"},"down":{"uv":[5.0,10.5,4.5,11.0],"texture":"#2"}}},{"from":[10.4,12.4,14.4],"to":[5.6,7.6,1.6],"rotation":{"angle":0.0,"axis":"y","origin":[1.0,-23.5,16.5]},"faces":{"north":{"uv":[5.0,10.5,4.5,11.0],"texture":"#2"},"east":{"uv":[5.0,10.5,4.5,11.0],"texture":"#2"},"south":{"uv":[5.0,10.5,4.5,11.0],"texture":"#2"},"west":{"uv":[5.0,10.5,4.5,11.0],"texture":"#2"},"down":{"uv":[5.0,10.5,4.5,11.0],"texture":"#2"}}},{"from":[10.4,7.6,14.4],"to":[5.6,1.6,11.6],"rotation":{"angle":0.0,"axis":"y","origin":[1.0,-24.3,16.5]},"faces":{"north":{"uv":[5.5,7.0,5.0,7.5],"texture":"#2"},"east":{"uv":[5.5,7.0,5.0,7.5],"texture":"#2"},"west":{"uv":[5.5,7.0,5.0,7.5],"texture":"#2"}}},{"from":[3.4,8.4,11.4],"to":[0.6,1.6,4.6],"rotation":{"angle":0.0,"axis":"y","origin":[1.0,-23.5,16.5]},"faces":{"north":{"uv":[5.0,10.5,4.5,11.0],"texture":"#2"},"east":{"uv":[5.0,10.5,4.5,11.0],"texture":"#2"},"south":{"uv":[5.0,10.5,4.5,11.0],"texture":"#2"},"west":{"uv":[5.0,10.5,4.5,11.0],"texture":"#2"},"up":{"uv":[5.0,10.5,4.5,11.0],"texture":"#2"},"down":{"uv":[5.0,10.5,4.5,11.0],"texture":"#2"}}},{"from":[15.4,8.4,11.4],"to":[12.6,1.6,4.6],"rotation":{"angle":0.0,"axis":"y","origin":[15.0,-23.5,16.5]},"faces":{"north":{"uv":[5.0,10.5,4.5,11.0],"texture":"#2"},"east":{"uv":[5.0,10.5,4.5,11.0],"texture":"#2"},"south":{"uv":[5.0,10.5,4.5,11.0],"texture":"#2"},"west":{"uv":[5.0,10.5,4.5,11.0],"texture":"#2"},"up":{"uv":[5.0,10.5,4.5,11.0],"texture":"#2"},"down":{"uv":[5.0,10.5,4.5,11.0],"texture":"#2"}}},{"from":[-4.0,0.5,9.0],"to":[0.0,16.5,9.0],"rotation":{"angle":45.0,"axis":"y","origin":[-2.0,9.5,8.0]},"faces":{"north":{"uv":[4.0,0.0,0.0,16.0],"texture":"#7"},"east":{"uv":[1.0,0.0,0.0,1.0],"texture":"#7"},"south":{"uv":[0.0,0.0,4.0,16.0],"texture":"#7"},"west":{"uv":[2.0,0.0,0.0,15.0],"texture":"#7"},"up":{"uv":[0.0,1.0,1.0,0.0],"texture":"#7"},"down":{"uv":[0.0,1.0,1.0,0.0],"texture":"#7"}}},{"from":[16.0,0.5,9.0],"to":[20.0,16.5,9.0],"rotation":{"angle":-22.5,"axis":"y","origin":[15.0,16.5,9.0]},"faces":{"north":{"uv":[14.0,0.0,10.0,16.0],"texture":"#7"},"east":{"uv":[5.0,0.0,4.0,1.0],"texture":"#7"},"south":{"uv":[10.0,0.0,14.0,16.0],"texture":"#7"},"west":{"uv":[6.0,0.0,4.0,15.0],"texture":"#7"},"up":{"uv":[4.0,1.0,5.0,0.0],"texture":"#7"},"down":{"uv":[4.0,1.0,5.0,0.0],"texture":"#7"}}},{"from":[2.60896,4.5,8.93853],"to":[8.60896,20.5,8.93853],"rotation":{"angle":0.0,"axis":"y","origin":[7.60896,16.5,5.93853]},"faces":{"north":{"uv":[10.0,0.0,4.0,16.0],"texture":"#7"},"east":{"uv":[5.0,0.0,4.0,1.0],"texture":"#7"},"south":{"uv":[4.0,0.0,10.0,16.0],"texture":"#7"},"west":{"uv":[6.0,0.0,4.0,15.0],"texture":"#7"},"up":{"uv":[4.0,1.0,5.0,0.0],"texture":"#7"},"down":{"uv":[4.0,1.0,5.0,0.0],"texture":"#7"}}},{"from":[11.60896,4.5,11.93853],"to":[13.60896,20.5,11.93853],"rotation":{"angle":0.0,"axis":"y","origin":[7.60896,16.5,5.93853]},"faces":{"north":{"uv":[11.0,0.0,9.0,16.0],"texture":"#7"},"east":{"uv":[5.0,0.0,4.0,1.0],"texture":"#7"},"south":{"uv":[14.0,0.0,16.0,16.0],"texture":"#7"},"west":{"uv":[6.0,0.0,4.0,15.0],"texture":"#7"},"up":{"uv":[4.0,1.0,5.0,0.0],"texture":"#7"},"down":{"uv":[4.0,1.0,5.0,0.0],"texture":"#7"}}}],"display":{"thirdperson_righthand":{"translation":[0.0,1.0,0.75],"rotation":[55.5,34.0,0.0],"scale":[0.52539,0.52539,0.52539]},"thirdperson_lefthand":{"translation":[0.0,1.0,0.75],"rotation":[55.5,34.0,0.0],"scale":[0.52539,0.52539,0.52539]},"firstperson_righthand":{"translation":[9.5,0.0,-5.75],"rotation":[21.0,114.5,-13.75],"scale":[0.41992,0.41992,0.41992]},"firstperson_lefthand":{"translation":[9.5,0.0,-5.75],"rotation":[21.0,114.5,-13.75],"scale":[0.41992,0.41992,0.41992]},"ground":{"translation":[0.0,4.25,0.0],"scale":[0.28906,0.28906,0.28906]},"gui":{"translation":[0.0,1.5,0.0],"rotation":[-154.61,-31.92,-180.0],"scale":[0.83593,0.83593,0.83593]},"head":{"translation":[0.0,6.25,0.0],"scale":[1.63906,1.63906,1.63906]},"fixed":{"translation":[0.0,-3.25,-7.5]}},"credit":"Made with Blockbench","gui_light":"front"}