{"textures":{"0":"mcc:island_cosmetics/head/head_4","particle":"mcc:island_cosmetics/head/head_4"},"credit":"Made with Blockbench","texture_size":[128.0,128.0],"elements":[{"from":[2.0,8.0,0.5],"to":[14.0,13.0,16.5],"rotation":{"angle":0.0,"axis":"x","origin":[7.5,10.0,6.0]},"faces":{"north":{"uv":[4.625,9.625,6.125,10.25],"texture":"#0","tintindex":0.0},"east":{"uv":[7.0,7.75,5.0,8.375],"texture":"#0","tintindex":0.0},"south":{"uv":[3.5,13.625,5.0,13.0],"texture":"#0","tintindex":0.0},"west":{"uv":[5.0,7.75,7.0,8.375],"texture":"#0","tintindex":0.0},"up":{"uv":[3.5,11.0,5.0,13.0],"texture":"#0","tintindex":0.0},"down":{"uv":[5.0,15.5,6.5,13.5],"texture":"#0","tintindex":0.0}}},{"from":[14.0,10.0,10.5],"to":[14.0,12.0,12.5],"rotation":{"angle":0.0,"axis":"x","origin":[7.5,10.0,6.0]},"faces":{"east":{"uv":[5.0,9.25,4.75,9.5],"texture":"#0"},"west":{"uv":[5.0,9.25,4.75,9.5],"texture":"#0"}}},{"from":[2.0,10.0,10.5],"to":[2.0,12.0,12.5],"rotation":{"angle":0.0,"axis":"x","origin":[7.5,10.0,6.0]},"faces":{"east":{"uv":[5.0,9.25,4.75,9.5],"texture":"#0"},"west":{"uv":[5.0,9.25,4.75,9.5],"texture":"#0"}}},{"from":[7.0,14.0,9.5],"to":[9.0,17.0,12.5],"rotation":{"angle":0.0,"axis":"x","origin":[7.5,9.0,6.0]},"faces":{"north":{"uv":[7.875,8.0,8.125,8.375],"texture":"#0"},"east":{"uv":[7.875,8.0,7.5,8.375],"texture":"#0"},"south":{"uv":[7.75,8.0,7.875,8.375],"texture":"#0"},"west":{"uv":[7.5,8.0,7.875,8.375],"texture":"#0"},"up":{"uv":[7.5,7.625,7.75,8.0],"texture":"#0"},"down":{"uv":[7.75,8.25,7.875,8.375],"texture":"#0"}}},{"from":[8.0,17.0,9.5],"to":[8.0,20.0,12.5],"rotation":{"angle":0.0,"axis":"x","origin":[7.5,9.0,6.0]},"faces":{"north":{"uv":[7.875,8.0,8.125,8.375],"texture":"#0"},"east":{"uv":[8.125,7.625,7.75,8.0],"texture":"#0"},"south":{"uv":[7.75,8.0,7.875,8.375],"texture":"#0"},"west":{"uv":[7.75,7.625,8.125,8.0],"texture":"#0"},"up":{"uv":[7.5,7.625,7.75,8.0],"texture":"#0"},"down":{"uv":[7.75,8.25,7.875,8.375],"texture":"#0"}}},{"from":[7.0,2.25,13.25],"to":[9.0,5.25,16.25],"rotation":{"angle":-22.5,"axis":"x","origin":[7.5,10.0,5.5]},"faces":{"north":{"uv":[7.75,8.25,7.875,8.375],"rotation":180.0,"texture":"#0"},"east":{"uv":[7.875,8.0,7.5,8.375],"rotation":270.0,"texture":"#0"},"south":{"uv":[7.5,7.625,7.75,8.0],"texture":"#0"},"west":{"uv":[7.5,8.0,7.875,8.375],"rotation":90.0,"texture":"#0"},"up":{"uv":[7.875,8.0,8.125,8.375],"rotation":180.0,"texture":"#0"},"down":{"uv":[7.75,8.0,7.875,8.375],"texture":"#0"}}},{"from":[8.0,2.25,16.25],"to":[8.0,5.25,19.25],"rotation":{"angle":-22.5,"axis":"x","origin":[7.5,10.0,5.5]},"faces":{"north":{"uv":[7.75,8.25,7.875,8.375],"rotation":180.0,"texture":"#0"},"east":{"uv":[8.125,7.625,7.75,8.0],"rotation":270.0,"texture":"#0"},"south":{"uv":[7.5,7.625,7.75,8.0],"texture":"#0"},"west":{"uv":[7.75,7.625,8.125,8.0],"rotation":90.0,"texture":"#0"},"up":{"uv":[7.875,8.0,8.125,8.375],"rotation":180.0,"texture":"#0"},"down":{"uv":[7.75,8.0,7.875,8.375],"texture":"#0"}}},{"from":[7.0,18.75,8.75],"to":[9.0,21.75,11.75],"rotation":{"angle":45.0,"axis":"x","origin":[7.5,10.0,5.5]},"faces":{"north":{"uv":[7.875,8.0,8.125,8.375],"texture":"#0"},"east":{"uv":[7.875,8.0,7.5,8.375],"texture":"#0"},"south":{"uv":[7.75,8.0,7.875,8.375],"texture":"#0"},"west":{"uv":[7.5,8.0,7.875,8.375],"texture":"#0"},"up":{"uv":[7.5,7.625,7.75,8.0],"texture":"#0"},"down":{"uv":[7.75,8.25,7.875,8.375],"texture":"#0"}}},{"from":[8.0,21.75,8.75],"to":[8.0,24.75,11.75],"rotation":{"angle":45.0,"axis":"x","origin":[7.5,10.0,5.5]},"faces":{"north":{"uv":[7.875,8.0,8.125,8.375],"texture":"#0"},"east":{"uv":[8.125,7.625,7.75,8.0],"texture":"#0"},"south":{"uv":[7.75,8.0,7.875,8.375],"texture":"#0"},"west":{"uv":[7.75,7.625,8.125,8.0],"texture":"#0"},"up":{"uv":[7.5,7.625,7.75,8.0],"texture":"#0"},"down":{"uv":[7.75,8.25,7.875,8.375],"texture":"#0"}}},{"from":[8.0,14.5,4.75],"to":[8.0,17.5,7.75],"rotation":{"angle":-22.5,"axis":"x","origin":[7.5,9.0,6.0]},"faces":{"north":{"uv":[7.875,8.0,8.125,8.375],"texture":"#0"},"east":{"uv":[8.125,7.625,7.75,8.0],"texture":"#0"},"south":{"uv":[7.75,8.0,7.875,8.375],"texture":"#0"},"west":{"uv":[7.75,7.625,8.125,8.0],"texture":"#0"},"up":{"uv":[7.5,7.625,7.75,8.0],"texture":"#0"},"down":{"uv":[7.75,8.25,7.875,8.375],"texture":"#0"}}},{"from":[7.0,11.5,4.75],"to":[9.0,14.5,7.75],"rotation":{"angle":-22.5,"axis":"x","origin":[7.5,9.0,6.0]},"faces":{"north":{"uv":[7.875,8.0,8.125,8.375],"texture":"#0"},"east":{"uv":[7.875,8.0,7.5,8.375],"texture":"#0"},"south":{"uv":[7.75,8.0,7.875,8.375],"texture":"#0"},"west":{"uv":[7.5,8.0,7.875,8.375],"texture":"#0"},"up":{"uv":[7.5,7.625,7.75,8.0],"texture":"#0"},"down":{"uv":[7.75,8.25,7.875,8.375],"texture":"#0"}}},{"from":[2.0,13.0,7.5],"to":[14.0,15.0,16.5],"rotation":{"angle":0.0,"axis":"x","origin":[7.5,10.0,6.0]},"faces":{"north":{"uv":[5.0,11.0,6.5,11.25],"texture":"#0","tintindex":0.0},"east":{"uv":[6.125,9.375,5.0,9.625],"texture":"#0","tintindex":0.0},"south":{"uv":[3.5,13.0,5.0,12.75],"texture":"#0","tintindex":0.0},"west":{"uv":[5.0,9.375,6.125,9.625],"texture":"#0","tintindex":0.0},"up":{"uv":[3.5,11.875,5.0,13.0],"texture":"#0","tintindex":0.0},"down":{"uv":[5.125,7.25,5.25,7.375],"texture":"#0"}}},{"from":[1.0,12.0,8.5],"to":[6.0,15.0,14.5],"rotation":{"angle":-22.5,"axis":"x","origin":[1.0,12.0,11.5]},"faces":{"north":{"uv":[4.0,10.0,4.625,10.375],"texture":"#0","tintindex":0.0},"east":{"uv":[7.0,13.0,7.75,13.375],"texture":"#0","tintindex":0.0},"south":{"uv":[4.625,10.375,4.0,10.75],"texture":"#0","tintindex":0.0},"west":{"uv":[6.125,9.375,6.875,9.75],"texture":"#0","tintindex":0.0},"up":{"uv":[3.375,10.0,4.0,10.75],"texture":"#0","tintindex":0.0},"down":{"uv":[4.625,10.25,5.25,11.0],"texture":"#0","tintindex":0.0}}},{"from":[10.0,12.0,8.5],"to":[15.0,15.0,14.5],"rotation":{"angle":-22.5,"axis":"x","origin":[15.0,12.0,11.5]},"faces":{"north":{"uv":[4.625,10.0,4.0,10.375],"texture":"#0","tintindex":0.0},"east":{"uv":[6.875,9.375,6.125,9.75],"texture":"#0","tintindex":0.0},"south":{"uv":[4.0,10.375,4.625,10.75],"texture":"#0","tintindex":0.0},"west":{"uv":[7.75,13.0,7.0,13.375],"texture":"#0","tintindex":0.0},"up":{"uv":[4.0,10.0,3.375,10.75],"texture":"#0","tintindex":0.0},"down":{"uv":[5.25,10.25,4.625,11.0],"texture":"#0","tintindex":0.0}}},{"from":[2.0,4.0,0.5],"to":[14.0,8.0,16.5],"rotation":{"angle":0.0,"axis":"x","origin":[8.5,10.0,6.0]},"faces":{"north":{"uv":[6.125,9.75,7.625,10.25],"texture":"#0"},"east":{"uv":[7.0,8.375,5.0,8.875],"texture":"#0"},"south":{"uv":[3.75,10.875,3.875,11.0],"texture":"#0"},"west":{"uv":[5.0,8.375,7.0,8.875],"texture":"#0"},"up":{"uv":[3.75,10.875,3.875,11.0],"texture":"#0"},"down":{"uv":[5.625,8.625,5.75,8.75],"texture":"#0"}}},{"from":[2.0,4.0,0.5],"to":[14.0,8.0,16.5],"rotation":{"angle":0.0,"axis":"x","origin":[8.5,10.0,6.0]},"faces":{"north":{"uv":[3.75,10.875,3.875,11.0],"texture":"#0","tintindex":0.0},"east":{"uv":[7.0,13.0,5.0,13.5],"texture":"#0","tintindex":0.0},"south":{"uv":[3.5,14.125,5.0,13.625],"texture":"#0","tintindex":0.0},"west":{"uv":[5.0,13.0,7.0,13.5],"texture":"#0","tintindex":0.0},"up":{"uv":[3.75,10.875,3.875,11.0],"texture":"#0","tintindex":0.0},"down":{"uv":[5.625,8.625,5.75,8.75],"texture":"#0","tintindex":0.0}}},{"from":[1.95,-1.05,-0.05],"to":[14.05,2.05,14.05],"rotation":{"angle":-22.5,"axis":"x","origin":[7.5,10.0,6.0]},"faces":{"north":{"uv":[3.125,9.625,4.625,10.0],"texture":"#0","tintindex":0.0},"east":{"uv":[6.75,9.0,5.0,9.375],"texture":"#0","tintindex":0.0},"south":{"uv":[5.25,10.625,6.75,11.0],"texture":"#0","tintindex":0.0},"west":{"uv":[5.0,9.0,6.75,9.375],"texture":"#0","tintindex":0.0},"up":{"uv":[5.0,13.5,6.5,15.25],"texture":"#0","tintindex":0.0},"down":{"uv":[5.0,11.25,6.5,13.0],"texture":"#0","tintindex":0.0}}},{"from":[2.0,8.0,0.5],"to":[14.0,13.0,16.5],"rotation":{"angle":0.0,"axis":"x","origin":[7.5,10.0,6.0]},"faces":{"north":{"uv":[3.75,10.875,3.875,11.0],"texture":"#0"},"east":{"uv":[3.75,10.875,3.875,11.0],"texture":"#0"},"south":{"uv":[3.75,10.875,3.875,11.0],"texture":"#0"},"west":{"uv":[3.75,10.875,3.875,11.0],"texture":"#0"},"up":{"uv":[3.75,10.875,3.875,11.0],"texture":"#0"},"down":{"uv":[6.5,12.75,8.0,11.0],"texture":"#0"}}},{"from":[1.95,-1.05,-0.05],"to":[14.05,2.05,14.05],"rotation":{"angle":-22.5,"axis":"x","origin":[7.5,10.0,6.0]},"faces":{"north":{"uv":[3.75,10.875,3.875,11.0],"texture":"#0"},"east":{"uv":[3.75,10.875,3.875,11.0],"texture":"#0"},"south":{"uv":[3.75,10.875,3.875,11.0],"texture":"#0"},"west":{"uv":[3.75,10.875,3.875,11.0],"texture":"#0"},"up":{"uv":[6.5,11.0,8.0,12.75],"texture":"#0"},"down":{"uv":[3.75,10.875,3.875,11.0],"texture":"#0"}}},{"from":[2.0,2.0,0.0],"to":[14.0,4.0,14.0],"rotation":{"angle":-22.5,"axis":"x","origin":[7.5,10.0,6.0]},"faces":{"north":{"uv":[6.875,9.5,8.375,9.75],"texture":"#0"},"east":{"uv":[7.0,10.25,5.25,10.5],"texture":"#0"},"south":{"uv":[3.75,10.875,3.875,11.0],"texture":"#0"},"west":{"uv":[5.25,10.25,7.0,10.5],"texture":"#0"},"up":{"uv":[5.625,8.625,5.75,8.75],"texture":"#0"},"down":{"uv":[3.75,10.875,3.875,11.0],"texture":"#0"}}},{"name":"cube inverted","from":[14.0,8.0,16.5],"to":[2.0,4.0,0.5],"rotation":{"angle":0.0,"axis":"x","origin":[8.5,10.0,6.0]},"faces":{"north":{"uv":[3.75,11.0,3.875,10.875],"texture":"#0"},"east":{"uv":[5.0,8.875,7.0,8.375],"texture":"#0"},"south":{"uv":[6.125,10.25,7.625,9.75],"texture":"#0"},"west":{"uv":[7.0,8.875,5.0,8.375],"texture":"#0"},"up":{"uv":[5.75,8.625,5.625,8.75],"texture":"#0"},"down":{"uv":[3.875,10.875,3.75,11.0],"texture":"#0"}}},{"name":"cube inverted","from":[14.0,4.0,14.0],"to":[2.0,2.0,0.0],"rotation":{"angle":-22.5,"axis":"x","origin":[7.5,10.0,6.0]},"faces":{"north":{"uv":[3.75,11.0,3.875,10.875],"texture":"#0"},"east":{"uv":[5.25,10.5,7.0,10.25],"texture":"#0"},"south":{"uv":[6.875,9.75,8.375,9.5],"texture":"#0"},"west":{"uv":[7.0,10.5,5.25,10.25],"texture":"#0"},"up":{"uv":[3.875,10.875,3.75,11.0],"texture":"#0"},"down":{"uv":[5.75,8.625,5.625,8.75],"texture":"#0"}}},{"name":"cube inverted","from":[14.05,2.05,14.05],"to":[1.95,-1.05,-0.05],"rotation":{"angle":-22.5,"axis":"x","origin":[7.5,10.0,6.0]},"faces":{"north":{"uv":[5.25,11.0,6.75,10.625],"texture":"#0","tintindex":0.0},"east":{"uv":[5.0,9.375,6.75,9.0],"texture":"#0","tintindex":0.0},"south":{"uv":[3.125,10.0,4.625,9.625],"texture":"#0","tintindex":0.0},"west":{"uv":[6.75,9.375,5.0,9.0],"texture":"#0","tintindex":0.0},"up":{"uv":[6.5,11.25,5.0,13.0],"texture":"#0","tintindex":0.0},"down":{"uv":[6.5,13.5,5.0,15.25],"texture":"#0","tintindex":0.0}}},{"name":"cube inverted","from":[14.0,13.0,16.5],"to":[2.0,8.0,0.5],"rotation":{"angle":0.0,"axis":"x","origin":[7.5,10.0,6.0]},"faces":{"north":{"uv":[3.5,13.0,5.0,13.625],"texture":"#0","tintindex":0.0},"east":{"uv":[5.0,8.375,7.0,7.75],"texture":"#0","tintindex":0.0},"south":{"uv":[4.625,10.25,6.125,9.625],"texture":"#0","tintindex":0.0},"west":{"uv":[7.0,8.375,5.0,7.75],"texture":"#0","tintindex":0.0},"up":{"uv":[6.5,15.5,5.0,13.5],"texture":"#0","tintindex":0.0},"down":{"uv":[5.0,11.0,3.5,13.0],"texture":"#0","tintindex":0.0}}},{"name":"cube inverted","from":[14.0,8.0,16.5],"to":[2.0,4.0,0.5],"rotation":{"angle":0.0,"axis":"x","origin":[8.5,10.0,6.0]},"faces":{"north":{"uv":[3.5,13.625,5.0,14.125],"texture":"#0","tintindex":0.0},"east":{"uv":[5.0,13.5,7.0,13.0],"texture":"#0","tintindex":0.0},"south":{"uv":[3.75,11.0,3.875,10.875],"texture":"#0","tintindex":0.0},"west":{"uv":[7.0,13.5,5.0,13.0],"texture":"#0","tintindex":0.0},"up":{"uv":[5.75,8.625,5.625,8.75],"texture":"#0","tintindex":0.0},"down":{"uv":[3.875,10.875,3.75,11.0],"texture":"#0","tintindex":0.0}}}],"gui_light":"front","display":{"thirdperson_righthand":{"rotation":[63.0,34.0,0.0],"translation":[0.0,1.0,-1.0],"scale":[0.52539,0.52539,0.52539]},"thirdperson_lefthand":{"rotation":[63.0,34.0,0.0],"translation":[0.0,1.0,-1.0],"scale":[0.52539,0.52539,0.52539]},"firstperson_righthand":{"rotation":[3.0,112.0,-13.0],"translation":[9.5,0.0,-5.75],"scale":[0.41992,0.41992,0.41992]},"firstperson_lefthand":{"rotation":[3.0,112.0,-13.0],"translation":[9.5,0.0,-5.75],"scale":[0.41992,0.41992,0.41992]},"ground":{"translation":[0.0,4.25,0.0],"scale":[0.28906,0.28906,0.28906]},"gui":{"rotation":[-144.3,-42.62,-171.26],"translation":[0.25,0.0,0.0],"scale":[0.62694,0.62694,0.62694]},"head":{"rotation":[7.75,0.0,0.0],"translation":[0.0,2.0,-3.25],"scale":[1.55117,1.55117,1.55117]},"fixed":{"translation":[0.0,-3.25,-7.5]}}}