{"textures":{"1":"mcc:island_cosmetics/general/hat/headband/alien_antennae","2":"mcc:island_cosmetics/general/accessory/ray_blaster/glow","particle":"mcc:island_cosmetics/general/hat/headband/alien_antennae"},"display":{"thirdperson_righthand":{"rotation":[64.25,0.0,0.0],"scale":[0.44336,0.44336,0.44336]},"thirdperson_lefthand":{"rotation":[64.25,0.0,0.0],"scale":[0.44336,0.44336,0.44336]},"firstperson_righthand":{"scale":[0.0,0.0,0.0]},"firstperson_lefthand":{"scale":[0.0,0.0,0.0]},"ground":{"translation":[0.0,7.75,0.0],"scale":[0.88867,0.88867,0.88867]},"gui":{"translation":[-0.25,1.0,0.0],"rotation":[-150.51,-35.52,179.83],"scale":[1.0625,1.0625,1.0625]},"head":{"translation":[0.0,10.5,-0.25],"scale":[1.69375,1.69375,1.69375]}},"credit":"Made with Blockbench","elements":[{"from":[3.7,0.45,6.7],"to":[12.3,6.05,9.3],"rotation":{"angle":0.0,"axis":"y","origin":[0.0,-25.75,0.0]},"faces":{"east":{"uv":[6.0,0.0,4.0,5.0],"texture":"#1","tintindex":0.0},"west":{"uv":[4.0,0.0,6.0,5.0],"texture":"#1","tintindex":0.0},"up":{"uv":[2.0,8.0,4.0,0.0],"rotation":90.0,"texture":"#1","tintindex":0.0}}},{"from":[11.5,10.75,7.0],"to":[13.5,12.75,9.0],"rotation":{"angle":-22.5,"axis":"z","origin":[11.5,10.75,8.0]},"faces":{"north":{"uv":[2.0,0.0,0.0,2.0],"texture":"#1","tintindex":0.0},"east":{"uv":[2.0,0.0,0.0,2.0],"texture":"#1","tintindex":0.0},"south":{"uv":[2.0,0.0,0.0,2.0],"texture":"#1","tintindex":0.0},"west":{"uv":[2.0,0.0,0.0,2.0],"texture":"#1","tintindex":0.0},"up":{"uv":[2.0,0.0,0.0,1.0],"texture":"#1","tintindex":0.0},"down":{"uv":[2.0,1.0,0.0,2.0],"texture":"#1","tintindex":0.0}}},{"from":[12.1,5.85,7.6],"to":[12.9,10.65,8.4],"rotation":{"angle":-22.5,"axis":"z","origin":[11.5,10.75,7.5]},"faces":{"north":{"uv":[1.0,2.0,0.0,7.0],"texture":"#1"},"east":{"uv":[1.0,2.0,0.0,7.0],"texture":"#1"},"south":{"uv":[1.0,2.0,0.0,7.0],"texture":"#1"},"west":{"uv":[1.0,2.0,0.0,7.0],"texture":"#1"},"up":{"uv":[1.0,2.0,0.0,3.0],"texture":"#1"},"down":{"uv":[1.0,2.0,0.0,3.0],"texture":"#1"}}},{"name":"cube inverted","from":[14.1,13.35,9.6],"to":[10.9,10.15,6.4],"rotation":{"angle":-22.5,"axis":"z","origin":[11.5,10.75,8.0]},"faces":{"north":{"uv":[0.0,1.0,0.5,1.5],"texture":"#2","tintindex":0.0},"east":{"uv":[0.0,1.0,0.5,1.5],"texture":"#2","tintindex":0.0},"south":{"uv":[0.0,1.0,0.5,1.5],"texture":"#2","tintindex":0.0},"west":{"uv":[0.0,1.0,0.5,1.5],"texture":"#2","tintindex":0.0},"up":{"uv":[0.0,1.0,0.5,1.5],"texture":"#2","tintindex":0.0},"down":{"uv":[0.0,1.0,0.5,1.5],"texture":"#2","tintindex":0.0}}},{"name":"cube inverted","from":[5.1,13.35,9.6],"to":[1.9,10.15,6.4],"rotation":{"angle":22.5,"axis":"z","origin":[4.5,10.75,8.0]},"faces":{"north":{"uv":[0.5,1.0,0.0,1.5],"texture":"#2","tintindex":0.0},"east":{"uv":[0.5,1.0,0.0,1.5],"texture":"#2","tintindex":0.0},"south":{"uv":[0.5,1.0,0.0,1.5],"texture":"#2","tintindex":0.0},"west":{"uv":[0.5,1.0,0.0,1.5],"texture":"#2","tintindex":0.0},"up":{"uv":[0.5,1.0,0.0,1.5],"texture":"#2","tintindex":0.0},"down":{"uv":[0.5,1.0,0.0,1.5],"texture":"#2","tintindex":0.0}}},{"from":[3.1,5.85,7.6],"to":[3.9,10.65,8.4],"rotation":{"angle":22.5,"axis":"z","origin":[4.5,10.75,7.5]},"faces":{"north":{"uv":[0.0,2.0,1.0,7.0],"texture":"#1"},"east":{"uv":[0.0,2.0,1.0,7.0],"texture":"#1"},"south":{"uv":[0.0,2.0,1.0,7.0],"texture":"#1"},"west":{"uv":[0.0,2.0,1.0,7.0],"texture":"#1"},"up":{"uv":[0.0,2.0,1.0,3.0],"texture":"#1"},"down":{"uv":[0.0,2.0,1.0,3.0],"texture":"#1"}}},{"from":[2.5,10.75,7.0],"to":[4.5,12.75,9.0],"rotation":{"angle":22.5,"axis":"z","origin":[4.5,10.75,8.0]},"faces":{"north":{"uv":[0.0,0.0,2.0,2.0],"texture":"#1","tintindex":0.0},"east":{"uv":[0.0,0.0,2.0,2.0],"texture":"#1","tintindex":0.0},"south":{"uv":[0.0,0.0,2.0,2.0],"texture":"#1","tintindex":0.0},"west":{"uv":[0.0,0.0,2.0,2.0],"texture":"#1","tintindex":0.0},"up":{"uv":[0.0,0.0,2.0,1.0],"texture":"#1","tintindex":0.0},"down":{"uv":[0.0,1.0,2.0,2.0],"texture":"#1","tintindex":0.0}}},{"name":"cube inverted","from":[12.3,6.05,9.3],"to":[3.7,0.45,6.7],"rotation":{"angle":0.0,"axis":"y","origin":[0.0,-25.75,0.0]},"faces":{"east":{"uv":[4.0,5.0,6.0,0.0],"texture":"#1","tintindex":0.0},"west":{"uv":[6.0,5.0,4.0,0.0],"texture":"#1","tintindex":0.0},"down":{"uv":[2.0,0.0,4.0,8.0],"rotation":90.0,"texture":"#1","tintindex":0.0}}}],"gui_light":"front","groups":[{"name":"group","origin":[0.0,10.0,0.0],"color":0.0,"nbt":"{}","armAnimationEnabled":false,"children":[0.0,1.0,2.0,3.0,4.0,5.0,6.0,7.0]}]}