{"textures":{"1":"mcc:island_cosmetics/general/hat/jester/jester","2":"mcc:island_cosmetics/general/hat/8_ball/gold_shine","particle":"mcc:island_cosmetics/general/hat/8_ball/gold_shine"},"elements":[{"from":[3.5,0.75,3.5],"to":[12.5,7.75,12.5],"rotation":{"angle":45.0,"axis":"y","origin":[8.0,3.25,8.0]},"faces":{"north":{"uv":[3.0,2.0,6.0,4.33333],"texture":"#1"},"east":{"uv":[6.0,2.0,3.0,4.33333],"texture":"#1"},"south":{"uv":[3.0,2.0,6.0,4.33333],"texture":"#1"},"west":{"uv":[6.0,2.0,3.0,4.33333],"texture":"#1"},"up":{"uv":[0.0,4.66667,3.0,7.66667],"texture":"#1"}}},{"from":[3.5,0.75,3.5],"to":[12.5,7.75,12.5],"rotation":{"angle":45.0,"axis":"y","origin":[8.0,3.25,8.0]},"faces":{"north":{"uv":[0.0,2.0,3.0,4.33333],"texture":"#1","tintindex":0},"east":{"uv":[3.0,2.0,0.0,4.33333],"texture":"#1","tintindex":0},"south":{"uv":[0.0,2.0,3.0,4.33333],"texture":"#1","tintindex":0},"west":{"uv":[3.0,2.0,0.0,4.33333],"texture":"#1","tintindex":0},"up":{"uv":[6.0,2.66667,9.0,5.66667],"texture":"#1","tintindex":0}}},{"from":[15.5,2.25,6.5],"to":[18.5,5.25,9.5],"rotation":{"angle":0.0,"axis":"y","origin":[15.7088,5.31336,8.0]},"faces":{"north":{"uv":[0.0,1.0,1.0,2.0],"texture":"#1"},"east":{"uv":[0.0,1.0,1.0,2.0],"texture":"#1"},"south":{"uv":[0.0,1.0,1.0,2.0],"texture":"#1"},"west":{"uv":[0.0,1.0,1.0,2.0],"texture":"#1"},"up":{"uv":[2.0,1.0,3.0,2.0],"texture":"#1"},"down":{"uv":[1.0,1.0,2.0,2.0],"texture":"#1"}}},{"from":[10.41761,4.7636,6.0],"to":[17.41761,7.7636,10.0],"rotation":{"angle":-22.5,"axis":"z","origin":[15.7088,5.31336,8.0]},"faces":{"north":{"uv":[3.0,0.0,5.33333,1.0],"texture":"#1"},"east":{"uv":[3.0,1.0,4.33333,2.0],"texture":"#1"},"south":{"uv":[5.33333,0.0,3.0,1.0],"texture":"#1"},"west":{"uv":[4.33333,1.0,5.66667,2.0],"texture":"#1"},"up":{"uv":[5.66667,0.0,8.0,1.33333],"texture":"#1"},"down":{"uv":[6.0,1.33333,8.33333,2.66667],"texture":"#1"}}},{"from":[-2.5,2.25,6.5],"to":[0.5,5.25,9.5],"rotation":{"angle":0.0,"axis":"y","origin":[0.2912,5.31336,8.0]},"faces":{"north":{"uv":[1.0,1.0,0.0,2.0],"texture":"#1"},"east":{"uv":[1.0,1.0,0.0,2.0],"texture":"#1"},"south":{"uv":[1.0,1.0,0.0,2.0],"texture":"#1"},"west":{"uv":[1.0,1.0,0.0,2.0],"texture":"#1"},"up":{"uv":[3.0,1.0,2.0,2.0],"texture":"#1"},"down":{"uv":[2.0,1.0,1.0,2.0],"texture":"#1"}}},{"from":[-1.41761,4.7636,6.0],"to":[5.58239,7.7636,10.0],"rotation":{"angle":22.5,"axis":"z","origin":[0.2912,5.31336,8.0]},"faces":{"north":{"uv":[5.33333,0.0,3.0,1.0],"texture":"#1"},"east":{"uv":[5.66667,1.0,4.33333,2.0],"texture":"#1"},"south":{"uv":[3.0,0.0,5.33333,1.0],"texture":"#1"},"west":{"uv":[4.33333,1.0,3.0,2.0],"texture":"#1"},"up":{"uv":[8.0,0.0,5.66667,1.33333],"texture":"#1"},"down":{"uv":[8.33333,1.33333,6.0,2.66667],"texture":"#1"}}},{"from":[6.0,7.33094,9.90693],"to":[10.0,10.33094,16.90693],"rotation":{"angle":22.5,"axis":"x","origin":[8.0,5.31336,9.0]},"faces":{"north":{"uv":[1.33333,8.66667,2.66667,9.66667],"texture":"#1","tintindex":0},"east":{"uv":[0.0,7.66667,2.33333,8.66667],"texture":"#1","tintindex":0},"south":{"uv":[0.0,8.66667,1.33333,9.66667],"texture":"#1","tintindex":0},"west":{"uv":[2.33333,7.66667,0.0,8.66667],"texture":"#1","tintindex":0},"up":{"uv":[2.66667,7.66667,5.0,9.0],"texture":"#1","tintindex":0,"rotation":90},"down":{"uv":[5.33333,7.66667,7.66667,9.0],"texture":"#1","tintindex":0,"rotation":270}}},{"from":[6.5,2.25,15.5],"to":[9.5,5.25,18.5],"rotation":{"angle":0.0,"axis":"y","origin":[8.0,5.31336,9.0]},"faces":{"north":{"uv":[0.0,1.0,1.0,2.0],"texture":"#1"},"east":{"uv":[0.0,1.0,1.0,2.0],"texture":"#1"},"south":{"uv":[0.0,1.0,1.0,2.0],"texture":"#1"},"west":{"uv":[0.0,1.0,1.0,2.0],"texture":"#1"},"up":{"uv":[2.0,1.0,3.0,2.0],"texture":"#1","rotation":90},"down":{"uv":[1.0,1.0,2.0,2.0],"texture":"#1","rotation":270}}},{"from":[6.0,7.33094,-0.90693],"to":[10.0,10.33094,6.09307],"rotation":{"angle":-22.5,"axis":"x","origin":[8.0,5.31336,7.0]},"faces":{"north":{"uv":[1.33333,8.66667,0.0,9.66667],"texture":"#1","tintindex":0},"east":{"uv":[2.33333,7.66667,0.0,8.66667],"texture":"#1","tintindex":0},"south":{"uv":[2.66667,8.66667,1.33333,9.66667],"texture":"#1","tintindex":0},"west":{"uv":[0.0,7.66667,2.33333,8.66667],"texture":"#1","tintindex":0},"up":{"uv":[5.0,7.66667,2.66667,9.0],"texture":"#1","tintindex":0,"rotation":90},"down":{"uv":[7.66667,7.66667,5.33333,9.0],"texture":"#1","tintindex":0,"rotation":270}}},{"from":[6.5,2.25,-2.5],"to":[9.5,5.25,0.5],"rotation":{"angle":0.0,"axis":"y","origin":[8.0,5.31336,7.0]},"faces":{"north":{"uv":[1.0,1.0,0.0,2.0],"texture":"#1"},"east":{"uv":[1.0,1.0,0.0,2.0],"texture":"#1"},"south":{"uv":[1.0,1.0,0.0,2.0],"texture":"#1"},"west":{"uv":[1.0,1.0,0.0,2.0],"texture":"#1"},"up":{"uv":[3.0,1.0,2.0,2.0],"texture":"#1","rotation":90},"down":{"uv":[2.0,1.0,1.0,2.0],"texture":"#1","rotation":270}}},{"from":[6.0,6.83094,9.90693],"to":[10.0,9.83094,16.90693],"rotation":{"angle":22.5,"axis":"x","origin":[8.0,4.81336,9.0]},"faces":{"north":{"uv":[1.33333,11.0,2.66667,12.0],"texture":"#1","tintindex":0},"east":{"uv":[0.0,10.0,2.33333,11.0],"texture":"#1","tintindex":0},"south":{"uv":[0.0,11.0,1.33333,12.0],"texture":"#1","tintindex":0},"west":{"uv":[2.33333,10.0,0.0,11.0],"texture":"#1","tintindex":0},"up":{"uv":[2.66667,10.0,5.0,11.33333],"texture":"#1","tintindex":0,"rotation":90},"down":{"uv":[5.33333,10.0,7.66667,11.33333],"texture":"#1","tintindex":0,"rotation":270}}},{"from":[6.5,1.75,15.5],"to":[9.5,4.75,18.5],"rotation":{"angle":0.0,"axis":"y","origin":[8.0,4.81336,9.0]},"faces":{"north":{"uv":[8.0,8.66667,9.0,9.66667],"texture":"#1"},"east":{"uv":[8.0,8.66667,9.0,9.66667],"texture":"#1"},"south":{"uv":[8.0,8.66667,9.0,9.66667],"texture":"#1"},"west":{"uv":[8.0,8.66667,9.0,9.66667],"texture":"#1"},"up":{"uv":[10.0,8.66667,11.0,9.66667],"texture":"#1","rotation":90},"down":{"uv":[9.0,8.66667,10.0,9.66667],"texture":"#1","rotation":270}}},{"from":[-1.41761,4.2636,6.0],"to":[5.58239,7.2636,10.0],"rotation":{"angle":22.5,"axis":"z","origin":[0.2912,4.81336,8.0]},"faces":{"north":{"uv":[10.33333,10.0,8.0,11.0],"texture":"#1"},"east":{"uv":[10.66667,11.0,9.33333,12.0],"texture":"#1"},"south":{"uv":[8.0,10.0,10.33333,11.0],"texture":"#1"},"west":{"uv":[9.33333,11.0,8.0,12.0],"texture":"#1"},"up":{"uv":[13.0,10.0,10.66667,11.33333],"texture":"#1"},"down":{"uv":[13.33333,11.33333,11.0,12.66667],"texture":"#1"}}},{"from":[-2.5,1.75,6.5],"to":[0.5,4.75,9.5],"rotation":{"angle":0.0,"axis":"y","origin":[0.2912,4.81336,8.0]},"faces":{"north":{"uv":[9.0,8.66667,8.0,9.66667],"texture":"#1"},"east":{"uv":[9.0,8.66667,8.0,9.66667],"texture":"#1"},"south":{"uv":[9.0,8.66667,8.0,9.66667],"texture":"#1"},"west":{"uv":[9.0,8.66667,8.0,9.66667],"texture":"#1"},"up":{"uv":[11.0,8.66667,10.0,9.66667],"texture":"#1"},"down":{"uv":[10.0,8.66667,9.0,9.66667],"texture":"#1"}}},{"from":[6.0,6.83094,-0.90693],"to":[10.0,9.83094,6.09307],"rotation":{"angle":-22.5,"axis":"x","origin":[8.0,4.81336,7.0]},"faces":{"north":{"uv":[1.33333,11.0,0.0,12.0],"texture":"#1","tintindex":0},"east":{"uv":[2.33333,10.0,0.0,11.0],"texture":"#1","tintindex":0},"south":{"uv":[2.66667,11.0,1.33333,12.0],"texture":"#1","tintindex":0},"west":{"uv":[0.0,10.0,2.33333,11.0],"texture":"#1","tintindex":0},"up":{"uv":[5.0,10.0,2.66667,11.33333],"texture":"#1","tintindex":0,"rotation":90},"down":{"uv":[7.66667,10.0,5.33333,11.33333],"texture":"#1","tintindex":0,"rotation":270}}},{"from":[10.41761,4.2636,6.0],"to":[17.41761,7.2636,10.0],"rotation":{"angle":-22.5,"axis":"z","origin":[15.7088,4.81336,8.0]},"faces":{"north":{"uv":[8.0,10.0,10.33333,11.0],"texture":"#1"},"east":{"uv":[8.0,11.0,9.33333,12.0],"texture":"#1"},"south":{"uv":[10.33333,10.0,8.0,11.0],"texture":"#1"},"west":{"uv":[9.33333,11.0,10.66667,12.0],"texture":"#1"},"up":{"uv":[10.66667,10.0,13.0,11.33333],"texture":"#1"},"down":{"uv":[11.0,11.33333,13.33333,12.66667],"texture":"#1"}}},{"from":[15.5,1.75,6.5],"to":[18.5,4.75,9.5],"rotation":{"angle":0.0,"axis":"y","origin":[15.7088,4.81336,8.0]},"faces":{"north":{"uv":[8.0,8.66667,9.0,9.66667],"texture":"#1"},"east":{"uv":[8.0,8.66667,9.0,9.66667],"texture":"#1"},"south":{"uv":[8.0,8.66667,9.0,9.66667],"texture":"#1"},"west":{"uv":[8.0,8.66667,9.0,9.66667],"texture":"#1"},"up":{"uv":[10.0,8.66667,11.0,9.66667],"texture":"#1"},"down":{"uv":[9.0,8.66667,10.0,9.66667],"texture":"#1"}}},{"from":[6.5,1.75,-2.5],"to":[9.5,4.75,0.5],"rotation":{"angle":0.0,"axis":"y","origin":[8.0,4.81336,7.0]},"faces":{"north":{"uv":[9.0,8.66667,8.0,9.66667],"texture":"#1"},"east":{"uv":[9.0,8.66667,8.0,9.66667],"texture":"#1"},"south":{"uv":[9.0,8.66667,8.0,9.66667],"texture":"#1"},"west":{"uv":[9.0,8.66667,8.0,9.66667],"texture":"#1"},"up":{"uv":[11.0,8.66667,10.0,9.66667],"texture":"#1","rotation":90},"down":{"uv":[10.0,8.66667,9.0,9.66667],"texture":"#1","rotation":270}}},{"from":[3.4,0.65,3.4],"to":[12.6,2.85,12.6],"rotation":{"angle":45.0,"axis":"y","origin":[8.0,3.25,8.0]},"faces":{"north":{"uv":[0.0,0.33333,3.0,1.0],"texture":"#1"},"east":{"uv":[0.0,0.33333,3.0,1.0],"texture":"#1"},"south":{"uv":[0.0,0.33333,3.0,1.0],"texture":"#1"},"west":{"uv":[0.0,0.33333,3.0,1.0],"texture":"#1"},"down":{"uv":[3.0,4.33333,6.0,7.33333],"texture":"#1"}}},{"from":[12.6,2.85,12.6],"to":[3.4,0.65,3.4],"rotation":{"angle":45.0,"axis":"y","origin":[8.0,3.25,8.0]},"faces":{"north":{"uv":[0.0,1.0,3.0,0.33333],"texture":"#1"},"east":{"uv":[0.0,1.0,3.0,0.33333],"texture":"#1"},"south":{"uv":[0.0,1.0,3.0,0.33333],"texture":"#1"},"west":{"uv":[0.0,1.0,3.0,0.33333],"texture":"#1"},"up":{"uv":[6.0,4.33333,3.0,7.33333],"texture":"#1"}}},{"from":[-6.0,-5.0,1.0],"to":[1.0,2.0,1.0],"rotation":{"angle":-22.5,"axis":"y","origin":[0.5,-1.5,7.0]},"faces":{"north":{"uv":[8.0,1.0,15.0,8.0],"texture":"#2"},"east":{"uv":[0.0,0.0,1.0,1.0],"texture":"#2"},"south":{"uv":[8.0,1.0,15.0,8.0],"texture":"#2"},"west":{"uv":[0.0,0.0,1.0,1.0],"texture":"#2"},"up":{"uv":[0.0,0.0,1.0,1.0],"texture":"#2"},"down":{"uv":[0.0,0.0,1.0,1.0],"texture":"#2"}}},{"from":[-3.0,8.0,7.0],"to":[4.0,15.0,7.0],"rotation":{"angle":45.0,"axis":"y","origin":[0.5,11.5,7.0]},"faces":{"north":{"uv":[0.0,1.0,7.0,8.0],"texture":"#2"},"east":{"uv":[0.0,0.0,1.0,1.0],"texture":"#2"},"south":{"uv":[0.0,1.0,7.0,8.0],"texture":"#2"},"west":{"uv":[0.0,0.0,1.0,1.0],"texture":"#2"},"up":{"uv":[0.0,0.0,1.0,1.0],"texture":"#2"},"down":{"uv":[0.0,0.0,1.0,1.0],"texture":"#2"}}},{"from":[-3.0,8.0,7.0],"to":[4.0,15.0,7.0],"rotation":{"angle":-45.0,"axis":"y","origin":[0.5,11.5,7.0]},"faces":{"north":{"uv":[0.0,1.0,7.0,8.0],"texture":"#2"},"east":{"uv":[0.0,0.0,1.0,1.0],"texture":"#2"},"south":{"uv":[0.0,1.0,7.0,8.0],"texture":"#2"},"west":{"uv":[0.0,0.0,1.0,1.0],"texture":"#2"},"up":{"uv":[0.0,0.0,1.0,1.0],"texture":"#2"},"down":{"uv":[0.0,0.0,1.0,1.0],"texture":"#2"}}},{"from":[-2.5,-5.0,-2.5],"to":[-2.5,2.0,4.5],"rotation":{"angle":-22.5,"axis":"y","origin":[0.5,-1.5,7.0]},"faces":{"north":{"uv":[0.0,0.0,1.0,1.0],"texture":"#2"},"east":{"uv":[8.0,1.0,15.0,8.0],"texture":"#2"},"south":{"uv":[0.0,0.0,1.0,1.0],"texture":"#2"},"west":{"uv":[8.0,1.0,15.0,8.0],"texture":"#2"},"up":{"uv":[0.0,0.0,1.0,1.0],"texture":"#2","rotation":270},"down":{"uv":[0.0,0.0,1.0,1.0],"texture":"#2","rotation":90}}},{"from":[14.0,-2.0,7.75],"to":[21.0,5.0,7.75],"rotation":{"angle":0.0,"axis":"y","origin":[15.5,3.5,7.0]},"faces":{"north":{"uv":[8.0,9.0,15.0,16.0],"texture":"#2"},"east":{"uv":[0.0,0.0,1.0,1.0],"texture":"#2"},"south":{"uv":[8.0,9.0,15.0,16.0],"texture":"#2"},"west":{"uv":[0.0,0.0,1.0,1.0],"texture":"#2"},"up":{"uv":[0.0,0.0,1.0,1.0],"texture":"#2"},"down":{"uv":[0.0,0.0,1.0,1.0],"texture":"#2"}}},{"from":[17.34776,-2.0,4.26537],"to":[17.34776,5.0,11.26537],"rotation":{"angle":0.0,"axis":"y","origin":[17.34776,3.5,7.76537]},"faces":{"north":{"uv":[0.0,0.0,1.0,1.0],"texture":"#2"},"east":{"uv":[8.0,9.0,15.0,16.0],"texture":"#2"},"south":{"uv":[0.0,0.0,1.0,1.0],"texture":"#2"},"west":{"uv":[8.0,9.0,15.0,16.0],"texture":"#2"},"up":{"uv":[0.0,0.0,1.0,1.0],"texture":"#2","rotation":90},"down":{"uv":[0.0,0.0,1.0,1.0],"texture":"#2","rotation":270}}},{"from":[8.4797,4.0,17.6704],"to":[15.4797,11.0,17.6704],"rotation":{"angle":22.5,"axis":"y","origin":[10.9797,4.5,15.6704]},"faces":{"north":{"uv":[8.0,1.0,15.0,8.0],"texture":"#2"},"east":{"uv":[0.0,0.0,1.0,1.0],"texture":"#2"},"south":{"uv":[8.0,1.0,15.0,8.0],"texture":"#2"},"west":{"uv":[0.0,0.0,1.0,1.0],"texture":"#2"},"up":{"uv":[0.0,0.0,1.0,1.0],"texture":"#2"},"down":{"uv":[0.0,0.0,1.0,1.0],"texture":"#2"}}},{"from":[11.9797,4.0,14.1704],"to":[11.9797,11.0,21.1704],"rotation":{"angle":22.5,"axis":"y","origin":[10.9797,4.5,15.6704]},"faces":{"north":{"uv":[0.0,0.0,1.0,1.0],"texture":"#2"},"east":{"uv":[8.0,1.0,15.0,8.0],"texture":"#2"},"south":{"uv":[0.0,0.0,1.0,1.0],"texture":"#2"},"west":{"uv":[8.0,1.0,15.0,8.0],"texture":"#2"},"up":{"uv":[0.0,0.0,1.0,1.0],"texture":"#2","rotation":90},"down":{"uv":[0.0,0.0,1.0,1.0],"texture":"#2","rotation":270}}}],"display":{"thirdperson_righthand":{"translation":[0.0,1.0,-1.0],"rotation":[63.0,34.0,0.0],"scale":[0.52539,0.52539,0.52539]},"thirdperson_lefthand":{"translation":[0.0,1.0,-1.0],"rotation":[63.0,34.0,0.0],"scale":[0.52539,0.52539,0.52539]},"firstperson_righthand":{"translation":[9.5,0.0,-5.75],"rotation":[3.0,112.0,-13.0],"scale":[0.41992,0.41992,0.41992]},"firstperson_lefthand":{"translation":[9.5,0.0,-5.75],"rotation":[3.0,112.0,-13.0],"scale":[0.41992,0.41992,0.41992]},"ground":{"translation":[0.0,4.25,0.0],"scale":[0.28906,0.28906,0.28906]},"gui":{"translation":[0.0,2.0,0.0],"rotation":[-136.8,-86.84,-173.78],"scale":[0.71093,0.71093,0.71093]},"head":{"translation":[0.0,13.25,0.0],"rotation":[0.0,45.0,0.0],"scale":[1.64102,1.64102,1.64102]},"fixed":{"translation":[0.0,-3.25,-7.5]}},"credit":"Made with Blockbench","gui_light":"front"}