{"textures":{"1":"mcc:island_cosmetics/general/hat/winged_helmet/variant_winged_helmet","2":"mcc:island_cosmetics/general/accessory/mjolnir/mjolnir_thunder_lightning","3":"mcc:island_cosmetics/general/hat/winged_helmet/winged_helmet_thunder","particle":"mcc:island_cosmetics/general/accessory/mjolnir/mjolnir_thunder_lightning"},"elements":[{"from":[2.99,2.99,2.99],"to":[13.01,11.01,13.01],"rotation":{"angle":0.0,"axis":"y","origin":[8.0,9.5,8.0]},"faces":{"north":{"uv":[6.75,2.75,5.5,3.75],"texture":"#1"},"east":{"uv":[5.5,1.75,6.75,2.75],"texture":"#1"},"south":{"uv":[5.5,0.75,6.75,1.75],"texture":"#1"},"west":{"uv":[6.75,1.75,5.5,2.75],"texture":"#1"},"up":{"uv":[4.25,0.125,5.5,1.375],"texture":"#1"}}},{"from":[13.5,11.5,13.5],"to":[2.5,6.5,2.5],"rotation":{"angle":0.0,"axis":"y","origin":[18.5,9.5,18.5]},"faces":{"north":{"uv":[3.0,1.25,3.25,1.5],"texture":"#3"},"east":{"uv":[3.0,1.25,3.25,1.5],"texture":"#3"},"south":{"uv":[3.0,1.25,3.25,1.5],"texture":"#3"},"west":{"uv":[3.0,1.25,3.25,1.5],"texture":"#3"},"down":{"uv":[3.0,1.25,3.25,1.5],"texture":"#3"}}},{"from":[13.5,6.5,13.5],"to":[2.5,2.5,6.5],"rotation":{"angle":0.0,"axis":"y","origin":[18.5,9.5,18.5]},"faces":{"north":{"uv":[3.0,1.25,3.25,1.5],"texture":"#3"},"east":{"uv":[3.0,1.25,3.25,1.5],"texture":"#3"},"west":{"uv":[3.0,1.25,3.25,1.5],"texture":"#3"},"down":{"uv":[2.75,1.25,3.0,1.5],"texture":"#3"}}},{"from":[3.0,0.97136,4.80135],"to":[4.0,3.97136,13.80135],"rotation":{"angle":-22.5,"axis":"x","origin":[3.5,-0.02864,8.30135]},"faces":{"north":{"uv":[5.375,1.375,5.5,1.75],"texture":"#1"},"east":{"uv":[4.375,1.375,5.5,1.75],"texture":"#1"},"south":{"uv":[4.375,1.375,4.5,1.75],"texture":"#1"},"west":{"uv":[5.5,1.375,4.375,1.75],"texture":"#1"},"up":{"uv":[5.5,1.375,4.375,1.5],"texture":"#1","rotation":90},"down":{"uv":[4.375,1.75,5.5,1.625],"texture":"#1","rotation":90}}},{"from":[4.5,4.47136,14.30135],"to":[2.5,0.47136,4.30135],"rotation":{"angle":-22.5,"axis":"x","origin":[3.5,-0.02864,8.30135]},"faces":{"east":{"uv":[3.0,1.25,3.25,1.5],"texture":"#3"},"south":{"uv":[3.0,1.25,3.25,1.5],"texture":"#3"},"west":{"uv":[3.0,1.25,3.25,1.5],"texture":"#3"},"up":{"uv":[3.0,1.25,3.25,1.5],"texture":"#3"},"down":{"uv":[3.0,1.25,3.25,1.5],"texture":"#3"}}},{"from":[13.5,4.47136,14.30135],"to":[11.5,0.47136,4.30135],"rotation":{"angle":-22.5,"axis":"x","origin":[12.5,-0.02864,8.30135]},"faces":{"east":{"uv":[3.0,1.25,3.25,1.5],"texture":"#3"},"south":{"uv":[3.0,1.25,3.25,1.5],"texture":"#3"},"west":{"uv":[3.0,1.25,3.25,1.5],"texture":"#3"},"up":{"uv":[3.0,1.25,3.25,1.5],"texture":"#3"},"down":{"uv":[3.0,1.25,3.25,1.5],"texture":"#3"}}},{"from":[12.0,0.97136,4.80135],"to":[13.0,3.97136,13.80135],"rotation":{"angle":-22.5,"axis":"x","origin":[12.5,-0.02864,8.30135]},"faces":{"north":{"uv":[5.5,1.375,5.375,1.75],"texture":"#1"},"east":{"uv":[4.375,1.375,5.5,1.75],"texture":"#1"},"south":{"uv":[4.5,1.375,4.375,1.75],"texture":"#1"},"west":{"uv":[5.5,1.375,4.375,1.75],"texture":"#1"},"up":{"uv":[5.5,1.5,4.375,1.375],"texture":"#1","rotation":90},"down":{"uv":[4.375,1.625,5.5,1.75],"texture":"#1","rotation":90}}},{"from":[13.75,3.98528,5.44975],"to":[13.75,14.98528,19.44975],"rotation":{"angle":-22.5,"axis":"x","origin":[8.0,9.48528,12.44975]},"faces":{"north":{"uv":[3.375,0.0,3.375,0.0],"texture":"#1"},"east":{"uv":[3.625,3.5,5.375,4.875],"texture":"#1"},"south":{"uv":[3.375,0.0,3.375,0.0],"texture":"#1"},"west":{"uv":[5.375,3.5,3.625,4.875],"texture":"#1"},"up":{"uv":[3.375,0.0,3.375,0.0],"texture":"#1"},"down":{"uv":[3.375,0.0,3.375,0.0],"texture":"#1"}}},{"from":[2.25,3.98528,5.44975],"to":[2.25,14.98528,19.44975],"rotation":{"angle":-22.5,"axis":"x","origin":[8.0,9.48528,12.44975]},"faces":{"north":{"uv":[3.375,0.0,3.375,0.0],"texture":"#1"},"east":{"uv":[3.625,3.5,5.375,4.875],"texture":"#1"},"south":{"uv":[3.375,0.0,3.375,0.0],"texture":"#1"},"west":{"uv":[5.375,3.5,3.625,4.875],"texture":"#1"},"up":{"uv":[3.375,0.0,3.375,0.0],"texture":"#1"},"down":{"uv":[3.375,0.0,3.375,0.0],"texture":"#1"}}},{"from":[7.0,2.5,12.5],"to":[9.0,10.5,13.5],"rotation":{"angle":0.0,"axis":"y","origin":[8.0,9.5,8.0]},"faces":{"north":{"uv":[5.25,1.875,5.0,2.875],"texture":"#1"},"east":{"uv":[5.25,1.875,5.0,2.875],"texture":"#1"},"south":{"uv":[5.25,1.875,5.0,2.875],"texture":"#1"},"west":{"uv":[5.25,1.875,5.0,2.875],"texture":"#1"},"down":{"uv":[5.125,2.75,5.25,2.875],"texture":"#1"}}},{"from":[7.0,4.5,2.5],"to":[9.0,10.5,3.5],"rotation":{"angle":0.0,"axis":"y","origin":[8.0,9.5,8.0]},"faces":{"north":{"uv":[5.375,1.875,5.5,2.625],"texture":"#1"},"east":{"uv":[5.375,1.875,5.5,2.625],"texture":"#1"},"south":{"uv":[5.5,1.875,5.25,2.625],"texture":"#1"},"west":{"uv":[5.375,1.875,5.5,2.625],"texture":"#1"},"down":{"uv":[5.25,2.5,5.375,2.625],"texture":"#1"}}},{"from":[7.0,10.5,2.5],"to":[9.0,11.5,13.5],"rotation":{"angle":0.0,"axis":"y","origin":[8.0,9.5,8.0]},"faces":{"north":{"uv":[5.0,1.875,4.75,2.0],"texture":"#1"},"east":{"uv":[4.875,2.0,4.75,3.375],"texture":"#1","rotation":90},"south":{"uv":[5.0,1.875,4.75,2.0],"texture":"#1"},"west":{"uv":[4.875,3.375,5.0,2.0],"texture":"#1","rotation":90},"up":{"uv":[5.0,2.0,4.75,3.375],"texture":"#1"}}},{"from":[12.0,0.97136,4.80135],"to":[13.0,3.97136,13.80135],"rotation":{"angle":-22.5,"axis":"x","origin":[12.5,-0.02864,8.30135]},"faces":{"east":{"uv":[1.75,2.5,4.0,3.25],"texture":"#3"},"west":{"uv":[4.0,2.5,1.75,3.25],"texture":"#3"},"down":{"uv":[1.75,3.25,4.0,3.0],"texture":"#3","rotation":90}}},{"from":[2.99,2.99,2.99],"to":[13.01,11.01,13.01],"rotation":{"angle":0.0,"axis":"y","origin":[8.0,9.5,8.0]},"faces":{"north":{"uv":[6.5,5.25,4.0,7.25],"texture":"#3"},"east":{"uv":[4.0,3.25,6.5,5.25],"texture":"#3"},"south":{"uv":[4.0,1.25,6.5,3.25],"texture":"#3"},"west":{"uv":[6.5,3.25,4.0,5.25],"texture":"#3"},"up":{"uv":[1.5,0.0,4.0,2.5],"texture":"#3"}}},{"from":[3.0,0.97136,4.80135],"to":[4.0,3.97136,13.80135],"rotation":{"angle":-22.5,"axis":"x","origin":[3.5,-0.02864,8.30135]},"faces":{"east":{"uv":[1.75,2.5,4.0,3.25],"texture":"#3"},"west":{"uv":[4.0,2.5,1.75,3.25],"texture":"#3"},"down":{"uv":[1.75,3.25,4.0,3.0],"texture":"#3","rotation":90}}},{"from":[13.75,3.98528,5.44975],"to":[13.75,14.98528,19.44975],"rotation":{"angle":-22.5,"axis":"x","origin":[8.0,9.48528,12.44975]},"faces":{"north":{"uv":[3.375,0.0,3.375,0.0],"texture":"#1"},"east":{"uv":[0.25,6.75,3.75,9.5],"texture":"#3"},"south":{"uv":[3.375,0.0,3.375,0.0],"texture":"#1"},"west":{"uv":[3.75,6.75,0.25,9.5],"texture":"#3"},"up":{"uv":[3.375,0.0,3.375,0.0],"texture":"#1"},"down":{"uv":[3.375,0.0,3.375,0.0],"texture":"#1"}}},{"from":[2.25,3.98528,5.44975],"to":[2.25,14.98528,19.44975],"rotation":{"angle":-22.5,"axis":"x","origin":[8.0,9.48528,12.44975]},"faces":{"north":{"uv":[3.375,0.0,3.375,0.0],"texture":"#1"},"east":{"uv":[0.25,6.75,3.75,9.5],"texture":"#3"},"south":{"uv":[3.375,0.0,3.375,0.0],"texture":"#1"},"west":{"uv":[3.75,6.75,0.25,9.5],"texture":"#3"},"up":{"uv":[3.375,0.0,3.375,0.0],"texture":"#1"},"down":{"uv":[3.375,0.0,3.375,0.0],"texture":"#1"}}},{"from":[13.01,11.01,13.01],"to":[2.99,2.99,2.99],"rotation":{"angle":0.0,"axis":"y","origin":[8.0,9.5,8.0]},"faces":{"north":{"uv":[5.5,1.75,6.75,0.75],"texture":"#1"},"east":{"uv":[6.75,2.75,5.5,1.75],"texture":"#1"},"south":{"uv":[6.75,3.75,5.5,2.75],"texture":"#1"},"west":{"uv":[5.5,2.75,6.75,1.75],"texture":"#1"},"down":{"uv":[5.5,0.125,4.25,1.375],"texture":"#1"}}},{"from":[12.5,-1.75,8.5],"to":[19.5,14.25,8.5],"rotation":{"angle":0.0,"axis":"y","origin":[8.0,-0.5,8.0]},"faces":{"north":{"uv":[2.0,4.0,5.5,12.0],"texture":"#2"},"south":{"uv":[5.5,4.0,2.0,12.0],"texture":"#2"}}},{"from":[-2.5,-0.75,8.5],"to":[3.5,15.25,8.5],"rotation":{"angle":0.0,"axis":"y","origin":[8.0,-0.5,8.0]},"faces":{"north":{"uv":[11.0,12.0,14.0,4.0],"texture":"#2"},"south":{"uv":[14.0,12.0,11.0,4.0],"texture":"#2"}}}],"display":{"thirdperson_righthand":{"translation":[0.0,1.0,-1.0],"rotation":[63.0,34.0,0.0],"scale":[0.37891,0.37891,0.37891]},"thirdperson_lefthand":{"translation":[0.0,1.0,-1.0],"rotation":[63.0,34.0,0.0],"scale":[0.37891,0.37891,0.37891]},"firstperson_righthand":{"translation":[9.5,0.0,-5.75],"rotation":[3.0,112.0,-13.0],"scale":[0.35547,0.35547,0.35547]},"firstperson_lefthand":{"translation":[9.5,0.0,-5.75],"rotation":[3.0,112.0,-13.0],"scale":[0.35547,0.35547,0.35547]},"ground":{"translation":[0.0,4.25,0.0],"scale":[0.28906,0.28906,0.28906]},"gui":{"translation":[0.5,-0.75,0.0],"rotation":[-149.61,-31.92,-180.0],"scale":[0.65429,0.65429,0.65429]},"head":{"translation":[0.0,4.0,0.0],"scale":[1.60977,1.60977,1.60977]},"fixed":{"translation":[0.0,-3.25,-7.5]}},"credit":"Made with Blockbench","gui_light":"front"}