{"textures":{"0":"mcc:island_cosmetics/general/hat/skull_crown/skull_crown_crystal","1":"mcc:island_cosmetics/general/hat/skull_crown/skull_crystal_shine","particle":"mcc:island_cosmetics/general/hat/skull_crown/skull_crown_crystal"},"elements":[{"from":[2.8,-0.25,3.32],"to":[13.2,8.03,12.68],"rotation":{"angle":0.0,"axis":"y","origin":[8.0,-25.0,0.2]},"faces":{"north":{"uv":[0.0,1.0,3.33333,3.66667],"texture":"#0","tintindex":0},"east":{"uv":[0.0,3.66667,3.0,6.33333],"texture":"#0","tintindex":0},"south":{"uv":[0.0,7.0,3.33333,9.66667],"texture":"#0","tintindex":0},"west":{"uv":[3.0,3.66667,0.0,6.33333],"texture":"#0","tintindex":0},"up":{"uv":[3.33333,0.0,6.66667,3.0],"texture":"#0","tintindex":0},"down":{"uv":[3.33333,3.33333,6.66667,6.33333],"texture":"#0","tintindex":0}}},{"from":[3.84,-2.33,3.32],"to":[12.16,-0.25,5.4],"rotation":{"angle":0.0,"axis":"y","origin":[8.0,-25.0,0.2]},"faces":{"north":{"uv":[0.0,0.0,2.66667,0.66667],"texture":"#0","tintindex":0},"east":{"uv":[0.0,0.0,0.33333,0.66667],"texture":"#0","tintindex":0},"south":{"uv":[0.0,0.0,2.66667,0.66667],"texture":"#0","tintindex":0},"west":{"uv":[0.0,0.0,0.33333,0.66667],"texture":"#0","tintindex":0},"down":{"uv":[0.0,6.66667,2.66667,7.0],"texture":"#0","tintindex":0}}},{"from":[13.075,5.03,3.57],"to":[2.925,0.75,3.32],"rotation":{"angle":0.0,"axis":"y","origin":[9.875,-26.0,-0.41]},"faces":{"north":{"uv":[3.33333,6.33333,6.66667,7.66667],"texture":"#0"},"east":{"uv":[3.33333,6.33333,3.66667,7.66667],"texture":"#0"},"west":{"uv":[3.33333,6.33333,3.66667,7.66667],"texture":"#0"},"up":{"uv":[3.33333,7.33333,3.66667,7.66667],"texture":"#0"},"down":{"uv":[3.33333,7.33333,3.66667,7.66667],"texture":"#0"}}},{"from":[13.075,5.03,3.57],"to":[2.925,0.75,3.32],"rotation":{"angle":0.0,"axis":"y","origin":[9.875,-26.0,-0.41]},"faces":{"north":{"uv":[3.33333,8.0,6.66667,9.33333],"texture":"#0"},"east":{"uv":[6.33333,8.0,6.66667,9.33333],"texture":"#0"},"south":{"uv":[6.33333,8.0,6.66667,9.33333],"texture":"#0"},"west":{"uv":[6.33333,8.0,6.66667,9.33333],"texture":"#0"},"up":{"uv":[6.33333,8.0,6.66667,9.33333],"texture":"#0"},"down":{"uv":[6.33333,8.0,6.66667,9.33333],"texture":"#0"}}},{"from":[1.73,0.76,5.72],"to":[14.27,8.74,10.28],"rotation":{"angle":0.0,"axis":"y","origin":[-0.55,-29.165,-1.12]},"faces":{"north":{"uv":[8.66667,1.66667,12.33333,4.0],"texture":"#0"},"east":{"uv":[7.0,0.0,8.33333,2.33333],"texture":"#0"},"south":{"uv":[8.66667,1.66667,12.33333,4.0],"texture":"#0"},"west":{"uv":[7.0,0.0,8.33333,2.33333],"texture":"#0"},"up":{"uv":[7.0,2.66667,8.33333,6.33333],"texture":"#0","rotation":90},"down":{"uv":[8.66667,0.0,12.33333,1.33333],"texture":"#0"}}},{"from":[6.5,8.75,8.0],"to":[9.5,16.75,8.0],"rotation":{"angle":22.5,"axis":"z","origin":[8.0,3.75,7.5]},"faces":{"north":{"uv":[10.33333,4.33333,11.33333,7.0],"texture":"#0"},"east":{"uv":[9.66667,4.33333,10.0,7.0],"texture":"#0"},"south":{"uv":[10.33333,4.33333,11.33333,7.0],"texture":"#0"},"west":{"uv":[9.66667,4.33333,10.0,7.0],"texture":"#0"},"up":{"uv":[9.0,4.33333,9.33333,4.66667],"texture":"#0"},"down":{"uv":[9.0,6.66667,9.33333,7.0],"texture":"#0"}}},{"from":[6.5,8.75,8.0],"to":[9.5,16.75,8.0],"rotation":{"angle":-22.5,"axis":"z","origin":[8.0,3.75,7.5]},"faces":{"north":{"uv":[10.33333,4.33333,11.33333,7.0],"texture":"#0"},"east":{"uv":[9.66667,4.33333,10.0,7.0],"texture":"#0"},"south":{"uv":[10.33333,4.33333,11.33333,7.0],"texture":"#0"},"west":{"uv":[9.66667,4.33333,10.0,7.0],"texture":"#0"},"up":{"uv":[9.0,4.33333,9.33333,4.66667],"texture":"#0"},"down":{"uv":[9.0,6.66667,9.33333,7.0],"texture":"#0"}}},{"from":[13.0,2.25,8.0],"to":[21.0,5.25,8.0],"rotation":{"angle":22.5,"axis":"z","origin":[8.0,3.75,7.5]},"faces":{"north":{"uv":[10.33333,4.33333,11.33333,7.0],"texture":"#0","rotation":270},"east":{"uv":[9.0,4.33333,9.33333,4.66667],"texture":"#0","rotation":90},"south":{"uv":[10.33333,4.33333,11.33333,7.0],"texture":"#0","rotation":90},"west":{"uv":[9.0,6.66667,9.33333,7.0],"texture":"#0","rotation":90},"up":{"uv":[9.66667,4.33333,10.0,7.0],"texture":"#0","rotation":90},"down":{"uv":[9.66667,4.33333,10.0,7.0],"texture":"#0","rotation":90}}},{"from":[-5.0,2.25,8.0],"to":[3.0,5.25,8.0],"rotation":{"angle":-22.5,"axis":"z","origin":[8.0,3.75,7.5]},"faces":{"north":{"uv":[10.33333,4.33333,11.33333,7.0],"texture":"#0","rotation":90},"east":{"uv":[9.0,6.66667,9.33333,7.0],"texture":"#0","rotation":270},"south":{"uv":[10.33333,4.33333,11.33333,7.0],"texture":"#0","rotation":270},"west":{"uv":[9.0,4.33333,9.33333,4.66667],"texture":"#0","rotation":270},"up":{"uv":[9.66667,4.33333,10.0,7.0],"texture":"#0","rotation":270},"down":{"uv":[9.66667,4.33333,10.0,7.0],"texture":"#0","rotation":270}}},{"from":[2.6,-0.45,3.12],"to":[13.4,8.23,12.88],"rotation":{"angle":0.0,"axis":"y","origin":[8.0,-25.0,0.2]},"faces":{"north":{"uv":[0.0,10.0,3.33333,12.66667],"texture":"#0"}}},{"from":[7.0,8.75,7.5],"to":[9.0,16.75,8.5],"rotation":{"angle":0.0,"axis":"y","origin":[7.5,3.75,8.0]},"faces":{"north":{"uv":[8.66667,4.33333,9.0,7.0],"texture":"#0"},"east":{"uv":[8.66667,4.33333,9.0,7.0],"texture":"#0"},"south":{"uv":[8.66667,4.33333,9.0,7.0],"texture":"#0"},"west":{"uv":[8.66667,4.33333,9.0,4.66667],"texture":"#0"},"up":{"uv":[8.66667,4.33333,9.66667,4.66667],"texture":"#0"},"down":{"uv":[9.0,6.66667,9.33333,7.0],"texture":"#0"}}},{"from":[7.0,8.75,7.5],"to":[9.0,16.75,8.5],"rotation":{"angle":-45.0,"axis":"z","origin":[7.5,3.75,8.0]},"faces":{"north":{"uv":[8.66667,4.33333,9.0,7.0],"texture":"#0"},"east":{"uv":[8.66667,4.33333,9.0,7.0],"texture":"#0"},"south":{"uv":[8.66667,4.33333,9.0,7.0],"texture":"#0"},"west":{"uv":[8.66667,4.33333,9.0,7.0],"texture":"#0"},"up":{"uv":[8.66667,4.33333,9.0,4.66667],"texture":"#0"},"down":{"uv":[9.0,6.66667,9.33333,7.0],"texture":"#0"}}},{"from":[7.0,8.75,7.5],"to":[9.0,16.75,8.5],"rotation":{"angle":45.0,"axis":"z","origin":[7.5,3.75,8.0]},"faces":{"north":{"uv":[8.66667,4.33333,9.0,7.0],"texture":"#0"},"east":{"uv":[8.66667,4.33333,9.0,7.0],"texture":"#0"},"south":{"uv":[8.66667,4.33333,9.0,7.0],"texture":"#0"},"west":{"uv":[8.66667,4.33333,9.0,4.66667],"texture":"#0"},"up":{"uv":[8.66667,4.33333,9.66667,4.66667],"texture":"#0"},"down":{"uv":[9.0,6.66667,9.33333,7.0],"texture":"#0"}}},{"from":[12.5,2.75,7.5],"to":[20.5,4.75,8.5],"rotation":{"angle":0.0,"axis":"y","origin":[7.5,3.75,8.0]},"faces":{"north":{"uv":[8.66667,4.33333,9.0,7.0],"texture":"#0","rotation":270},"east":{"uv":[8.66667,4.33333,9.66667,4.66667],"texture":"#0","rotation":90},"south":{"uv":[8.66667,4.33333,9.0,7.0],"texture":"#0","rotation":90},"west":{"uv":[8.66667,4.33333,9.0,4.66667],"texture":"#0"},"up":{"uv":[8.66667,4.33333,9.0,7.0],"texture":"#0","rotation":90},"down":{"uv":[8.66667,4.33333,9.0,7.0],"texture":"#0","rotation":90}}},{"from":[-4.5,2.75,7.5],"to":[3.5,4.75,8.5],"rotation":{"angle":0.0,"axis":"y","origin":[8.5,3.75,8.0]},"faces":{"north":{"uv":[8.66667,7.0,9.0,4.33333],"texture":"#0","rotation":270},"east":{"uv":[9.0,7.0,9.33333,6.66667],"texture":"#0","rotation":90},"south":{"uv":[8.66667,7.0,9.0,4.33333],"texture":"#0","rotation":90},"west":{"uv":[8.66667,4.33333,9.0,4.66667],"texture":"#0"},"up":{"uv":[8.66667,7.0,9.0,4.33333],"texture":"#0","rotation":90},"down":{"uv":[8.66667,7.0,9.0,4.33333],"texture":"#0","rotation":90}}},{"from":[11.54955,6.04191,10.5],"to":[19.54955,13.04191,10.5],"rotation":{"angle":45.0,"axis":"z","origin":[15.54955,9.04191,10.5]},"faces":{"north":{"uv":[8.66667,10.33333,11.0,7.66667],"texture":"#0","rotation":270},"east":{"uv":[9.0,4.33333,9.33333,4.66667],"texture":"#0","rotation":90},"south":{"uv":[8.66667,7.66667,11.0,10.33333],"texture":"#0","rotation":270},"west":{"uv":[9.0,6.66667,9.33333,7.0],"texture":"#0","rotation":90},"up":{"uv":[9.66667,4.33333,10.0,7.0],"texture":"#0","rotation":90},"down":{"uv":[9.66667,4.33333,10.0,7.0],"texture":"#0","rotation":90}}},{"from":[-3.54955,6.04191,10.5],"to":[4.45045,13.04191,10.5],"rotation":{"angle":-45.0,"axis":"z","origin":[0.45045,9.04191,10.5]},"faces":{"north":{"uv":[8.66667,7.66667,11.0,10.33333],"texture":"#0","rotation":270},"east":{"uv":[9.0,7.0,9.33333,6.66667],"texture":"#0","rotation":90},"south":{"uv":[8.66667,10.33333,11.0,7.66667],"texture":"#0","rotation":270},"west":{"uv":[9.0,4.66667,9.33333,4.33333],"texture":"#0","rotation":90},"up":{"uv":[9.66667,7.0,10.0,4.33333],"texture":"#0","rotation":90},"down":{"uv":[9.66667,7.0,10.0,4.33333],"texture":"#0","rotation":90}}},{"from":[4.5,8.04191,9.5],"to":[11.5,16.04191,9.5],"rotation":{"angle":0.0,"axis":"y","origin":[8.0,4.04191,9.5]},"faces":{"north":{"uv":[8.66667,7.66667,11.0,10.33333],"texture":"#0","rotation":180},"east":{"uv":[9.66667,7.0,10.0,4.33333],"texture":"#0","rotation":180},"south":{"uv":[8.66667,10.33333,11.0,7.66667],"texture":"#0"},"west":{"uv":[9.66667,7.0,10.0,4.33333],"texture":"#0","rotation":180},"up":{"uv":[9.0,4.66667,9.33333,4.33333],"texture":"#0","rotation":180},"down":{"uv":[9.0,7.0,9.33333,6.66667],"texture":"#0","rotation":180}}},{"from":[12.0,0.54191,9.5],"to":[20.0,7.54191,9.5],"rotation":{"angle":-22.5,"axis":"z","origin":[8.0,4.04191,9.5]},"faces":{"north":{"uv":[8.66667,7.66667,11.0,10.33333],"texture":"#0","rotation":90},"east":{"uv":[9.0,4.66667,9.33333,4.33333],"texture":"#0","rotation":270},"south":{"uv":[8.66667,10.33333,11.0,7.66667],"texture":"#0","rotation":90},"west":{"uv":[9.0,7.0,9.33333,6.66667],"texture":"#0","rotation":270},"up":{"uv":[9.66667,7.0,10.0,4.33333],"texture":"#0","rotation":270},"down":{"uv":[9.66667,7.0,10.0,4.33333],"texture":"#0","rotation":270}}},{"from":[-4.0,0.54191,9.5],"to":[4.0,7.54191,9.5],"rotation":{"angle":22.5,"axis":"z","origin":[8.0,4.04191,9.5]},"faces":{"north":{"uv":[8.66667,10.33333,11.0,7.66667],"texture":"#0","rotation":90},"east":{"uv":[9.0,6.66667,9.33333,7.0],"texture":"#0","rotation":270},"south":{"uv":[8.66667,7.66667,11.0,10.33333],"texture":"#0","rotation":90},"west":{"uv":[9.0,4.33333,9.33333,4.66667],"texture":"#0","rotation":270},"up":{"uv":[9.66667,4.33333,10.0,7.0],"texture":"#0","rotation":270},"down":{"uv":[9.66667,4.33333,10.0,7.0],"texture":"#0","rotation":270}}},{"from":[12.65638,-0.173,3.34128],"to":[18.87938,6.05,3.34128],"rotation":{"angle":0.0,"axis":"y","origin":[13.98988,4.7165,5.67453]},"faces":{"north":{"uv":[8.0,9.0,15.0,16.0],"texture":"#1"},"east":{"uv":[0.0,0.0,1.0,1.0],"texture":"#1"},"south":{"uv":[8.0,9.0,15.0,16.0],"texture":"#1"},"west":{"uv":[0.0,0.0,1.0,1.0],"texture":"#1"},"up":{"uv":[0.0,0.0,1.0,1.0],"texture":"#1"},"down":{"uv":[0.0,0.0,1.0,1.0],"texture":"#1"}}},{"from":[15.63254,-0.173,0.24344],"to":[15.63254,6.05,6.46644],"rotation":{"angle":0.0,"axis":"y","origin":[15.63254,4.7165,6.35494]},"faces":{"north":{"uv":[0.0,0.0,1.0,1.0],"texture":"#1"},"east":{"uv":[8.0,9.0,15.0,16.0],"texture":"#1"},"south":{"uv":[0.0,0.0,1.0,1.0],"texture":"#1"},"west":{"uv":[8.0,9.0,15.0,16.0],"texture":"#1"},"up":{"uv":[0.0,0.0,1.0,1.0],"texture":"#1","rotation":90},"down":{"uv":[0.0,0.0,1.0,1.0],"texture":"#1","rotation":270}}},{"from":[-2.01212,-2.84,-2.77097],"to":[-2.01212,3.383,3.45203],"rotation":{"angle":-22.5,"axis":"y","origin":[0.65488,0.2715,5.67453]},"faces":{"north":{"uv":[0.0,0.0,1.0,1.0],"texture":"#1"},"east":{"uv":[8.0,1.0,15.0,8.0],"texture":"#1"},"south":{"uv":[0.0,0.0,1.0,1.0],"texture":"#1"},"west":{"uv":[8.0,1.0,15.0,8.0],"texture":"#1"},"up":{"uv":[0.0,0.0,1.0,1.0],"texture":"#1","rotation":270},"down":{"uv":[0.0,0.0,1.0,1.0],"texture":"#1","rotation":90}}},{"from":[-5.12362,-2.84,0.34053],"to":[1.09938,3.383,0.34053],"rotation":{"angle":-22.5,"axis":"y","origin":[0.65488,0.2715,5.67453]},"faces":{"north":{"uv":[8.0,1.0,15.0,8.0],"texture":"#1"},"east":{"uv":[0.0,0.0,1.0,1.0],"texture":"#1"},"south":{"uv":[8.0,1.0,15.0,8.0],"texture":"#1"},"west":{"uv":[0.0,0.0,1.0,1.0],"texture":"#1"},"up":{"uv":[0.0,0.0,1.0,1.0],"texture":"#1"},"down":{"uv":[0.0,0.0,1.0,1.0],"texture":"#1"}}},{"from":[7.74883,5.161,15.16051],"to":[13.97183,11.384,15.16051],"rotation":{"angle":22.5,"axis":"y","origin":[9.97133,5.6055,13.38251]},"faces":{"north":{"uv":[8.0,1.0,15.0,8.0],"texture":"#1"},"east":{"uv":[0.0,0.0,1.0,1.0],"texture":"#1"},"south":{"uv":[8.0,1.0,15.0,8.0],"texture":"#1"},"west":{"uv":[0.0,0.0,1.0,1.0],"texture":"#1"},"up":{"uv":[0.0,0.0,1.0,1.0],"texture":"#1"},"down":{"uv":[0.0,0.0,1.0,1.0],"texture":"#1"}}},{"from":[10.86033,5.161,12.04901],"to":[10.86033,11.384,18.27201],"rotation":{"angle":22.5,"axis":"y","origin":[9.97133,5.6055,13.38251]},"faces":{"north":{"uv":[0.0,0.0,1.0,1.0],"texture":"#1"},"east":{"uv":[8.0,1.0,15.0,8.0],"texture":"#1"},"south":{"uv":[0.0,0.0,1.0,1.0],"texture":"#1"},"west":{"uv":[8.0,1.0,15.0,8.0],"texture":"#1"},"up":{"uv":[0.0,0.0,1.0,1.0],"texture":"#1","rotation":90},"down":{"uv":[0.0,0.0,1.0,1.0],"texture":"#1","rotation":270}}},{"from":[-2.45662,8.717,5.67453],"to":[3.76638,14.94,5.67453],"rotation":{"angle":-45.0,"axis":"y","origin":[0.65488,11.8285,5.67453]},"faces":{"north":{"uv":[0.0,1.0,7.0,8.0],"texture":"#1"},"east":{"uv":[0.0,0.0,1.0,1.0],"texture":"#1"},"south":{"uv":[0.0,1.0,7.0,8.0],"texture":"#1"},"west":{"uv":[0.0,0.0,1.0,1.0],"texture":"#1"},"up":{"uv":[0.0,0.0,1.0,1.0],"texture":"#1"},"down":{"uv":[0.0,0.0,1.0,1.0],"texture":"#1"}}},{"from":[-2.45662,8.717,5.67453],"to":[3.76638,14.94,5.67453],"rotation":{"angle":45.0,"axis":"y","origin":[0.65488,11.8285,5.67453]},"faces":{"north":{"uv":[0.0,1.0,7.0,8.0],"texture":"#1"},"east":{"uv":[0.0,0.0,1.0,1.0],"texture":"#1"},"south":{"uv":[0.0,1.0,7.0,8.0],"texture":"#1"},"west":{"uv":[0.0,0.0,1.0,1.0],"texture":"#1"},"up":{"uv":[0.0,0.0,1.0,1.0],"texture":"#1"},"down":{"uv":[0.0,0.0,1.0,1.0],"texture":"#1"}}}],"display":{"gui":{"translation":[0.25,1.5,0.0],"rotation":[-149.61,-31.92,-180.0],"scale":[0.67969,0.67969,0.67969]},"head":{"translation":[0.0,8.5,0.0],"scale":[1.62148,1.62148,1.62148]}},"credit":"Made with Blockbench","gui_light":"front"}