{"textures":{"1":"mcc:island_cosmetics/general/hat/disguise/disguise"},"display":{"thirdperson_righthand":{"translation":[0.0,1.0,0.75],"rotation":[55.5,34.0,0.0],"scale":[0.52539,0.52539,0.52539]},"thirdperson_lefthand":{"translation":[0.0,1.0,0.75],"rotation":[55.5,34.0,0.0],"scale":[0.52539,0.52539,0.52539]},"firstperson_righthand":{"translation":[9.5,0.0,-5.75],"rotation":[21.0,114.5,-13.75],"scale":[0.41992,0.41992,0.41992]},"firstperson_lefthand":{"translation":[9.5,0.0,-5.75],"rotation":[21.0,114.5,-13.75],"scale":[0.41992,0.41992,0.41992]},"gui":{"translation":[-1.0,5.25,0.0],"rotation":[-149.61,-31.92,-180.0],"scale":[1.10936,1.10936,1.10936]},"head":{"translation":[0.0,3.5,0.25],"scale":[1.6,1.6,1.6]}},"credit":"Made with Blockbench","elements":[{"from":[2.8,3.8,2.8],"to":[13.2,9.2,10.2],"rotation":{"angle":0.0,"axis":"x","origin":[8.2,9.0,9.2]},"faces":{"north":{"uv":[0.0,0.0,10.0,5.0],"texture":"#1"},"east":{"uv":[9.0,7.0,16.0,12.0],"texture":"#1"},"west":{"uv":[16.0,7.0,9.0,12.0],"texture":"#1"}}},{"from":[5.9,1.4,1.4],"to":[10.1,4.6,3.6],"rotation":{"angle":0.0,"axis":"x","origin":[8.0,3.0,2.0]},"faces":{"north":{"uv":[0.0,6.0,4.0,9.0],"texture":"#1"},"east":{"uv":[0.0,9.0,2.0,12.0],"texture":"#1"},"south":{"uv":[2.0,9.0,6.0,12.0],"texture":"#1"},"west":{"uv":[2.0,9.0,0.0,12.0],"texture":"#1"},"up":{"uv":[0.0,6.0,4.0,8.0],"texture":"#1"},"down":{"uv":[2.0,10.0,6.0,12.0],"texture":"#1"}}},{"from":[2.0,0.25,3.0],"to":[14.0,4.25,3.0],"rotation":{"angle":0.0,"axis":"x","origin":[8.0,2.25,3.25]},"faces":{"north":{"uv":[0.0,12.0,12.0,16.0],"texture":"#1"},"east":{"uv":[1.25,13.25,1.5,13.625],"texture":"#missing"},"south":{"uv":[0.0,12.0,12.0,16.0],"texture":"#1"},"west":{"uv":[1.5,13.25,1.25,13.625],"texture":"#missing"},"up":{"uv":[0.0,4.625,1.25,5.875],"texture":"#missing"},"down":{"uv":[0.0,6.25,1.25,7.5],"texture":"#missing"}}},{"name":"cube inverted","from":[13.2,9.2,10.2],"to":[2.8,3.8,2.8],"rotation":{"angle":0.0,"axis":"x","origin":[8.2,9.0,9.2]},"faces":{"east":{"uv":[16.0,12.0,9.0,7.0],"texture":"#1"},"south":{"uv":[0.0,5.0,10.0,0.0],"texture":"#1"},"west":{"uv":[9.0,12.0,16.0,7.0],"texture":"#1"}}}],"gui_light":"front"}