{"textures":{"0":"mcc:island_cosmetics/general/hat/krate/atomic_menace","2":"mcc:island_cosmetics/general/hat/krate/atomic_menace_anim","3":"mcc:island_cosmetics/general/hat/rocky_rocket/smoke_nuclear","4":"mcc:island_cosmetics/general/accessory/box_o_explosives/nuclear_sign","particle":"mcc:island_cosmetics/general/hat/rocky_rocket/smoke_nuclear"},"elements":[{"from":[3.0,1.5,3.0],"to":[13.0,11.5,13.0],"rotation":{"angle":0.0,"axis":"y","origin":[0.0,-21.0,1.0]},"faces":{"north":{"uv":[11.0,0.0,16.0,5.0],"texture":"#2"},"east":{"uv":[4.0,0.0,7.33333,3.33333],"texture":"#0"},"south":{"uv":[4.0,0.0,7.33333,3.33333],"texture":"#0"},"west":{"uv":[4.0,0.0,7.33333,3.33333],"texture":"#0"},"up":{"uv":[7.33333,7.33333,10.66667,10.66667],"texture":"#0"},"down":{"uv":[4.0,0.0,7.33333,3.33333],"texture":"#0"}}},{"from":[2.4,0.9,2.4],"to":[13.6,12.1,13.6],"rotation":{"angle":0.0,"axis":"y","origin":[0.0,-21.0,1.0]},"faces":{"north":{"uv":[10.66667,8.66667,15.0,13.0],"texture":"#0"},"east":{"uv":[10.66667,8.66667,15.0,13.0],"texture":"#0"},"south":{"uv":[10.66667,8.66667,15.0,13.0],"texture":"#0"},"west":{"uv":[10.66667,8.66667,15.0,13.0],"texture":"#0"},"up":{"uv":[10.66667,4.33333,15.0,8.66667],"texture":"#0"},"down":{"uv":[10.66667,0.0,15.0,4.33333],"texture":"#0"}}},{"from":[2.1,0.1,1.6],"to":[13.9,4.9,10.4],"rotation":{"angle":0.0,"axis":"y","origin":[8.0,2.0,6.75]},"faces":{"north":{"uv":[0.0,1.0,5.5,3.0],"texture":"#2","tintindex":0},"east":{"uv":[0.0,3.0,4.0,5.0],"texture":"#2","tintindex":0},"west":{"uv":[4.0,3.0,0.0,5.0],"texture":"#2","tintindex":0},"down":{"uv":[5.5,1.0,11.0,5.0],"texture":"#2","tintindex":0}}},{"from":[2.1,0.6,1.6],"to":[13.9,5.4,10.4],"rotation":{"angle":-22.5,"axis":"x","origin":[-8.0,2.5,6.0]},"faces":{"north":{"uv":[10.5,8.0,16.0,10.0],"texture":"#2","tintindex":0},"east":{"uv":[10.5,10.0,14.5,12.0],"texture":"#2","tintindex":0},"west":{"uv":[14.5,10.0,10.5,12.0],"texture":"#2","tintindex":0},"down":{"uv":[5.0,12.0,10.5,16.0],"texture":"#2","tintindex":0}}},{"from":[1.65,-5.4,1.1],"to":[14.4,-0.4,1.1],"rotation":{"angle":0.0,"axis":"x","origin":[9.3,-3.0,5.5]},"faces":{"north":{"uv":[6.125,5.5,12.5,8.0],"texture":"#2"},"east":{"uv":[10.5,10.0,14.5,12.0],"texture":"#2"},"south":{"uv":[12.5,5.5,6.125,8.0],"texture":"#2"},"west":{"uv":[14.5,10.0,10.5,12.0],"texture":"#2"},"down":{"uv":[5.0,12.0,10.5,16.0],"texture":"#2"}}},{"from":[1.6,-5.3197,-0.00999],"to":[14.35,-0.3197,-0.00999],"rotation":{"angle":-22.5,"axis":"x","origin":[9.25,5.0803,4.39001]},"faces":{"north":{"uv":[0.125,10.0,6.5,12.5],"texture":"#2"},"east":{"uv":[10.5,10.0,14.5,12.0],"texture":"#2"},"south":{"uv":[6.5,10.0,0.125,12.5],"texture":"#2"},"west":{"uv":[14.5,10.0,10.5,12.0],"texture":"#2"},"down":{"uv":[5.0,12.0,10.5,16.0],"texture":"#2"}}},{"from":[13.9,5.4,10.4],"to":[2.1,0.6,1.6],"rotation":{"angle":-22.5,"axis":"x","origin":[-8.0,2.5,6.0]},"faces":{"east":{"uv":[14.5,12.0,10.5,10.0],"texture":"#2","tintindex":0},"south":{"uv":[10.5,10.0,16.0,8.0],"texture":"#2","tintindex":0},"west":{"uv":[10.5,12.0,14.5,10.0],"texture":"#2","tintindex":0},"up":{"uv":[16.0,12.0,10.5,16.0],"texture":"#2","tintindex":0}}},{"from":[13.9,4.9,10.4],"to":[2.1,0.1,1.6],"rotation":{"angle":0.0,"axis":"y","origin":[8.0,2.0,6.75]},"faces":{"east":{"uv":[4.0,5.0,0.0,3.0],"texture":"#2","tintindex":0},"south":{"uv":[0.0,3.0,5.5,1.0],"texture":"#2","tintindex":0},"west":{"uv":[0.0,5.0,4.0,3.0],"texture":"#2","tintindex":0},"up":{"uv":[5.5,5.0,0.0,9.0],"texture":"#2","tintindex":0}}},{"from":[13.6,12.1,13.6],"to":[2.4,0.9,2.4],"rotation":{"angle":0.0,"axis":"y","origin":[0.0,-21.0,1.0]},"faces":{"north":{"uv":[10.66667,13.0,15.0,8.66667],"texture":"#0"},"east":{"uv":[10.66667,13.0,15.0,8.66667],"texture":"#0"},"south":{"uv":[10.66667,13.0,15.0,8.66667],"texture":"#0"},"west":{"uv":[10.66667,13.0,15.0,8.66667],"texture":"#0"},"up":{"uv":[15.0,0.0,10.66667,4.33333],"texture":"#0"},"down":{"uv":[15.0,4.33333,10.66667,8.66667],"texture":"#0"}}},{"from":[14.1,12.6,14.1],"to":[1.9,0.4,1.9],"rotation":{"angle":0.0,"axis":"y","origin":[0.0,-21.0,1.0]},"faces":{"north":{"uv":[15.33333,13.0,16.0,13.66667],"texture":"#0"},"east":{"uv":[15.33333,13.0,16.0,13.66667],"texture":"#0"},"south":{"uv":[15.33333,13.0,16.0,13.66667],"texture":"#0"},"west":{"uv":[15.33333,13.0,16.0,13.66667],"texture":"#0"},"up":{"uv":[15.33333,13.0,16.0,13.66667],"texture":"#0"},"down":{"uv":[15.33333,13.0,16.0,13.66667],"texture":"#0"}}},{"from":[14.4,4.4,7.9],"to":[1.6,-0.4,1.1],"rotation":{"angle":0.0,"axis":"y","origin":[8.0,2.0,6.75]},"faces":{"north":{"uv":[15.0,5.5,16.0,6.5],"texture":"#2"},"east":{"uv":[15.0,5.5,16.0,6.5],"texture":"#2"},"south":{"uv":[15.0,5.5,16.0,6.5],"texture":"#2"},"west":{"uv":[15.0,5.5,16.0,6.5],"texture":"#2"},"up":{"uv":[15.0,5.5,16.0,6.5],"texture":"#2"},"down":{"uv":[15.0,5.5,16.0,6.5],"texture":"#2"}}},{"from":[14.4,4.47926,7.78478],"to":[1.6,-0.32074,0.98478],"rotation":{"angle":-22.5,"axis":"x","origin":[7.5,2.57926,4.88478]},"faces":{"east":{"uv":[13.5,5.5,14.5,6.5],"texture":"#2"},"south":{"uv":[13.5,5.5,14.5,6.5],"texture":"#2"},"west":{"uv":[13.5,5.5,14.5,6.5],"texture":"#2"},"up":{"uv":[13.5,5.5,14.5,6.5],"texture":"#2"}}},{"from":[10.24601,9.913,4.59245],"to":[11.59121,14.8834,5.93765],"rotation":{"angle":0.0,"axis":"x","origin":[9.91861,12.6832,5.26505]},"faces":{"north":{"uv":[15.66667,14.0,16.0,15.33333],"texture":"#0"},"east":{"uv":[15.66667,14.0,16.0,15.33333],"texture":"#0"},"south":{"uv":[15.66667,14.0,16.0,15.33333],"texture":"#0"},"west":{"uv":[15.66667,14.0,16.0,15.33333],"texture":"#0"},"up":{"uv":[15.66667,14.0,16.0,14.33333],"texture":"#0"},"down":{"uv":[15.66667,14.66667,16.0,15.0],"texture":"#0"}}},{"from":[12.16121,15.4534,6.50765],"to":[9.67601,10.483,4.02245],"rotation":{"angle":0.0,"axis":"x","origin":[9.91861,12.6832,5.26505]},"faces":{"north":{"uv":[14.66667,15.33333,15.33333,14.0],"texture":"#0"},"east":{"uv":[14.66667,15.33333,15.33333,14.0],"texture":"#0"},"south":{"uv":[14.66667,15.33333,15.33333,14.0],"texture":"#0"},"west":{"uv":[14.66667,15.33333,15.33333,14.0],"texture":"#0"},"up":{"uv":[14.66667,14.0,15.33333,15.33333],"texture":"#0"},"down":{"uv":[14.66667,15.33333,15.33333,16.0],"texture":"#0"}}},{"from":[5.24601,10.913,9.59245],"to":[6.59121,15.8834,10.93765],"rotation":{"angle":22.5,"axis":"z","origin":[9.91861,12.6832,5.26505]},"faces":{"north":{"uv":[15.66667,14.0,16.0,15.33333],"texture":"#0"},"east":{"uv":[15.66667,14.0,16.0,15.33333],"texture":"#0"},"south":{"uv":[15.66667,14.0,16.0,15.33333],"texture":"#0"},"west":{"uv":[15.66667,14.0,16.0,15.33333],"texture":"#0"},"up":{"uv":[15.66667,14.0,16.0,14.33333],"texture":"#0"},"down":{"uv":[15.66667,14.66667,16.0,15.0],"texture":"#0"}}},{"from":[7.16121,16.4534,11.50765],"to":[4.67601,11.483,9.02245],"rotation":{"angle":22.5,"axis":"z","origin":[9.91861,12.6832,5.26505]},"faces":{"north":{"uv":[14.66667,15.33333,15.33333,14.0],"texture":"#0"},"east":{"uv":[14.66667,15.33333,15.33333,14.0],"texture":"#0"},"south":{"uv":[14.66667,15.33333,15.33333,14.0],"texture":"#0"},"west":{"uv":[14.66667,15.33333,15.33333,14.0],"texture":"#0"},"up":{"uv":[14.66667,14.0,15.33333,15.33333],"texture":"#0"},"down":{"uv":[14.66667,15.33333,15.33333,16.0],"texture":"#0"}}},{"from":[5.16781,8.30615,5.06235],"to":[6.51301,13.27655,6.40755],"rotation":{"angle":0.0,"axis":"z","origin":[5.84041,12.07635,5.73495]},"faces":{"north":{"uv":[16.0,14.0,15.66667,15.33333],"texture":"#0"},"east":{"uv":[16.0,14.0,15.66667,15.33333],"texture":"#0"},"south":{"uv":[16.0,14.0,15.66667,15.33333],"texture":"#0"},"west":{"uv":[16.0,14.0,15.66667,15.33333],"texture":"#0"},"up":{"uv":[15.66667,14.33333,16.0,14.0],"texture":"#0"},"down":{"uv":[15.66667,15.0,16.0,14.66667],"texture":"#0"}}},{"from":[7.08301,13.84655,6.97755],"to":[4.59781,8.87615,4.49235],"rotation":{"angle":0.0,"axis":"z","origin":[5.84041,12.07635,5.73495]},"faces":{"north":{"uv":[15.33333,15.33333,14.66667,14.0],"texture":"#0"},"east":{"uv":[15.33333,15.33333,14.66667,14.0],"texture":"#0"},"south":{"uv":[15.33333,15.33333,14.66667,14.0],"texture":"#0"},"west":{"uv":[15.33333,15.33333,14.66667,14.0],"texture":"#0"},"up":{"uv":[14.66667,15.33333,15.33333,14.0],"texture":"#0"},"down":{"uv":[14.66667,16.0,15.33333,15.33333],"texture":"#0"}}},{"from":[7.16781,7.55615,7.06235],"to":[8.51301,12.52655,8.40755],"rotation":{"angle":0.0,"axis":"z","origin":[5.84041,12.07635,5.73495]},"faces":{"north":{"uv":[16.0,14.0,15.66667,15.33333],"texture":"#0"},"east":{"uv":[16.0,14.0,15.66667,15.33333],"texture":"#0"},"south":{"uv":[16.0,14.0,15.66667,15.33333],"texture":"#0"},"west":{"uv":[16.0,14.0,15.66667,15.33333],"texture":"#0"},"up":{"uv":[15.66667,14.33333,16.0,14.0],"texture":"#0"},"down":{"uv":[15.66667,15.0,16.0,14.66667],"texture":"#0"}}},{"from":[9.08301,13.09655,8.97755],"to":[6.59781,8.12615,6.49235],"rotation":{"angle":0.0,"axis":"z","origin":[5.84041,12.07635,5.73495]},"faces":{"north":{"uv":[15.33333,15.33333,14.66667,14.0],"texture":"#0"},"east":{"uv":[15.33333,15.33333,14.66667,14.0],"texture":"#0"},"south":{"uv":[15.33333,15.33333,14.66667,14.0],"texture":"#0"},"west":{"uv":[15.33333,15.33333,14.66667,14.0],"texture":"#0"},"up":{"uv":[14.66667,15.33333,15.33333,14.0],"texture":"#0"},"down":{"uv":[14.66667,16.0,15.33333,15.33333],"texture":"#0"}}},{"from":[10.16781,9.30615,10.06235],"to":[11.51301,14.27655,11.40755],"rotation":{"angle":0.0,"axis":"z","origin":[5.84041,12.07635,5.73495]},"faces":{"north":{"uv":[16.0,14.0,15.66667,15.33333],"texture":"#0"},"east":{"uv":[16.0,14.0,15.66667,15.33333],"texture":"#0"},"south":{"uv":[16.0,14.0,15.66667,15.33333],"texture":"#0"},"west":{"uv":[16.0,14.0,15.66667,15.33333],"texture":"#0"},"up":{"uv":[15.66667,14.33333,16.0,14.0],"texture":"#0"},"down":{"uv":[15.66667,15.0,16.0,14.66667],"texture":"#0"}}},{"from":[12.08301,14.84655,11.97755],"to":[9.59781,9.87615,9.49235],"rotation":{"angle":0.0,"axis":"z","origin":[5.84041,12.07635,5.73495]},"faces":{"north":{"uv":[15.33333,15.33333,14.66667,14.0],"texture":"#0"},"east":{"uv":[15.33333,15.33333,14.66667,14.0],"texture":"#0"},"south":{"uv":[15.33333,15.33333,14.66667,14.0],"texture":"#0"},"west":{"uv":[15.33333,15.33333,14.66667,14.0],"texture":"#0"},"up":{"uv":[14.66667,15.33333,15.33333,14.0],"texture":"#0"},"down":{"uv":[14.66667,16.0,15.33333,15.33333],"texture":"#0"}}},{"from":[3.50861,10.4125,8.09324],"to":[12.50861,26.4125,8.09324],"rotation":{"angle":0.0,"axis":"y","origin":[7.00861,30.4125,8.09324]},"faces":{"north":{"uv":[0.0,3.0,16.0,12.0],"texture":"#3","rotation":270},"east":{"uv":[7.0,2.0,8.0,3.0],"texture":"#3","rotation":90},"south":{"uv":[16.0,3.0,0.0,12.0],"texture":"#3","rotation":90},"west":{"uv":[0.0,0.0,0.0,0.0],"texture":"#3","rotation":90},"up":{"uv":[7.0,0.0,8.0,2.0],"texture":"#3","rotation":90},"down":{"uv":[7.0,0.0,8.0,2.0],"texture":"#3","rotation":90}}},{"from":[4.0,2.5,16.0],"to":[12.0,10.5,16.0],"rotation":{"angle":0.0,"axis":"y","origin":[8.0,6.5,16.0]},"faces":{"north":{"uv":[0.0,0.0,3.33333,3.33333],"texture":"#4"},"east":{"uv":[0.0,0.0,0.5,0.5],"texture":"#4"},"south":{"uv":[0.0,0.0,3.33333,3.33333],"texture":"#4"},"west":{"uv":[0.0,0.0,0.5,0.5],"texture":"#4"},"up":{"uv":[0.0,0.0,0.5,0.5],"texture":"#4","rotation":90},"down":{"uv":[0.0,0.0,0.5,0.5],"texture":"#4","rotation":270}}},{"from":[3.0,1.5,16.0],"to":[13.0,11.5,16.0],"rotation":{"angle":0.0,"axis":"y","origin":[8.0,6.5,16.0]},"faces":{"north":{"uv":[7.66667,0.0,11.0,3.33333],"texture":"#4"},"east":{"uv":[0.0,0.0,0.5,0.5],"texture":"#4"},"south":{"uv":[7.66667,0.0,11.0,3.33333],"texture":"#4"},"west":{"uv":[0.0,0.0,0.5,0.5],"texture":"#4"},"up":{"uv":[0.0,0.0,0.5,0.5],"texture":"#4","rotation":90},"down":{"uv":[0.0,0.0,0.5,0.5],"texture":"#4","rotation":270}}},{"from":[2.0,0.5,16.0],"to":[14.0,12.5,16.0],"rotation":{"angle":0.0,"axis":"y","origin":[8.0,6.5,16.0]},"faces":{"north":{"uv":[7.33333,3.66667,11.0,7.33333],"texture":"#4"},"east":{"uv":[0.0,0.0,0.5,0.5],"texture":"#4"},"south":{"uv":[7.33333,3.66667,11.0,7.33333],"texture":"#4"},"west":{"uv":[0.0,0.0,0.5,0.5],"texture":"#4"},"up":{"uv":[0.0,0.0,0.5,0.5],"texture":"#4","rotation":90},"down":{"uv":[0.0,0.0,0.5,0.5],"texture":"#4","rotation":270}}},{"from":[4.0,2.5,16.0],"to":[12.0,10.5,16.0],"rotation":{"angle":45.0,"axis":"z","origin":[8.0,6.5,16.0]},"faces":{"north":{"uv":[3.66667,0.0,7.0,3.33333],"texture":"#4"},"east":{"uv":[0.0,0.0,0.5,0.5],"texture":"#4"},"south":{"uv":[3.66667,0.0,7.0,3.33333],"texture":"#4"},"west":{"uv":[0.0,0.0,0.5,0.5],"texture":"#4"},"up":{"uv":[0.0,0.0,0.5,0.5],"texture":"#4","rotation":90},"down":{"uv":[0.0,0.0,0.5,0.5],"texture":"#4","rotation":270}}},{"from":[4.0,2.5,16.0],"to":[12.0,10.5,16.0],"rotation":{"angle":0.0,"axis":"y","origin":[8.0,6.5,16.0]},"faces":{"north":{"uv":[0.0,3.66667,3.33333,7.0],"texture":"#4","rotation":90},"east":{"uv":[0.0,0.0,0.5,0.5],"texture":"#4","rotation":180},"south":{"uv":[0.0,3.66667,3.33333,7.0],"texture":"#4","rotation":270},"west":{"uv":[0.0,0.0,0.5,0.5],"texture":"#4"},"up":{"uv":[0.0,0.0,0.5,0.5],"texture":"#4","rotation":270},"down":{"uv":[0.0,0.0,0.5,0.5],"texture":"#4","rotation":270}}},{"from":[4.0,2.5,16.0],"to":[12.0,10.5,16.0],"rotation":{"angle":0.0,"axis":"y","origin":[8.0,6.5,16.0]},"faces":{"north":{"uv":[0.0,7.33333,3.33333,10.66667],"texture":"#4","rotation":180},"east":{"uv":[0.0,0.0,0.5,0.5],"texture":"#4","rotation":180},"south":{"uv":[0.0,7.33333,3.33333,10.66667],"texture":"#4","rotation":180},"west":{"uv":[0.0,0.0,0.5,0.5],"texture":"#4","rotation":180},"up":{"uv":[0.0,0.0,0.5,0.5],"texture":"#4","rotation":90},"down":{"uv":[0.0,0.0,0.5,0.5],"texture":"#4","rotation":270}}},{"from":[4.0,2.5,16.0],"to":[12.0,10.5,16.0],"rotation":{"angle":45.0,"axis":"z","origin":[8.0,6.5,16.0]},"faces":{"north":{"uv":[3.66667,3.66667,7.0,7.0],"texture":"#4","rotation":90},"east":{"uv":[0.0,0.0,0.5,0.5],"texture":"#4","rotation":180},"south":{"uv":[3.66667,3.66667,7.0,7.0],"texture":"#4","rotation":270},"west":{"uv":[0.0,0.0,0.5,0.5],"texture":"#4"},"up":{"uv":[0.0,0.0,0.5,0.5],"texture":"#4","rotation":270},"down":{"uv":[0.0,0.0,0.5,0.5],"texture":"#4","rotation":270}}},{"from":[4.0,2.5,16.0],"to":[12.0,10.5,16.0],"rotation":{"angle":45.0,"axis":"z","origin":[8.0,6.5,16.0]},"faces":{"north":{"uv":[3.66667,7.33333,7.0,10.66667],"texture":"#4","rotation":180},"east":{"uv":[0.0,0.0,0.5,0.5],"texture":"#4","rotation":180},"south":{"uv":[3.66667,7.33333,7.0,10.66667],"texture":"#4","rotation":180},"west":{"uv":[0.0,0.0,0.5,0.5],"texture":"#4","rotation":180},"up":{"uv":[0.0,0.0,0.5,0.5],"texture":"#4","rotation":90},"down":{"uv":[0.0,0.0,0.5,0.5],"texture":"#4","rotation":270}}},{"from":[4.0,2.5,16.0],"to":[12.0,10.5,16.0],"rotation":{"angle":0.0,"axis":"y","origin":[8.0,6.5,16.0]},"faces":{"north":{"uv":[0.0,11.0,3.33333,14.33333],"texture":"#4","rotation":270},"east":{"uv":[0.0,0.0,0.5,0.5],"texture":"#4","rotation":180},"south":{"uv":[0.0,11.0,3.33333,14.33333],"texture":"#4","rotation":90},"west":{"uv":[0.0,0.0,0.5,0.5],"texture":"#4"},"up":{"uv":[0.0,0.0,0.5,0.5],"texture":"#4","rotation":90},"down":{"uv":[0.0,0.0,0.5,0.5],"texture":"#4","rotation":90}}},{"from":[4.0,2.5,16.0],"to":[12.0,10.5,16.0],"rotation":{"angle":-45.0,"axis":"z","origin":[8.0,6.5,16.0]},"faces":{"north":{"uv":[3.66667,11.0,7.0,14.33333],"texture":"#4"},"east":{"uv":[0.0,0.0,0.5,0.5],"texture":"#4"},"south":{"uv":[3.66667,11.0,7.0,14.33333],"texture":"#4"},"west":{"uv":[0.0,0.0,0.5,0.5],"texture":"#4"},"up":{"uv":[0.0,0.0,0.5,0.5],"texture":"#4","rotation":90},"down":{"uv":[0.0,0.0,0.5,0.5],"texture":"#4","rotation":270}}}],"display":{"thirdperson_righthand":{"translation":[0.0,1.0,0.75],"rotation":[55.5,34.0,0.0],"scale":[0.52539,0.52539,0.52539]},"thirdperson_lefthand":{"translation":[0.0,1.0,0.75],"rotation":[55.5,34.0,0.0],"scale":[0.52539,0.52539,0.52539]},"firstperson_righthand":{"translation":[9.5,0.0,-5.75],"rotation":[21.0,114.5,-13.75],"scale":[0.41992,0.41992,0.41992]},"firstperson_lefthand":{"translation":[9.5,0.0,-5.75],"rotation":[21.0,114.5,-13.75],"scale":[0.41992,0.41992,0.41992]},"gui":{"translation":[-1.0,0.25,0.0],"rotation":[-154.61,-31.92,-180.0],"scale":[0.73046,0.73046,0.73046]},"head":{"translation":[0.0,3.25,-0.5],"scale":[1.61172,1.61172,1.61172]}},"credit":"Made with Blockbench","gui_light":"front"}