{"textures":{"1":"mcc:island_cosmetics/general/hat/3d_glasses/3d_glasses"},"display":{"thirdperson_righthand":{"translation":[0.0,1.0,-1.0],"rotation":[63.0,34.0,0.0],"scale":[0.52539,0.52539,0.52539]},"thirdperson_lefthand":{"translation":[0.0,1.0,-1.0],"rotation":[63.0,34.0,0.0],"scale":[0.52539,0.52539,0.52539]},"firstperson_righthand":{"translation":[9.5,0.0,-5.75],"rotation":[3.0,112.0,-13.0],"scale":[0.41992,0.41992,0.41992]},"firstperson_lefthand":{"translation":[9.5,0.0,-5.75],"rotation":[3.0,112.0,-13.0],"scale":[0.41992,0.41992,0.41992]},"ground":{"translation":[0.0,4.25,0.0],"scale":[0.28906,0.28906,0.28906]},"gui":{"translation":[-0.75,4.5,0.0],"rotation":[-151.36,-31.92,-180.0],"scale":[1.12304,1.12304,1.12304]},"head":{"translation":[0.0,3.75,-1.0],"rotation":[-3.75,0.0,0.0],"scale":[1.6625,1.6625,1.6625]},"fixed":{"translation":[0.0,-3.25,-7.5]}},"credit":"Made with Blockbench","elements":[{"from":[3.5,2.0,3.5],"to":[12.5,7.0,12.5],"rotation":{"angle":0.0,"axis":"y","origin":[0.5,0.0,-0.5]},"faces":{"east":{"uv":[1.0,8.0,10.0,13.0],"texture":"#1"},"west":{"uv":[10.0,8.0,1.0,13.0],"texture":"#1"}}},{"from":[2.5,3.0,3.5],"to":[13.5,8.0,3.5],"rotation":{"angle":0.0,"axis":"y","origin":[-0.5,0.0,-0.5]},"faces":{"north":{"uv":[1.0,0.0,12.0,5.0],"texture":"#1"},"east":{"uv":[1.0,8.0,10.0,13.0],"texture":"#1"},"south":{"uv":[1.0,0.0,12.0,5.0],"texture":"#1"},"west":{"uv":[10.0,8.0,1.0,13.0],"texture":"#1"},"up":{"uv":[6.5,6.5,6.625,6.625],"texture":"#missing"},"down":{"uv":[6.5,6.5,6.625,6.625],"texture":"#missing"}}},{"from":[3.5,4.0,3.5],"to":[12.5,7.0,3.5],"rotation":{"angle":0.0,"axis":"y","origin":[-0.5,0.0,-0.5]},"faces":{"north":{"uv":[1.0,5.0,10.0,8.0],"texture":"#1"},"south":{"uv":[10.0,5.0,1.0,8.0],"texture":"#1"},"west":{"uv":[10.0,8.0,1.0,12.0],"texture":"#1"},"up":{"uv":[6.5,6.5,6.625,6.625],"texture":"#missing"},"down":{"uv":[6.5,6.5,6.625,6.625],"texture":"#missing"}}},{"name":"cube inverted","from":[12.5,7.0,12.5],"to":[3.5,2.0,3.5],"rotation":{"angle":0.0,"axis":"y","origin":[0.5,0.0,-0.5]},"faces":{"east":{"uv":[10.0,13.0,1.0,8.0],"texture":"#1"},"west":{"uv":[1.0,13.0,10.0,8.0],"texture":"#1"}}}],"gui_light":"front"}