{"textures":{"0":"mcc:island_cosmetics/head/head_3","particle":"mcc:island_cosmetics/head/head_3"},"credit":"Made with Blockbench","texture_size":[128.0,128.0],"elements":[{"from":[3.5,5.0,3.5],"to":[12.5,9.0,12.5],"rotation":{"angle":0.0,"axis":"y","origin":[-0.5,0.0,-1.5]},"faces":{"north":{"uv":[13.0,1.25,14.125,1.75],"texture":"#0"},"east":{"uv":[13.0,1.25,14.125,1.75],"texture":"#0"},"south":{"uv":[13.0,1.25,14.125,1.75],"texture":"#0"},"west":{"uv":[13.0,1.25,14.125,1.75],"texture":"#0"},"up":{"uv":[13.0,1.75,14.125,2.875],"texture":"#0"},"down":{"uv":[13.0,2.875,14.125,4.0],"texture":"#0"}}},{"from":[3.5,5.0,3.5],"to":[12.5,7.0,12.5],"rotation":{"angle":0.0,"axis":"y","origin":[-0.5,0.0,-1.5]},"faces":{"north":{"uv":[11.875,1.875,13.0,2.125],"texture":"#0","tintindex":0.0},"east":{"uv":[11.875,1.875,13.0,2.125],"texture":"#0","tintindex":0.0},"south":{"uv":[11.875,1.875,13.0,2.125],"texture":"#0","tintindex":0.0},"west":{"uv":[11.875,1.875,13.0,2.125],"texture":"#0","tintindex":0.0},"up":{"uv":[14.25,3.5,14.375,3.625],"texture":"#0","tintindex":0.0},"down":{"uv":[14.25,3.5,14.375,3.625],"texture":"#0","tintindex":0.0}}},{"from":[0.5,5.0,0.5],"to":[15.5,5.0,15.5],"rotation":{"angle":0.0,"axis":"y","origin":[-0.5,0.0,-0.5]},"faces":{"north":{"uv":[0.0,0.0,0.125,0.125],"texture":"#missing"},"east":{"uv":[0.0,0.0,0.125,0.125],"texture":"#missing"},"south":{"uv":[0.0,0.0,0.125,0.125],"texture":"#missing"},"west":{"uv":[0.0,0.0,0.125,0.125],"texture":"#missing"},"up":{"uv":[14.125,1.75,16.0,3.625],"texture":"#0"},"down":{"uv":[14.125,1.75,16.0,3.625],"texture":"#0"}}}],"gui_light":"front","display":{"thirdperson_righthand":{"rotation":[55.5,34.0,0.0],"translation":[0.0,1.0,0.75],"scale":[0.52539,0.52539,0.52539]},"thirdperson_lefthand":{"rotation":[55.5,34.0,0.0],"translation":[0.0,1.0,0.75],"scale":[0.52539,0.52539,0.52539]},"firstperson_righthand":{"rotation":[21.0,114.5,-13.75],"translation":[9.5,0.0,-5.75],"scale":[0.41992,0.41992,0.41992]},"firstperson_lefthand":{"rotation":[21.0,114.5,-13.75],"translation":[9.5,0.0,-5.75],"scale":[0.41992,0.41992,0.41992]},"gui":{"rotation":[-154.61,-31.92,-180.0],"translation":[0.0,2.0,0.0],"scale":[0.83789,0.83789,0.83789]},"head":{"translation":[0.0,8.5,0.0],"scale":[1.61172,1.61172,1.61172]}}}