{"textures":{"0":"mcc:island_cosmetics/head/head_8","1":"mcc:island_cosmetics/head/chickencopter","particle":"mcc:island_cosmetics/head/head_8"},"credit":"Made with Blockbench","texture_size":[128.0,128.0],"elements":[{"from":[2.5,4.0,1.5],"to":[13.5,6.0,7.5],"rotation":{"angle":0.0,"axis":"y","origin":[2.5,3.5,3.5]},"faces":{"north":{"uv":[10.875,5.375,9.5,5.625],"texture":"#0"},"east":{"uv":[11.0,4.75,10.25,5.0],"texture":"#0"},"south":{"uv":[0.0,0.0,1.0,1.0],"texture":"#missing"},"west":{"uv":[10.25,4.75,11.0,5.0],"texture":"#0"},"up":{"uv":[10.875,5.625,9.5,6.375],"texture":"#0"},"down":{"uv":[10.875,6.375,9.5,5.625],"texture":"#0"}}},{"from":[2.5,-1.0,7.5],"to":[13.5,6.0,9.5],"rotation":{"angle":0.0,"axis":"y","origin":[2.5,3.5,3.5]},"faces":{"north":{"uv":[8.125,5.375,9.5,6.25],"texture":"#0"},"east":{"uv":[10.625,3.625,10.375,4.5],"texture":"#0"},"south":{"uv":[10.5,3.625,10.625,4.5],"texture":"#0"},"west":{"uv":[10.375,3.625,10.625,4.5],"texture":"#0"},"up":{"uv":[10.375,3.625,10.625,3.75],"rotation":90.0,"texture":"#0"},"down":{"uv":[10.875,7.5,9.5,7.75],"texture":"#0"}}},{"from":[2.5,-1.0,9.5],"to":[13.5,1.0,13.5],"rotation":{"angle":0.0,"axis":"y","origin":[2.5,3.5,3.5]},"faces":{"north":{"uv":[0.0,0.0,1.0,1.0],"texture":"#missing"},"east":{"uv":[11.125,5.0,10.625,5.25],"texture":"#0"},"south":{"uv":[10.875,5.375,9.5,5.625],"texture":"#0"},"west":{"uv":[10.625,5.0,11.125,5.25],"texture":"#0"},"up":{"uv":[10.875,6.5,9.5,7.0],"texture":"#0"},"down":{"uv":[10.875,7.0,9.5,7.5],"texture":"#0"}}},{"from":[3.0,0.0,2.5],"to":[13.0,9.0,12.5],"rotation":{"angle":0.0,"axis":"y","origin":[3.0,3.5,3.5]},"faces":{"north":{"uv":[7.125,2.875,8.5,4.0],"texture":"#0","tintindex":0.0},"east":{"uv":[8.5,2.875,9.75,4.0],"texture":"#0","tintindex":0.0},"south":{"uv":[7.25,4.0,8.5,5.125],"texture":"#0","tintindex":0.0},"west":{"uv":[9.75,2.875,8.5,4.0],"texture":"#0","tintindex":0.0},"up":{"uv":[8.625,4.0,9.875,5.25],"texture":"#0","tintindex":0.0}}},{"from":[7.0,9.0,6.5],"to":[9.0,12.0,8.5],"rotation":{"angle":0.0,"axis":"y","origin":[8.0,3.5,7.5]},"faces":{"north":{"uv":[10.125,2.875,9.875,3.25],"texture":"#0"},"east":{"uv":[10.125,2.875,9.875,3.25],"texture":"#0"},"south":{"uv":[10.125,2.875,9.875,3.25],"texture":"#0"},"west":{"uv":[10.125,2.875,9.875,3.25],"texture":"#0"}}},{"from":[-4.0,11.0,5.5],"to":[7.0,11.0,9.5],"rotation":{"angle":45.0,"axis":"y","origin":[8.0,11.0,7.5]},"faces":{"north":{"uv":[1.0,0.0,0.0,1.0],"texture":"#missing"},"east":{"uv":[1.0,0.0,0.0,1.0],"texture":"#missing"},"south":{"uv":[1.0,0.0,0.0,1.0],"texture":"#missing"},"west":{"uv":[1.0,0.0,0.0,1.0],"texture":"#missing"},"up":{"uv":[4.0,11.0,0.0,0.0],"rotation":90.0,"texture":"#1"},"down":{"uv":[4.0,11.0,0.0,0.0],"rotation":90.0,"texture":"#1"}}},{"from":[9.0,11.0,5.5],"to":[20.0,11.0,9.5],"rotation":{"angle":45.0,"axis":"y","origin":[8.0,11.0,7.5]},"faces":{"north":{"uv":[0.0,0.0,1.0,1.0],"texture":"#missing"},"east":{"uv":[0.0,0.0,1.0,1.0],"texture":"#missing"},"south":{"uv":[0.0,0.0,1.0,1.0],"texture":"#missing"},"west":{"uv":[0.0,0.0,1.0,1.0],"texture":"#missing"},"up":{"uv":[4.0,0.0,0.0,11.0],"rotation":90.0,"texture":"#1"},"down":{"uv":[4.0,0.0,0.0,11.0],"rotation":90.0,"texture":"#1"}}},{"from":[-4.0,11.0,5.5],"to":[7.0,11.0,9.5],"rotation":{"angle":-45.0,"axis":"y","origin":[8.0,11.0,7.5]},"faces":{"north":{"uv":[1.0,0.0,0.0,1.0],"texture":"#missing"},"east":{"uv":[1.0,0.0,0.0,1.0],"texture":"#missing"},"south":{"uv":[1.0,0.0,0.0,1.0],"texture":"#missing"},"west":{"uv":[1.0,0.0,0.0,1.0],"texture":"#missing"},"up":{"uv":[4.0,11.0,0.0,0.0],"rotation":90.0,"texture":"#1"},"down":{"uv":[4.0,11.0,0.0,0.0],"rotation":90.0,"texture":"#1"}}},{"from":[9.0,11.0,5.5],"to":[20.0,11.0,9.5],"rotation":{"angle":-45.0,"axis":"y","origin":[8.0,11.0,7.5]},"faces":{"north":{"uv":[0.0,0.0,1.0,1.0],"texture":"#missing"},"east":{"uv":[0.0,0.0,1.0,1.0],"texture":"#missing"},"south":{"uv":[0.0,0.0,1.0,1.0],"texture":"#missing"},"west":{"uv":[0.0,0.0,1.0,1.0],"texture":"#missing"},"up":{"uv":[4.0,0.0,0.0,11.0],"rotation":90.0,"texture":"#1"},"down":{"uv":[4.0,0.0,0.0,11.0],"rotation":90.0,"texture":"#1"}}},{"from":[6.0,11.0,-4.5],"to":[10.0,11.0,6.5],"rotation":{"angle":22.5,"axis":"y","origin":[8.0,11.0,7.5]},"faces":{"north":{"uv":[1.0,0.0,0.0,1.0],"texture":"#missing"},"east":{"uv":[1.0,0.0,0.0,1.0],"texture":"#missing"},"south":{"uv":[1.0,0.0,0.0,1.0],"texture":"#missing"},"west":{"uv":[1.0,0.0,0.0,1.0],"texture":"#missing"},"up":{"uv":[8.0,11.0,4.0,0.0],"rotation":180.0,"texture":"#1"},"down":{"uv":[8.0,11.0,4.0,0.0],"texture":"#1"}}},{"from":[6.0,11.0,8.5],"to":[10.0,11.0,19.5],"rotation":{"angle":22.5,"axis":"y","origin":[8.0,11.0,7.5]},"faces":{"north":{"uv":[0.0,0.0,1.0,1.0],"texture":"#missing"},"east":{"uv":[0.0,0.0,1.0,1.0],"texture":"#missing"},"south":{"uv":[0.0,0.0,1.0,1.0],"texture":"#missing"},"west":{"uv":[0.0,0.0,1.0,1.0],"texture":"#missing"},"up":{"uv":[8.0,0.0,4.0,11.0],"rotation":180.0,"texture":"#1"},"down":{"uv":[8.0,0.0,4.0,11.0],"texture":"#1"}}},{"from":[-4.0,11.0,5.5],"to":[7.0,11.0,9.5],"rotation":{"angle":22.5,"axis":"y","origin":[8.0,11.0,7.5]},"faces":{"north":{"uv":[1.0,0.0,0.0,1.0],"texture":"#missing"},"east":{"uv":[1.0,0.0,0.0,1.0],"texture":"#missing"},"south":{"uv":[1.0,0.0,0.0,1.0],"texture":"#missing"},"west":{"uv":[1.0,0.0,0.0,1.0],"texture":"#missing"},"up":{"uv":[8.0,11.0,4.0,0.0],"rotation":90.0,"texture":"#1"},"down":{"uv":[8.0,11.0,4.0,0.0],"rotation":90.0,"texture":"#1"}}},{"from":[9.0,11.0,5.5],"to":[20.0,11.0,9.5],"rotation":{"angle":22.5,"axis":"y","origin":[8.0,11.0,7.5]},"faces":{"north":{"uv":[0.0,0.0,1.0,1.0],"texture":"#missing"},"east":{"uv":[0.0,0.0,1.0,1.0],"texture":"#missing"},"south":{"uv":[0.0,0.0,1.0,1.0],"texture":"#missing"},"west":{"uv":[0.0,0.0,1.0,1.0],"texture":"#missing"},"up":{"uv":[8.0,0.0,4.0,11.0],"rotation":90.0,"texture":"#1"},"down":{"uv":[8.0,0.0,4.0,11.0],"rotation":90.0,"texture":"#1"}}},{"from":[6.0,11.0,-4.5],"to":[10.0,11.0,6.5],"rotation":{"angle":0.0,"axis":"y","origin":[8.0,11.0,7.5]},"faces":{"north":{"uv":[1.0,0.0,0.0,1.0],"texture":"#missing"},"east":{"uv":[1.0,0.0,0.0,1.0],"texture":"#missing"},"south":{"uv":[1.0,0.0,0.0,1.0],"texture":"#missing"},"west":{"uv":[1.0,0.0,0.0,1.0],"texture":"#missing"},"up":{"uv":[12.0,11.0,8.0,0.0],"rotation":180.0,"texture":"#1"},"down":{"uv":[12.0,11.0,8.0,0.0],"texture":"#1"}}},{"from":[6.0,11.0,8.5],"to":[10.0,11.0,19.5],"rotation":{"angle":0.0,"axis":"y","origin":[8.0,11.0,7.5]},"faces":{"north":{"uv":[0.0,0.0,1.0,1.0],"texture":"#missing"},"east":{"uv":[0.0,0.0,1.0,1.0],"texture":"#missing"},"south":{"uv":[0.0,0.0,1.0,1.0],"texture":"#missing"},"west":{"uv":[0.0,0.0,1.0,1.0],"texture":"#missing"},"up":{"uv":[12.0,0.0,8.0,11.0],"rotation":180.0,"texture":"#1"},"down":{"uv":[12.0,0.0,8.0,11.0],"texture":"#1"}}},{"from":[-4.0,11.0,5.5],"to":[7.0,11.0,9.5],"rotation":{"angle":0.0,"axis":"y","origin":[8.0,11.0,7.5]},"faces":{"north":{"uv":[1.0,0.0,0.0,1.0],"texture":"#missing"},"east":{"uv":[1.0,0.0,0.0,1.0],"texture":"#missing"},"south":{"uv":[1.0,0.0,0.0,1.0],"texture":"#missing"},"west":{"uv":[1.0,0.0,0.0,1.0],"texture":"#missing"},"up":{"uv":[12.0,11.0,8.0,0.0],"rotation":90.0,"texture":"#1"},"down":{"uv":[12.0,11.0,8.0,0.0],"rotation":90.0,"texture":"#1"}}},{"from":[9.0,11.0,5.5],"to":[20.0,11.0,9.5],"rotation":{"angle":0.0,"axis":"y","origin":[8.0,11.0,7.5]},"faces":{"north":{"uv":[0.0,0.0,1.0,1.0],"texture":"#missing"},"east":{"uv":[0.0,0.0,1.0,1.0],"texture":"#missing"},"south":{"uv":[0.0,0.0,1.0,1.0],"texture":"#missing"},"west":{"uv":[0.0,0.0,1.0,1.0],"texture":"#missing"},"up":{"uv":[12.0,0.0,8.0,11.0],"rotation":90.0,"texture":"#1"},"down":{"uv":[12.0,0.0,8.0,11.0],"rotation":90.0,"texture":"#1"}}},{"from":[6.0,11.0,-4.5],"to":[10.0,11.0,6.5],"rotation":{"angle":-22.5,"axis":"y","origin":[8.0,11.0,7.5]},"faces":{"north":{"uv":[1.0,0.0,0.0,1.0],"texture":"#missing"},"east":{"uv":[1.0,0.0,0.0,1.0],"texture":"#missing"},"south":{"uv":[1.0,0.0,0.0,1.0],"texture":"#missing"},"west":{"uv":[1.0,0.0,0.0,1.0],"texture":"#missing"},"up":{"uv":[16.0,11.0,12.0,0.0],"rotation":180.0,"texture":"#1"},"down":{"uv":[16.0,11.0,12.0,0.0],"texture":"#1"}}},{"from":[6.0,11.0,8.5],"to":[10.0,11.0,19.5],"rotation":{"angle":-22.5,"axis":"y","origin":[8.0,11.0,7.5]},"faces":{"north":{"uv":[0.0,0.0,1.0,1.0],"texture":"#missing"},"east":{"uv":[0.0,0.0,1.0,1.0],"texture":"#missing"},"south":{"uv":[0.0,0.0,1.0,1.0],"texture":"#missing"},"west":{"uv":[0.0,0.0,1.0,1.0],"texture":"#missing"},"up":{"uv":[16.0,0.0,12.0,11.0],"rotation":180.0,"texture":"#1"},"down":{"uv":[16.0,0.0,12.0,11.0],"texture":"#1"}}},{"from":[-4.0,11.0,5.5],"to":[7.0,11.0,9.5],"rotation":{"angle":-22.5,"axis":"y","origin":[8.0,11.0,7.5]},"faces":{"north":{"uv":[1.0,0.0,0.0,1.0],"texture":"#missing"},"east":{"uv":[1.0,0.0,0.0,1.0],"texture":"#missing"},"south":{"uv":[1.0,0.0,0.0,1.0],"texture":"#missing"},"west":{"uv":[1.0,0.0,0.0,1.0],"texture":"#missing"},"up":{"uv":[16.0,11.0,12.0,0.0],"rotation":90.0,"texture":"#1"},"down":{"uv":[16.0,11.0,12.0,0.0],"rotation":90.0,"texture":"#1"}}},{"from":[9.0,11.0,5.5],"to":[20.0,11.0,9.5],"rotation":{"angle":-22.5,"axis":"y","origin":[8.0,11.0,7.5]},"faces":{"north":{"uv":[0.0,0.0,1.0,1.0],"texture":"#missing"},"east":{"uv":[0.0,0.0,1.0,1.0],"texture":"#missing"},"south":{"uv":[0.0,0.0,1.0,1.0],"texture":"#missing"},"west":{"uv":[0.0,0.0,1.0,1.0],"texture":"#missing"},"up":{"uv":[16.0,0.0,12.0,11.0],"rotation":90.0,"texture":"#1"},"down":{"uv":[16.0,0.0,12.0,11.0],"rotation":90.0,"texture":"#1"}}},{"from":[6.0,12.0,5.5],"to":[10.0,14.0,9.5],"rotation":{"angle":0.0,"axis":"y","origin":[8.0,3.5,7.5]},"faces":{"north":{"uv":[10.625,2.875,10.125,3.125],"texture":"#0"},"east":{"uv":[10.625,2.875,10.125,3.125],"texture":"#0"},"south":{"uv":[10.625,2.875,10.125,3.125],"texture":"#0"},"west":{"uv":[10.625,2.875,10.125,3.125],"texture":"#0"},"up":{"uv":[10.625,3.125,10.125,3.625],"texture":"#0"},"down":{"uv":[11.125,2.875,10.625,3.375],"texture":"#0"}}}],"gui_light":"front","display":{"thirdperson_righthand":{"rotation":[63.0,34.0,0.0],"translation":[0.0,1.0,-1.0],"scale":[0.37891,0.37891,0.37891]},"thirdperson_lefthand":{"rotation":[63.0,34.0,0.0],"translation":[0.0,1.0,-1.0],"scale":[0.37891,0.37891,0.37891]},"firstperson_righthand":{"rotation":[3.0,112.0,-13.0],"translation":[9.5,0.0,-5.75],"scale":[0.35547,0.35547,0.35547]},"firstperson_lefthand":{"rotation":[3.0,112.0,-13.0],"translation":[9.5,0.0,-5.75],"scale":[0.35547,0.35547,0.35547]},"ground":{"translation":[0.0,4.25,0.0],"scale":[0.28906,0.28906,0.28906]},"gui":{"rotation":[-149.61,-31.92,-180.0],"translation":[0.0,0.5,0.0],"scale":[0.66015,0.66015,0.66015]},"head":{"rotation":[2.25,0.0,0.0],"translation":[0.0,6.75,0.5],"scale":[1.6,1.6,1.6]},"fixed":{"translation":[0.0,-3.25,-7.5]}}}