{"textures":{"0":"mcc:island_cosmetics/head/head_7","particle":"mcc:island_cosmetics/head/head_7"},"credit":"Made with Blockbench","texture_size":[128.0,128.0],"elements":[{"from":[3.0,5.0,3.0],"to":[13.0,8.0,13.0],"rotation":{"angle":0.0,"axis":"x","origin":[8.5,4.5,8.5]},"faces":{"north":{"uv":[5.5,12.75,6.75,13.125],"texture":"#0"},"east":{"uv":[5.5,12.75,6.75,13.125],"texture":"#0"},"south":{"uv":[5.5,12.75,6.75,13.125],"texture":"#0"},"west":{"uv":[5.5,12.75,6.75,13.125],"texture":"#0"},"up":{"uv":[5.625,12.75,5.75,12.875],"texture":"#0"},"down":{"uv":[5.625,12.75,5.75,12.875],"texture":"#0"}}},{"from":[2.5,4.45,2.5],"to":[13.5,9.45,13.5],"rotation":{"angle":0.0,"axis":"x","origin":[8.5,4.5,8.5]},"faces":{"north":{"uv":[9.625,12.5,11.0,13.125],"texture":"#0","tintindex":0.0},"east":{"uv":[9.75,12.5,8.375,13.125],"texture":"#0","tintindex":0.0},"south":{"uv":[9.75,12.5,8.375,13.125],"texture":"#0","tintindex":0.0},"west":{"uv":[8.375,12.5,9.75,13.125],"texture":"#0","tintindex":0.0},"up":{"uv":[5.625,12.75,5.75,12.875],"texture":"#0","tintindex":0.0},"down":{"uv":[5.625,12.75,5.75,12.875],"texture":"#0","tintindex":0.0}}},{"from":[12.75,3.95,0.25],"to":[16.75,8.95,0.25],"rotation":{"angle":-45.0,"axis":"y","origin":[11.5,6.95,-0.5]},"faces":{"north":{"uv":[7.875,11.875,8.375,12.5],"texture":"#0","tintindex":0.0},"east":{"uv":[8.375,12.5,9.75,13.125],"texture":"#0","tintindex":0.0},"south":{"uv":[8.375,11.875,7.875,12.5],"texture":"#0","tintindex":0.0},"west":{"uv":[8.375,12.5,9.75,13.125],"texture":"#0","tintindex":0.0},"up":{"uv":[5.625,12.75,5.75,12.875],"texture":"#0","tintindex":0.0},"down":{"uv":[5.625,12.75,5.75,12.875],"texture":"#0","tintindex":0.0}}},{"from":[-0.75,3.95,15.5],"to":[3.25,8.95,15.5],"rotation":{"angle":-45.0,"axis":"y","origin":[4.5,6.95,16.5]},"faces":{"north":{"uv":[8.375,11.875,7.875,12.5],"texture":"#0","tintindex":0.0},"east":{"uv":[8.375,12.5,9.75,13.125],"texture":"#0","tintindex":0.0},"south":{"uv":[7.875,11.875,8.375,12.5],"texture":"#0","tintindex":0.0},"west":{"uv":[8.375,12.5,9.75,13.125],"texture":"#0","tintindex":0.0},"up":{"uv":[5.75,12.875,5.625,12.75],"texture":"#0","tintindex":0.0},"down":{"uv":[5.75,12.875,5.625,12.75],"texture":"#0","tintindex":0.0}}},{"from":[2.5,4.45,2.5],"to":[13.5,9.45,13.5],"rotation":{"angle":0.0,"axis":"x","origin":[8.5,4.5,8.5]},"faces":{"north":{"uv":[9.625,11.75,11.0,12.375],"texture":"#0"},"east":{"uv":[9.75,11.75,8.375,12.375],"texture":"#0"},"south":{"uv":[9.75,11.75,8.375,12.375],"texture":"#0"},"west":{"uv":[8.375,11.75,9.75,12.375],"texture":"#0"},"up":{"uv":[5.625,12.0,5.75,12.125],"texture":"#0"},"down":{"uv":[5.625,12.0,5.75,12.125],"texture":"#0"}}},{"from":[-0.75,3.95,15.5],"to":[3.25,8.95,15.5],"rotation":{"angle":-45.0,"axis":"y","origin":[4.5,6.95,16.5]},"faces":{"north":{"uv":[8.375,11.125,7.875,11.75],"texture":"#0"},"east":{"uv":[8.375,11.75,9.75,12.375],"texture":"#0"},"south":{"uv":[7.875,11.125,8.375,11.75],"texture":"#0"},"west":{"uv":[8.375,11.75,9.75,12.375],"texture":"#0"},"up":{"uv":[5.75,12.125,5.625,12.0],"texture":"#0"},"down":{"uv":[5.75,12.125,5.625,12.0],"texture":"#0"}}},{"from":[12.75,3.95,0.25],"to":[16.75,8.95,0.25],"rotation":{"angle":-45.0,"axis":"y","origin":[11.5,6.95,-0.5]},"faces":{"north":{"uv":[7.875,11.125,8.375,11.75],"texture":"#0"},"east":{"uv":[8.375,11.75,9.75,12.375],"texture":"#0"},"south":{"uv":[8.375,11.125,7.875,11.75],"texture":"#0"},"west":{"uv":[8.375,11.75,9.75,12.375],"texture":"#0"},"up":{"uv":[5.625,12.0,5.75,12.125],"texture":"#0"},"down":{"uv":[5.625,12.0,5.75,12.125],"texture":"#0"}}},{"from":[3.75,3.5,3.75],"to":[3.75,8.5,6.75],"rotation":{"angle":-45.0,"axis":"z","origin":[2.0,7.5,7.5]},"faces":{"north":{"uv":[5.5,12.75,6.75,13.125],"rotation":180.0,"texture":"#0"},"east":{"uv":[7.875,12.5,8.25,13.125],"rotation":180.0,"texture":"#0"},"south":{"uv":[5.5,12.75,6.75,13.125],"rotation":180.0,"texture":"#0"},"west":{"uv":[8.25,12.5,7.875,13.125],"rotation":180.0,"texture":"#0"},"up":{"uv":[5.75,12.875,5.625,12.75],"rotation":180.0,"texture":"#0"},"down":{"uv":[5.75,12.875,5.625,12.75],"rotation":180.0,"texture":"#0"}}},{"from":[12.25,3.5,7.25],"to":[12.25,8.5,10.25],"rotation":{"angle":45.0,"axis":"z","origin":[14.0,7.5,8.5]},"faces":{"north":{"uv":[5.5,12.75,6.75,13.125],"rotation":180.0,"texture":"#0"},"east":{"uv":[8.25,12.5,7.875,13.125],"rotation":180.0,"texture":"#0"},"south":{"uv":[5.5,12.75,6.75,13.125],"rotation":180.0,"texture":"#0"},"west":{"uv":[7.875,12.5,8.25,13.125],"rotation":180.0,"texture":"#0"},"up":{"uv":[5.625,12.75,5.75,12.875],"rotation":180.0,"texture":"#0"},"down":{"uv":[5.625,12.75,5.75,12.875],"rotation":180.0,"texture":"#0"}}},{"from":[8.25,-0.41574,3.88236],"to":[11.25,4.58426,3.88236],"rotation":{"angle":45.0,"axis":"x","origin":[8.0,5.2019,7.0]},"faces":{"north":{"uv":[8.25,12.5,7.875,13.125],"rotation":180.0,"texture":"#0"},"east":{"uv":[5.5,12.75,6.75,13.125],"rotation":180.0,"texture":"#0"},"south":{"uv":[7.875,12.5,8.25,13.125],"rotation":180.0,"texture":"#0"},"west":{"uv":[5.5,12.75,6.75,13.125],"rotation":180.0,"texture":"#0"},"up":{"uv":[5.75,12.875,5.625,12.75],"rotation":270.0,"texture":"#0"},"down":{"uv":[5.75,12.875,5.625,12.75],"rotation":90.0,"texture":"#0"}}},{"from":[4.75,-1.41574,11.11764],"to":[7.75,3.58426,11.11764],"rotation":{"angle":-45.0,"axis":"x","origin":[8.0,5.2019,7.0]},"faces":{"north":{"uv":[7.875,12.5,8.25,13.125],"rotation":180.0,"texture":"#0"},"east":{"uv":[5.5,12.75,6.75,13.125],"rotation":180.0,"texture":"#0"},"south":{"uv":[8.25,12.5,7.875,13.125],"rotation":180.0,"texture":"#0"},"west":{"uv":[5.5,12.75,6.75,13.125],"rotation":180.0,"texture":"#0"},"up":{"uv":[5.625,12.75,5.75,12.875],"rotation":270.0,"texture":"#0"},"down":{"uv":[5.625,12.75,5.75,12.875],"rotation":90.0,"texture":"#0"}}},{"name":"cube inverted","from":[13.5,9.45,13.5],"to":[2.5,4.45,2.5],"rotation":{"angle":0.0,"axis":"x","origin":[8.5,4.5,8.5]},"faces":{"north":{"uv":[9.75,13.125,8.375,12.5],"texture":"#0","tintindex":0.0},"east":{"uv":[8.375,13.125,9.75,12.5],"texture":"#0","tintindex":0.0},"south":{"uv":[9.625,13.125,11.0,12.5],"texture":"#0","tintindex":0.0},"west":{"uv":[9.75,13.125,8.375,12.5],"texture":"#0","tintindex":0.0},"up":{"uv":[5.75,12.75,5.625,12.875],"texture":"#0","tintindex":0.0},"down":{"uv":[5.75,12.75,5.625,12.875],"texture":"#0","tintindex":0.0}}},{"name":"cube inverted","from":[13.5,9.45,13.5],"to":[2.5,4.45,2.5],"rotation":{"angle":0.0,"axis":"x","origin":[8.5,4.5,8.5]},"faces":{"north":{"uv":[9.75,12.375,8.375,11.75],"texture":"#0"},"east":{"uv":[8.375,12.375,9.75,11.75],"texture":"#0"},"south":{"uv":[9.625,12.375,11.0,11.75],"texture":"#0"},"west":{"uv":[9.75,12.375,8.375,11.75],"texture":"#0"},"up":{"uv":[5.75,12.0,5.625,12.125],"texture":"#0"},"down":{"uv":[5.75,12.0,5.625,12.125],"texture":"#0"}}},{"name":"cube inverted","from":[13.0,8.0,13.0],"to":[3.0,5.0,3.0],"rotation":{"angle":0.0,"axis":"x","origin":[8.5,4.5,8.5]},"faces":{"north":{"uv":[5.5,13.125,6.75,12.75],"texture":"#0"},"east":{"uv":[5.5,13.125,6.75,12.75],"texture":"#0"},"south":{"uv":[5.5,13.125,6.75,12.75],"texture":"#0"},"west":{"uv":[5.5,13.125,6.75,12.75],"texture":"#0"},"up":{"uv":[5.75,12.75,5.625,12.875],"texture":"#0"},"down":{"uv":[5.75,12.75,5.625,12.875],"texture":"#0"}}}],"gui_light":"front","display":{"thirdperson_righthand":{"rotation":[55.5,34.0,0.0],"translation":[0.0,1.0,0.75],"scale":[0.52539,0.52539,0.52539]},"thirdperson_lefthand":{"rotation":[55.5,34.0,0.0],"translation":[0.0,1.0,0.75],"scale":[0.52539,0.52539,0.52539]},"firstperson_righthand":{"rotation":[21.0,114.5,-13.75],"translation":[9.5,0.0,-5.75],"scale":[0.41992,0.41992,0.41992]},"firstperson_lefthand":{"rotation":[21.0,114.5,-13.75],"translation":[9.5,0.0,-5.75],"scale":[0.41992,0.41992,0.41992]},"gui":{"rotation":[-171.27,-35.09,163.94],"translation":[-0.25,1.75,0.0],"scale":[0.95312,0.95312,0.95312]},"head":{"rotation":[10.0,0.0,0.0],"translation":[0.0,5.75,0.5],"scale":[1.62539,1.62539,1.62539]}}}