{"textures":{"0":"mcc:island_cosmetics/head/head_7","particle":"mcc:island_cosmetics/head/head_7"},"credit":"Made with Blockbench","texture_size":[128.0,128.0],"elements":[{"from":[3.51,0.01,3.51],"to":[12.49,8.99,12.49],"rotation":{"angle":0.0,"axis":"x","origin":[7.5,9.5,7.5]},"faces":{"north":{"uv":[2.25,3.5,3.375,4.625],"texture":"#0"},"east":{"uv":[3.375,4.375,4.5,5.5],"texture":"#0"},"south":{"uv":[3.75,5.0,3.875,5.125],"texture":"#0"},"west":{"uv":[4.5,4.375,3.375,5.5],"texture":"#0"},"up":{"uv":[5.125,7.0,6.5,8.375],"texture":"#missing"},"down":{"uv":[3.125,4.625,3.25,4.75],"texture":"#0"}}},{"from":[9.0,8.0,3.0],"to":[14.0,11.0,3.0],"rotation":{"angle":-22.5,"axis":"z","origin":[11.0,9.5,3.0]},"faces":{"north":{"uv":[3.25,4.625,2.625,5.0],"texture":"#0"},"east":{"uv":[6.5,7.0,5.125,8.375],"texture":"#missing"},"south":{"uv":[3.25,4.625,2.625,5.0],"texture":"#0"},"west":{"uv":[6.5,7.0,5.125,8.375],"texture":"#missing"},"up":{"uv":[6.5,7.0,5.125,8.375],"texture":"#missing"},"down":{"uv":[6.5,7.0,5.125,8.375],"texture":"#missing"}}},{"from":[2.0,8.0,3.0],"to":[7.0,11.0,3.0],"rotation":{"angle":22.5,"axis":"z","origin":[5.0,9.5,3.0]},"faces":{"north":{"uv":[2.625,4.625,3.25,5.0],"texture":"#0"},"east":{"uv":[5.125,7.0,6.5,8.375],"texture":"#missing"},"south":{"uv":[2.625,4.625,3.25,5.0],"texture":"#0"},"west":{"uv":[5.125,7.0,6.5,8.375],"texture":"#missing"},"up":{"uv":[5.125,7.0,6.5,8.375],"texture":"#missing"},"down":{"uv":[5.125,7.0,6.5,8.375],"texture":"#missing"}}},{"from":[10.47,2.97,2.47],"to":[13.53,6.03,5.53],"rotation":{"angle":0.0,"axis":"x","origin":[7.5,9.5,7.5]},"faces":{"north":{"uv":[2.25,4.625,2.625,5.0],"texture":"#0"},"east":{"uv":[3.25,5.0,2.875,5.375],"texture":"#0"},"south":{"uv":[2.875,5.0,3.25,5.375],"texture":"#0"},"west":{"uv":[2.625,4.625,2.25,5.0],"texture":"#0"},"up":{"uv":[2.25,5.5,2.625,5.875],"texture":"#0"},"down":{"uv":[5.125,7.0,6.5,8.375],"texture":"#missing"}}},{"from":[2.47,2.97,2.47],"to":[5.53,6.03,5.53],"rotation":{"angle":0.0,"axis":"x","origin":[8.5,9.5,7.5]},"faces":{"north":{"uv":[2.625,4.625,2.25,5.0],"texture":"#0"},"east":{"uv":[2.25,4.625,2.625,5.0],"texture":"#0"},"south":{"uv":[3.25,5.0,2.875,5.375],"texture":"#0"},"west":{"uv":[2.875,5.0,3.25,5.375],"texture":"#0"},"up":{"uv":[2.625,5.5,2.25,5.875],"texture":"#0"},"down":{"uv":[6.5,7.0,5.125,8.375],"texture":"#missing"}}},{"from":[2.5,0.0,6.5],"to":[13.5,4.0,13.5],"rotation":{"angle":0.0,"axis":"x","origin":[7.5,9.5,7.5]},"faces":{"north":{"uv":[5.125,7.0,6.5,8.375],"texture":"#missing"},"east":{"uv":[4.375,6.5,3.5,7.0],"texture":"#0"},"south":{"uv":[5.75,6.5,4.375,7.0],"texture":"#0"},"west":{"uv":[3.5,6.5,4.375,7.0],"texture":"#0"},"up":{"uv":[0.875,5.625,2.25,6.5],"texture":"#0"},"down":{"uv":[7.125,6.625,5.75,7.5],"texture":"#0"}}},{"from":[2.5,4.0,10.5],"to":[13.5,9.0,13.5],"rotation":{"angle":0.0,"axis":"x","origin":[7.5,9.5,7.5]},"faces":{"north":{"uv":[4.25,7.5,4.375,7.625],"texture":"#0"},"east":{"uv":[4.0,7.0,4.375,7.625],"texture":"#0"},"south":{"uv":[5.75,7.0,4.375,7.625],"texture":"#0"},"west":{"uv":[4.375,7.0,4.0,7.625],"texture":"#0"},"up":{"uv":[2.875,6.5,1.5,6.875],"texture":"#0"},"down":{"uv":[4.25,7.5,4.375,7.625],"texture":"#0"}}},{"from":[9.49,3.99,4.49],"to":[14.51,9.01,6.51],"rotation":{"angle":-45.0,"axis":"y","origin":[8.0,4.5,8.0]},"faces":{"north":{"uv":[5.125,4.375,4.5,5.0],"texture":"#0"},"east":{"uv":[4.75,5.0,4.5,5.625],"texture":"#0"},"south":{"uv":[4.75,5.0,5.375,5.625],"texture":"#0"},"west":{"uv":[4.0,5.625,4.125,5.75],"texture":"#0"},"up":{"uv":[4.5,5.625,5.125,5.875],"texture":"#0"},"down":{"uv":[2.25,5.875,2.875,6.125],"texture":"#0"}}},{"from":[1.49,3.99,4.49],"to":[6.51,9.01,6.51],"rotation":{"angle":45.0,"axis":"y","origin":[8.0,4.5,8.0]},"faces":{"north":{"uv":[4.5,4.375,5.125,5.0],"texture":"#0"},"east":{"uv":[4.0,5.625,4.125,5.75],"texture":"#0"},"south":{"uv":[5.375,5.0,4.75,5.625],"texture":"#0"},"west":{"uv":[4.5,5.0,4.75,5.625],"texture":"#0"},"up":{"uv":[5.125,5.625,4.5,5.875],"texture":"#0"},"down":{"uv":[2.875,5.875,2.25,6.125],"texture":"#0"}}},{"from":[5.5,3.0,0.5],"to":[10.5,7.0,3.5],"rotation":{"angle":0.0,"axis":"x","origin":[7.5,9.5,7.5]},"faces":{"north":{"uv":[2.875,5.0,2.25,5.5],"texture":"#0"},"east":{"uv":[3.25,5.375,2.875,5.875],"texture":"#0"},"south":{"uv":[4.0,5.625,4.125,5.75],"texture":"#0"},"west":{"uv":[2.875,5.375,3.25,5.875],"texture":"#0"},"up":{"uv":[3.875,5.5,3.25,5.875],"texture":"#0"},"down":{"uv":[4.5,5.5,3.875,5.875],"texture":"#0"}}},{"from":[2.49,-3.08297,3.09581],"to":[13.51,3.93703,8.11581],"rotation":{"angle":-22.5,"axis":"x","origin":[8.0,-0.57297,4.60581]},"faces":{"north":{"uv":[4.75,3.5,3.375,4.375],"texture":"#0"},"east":{"uv":[3.5,5.875,2.875,6.75],"texture":"#0"},"south":{"uv":[7.625,5.75,6.25,6.625],"texture":"#0"},"west":{"uv":[2.875,5.875,3.5,6.75],"texture":"#0"},"up":{"uv":[4.875,5.875,3.5,6.5],"texture":"#0"},"down":{"uv":[6.25,5.875,4.875,6.5],"texture":"#0"}}},{"from":[3.5,9.0,3.5],"to":[12.5,16.0,12.5],"rotation":{"angle":0.0,"axis":"x","origin":[8.0,13.5,8.0]},"faces":{"north":{"uv":[5.125,3.75,6.25,4.625],"texture":"#0","tintindex":0.0},"east":{"uv":[5.125,3.75,6.25,4.625],"texture":"#0","tintindex":0.0},"south":{"uv":[5.125,3.75,6.25,4.625],"texture":"#0","tintindex":0.0},"west":{"uv":[5.125,3.75,6.25,4.625],"texture":"#0","tintindex":0.0},"up":{"uv":[6.125,4.625,7.25,5.75],"texture":"#0","tintindex":0.0},"down":{"uv":[5.25,4.375,5.375,4.5],"texture":"#0","tintindex":0.0}}},{"from":[5.0,14.5,3.75],"to":[11.0,21.5,9.75],"rotation":{"angle":22.5,"axis":"x","origin":[8.5,12.5,8.0]},"faces":{"north":{"uv":[5.375,4.625,6.125,5.5],"texture":"#0","tintindex":0.0},"east":{"uv":[5.375,4.625,6.125,5.5],"texture":"#0","tintindex":0.0},"south":{"uv":[5.375,4.625,6.125,5.5],"texture":"#0","tintindex":0.0},"west":{"uv":[5.375,4.625,6.125,5.5],"texture":"#0","tintindex":0.0},"up":{"uv":[6.25,3.875,7.0,4.625],"texture":"#0","tintindex":0.0},"down":{"uv":[5.25,4.375,5.375,4.5],"texture":"#0","tintindex":0.0}}}],"gui_light":"front","display":{"thirdperson_righthand":{"rotation":[55.5,34.0,0.0],"translation":[0.0,1.0,0.75],"scale":[0.52539,0.52539,0.52539]},"thirdperson_lefthand":{"rotation":[55.5,34.0,0.0],"translation":[0.0,1.0,0.75],"scale":[0.52539,0.52539,0.52539]},"firstperson_righthand":{"rotation":[21.0,114.5,-13.75],"translation":[9.5,0.0,-5.75],"scale":[0.41992,0.41992,0.41992]},"firstperson_lefthand":{"rotation":[21.0,114.5,-13.75],"translation":[9.5,0.0,-5.75],"scale":[0.41992,0.41992,0.41992]},"gui":{"rotation":[-149.61,-31.92,-180.0],"translation":[0.25,-0.25,0.0],"scale":[0.58788,0.58788,0.58788]},"head":{"translation":[0.0,4.25,0.0],"scale":[1.6625,1.6625,1.6625]}}}