{"textures":{"0":"mcc:island_cosmetics/head/head_3","particle":"mcc:island_cosmetics/head/head_3"},"credit":"Made with Blockbench","texture_size":[128.0,128.0],"elements":[{"from":[3.0,5.0,3.0],"to":[13.0,16.0,13.0],"rotation":{"angle":0.0,"axis":"y","origin":[1.0,0.0,-1.0]},"faces":{"north":{"uv":[8.625,1.375,9.875,2.75],"texture":"#0"},"east":{"uv":[8.625,1.375,9.875,2.75],"texture":"#0"},"south":{"uv":[8.625,1.375,9.875,2.75],"texture":"#0"},"west":{"uv":[8.625,1.375,9.875,2.75],"texture":"#0"},"up":{"uv":[7.375,1.375,8.625,2.625],"texture":"#0"},"down":{"uv":[9.875,1.375,11.125,2.625],"texture":"#0"}}},{"from":[0.0,5.0,0.0],"to":[16.0,5.0,16.0],"faces":{"north":{"uv":[0.0,0.0,0.125,0.125],"texture":"#missing"},"east":{"uv":[0.0,0.0,0.125,0.125],"texture":"#missing"},"south":{"uv":[0.0,0.0,0.125,0.125],"texture":"#missing"},"west":{"uv":[0.0,0.0,0.125,0.125],"texture":"#missing"},"up":{"uv":[5.875,2.625,7.875,4.625],"texture":"#0"},"down":{"uv":[5.875,2.625,7.875,4.625],"texture":"#0"}}}],"gui_light":"front","display":{"thirdperson_righthand":{"rotation":[55.5,34.0,0.0],"translation":[0.0,1.0,0.75],"scale":[0.52539,0.52539,0.52539]},"thirdperson_lefthand":{"rotation":[55.5,34.0,0.0],"translation":[0.0,1.0,0.75],"scale":[0.52539,0.52539,0.52539]},"firstperson_righthand":{"rotation":[21.0,114.5,-13.75],"translation":[9.5,0.0,-5.75],"scale":[0.41992,0.41992,0.41992]},"firstperson_lefthand":{"rotation":[21.0,114.5,-13.75],"translation":[9.5,0.0,-5.75],"scale":[0.41992,0.41992,0.41992]},"gui":{"rotation":[-154.61,-31.92,-180.0],"translation":[0.0,-1.0,0.0],"scale":[0.75585,0.75585,0.75585]},"head":{"rotation":[1.75,0.0,0.0],"translation":[0.0,7.5,0.0],"scale":[1.61172,1.61172,1.61172]}}}