{"textures":{"0":"mcc:island_cosmetics/head/head","particle":"mcc:island_cosmetics/head/head"},"credit":"Made with Blockbench","texture_size":[128.0,128.0],"elements":[{"from":[2.99,3.73,4.99],"to":[13.01,9.75,13.01],"rotation":{"angle":0.0,"axis":"y","origin":[9.5,6.24,8.0]},"faces":{"north":{"uv":[11.0,13.5,12.25,14.25],"texture":"#0","tintindex":0.0},"east":{"uv":[11.5,11.375,12.5,12.125],"texture":"#0","tintindex":0.0},"south":{"uv":[11.25,12.5,12.5,13.25],"texture":"#0","tintindex":0.0},"west":{"uv":[12.5,11.375,11.5,12.125],"texture":"#0","tintindex":0.0},"up":{"uv":[12.25,13.25,13.5,14.25],"texture":"#0","tintindex":0.0},"down":{"uv":[13.25,12.0,13.375,12.125],"texture":"#0","tintindex":0.0}}},{"from":[2.97,3.71,4.97],"to":[13.03,9.77,13.03],"rotation":{"angle":0.0,"axis":"y","origin":[9.5,6.24,8.0]},"faces":{"north":{"uv":[11.0,14.25,12.25,15.0],"texture":"#0"},"east":{"uv":[14.875,13.125,15.875,13.875],"texture":"#0"},"south":{"uv":[13.25,12.0,13.375,12.125],"texture":"#0"},"west":{"uv":[15.875,13.125,14.875,13.875],"texture":"#0"},"up":{"uv":[13.25,12.0,13.375,12.125],"texture":"#0"},"down":{"uv":[13.25,12.0,13.375,12.125],"texture":"#0"}}},{"from":[3.0,0.74,11.0],"to":[13.0,3.74,13.0],"rotation":{"angle":0.0,"axis":"y","origin":[9.5,6.24,8.0]},"faces":{"north":{"uv":[13.375,12.0,13.5,12.125],"texture":"#0","tintindex":0.0},"east":{"uv":[11.25,11.375,11.5,11.75],"texture":"#0","tintindex":0.0},"south":{"uv":[11.25,12.125,12.5,12.5],"texture":"#0","tintindex":0.0},"west":{"uv":[11.5,11.375,11.25,11.75],"texture":"#0","tintindex":0.0},"up":{"uv":[13.375,12.0,13.5,12.125],"texture":"#0","tintindex":0.0},"down":{"uv":[13.375,12.0,13.5,12.125],"texture":"#0","tintindex":0.0}}},{"from":[2.97,0.71,10.97],"to":[13.03,3.77,13.03],"rotation":{"angle":0.0,"axis":"y","origin":[9.5,6.24,8.0]},"faces":{"north":{"uv":[14.75,13.875,16.0,14.25],"texture":"#0"},"east":{"uv":[12.75,14.25,12.5,14.625],"texture":"#0"},"south":{"uv":[12.75,14.25,14.0,14.625],"texture":"#0"},"west":{"uv":[12.5,14.25,12.75,14.625],"texture":"#0"},"up":{"uv":[13.5,11.0,13.625,11.125],"texture":"#0"},"down":{"uv":[12.75,14.625,14.0,14.875],"texture":"#0"}}},{"from":[1.65971,-1.83701,4.96],"to":[3.73971,4.24299,11.04],"rotation":{"angle":-22.5,"axis":"z","origin":[3.69971,0.20299,9.0]},"faces":{"north":{"uv":[14.0,12.875,13.75,13.625],"texture":"#0"},"east":{"uv":[14.75,13.625,14.0,14.375],"texture":"#0"},"south":{"uv":[13.25,12.0,13.5,12.75],"texture":"#0"},"west":{"uv":[14.75,12.875,14.0,13.625],"texture":"#0"},"up":{"uv":[11.0,12.5,11.25,13.25],"texture":"#0"},"down":{"uv":[13.75,12.875,13.5,13.625],"texture":"#0"}}},{"from":[12.26029,-1.83701,4.96],"to":[14.34029,4.24299,11.04],"rotation":{"angle":22.5,"axis":"z","origin":[12.30029,0.20299,9.0]},"faces":{"north":{"uv":[13.75,12.875,14.0,13.625],"texture":"#0"},"east":{"uv":[14.0,12.875,14.75,13.625],"texture":"#0"},"south":{"uv":[13.5,12.0,13.25,12.75],"texture":"#0"},"west":{"uv":[14.0,13.625,14.75,14.375],"texture":"#0"},"up":{"uv":[11.25,12.5,11.0,13.25],"texture":"#0"},"down":{"uv":[13.5,12.875,13.75,13.625],"texture":"#0"}}},{"from":[1.69971,-1.79701,5.0],"to":[3.69971,4.20299,11.0],"rotation":{"angle":-22.5,"axis":"z","origin":[3.69971,0.20299,9.0]},"faces":{"north":{"uv":[13.375,12.0,13.25,12.125],"texture":"#0","tintindex":0.0},"east":{"uv":[13.375,12.0,13.25,12.125],"texture":"#0","tintindex":0.0},"south":{"uv":[13.25,12.125,13.0,12.875],"texture":"#0","tintindex":0.0},"west":{"uv":[13.25,11.375,12.5,12.125],"texture":"#0","tintindex":0.0},"up":{"uv":[13.375,12.0,13.25,12.125],"texture":"#0","tintindex":0.0},"down":{"uv":[13.375,12.0,13.25,12.125],"texture":"#0","tintindex":0.0}}},{"from":[12.30029,-1.79701,5.0],"to":[14.30029,4.20299,11.0],"rotation":{"angle":22.5,"axis":"z","origin":[12.30029,0.20299,9.0]},"faces":{"north":{"uv":[13.25,12.0,13.375,12.125],"texture":"#0","tintindex":0.0},"east":{"uv":[12.5,11.375,13.25,12.125],"texture":"#0","tintindex":0.0},"south":{"uv":[13.0,12.125,13.25,12.875],"texture":"#0","tintindex":0.0},"west":{"uv":[13.25,12.0,13.375,12.125],"texture":"#0","tintindex":0.0},"up":{"uv":[13.25,12.0,13.375,12.125],"texture":"#0","tintindex":0.0},"down":{"uv":[13.25,12.0,13.375,12.125],"texture":"#0","tintindex":0.0}}},{"from":[3.0,5.74,3.0],"to":[13.0,10.74,5.0],"rotation":{"angle":0.0,"axis":"y","origin":[9.5,6.24,8.0]},"faces":{"north":{"uv":[13.5,11.375,14.75,12.0],"texture":"#0"},"east":{"uv":[13.25,11.375,13.5,12.0],"texture":"#0"},"south":{"uv":[14.75,12.25,13.5,12.875],"texture":"#0"},"west":{"uv":[13.5,11.375,13.25,12.0],"texture":"#0"},"up":{"uv":[13.5,12.0,14.75,12.25],"texture":"#0"},"down":{"uv":[11.0,13.25,12.25,13.5],"texture":"#0"}}},{"name":"cube inverted","from":[13.01,9.75,13.01],"to":[2.99,3.73,4.99],"rotation":{"angle":0.0,"axis":"y","origin":[-9.5,-6.24,-8.0]},"faces":{"north":{"uv":[11.25,13.25,12.5,12.5],"texture":"#0","tintindex":0.0},"east":{"uv":[12.5,12.125,11.5,11.375],"texture":"#0","tintindex":0.0},"south":{"uv":[11.0,14.25,12.25,13.5],"texture":"#0","tintindex":0.0},"west":{"uv":[11.5,12.125,12.5,11.375],"texture":"#0","tintindex":0.0},"up":{"uv":[13.375,12.0,13.25,12.125],"texture":"#0","tintindex":0.0},"down":{"uv":[13.5,13.25,12.25,14.25],"texture":"#0","tintindex":0.0}}},{"name":"cube inverted","from":[13.0,3.74,13.0],"to":[3.0,0.74,11.0],"rotation":{"angle":0.0,"axis":"y","origin":[-9.5,-6.24,-8.0]},"faces":{"north":{"uv":[11.25,12.5,12.5,12.125],"texture":"#0","tintindex":0.0},"east":{"uv":[11.5,11.75,11.25,11.375],"texture":"#0","tintindex":0.0},"south":{"uv":[13.375,12.125,13.5,12.0],"texture":"#0","tintindex":0.0},"west":{"uv":[11.25,11.75,11.5,11.375],"texture":"#0","tintindex":0.0},"up":{"uv":[13.5,12.0,13.375,12.125],"texture":"#0","tintindex":0.0},"down":{"uv":[13.5,12.0,13.375,12.125],"texture":"#0","tintindex":0.0}}}],"gui_light":"front","display":{"thirdperson_righthand":{"rotation":[64.25,0.0,0.0],"scale":[0.44336,0.44336,0.44336]},"thirdperson_lefthand":{"rotation":[64.25,0.0,0.0],"scale":[0.44336,0.44336,0.44336]},"firstperson_righthand":{"scale":[0.0,0.0,0.0]},"firstperson_lefthand":{"scale":[0.0,0.0,0.0]},"ground":{"translation":[0.0,4.25,0.0],"scale":[0.43945,0.43945,0.43945]},"gui":{"rotation":[-149.61,-31.92,-180.0],"translation":[0.0,2.75,0.0],"scale":[0.85937,0.85937,0.85937]},"head":{"translation":[0.0,6.75,0.0],"scale":[1.6,1.6,1.6]}}}