{"textures":{"1":"mcc:island_cosmetics/general/hat/skull/skull","2":"mcc:island_cosmetics/general/hat/plunderers_bandana/plunderers_bandana","3":"mcc:island_cosmetics/general/hat/skull/pirate","particle":"mcc:island_cosmetics/general/hat/plunderers_bandana/plunderers_bandana"},"display":{"thirdperson_righthand":{"translation":[0.0,1.0,0.75],"rotation":[55.5,34.0,0.0],"scale":[0.52539,0.52539,0.52539]},"thirdperson_lefthand":{"translation":[0.0,1.0,0.75],"rotation":[55.5,34.0,0.0],"scale":[0.52539,0.52539,0.52539]},"firstperson_righthand":{"translation":[9.5,0.0,-5.75],"rotation":[21.0,114.5,-13.75],"scale":[0.41992,0.41992,0.41992]},"firstperson_lefthand":{"translation":[9.5,0.0,-5.75],"rotation":[21.0,114.5,-13.75],"scale":[0.41992,0.41992,0.41992]},"gui":{"translation":[0.0,1.75,0.0],"rotation":[-149.61,-31.92,-180.0],"scale":[0.83007,0.83007,0.83007]},"head":{"translation":[0.0,4.5,0.0],"scale":[1.62539,1.62539,1.62539]}},"credit":"Made with Blockbench","texture_size":[48.0,48.0],"elements":[{"from":[2.5,2.0,2.5],"to":[13.5,11.0,13.5],"rotation":{"angle":0.0,"axis":"x","origin":[8.5,9.5,7.5]},"faces":{"north":{"uv":[1.66667,12.0,5.33333,15.0],"texture":"#1"},"east":{"uv":[9.0,12.0,5.33333,15.0],"texture":"#1"},"south":{"uv":[9.0,12.0,12.66667,15.0],"texture":"#1"},"west":{"uv":[5.33333,12.0,9.0,15.0],"texture":"#1"},"up":{"uv":[9.0,8.33333,5.33333,12.0],"texture":"#1"},"down":{"uv":[9.0,8.33333,12.66667,12.0],"texture":"#1"}}},{"from":[2.3,2.8,2.3],"to":[13.7,9.2,13.7],"rotation":{"angle":0.0,"axis":"x","origin":[7.5,9.5,7.5]},"faces":{"north":{"uv":[5.5,6.5,0.0,9.5],"texture":"#3"},"west":{"uv":[11.0,6.0,5.5,9.0],"texture":"#3"}}},{"from":[4.0,0.0,2.5],"to":[12.0,2.0,4.5],"rotation":{"angle":0.0,"axis":"x","origin":[8.0,0.5,4.5]},"faces":{"north":{"uv":[1.66667,15.0,4.33333,15.66667],"texture":"#1"},"east":{"uv":[4.33333,15.0,5.0,15.66667],"texture":"#1"},"south":{"uv":[1.66667,15.0,4.33333,15.66667],"texture":"#1"},"west":{"uv":[4.33333,15.0,5.0,15.66667],"texture":"#1"},"up":{"uv":[1.66667,15.0,4.33333,15.33333],"texture":"#1"},"down":{"uv":[5.0,15.0,7.66667,15.66667],"texture":"#1"}}},{"name":"cube inverted","from":[13.5,9.0,3.5],"to":[2.5,3.0,2.5],"rotation":{"angle":0.0,"axis":"y","origin":[8.5,9.5,7.5]},"faces":{"north":{"uv":[0.0,12.5,5.50001,9.5],"texture":"#3"}}},{"name":"cube inverted","from":[13.5,9.0,3.5],"to":[2.5,3.0,2.5],"rotation":{"angle":0.0,"axis":"y","origin":[8.5,9.5,7.5]},"faces":{"north":{"uv":[7.66667,8.0,11.33333,6.0],"texture":"#1"},"east":{"uv":[7.66667,8.0,8.0,6.0],"texture":"#1"},"west":{"uv":[7.66667,8.0,8.0,6.0],"texture":"#1"},"up":{"uv":[7.66667,7.66667,11.33333,8.0],"texture":"#1"},"down":{"uv":[7.66667,6.0,11.33333,6.33333],"texture":"#1"}}},{"from":[1.85,7.27042,1.85],"to":[14.15,12.97042,14.15],"rotation":{"angle":0.0,"axis":"x","origin":[8.0,10.12042,8.0]},"faces":{"north":{"uv":[0.0,3.0,6.0,5.5],"texture":"#3","tintindex":0.0},"east":{"uv":[0.0,0.0,6.0,2.5],"texture":"#3","tintindex":0.0},"south":{"uv":[0.0,3.0,6.0,5.5],"texture":"#3","tintindex":0.0},"west":{"uv":[0.0,0.0,6.0,2.5],"texture":"#3","tintindex":0.0},"up":{"uv":[6.0,0.0,12.0,6.0],"texture":"#3","tintindex":0.0}}},{"from":[16.5247,-3.39415,10.4625],"to":[16.5247,7.60585,13.7625],"rotation":{"angle":-45.0,"axis":"y","origin":[12.0104,7.66192,9.2375]},"faces":{"north":{"uv":[0.0,0.0,1.0,1.0],"texture":"#2","tintindex":0.0},"east":{"uv":[4.0,5.0,7.0,15.0],"texture":"#2","tintindex":0.0},"south":{"uv":[0.0,0.0,1.0,1.0],"texture":"#2","tintindex":0.0},"west":{"uv":[7.0,5.0,4.0,15.0],"texture":"#2","tintindex":0.0},"up":{"uv":[0.0,0.0,1.0,1.0],"texture":"#2","tintindex":0.0},"down":{"uv":[0.0,0.0,1.0,1.0],"texture":"#2","tintindex":0.0}}},{"from":[16.7997,-1.29415,8.6625],"to":[16.7997,9.70585,13.0625],"rotation":{"angle":-45.0,"axis":"y","origin":[12.0104,7.66192,9.2375]},"faces":{"north":{"uv":[0.0,0.0,1.0,1.0],"texture":"#2","tintindex":0.0},"east":{"uv":[4.0,5.0,0.0,15.0],"texture":"#2","tintindex":0.0},"south":{"uv":[4.0,5.0,0.0,13.0],"texture":"#2","tintindex":0.0},"west":{"uv":[0.0,5.0,4.0,15.0],"texture":"#2","tintindex":0.0},"up":{"uv":[0.0,0.0,1.0,1.0],"texture":"#2","tintindex":0.0},"down":{"uv":[0.0,0.0,1.0,1.0],"texture":"#2","tintindex":0.0}}},{"name":"cube inverted","from":[14.15,12.97042,14.15],"to":[1.85,7.27042,1.85],"rotation":{"angle":0.0,"axis":"x","origin":[12.0104,7.66192,9.2375]},"faces":{"north":{"uv":[0.0,5.5,6.0,3.0],"texture":"#3","tintindex":0.0},"east":{"uv":[0.0,2.5,6.0,0.0],"texture":"#3","tintindex":0.0},"south":{"uv":[0.0,5.5,6.0,3.0],"texture":"#3","tintindex":0.0},"west":{"uv":[0.0,2.5,6.0,0.0],"texture":"#3","tintindex":0.0},"down":{"uv":[12.0,0.0,6.0,6.0],"texture":"#3","tintindex":0.0}}}],"gui_light":"front"}