{"textures":{"1":"mcc:island_cosmetics/general/hat/emoji_head/emoji_head_anim","2":"mcc:island_cosmetics/general/hat/emoji_head/emoji_head"},"display":{"thirdperson_righthand":{"translation":[0.0,1.0,0.75],"rotation":[55.5,34.0,0.0],"scale":[0.52539,0.52539,0.52539]},"thirdperson_lefthand":{"translation":[0.0,1.0,0.75],"rotation":[55.5,34.0,0.0],"scale":[0.52539,0.52539,0.52539]},"firstperson_righthand":{"translation":[9.5,0.0,-5.75],"rotation":[21.0,114.5,-13.75],"scale":[0.41992,0.41992,0.41992]},"firstperson_lefthand":{"translation":[9.5,0.0,-5.75],"rotation":[21.0,114.5,-13.75],"scale":[0.41992,0.41992,0.41992]},"gui":{"translation":[-0.25,1.5,0.0],"rotation":[-149.61,-31.92,-180.0],"scale":[0.75195,0.75195,0.75195]},"head":{"translation":[0.0,6.5,0.0],"scale":[1.62734,1.62734,1.62734]}},"credit":"Made with Blockbench","texture_size":[32.0,32.0],"elements":[{"from":[2.0,-0.5,2.0],"to":[14.0,11.5,14.0],"rotation":{"angle":0.0,"axis":"x","origin":[7.0,9.5,7.0]},"faces":{"north":{"uv":[2.0,2.0,14.0,14.0],"texture":"#1"},"east":{"uv":[6.5,0.0,12.5,6.0],"texture":"#2"},"south":{"uv":[6.5,0.0,12.5,6.0],"texture":"#2"},"west":{"uv":[6.5,0.0,12.5,6.0],"texture":"#2"},"up":{"uv":[0.0,6.0,6.0,12.0],"texture":"#2"},"down":{"uv":[6.0,6.0,12.0,12.0],"texture":"#2"}}},{"from":[14.5,12.0,14.5],"to":[1.5,-1.0,1.5],"rotation":{"angle":0.0,"axis":"x","origin":[19.5,9.5,19.5]},"faces":{"north":{"uv":[6.25,4.75,6.375,4.875],"texture":"#2"},"east":{"uv":[6.25,4.75,6.375,4.875],"texture":"#2"},"south":{"uv":[6.25,4.75,6.375,4.875],"texture":"#2"},"west":{"uv":[6.25,4.75,6.375,4.875],"texture":"#2"},"up":{"uv":[6.25,4.75,6.375,4.875],"texture":"#2"},"down":{"uv":[6.25,4.75,6.375,4.875],"texture":"#2"}}}],"gui_light":"front"}