{"textures":{"2":"mcc:island_cosmetics/general/hat/wizard_hat/wizard_hat"},"display":{"thirdperson_righthand":{"translation":[0.0,1.0,0.75],"rotation":[55.5,34.0,0.0],"scale":[0.52539,0.52539,0.52539]},"thirdperson_lefthand":{"translation":[0.0,1.0,0.75],"rotation":[55.5,34.0,0.0],"scale":[0.52539,0.52539,0.52539]},"firstperson_righthand":{"translation":[9.5,0.0,-5.75],"rotation":[21.0,114.5,-13.75],"scale":[0.41992,0.41992,0.41992]},"firstperson_lefthand":{"translation":[9.5,0.0,-5.75],"rotation":[21.0,114.5,-13.75],"scale":[0.41992,0.41992,0.41992]},"gui":{"translation":[0.25,-1.0,0.0],"rotation":[-137.23,-50.79,-161.6],"scale":[0.66601,0.66601,0.66601]},"head":{"translation":[0.0,8.0,0.25],"rotation":[8.0,0.0,0.0],"scale":[1.67227,1.67227,1.67227]}},"credit":"Made with Blockbench","texture_size":[48.0,48.0],"elements":[{"from":[3.5,5.0,3.5],"to":[12.5,10.0,12.5],"rotation":{"angle":0.0,"axis":"y","origin":[-0.5,0.0,-1.5]},"faces":{"north":{"uv":[0.0,0.33333,3.0,2.0],"texture":"#2","tintindex":0.0},"east":{"uv":[0.0,0.33333,3.0,2.0],"texture":"#2","tintindex":0.0},"south":{"uv":[0.0,0.33333,3.0,2.0],"texture":"#2","tintindex":0.0},"west":{"uv":[0.0,0.33333,3.0,2.0],"texture":"#2","tintindex":0.0},"up":{"uv":[0.0,5.66667,3.0,8.66667],"texture":"#2","tintindex":0.0}}},{"from":[3.5,5.0,3.5],"to":[12.5,10.0,12.5],"rotation":{"angle":0.0,"axis":"y","origin":[-0.5,0.0,-1.5]},"faces":{"north":{"uv":[5.33333,2.0,8.33333,3.66667],"texture":"#2"},"east":{"uv":[5.33333,0.33333,8.33333,2.0],"texture":"#2"},"south":{"uv":[5.33333,2.0,8.33333,3.66667],"texture":"#2"},"west":{"uv":[5.33333,0.33333,8.33333,2.0],"texture":"#2"}}},{"from":[4.5,9.0,4.5],"to":[11.5,15.0,11.5],"rotation":{"angle":0.0,"axis":"x","origin":[8.0,9.25,7.75]},"faces":{"north":{"uv":[3.0,0.0,5.33333,2.0],"texture":"#2","tintindex":0.0},"east":{"uv":[3.0,0.0,5.33333,2.0],"texture":"#2","tintindex":0.0},"south":{"uv":[3.0,0.0,5.33333,2.0],"texture":"#2","tintindex":0.0},"west":{"uv":[3.0,0.0,5.33333,2.0],"texture":"#2","tintindex":0.0},"up":{"uv":[3.33333,3.66667,5.66667,6.0],"texture":"#2","tintindex":0.0},"down":{"uv":[0.0,0.0,0.0,0.0],"texture":"#2","tintindex":0.0}}},{"from":[4.4,8.9,4.4],"to":[11.6,15.1,11.6],"rotation":{"angle":0.0,"axis":"x","origin":[8.0,9.25,7.75]},"faces":{"north":{"uv":[0.0,14.0,2.33333,16.0],"texture":"#2"},"east":{"uv":[4.0,14.0,6.33333,16.0],"texture":"#2"},"south":{"uv":[0.0,14.0,2.33333,16.0],"texture":"#2"},"west":{"uv":[4.0,14.0,6.33333,16.0],"texture":"#2"}}},{"from":[6.07727,13.75,4.5],"to":[10.07727,18.75,8.5],"rotation":{"angle":22.5,"axis":"x","origin":[8.57727,9.25,7.75]},"faces":{"north":{"uv":[1.33333,2.0,2.66667,3.66667],"texture":"#2","tintindex":0.0},"east":{"uv":[1.33333,2.0,0.0,3.66667],"texture":"#2","tintindex":0.0},"south":{"uv":[2.66667,2.0,4.0,3.66667],"texture":"#2","tintindex":0.0},"west":{"uv":[0.0,2.0,1.33333,3.66667],"texture":"#2","tintindex":0.0},"up":{"uv":[3.0,6.0,4.33333,7.33333],"texture":"#2","tintindex":0.0},"down":{"uv":[0.0,0.0,0.0,0.0],"texture":"#2","tintindex":0.0}}},{"from":[5.97727,13.65,4.4],"to":[10.17727,18.85,8.6],"rotation":{"angle":22.5,"axis":"x","origin":[8.57727,9.25,7.75]},"faces":{"north":{"uv":[2.33333,14.0,3.66667,15.66667],"texture":"#2"},"east":{"uv":[2.33333,14.0,3.66667,15.66667],"texture":"#2"},"south":{"uv":[2.33333,14.0,3.66667,15.66667],"texture":"#2"},"west":{"uv":[2.33333,14.0,3.66667,15.66667],"texture":"#2"}}},{"from":[8.07727,14.75,4.5],"to":[8.07727,20.75,14.5],"rotation":{"angle":22.5,"axis":"x","origin":[8.57727,9.25,7.75]},"faces":{"north":{"uv":[0.0,0.0,0.0,0.0],"texture":"#2","tintindex":0.0},"east":{"uv":[3.33333,3.66667,0.0,5.66667],"texture":"#2","tintindex":0.0},"south":{"uv":[0.0,0.0,0.0,0.0],"texture":"#2","tintindex":0.0},"west":{"uv":[0.0,3.66667,3.33333,5.66667],"texture":"#2","tintindex":0.0},"up":{"uv":[0.0,0.0,0.0,0.0],"texture":"#2","tintindex":0.0},"down":{"uv":[0.0,0.0,0.0,0.0],"texture":"#2","tintindex":0.0}}},{"from":[8.07727,14.75,4.5],"to":[8.07727,20.75,14.5],"rotation":{"angle":22.5,"axis":"x","origin":[8.57727,9.25,7.75]},"faces":{"north":{"uv":[0.0,0.0,0.0,0.0],"texture":"#2"},"east":{"uv":[9.0,3.66667,5.66667,5.66667],"texture":"#2"},"south":{"uv":[0.0,0.0,0.0,0.0],"texture":"#2"},"west":{"uv":[5.66667,3.66667,9.0,5.66667],"texture":"#2"},"up":{"uv":[0.0,0.0,0.0,0.0],"texture":"#2"},"down":{"uv":[0.0,0.0,0.0,0.0],"texture":"#2"}}},{"from":[0.5,5.0,0.5],"to":[15.5,5.0,15.5],"rotation":{"angle":0.0,"axis":"y","origin":[0.5,0.0,-1.5]},"faces":{"up":{"uv":[0.0,9.0,5.0,14.0],"texture":"#2","tintindex":0.0},"down":{"uv":[5.0,9.0,10.0,14.0],"texture":"#2"}}},{"from":[0.5,5.25,0.5],"to":[15.5,5.25,15.5],"rotation":{"angle":0.0,"axis":"y","origin":[0.5,0.0,-1.5]},"faces":{"up":{"uv":[10.0,9.0,15.0,14.0],"texture":"#2"}}},{"from":[0.5,-2.27299,0.93621],"to":[15.5,-2.27299,3.93621],"rotation":{"angle":-22.5,"axis":"x","origin":[-2.5,-7.27299,-16.06379]},"faces":{"north":{"uv":[5.66667,21.0,12.66667,21.66667],"texture":"#missing","tintindex":0.0},"east":{"uv":[5.66667,21.0,12.66667,21.66667],"texture":"#missing","tintindex":0.0},"south":{"uv":[5.66667,21.0,12.66667,21.66667],"texture":"#missing","tintindex":0.0},"west":{"uv":[5.66667,21.0,12.66667,21.66667],"texture":"#missing","tintindex":0.0},"up":{"uv":[5.66667,7.0,10.66667,8.0],"texture":"#2","tintindex":0.0},"down":{"uv":[8.66667,1.66667,13.66667,0.66667],"texture":"#2"}}},{"from":[0.5,-2.27299,0.93621],"to":[15.5,-2.27299,3.93621],"rotation":{"angle":-22.5,"axis":"x","origin":[-2.5,-7.27299,-16.06379]},"faces":{"north":{"uv":[5.66667,21.0,12.66667,21.66667],"texture":"#missing","tintindex":0.0},"east":{"uv":[5.66667,21.0,12.66667,21.66667],"texture":"#missing","tintindex":0.0},"south":{"uv":[5.66667,21.0,12.66667,21.66667],"texture":"#missing","tintindex":0.0},"west":{"uv":[5.66667,21.0,12.66667,21.66667],"texture":"#missing","tintindex":0.0},"up":{"uv":[5.66667,6.0,10.66667,7.0],"texture":"#2"}}},{"from":[0.5,-2.27299,12.06379],"to":[15.5,-2.27299,15.06379],"rotation":{"angle":22.5,"axis":"x","origin":[-2.5,-7.27299,32.06379]},"faces":{"north":{"uv":[12.66667,21.0,5.66667,21.66667],"texture":"#missing","tintindex":0.0},"east":{"uv":[12.66667,21.0,5.66667,21.66667],"texture":"#missing","tintindex":0.0},"south":{"uv":[12.66667,21.0,5.66667,21.66667],"texture":"#missing","tintindex":0.0},"west":{"uv":[12.66667,21.0,5.66667,21.66667],"texture":"#missing","tintindex":0.0},"up":{"uv":[5.66667,7.0,10.66667,6.0],"texture":"#2"}}},{"from":[-1.70907,7.82636,0.5],"to":[1.29093,7.82636,15.5],"rotation":{"angle":22.5,"axis":"z","origin":[8.0,4.42605,8.0]},"faces":{"north":{"uv":[12.66667,21.0,5.66667,21.66667],"texture":"#missing","tintindex":0.0},"east":{"uv":[12.66667,21.0,5.66667,21.66667],"texture":"#missing","tintindex":0.0},"south":{"uv":[12.66667,21.0,5.66667,21.66667],"texture":"#missing","tintindex":0.0},"west":{"uv":[12.66667,21.0,5.66667,21.66667],"texture":"#missing","tintindex":0.0},"up":{"uv":[5.66667,7.0,10.66667,6.0],"rotation":90.0,"texture":"#2"}}},{"from":[14.70907,7.82636,0.5],"to":[17.70907,7.82636,15.5],"rotation":{"angle":-22.5,"axis":"z","origin":[8.0,4.42605,8.0]},"faces":{"north":{"uv":[5.66667,21.0,12.66667,21.66667],"texture":"#missing","tintindex":0.0},"east":{"uv":[5.66667,21.0,12.66667,21.66667],"texture":"#missing","tintindex":0.0},"south":{"uv":[5.66667,21.0,12.66667,21.66667],"texture":"#missing","tintindex":0.0},"west":{"uv":[5.66667,21.0,12.66667,21.66667],"texture":"#missing","tintindex":0.0},"up":{"uv":[5.66667,6.0,10.66667,7.0],"rotation":90.0,"texture":"#2"}}},{"from":[0.5,-2.27299,12.06379],"to":[15.5,-2.27299,15.06379],"rotation":{"angle":22.5,"axis":"x","origin":[-2.5,-7.27299,32.06379]},"faces":{"north":{"uv":[12.66667,21.0,5.66667,21.66667],"texture":"#missing","tintindex":0.0},"east":{"uv":[12.66667,21.0,5.66667,21.66667],"texture":"#missing","tintindex":0.0},"south":{"uv":[12.66667,21.0,5.66667,21.66667],"texture":"#missing","tintindex":0.0},"west":{"uv":[12.66667,21.0,5.66667,21.66667],"texture":"#missing","tintindex":0.0},"up":{"uv":[5.66667,8.0,10.66667,7.0],"texture":"#2","tintindex":0.0},"down":{"uv":[8.66667,0.66667,13.66667,1.66667],"texture":"#2"}}},{"from":[-1.70907,7.82636,0.5],"to":[1.29093,7.82636,15.5],"rotation":{"angle":22.5,"axis":"z","origin":[8.0,4.42605,8.0]},"faces":{"north":{"uv":[12.66667,21.0,5.66667,21.66667],"texture":"#missing","tintindex":0.0},"east":{"uv":[12.66667,21.0,5.66667,21.66667],"texture":"#missing","tintindex":0.0},"south":{"uv":[12.66667,21.0,5.66667,21.66667],"texture":"#missing","tintindex":0.0},"west":{"uv":[12.66667,21.0,5.66667,21.66667],"texture":"#missing","tintindex":0.0},"up":{"uv":[5.66667,8.0,10.66667,7.0],"rotation":90.0,"texture":"#2","tintindex":0.0},"down":{"uv":[8.66667,0.66667,13.66667,1.66667],"rotation":270.0,"texture":"#2"}}},{"from":[14.70907,7.82636,0.5],"to":[17.70907,7.82636,15.5],"rotation":{"angle":-22.5,"axis":"z","origin":[8.0,4.42605,8.0]},"faces":{"north":{"uv":[5.66667,21.0,12.66667,21.66667],"texture":"#missing","tintindex":0.0},"east":{"uv":[5.66667,21.0,12.66667,21.66667],"texture":"#missing","tintindex":0.0},"south":{"uv":[5.66667,21.0,12.66667,21.66667],"texture":"#missing","tintindex":0.0},"west":{"uv":[5.66667,21.0,12.66667,21.66667],"texture":"#missing","tintindex":0.0},"up":{"uv":[5.66667,7.0,10.66667,8.0],"rotation":90.0,"texture":"#2","tintindex":0.0},"down":{"uv":[8.66667,1.66667,13.66667,0.66667],"rotation":270.0,"texture":"#2"}}}],"gui_light":"front"}