{"textures":{"0":"mcc:island_cosmetics/head/head_4","particle":"mcc:island_cosmetics/head/head_4"},"credit":"Made with Blockbench","texture_size":[128.0,128.0],"elements":[{"from":[2.5,0.0,2.5],"to":[13.5,11.0,13.5],"rotation":{"angle":0.0,"axis":"x","origin":[8.0,5.5,8.0]},"faces":{"north":{"uv":[14.625,13.5,16.0,14.875],"texture":"#0"},"east":{"uv":[13.25,13.875,14.625,15.25],"texture":"#0"},"south":{"uv":[13.25,13.875,14.625,15.25],"texture":"#0"},"west":{"uv":[13.25,13.875,14.625,15.25],"texture":"#0"},"up":{"uv":[11.875,13.875,13.25,15.25],"texture":"#0"},"down":{"uv":[11.375,12.5,12.75,13.875],"texture":"#0"}}}],"gui_light":"front","display":{"thirdperson_righthand":{"rotation":[63.0,34.0,0.0],"translation":[0.0,1.0,-1.0],"scale":[0.52539,0.52539,0.52539]},"thirdperson_lefthand":{"rotation":[63.0,34.0,0.0],"translation":[0.0,1.0,-1.0],"scale":[0.52539,0.52539,0.52539]},"firstperson_righthand":{"rotation":[3.0,112.0,-13.0],"translation":[9.5,0.0,-5.75],"scale":[0.41992,0.41992,0.41992]},"firstperson_lefthand":{"rotation":[3.0,112.0,-13.0],"translation":[9.5,0.0,-5.75],"scale":[0.41992,0.41992,0.41992]},"ground":{"translation":[0.0,4.25,0.0],"scale":[0.28906,0.28906,0.28906]},"gui":{"rotation":[-149.61,-31.92,-180.0],"translation":[0.0,1.75,0.0],"scale":[0.83398,0.83398,0.83398]},"head":{"translation":[0.0,5.25,0.0],"scale":[1.61172,1.61172,1.61172]},"fixed":{"translation":[0.0,-3.25,-7.5]}}}