{"textures":{"0":"mcc:island_cosmetics/head/head_8","particle":"mcc:island_cosmetics/head/head_8"},"credit":"Made with Blockbench","texture_size":[128.0,128.0],"elements":[{"from":[3.0,7.0,3.0],"to":[13.0,12.0,13.0],"rotation":{"angle":0.0,"axis":"x","origin":[7.0,9.5,7.0]},"faces":{"north":{"uv":[0.0,3.875,1.25,4.5],"texture":"#0","tintindex":0.0},"east":{"uv":[0.0,3.875,1.25,4.5],"texture":"#0","tintindex":0.0},"south":{"uv":[0.0,3.875,1.25,4.5],"texture":"#0","tintindex":0.0},"west":{"uv":[0.0,3.875,1.25,4.5],"texture":"#0","tintindex":0.0},"up":{"uv":[0.0,2.625,1.25,3.875],"texture":"#0","tintindex":0.0}}},{"from":[2.8,6.8,5.3],"to":[13.2,12.2,10.7],"rotation":{"angle":0.0,"axis":"x","origin":[7.0,9.5,6.5]},"faces":{"east":{"uv":[1.875,2.125,1.25,2.75],"texture":"#0"},"west":{"uv":[1.25,2.125,1.875,2.75],"texture":"#0"},"up":{"uv":[1.25,1.5,0.0,2.125],"texture":"#0"}}},{"from":[3.0,12.0,8.0],"to":[13.0,16.0,8.0],"rotation":{"angle":0.0,"axis":"x","origin":[8.0,9.5,7.5]},"faces":{"north":{"uv":[1.25,1.0,0.0,1.5],"texture":"#0"},"east":{"uv":[6.125,2.875,5.375,4.0],"texture":"#missing"},"south":{"uv":[1.25,1.0,0.0,1.5],"texture":"#0"},"west":{"uv":[5.375,2.875,6.125,4.0],"texture":"#missing"},"up":{"uv":[7.125,2.125,8.25,2.875],"texture":"#missing"},"down":{"uv":[7.125,1.375,8.25,2.125],"texture":"#missing"}}},{"from":[3.0,8.64503,-1.72484],"to":[13.0,8.64503,2.27516],"rotation":{"angle":-22.5,"axis":"x","origin":[8.5,9.64503,6.77516]},"faces":{"north":{"uv":[5.625,1.5,5.75,1.625],"texture":"#missing"},"east":{"uv":[12.5,0.0,13.125,0.125],"texture":"#missing"},"south":{"uv":[10.5,1.125,10.625,1.25],"texture":"#missing"},"west":{"uv":[12.5,0.0,13.125,0.125],"texture":"#missing"},"up":{"uv":[0.0,2.125,1.25,2.625],"texture":"#0"},"down":{"uv":[0.0,2.625,1.25,2.125],"texture":"#0"}}},{"from":[3.0,8.64503,13.72484],"to":[13.0,8.64503,17.72484],"rotation":{"angle":22.5,"axis":"x","origin":[8.5,9.64503,9.22484]},"faces":{"north":{"uv":[10.625,1.125,10.5,1.25],"texture":"#missing"},"east":{"uv":[13.125,0.0,12.5,0.125],"texture":"#missing"},"south":{"uv":[5.75,1.5,5.625,1.625],"texture":"#missing"},"west":{"uv":[13.125,0.0,12.5,0.125],"texture":"#missing"},"up":{"uv":[0.0,2.625,1.25,2.125],"texture":"#0"},"down":{"uv":[0.0,2.125,1.25,2.625],"texture":"#0"}}},{"name":"cube inverted","from":[13.0,12.0,13.0],"to":[3.0,7.0,3.0],"rotation":{"angle":0.0,"axis":"x","origin":[7.0,9.5,7.0]},"faces":{"north":{"uv":[0.0,4.5,1.25,3.875],"texture":"#0","tintindex":0.0},"east":{"uv":[0.0,4.5,1.25,3.875],"texture":"#0","tintindex":0.0},"south":{"uv":[0.0,4.5,1.25,3.875],"texture":"#0","tintindex":0.0},"west":{"uv":[0.0,4.5,1.25,3.875],"texture":"#0","tintindex":0.0},"down":{"uv":[1.25,2.625,0.0,3.875],"texture":"#0","tintindex":0.0}}},{"name":"cube inverted","from":[13.2,12.2,10.7],"to":[2.8,6.8,5.3],"rotation":{"angle":0.0,"axis":"x","origin":[7.0,9.5,6.5]},"faces":{"east":{"uv":[1.25,2.75,1.875,2.125],"texture":"#0"},"west":{"uv":[1.875,2.75,1.25,2.125],"texture":"#0"},"down":{"uv":[0.0,1.5,1.25,2.125],"texture":"#0"}}}],"gui_light":"front","display":{"thirdperson_righthand":{"rotation":[55.5,34.0,0.0],"translation":[0.0,1.0,0.75],"scale":[0.52539,0.52539,0.52539]},"thirdperson_lefthand":{"rotation":[55.5,34.0,0.0],"translation":[0.0,1.0,0.75],"scale":[0.52539,0.52539,0.52539]},"firstperson_righthand":{"rotation":[21.0,114.5,-13.75],"translation":[9.5,0.0,-5.75],"scale":[0.41992,0.41992,0.41992]},"firstperson_lefthand":{"rotation":[21.0,114.5,-13.75],"translation":[9.5,0.0,-5.75],"scale":[0.41992,0.41992,0.41992]},"gui":{"rotation":[-149.61,-31.92,-180.0],"translation":[-0.25,0.0,0.0],"scale":[0.9082,0.9082,0.9082]},"head":{"translation":[0.0,4.75,0.0],"scale":[1.57657,1.57657,1.57657]}}}