{"textures":{"0":"mcc:island_cosmetics/head/head_beta","1":"mcc:island_cosmetics/head/tester_anim","particle":"mcc:island_cosmetics/head/head_beta"},"credit":"Made with Blockbench","elements":[{"from":[3.5,9.0,3.5],"to":[12.5,13.0,12.5],"rotation":{"angle":0.0,"axis":"y","origin":[15.5,0.0,-1.5]},"faces":{"north":{"uv":[3.875,5.25,2.75,5.75],"texture":"#0"},"east":{"uv":[3.875,4.625,2.75,5.125],"texture":"#0"},"south":{"uv":[3.875,4.625,2.75,5.125],"texture":"#0"},"west":{"uv":[3.875,4.625,2.75,5.125],"texture":"#0"},"up":{"uv":[5.125,3.875,4.0,5.0],"texture":"#0"}}},{"from":[3.0,10.5,12.5],"to":[3.0,12.5,22.5],"rotation":{"angle":0.0,"axis":"y","origin":[15.5,0.0,-1.5]},"faces":{"north":{"uv":[3.875,5.25,2.75,5.75],"texture":"#0"},"east":{"uv":[0.0,1.0,10.0,3.0],"texture":"#1"},"south":{"uv":[3.875,4.625,2.75,5.125],"texture":"#0"},"west":{"uv":[10.0,1.0,0.0,3.0],"texture":"#1"},"up":{"uv":[5.125,3.875,4.0,5.0],"texture":"#0"}}},{"from":[13.0,10.5,12.5],"to":[13.0,12.5,22.5],"rotation":{"angle":0.0,"axis":"y","origin":[0.5,0.0,-1.5]},"faces":{"north":{"uv":[2.75,5.25,3.875,5.75],"texture":"#0"},"east":{"uv":[0.0,1.0,10.0,3.0],"texture":"#1"},"south":{"uv":[2.75,4.625,3.875,5.125],"texture":"#0"},"west":{"uv":[10.0,1.0,0.0,3.0],"texture":"#1"},"up":{"uv":[4.0,3.875,5.125,5.0],"texture":"#0"}}},{"from":[7.0,13.25,7.0],"to":[9.0,13.25,9.0],"rotation":{"angle":0.0,"axis":"y","origin":[19.0,0.0,2.0]},"faces":{"north":{"uv":[3.875,5.25,2.75,5.75],"texture":"#0"},"east":{"uv":[3.875,4.625,2.75,5.125],"texture":"#0"},"south":{"uv":[3.875,4.625,2.75,5.125],"texture":"#0"},"west":{"uv":[3.875,4.625,2.75,5.125],"texture":"#0"},"up":{"uv":[2.5,6.125,2.25,6.375],"texture":"#0"}}},{"from":[3.5,8.999,-1.5],"to":[12.5,9.999,3.5],"rotation":{"angle":0.0,"axis":"y","origin":[8.0,8.999,0.5]},"faces":{"east":{"uv":[2.625,3.875,2.0,4.0],"rotation":180.0,"texture":"#0"},"south":{"uv":[0.625,4.625,0.75,4.5],"rotation":270.0,"texture":"#0"},"west":{"uv":[2.0,4.875,2.625,5.0],"rotation":180.0,"texture":"#0"},"up":{"uv":[2.0,3.875,2.625,5.0],"rotation":270.0,"texture":"#0"}}},{"name":"cube inverted","from":[12.5,9.999,3.5],"to":[3.5,8.999,-1.5],"rotation":{"angle":0.0,"axis":"y","origin":[8.0,8.999,0.5]},"faces":{"north":{"uv":[0.75,4.625,0.625,4.5],"rotation":270.0,"texture":"#0"},"east":{"uv":[2.0,5.0,2.625,4.875],"rotation":180.0,"texture":"#0"},"west":{"uv":[2.625,4.0,2.0,3.875],"rotation":180.0,"texture":"#0"},"down":{"uv":[2.0,5.0,2.625,3.875],"rotation":270.0,"texture":"#0"}}},{"name":"cube inverted","from":[12.5,13.0,12.5],"to":[3.5,9.0,3.5],"rotation":{"angle":0.0,"axis":"y","origin":[15.5,0.0,-1.5]},"faces":{"north":{"uv":[3.875,5.125,2.75,4.625],"texture":"#0"},"east":{"uv":[3.875,5.125,2.75,4.625],"texture":"#0"},"south":{"uv":[3.875,5.75,2.75,5.25],"texture":"#0"},"west":{"uv":[3.875,5.125,2.75,4.625],"texture":"#0"},"down":{"uv":[4.0,3.875,5.125,5.0],"texture":"#0"}}},{"from":[12.0,8.0,11.5],"to":[13.5,12.0,13.5],"rotation":{"angle":-22.5,"axis":"x","origin":[8.5,11.5,8.0]},"faces":{"north":{"uv":[2.375,6.625,2.25,6.125],"texture":"#0"},"east":{"uv":[2.5,6.625,2.25,6.125],"texture":"#0"},"south":{"uv":[2.5,6.625,2.625,6.125],"texture":"#0"},"west":{"uv":[2.25,6.625,2.5,6.125],"texture":"#0"},"up":{"uv":[2.25,6.25,2.5,6.125],"rotation":90.0,"texture":"#0"},"down":{"uv":[2.5,6.25,2.25,6.125],"rotation":90.0,"texture":"#0"}}},{"from":[12.0,9.0,7.5],"to":[13.5,11.0,11.5],"rotation":{"angle":-22.5,"axis":"x","origin":[8.5,11.5,8.0]},"faces":{"east":{"uv":[3.0,6.5,2.5,6.25],"texture":"#0"},"west":{"uv":[3.0,6.5,2.5,6.25],"texture":"#0"},"up":{"uv":[3.0,6.375,2.5,6.25],"rotation":90.0,"texture":"#0"},"down":{"uv":[3.0,6.375,2.5,6.25],"rotation":90.0,"texture":"#0"}}},{"from":[12.0,11.0,13.5],"to":[13.5,12.0,14.5],"rotation":{"angle":-22.5,"axis":"x","origin":[8.5,11.5,8.0]},"faces":{"north":{"uv":[2.125,6.125,2.25,6.25],"texture":"#0"},"east":{"uv":[2.125,6.125,2.25,6.25],"texture":"#0"},"south":{"uv":[2.125,6.125,2.25,6.25],"texture":"#0"},"west":{"uv":[2.125,6.125,2.25,6.25],"texture":"#0"},"up":{"uv":[2.125,6.125,2.25,6.25],"texture":"#0"},"down":{"uv":[2.125,6.125,2.25,6.25],"texture":"#0"}}},{"from":[12.0,8.0,13.5],"to":[13.5,9.0,14.5],"rotation":{"angle":-22.5,"axis":"x","origin":[8.5,11.5,8.0]},"faces":{"north":{"uv":[2.125,6.125,2.25,6.25],"texture":"#0"},"east":{"uv":[2.125,6.125,2.25,6.25],"texture":"#0"},"south":{"uv":[2.125,6.125,2.25,6.25],"texture":"#0"},"west":{"uv":[2.125,6.125,2.25,6.25],"texture":"#0"},"up":{"uv":[2.125,6.125,2.25,6.25],"texture":"#0"},"down":{"uv":[2.125,6.125,2.25,6.25],"texture":"#0"}}},{"from":[12.0,7.17393,6.59708],"to":[13.5,11.17393,8.59708],"rotation":{"angle":-22.5,"axis":"x","origin":[13.25,8.32926,6.47208]},"faces":{"north":{"uv":[2.5,6.125,2.625,6.625],"rotation":180.0,"texture":"#0"},"east":{"uv":[2.5,6.125,2.25,6.625],"rotation":180.0,"texture":"#0"},"south":{"uv":[2.375,6.125,2.25,6.625],"rotation":180.0,"texture":"#0"},"west":{"uv":[2.25,6.125,2.5,6.625],"rotation":180.0,"texture":"#0"},"up":{"uv":[2.5,6.25,2.25,6.125],"rotation":90.0,"texture":"#0"},"down":{"uv":[2.25,6.25,2.5,6.125],"rotation":90.0,"texture":"#0"}}},{"from":[12.0,10.17393,5.59708],"to":[13.5,11.17393,6.59708],"rotation":{"angle":-22.5,"axis":"x","origin":[13.25,8.32926,6.47208]},"faces":{"north":{"uv":[2.125,6.25,2.25,6.125],"rotation":180.0,"texture":"#0"},"east":{"uv":[2.125,6.25,2.25,6.125],"rotation":180.0,"texture":"#0"},"south":{"uv":[2.125,6.25,2.25,6.125],"rotation":180.0,"texture":"#0"},"west":{"uv":[2.125,6.25,2.25,6.125],"rotation":180.0,"texture":"#0"},"up":{"uv":[2.125,6.25,2.25,6.125],"texture":"#0"},"down":{"uv":[2.125,6.25,2.25,6.125],"texture":"#0"}}},{"from":[12.0,7.17393,5.59708],"to":[13.5,8.17393,6.59708],"rotation":{"angle":-22.5,"axis":"x","origin":[13.25,8.32926,6.47208]},"faces":{"north":{"uv":[2.125,6.25,2.25,6.125],"rotation":180.0,"texture":"#0"},"east":{"uv":[2.125,6.25,2.25,6.125],"rotation":180.0,"texture":"#0"},"south":{"uv":[2.125,6.25,2.25,6.125],"rotation":180.0,"texture":"#0"},"west":{"uv":[2.125,6.25,2.25,6.125],"rotation":180.0,"texture":"#0"},"up":{"uv":[2.125,6.25,2.25,6.125],"texture":"#0"},"down":{"uv":[2.125,6.25,2.25,6.125],"texture":"#0"}}},{"from":[2.5,10.17393,5.59708],"to":[4.0,11.17393,6.59708],"rotation":{"angle":-22.5,"axis":"x","origin":[2.75,8.32926,6.47208]},"faces":{"north":{"uv":[2.25,6.25,2.125,6.125],"rotation":180.0,"texture":"#0"},"east":{"uv":[2.25,6.25,2.125,6.125],"rotation":180.0,"texture":"#0"},"south":{"uv":[2.25,6.25,2.125,6.125],"rotation":180.0,"texture":"#0"},"west":{"uv":[2.25,6.25,2.125,6.125],"rotation":180.0,"texture":"#0"},"up":{"uv":[2.25,6.25,2.125,6.125],"texture":"#0"},"down":{"uv":[2.25,6.25,2.125,6.125],"texture":"#0"}}},{"from":[2.5,7.17393,6.59708],"to":[4.0,11.17393,8.59708],"rotation":{"angle":-22.5,"axis":"x","origin":[2.75,8.32926,6.47208]},"faces":{"north":{"uv":[2.625,6.125,2.5,6.625],"rotation":180.0,"texture":"#0"},"east":{"uv":[2.5,6.125,2.25,6.625],"rotation":180.0,"texture":"#0"},"south":{"uv":[2.25,6.125,2.375,6.625],"rotation":180.0,"texture":"#0"},"west":{"uv":[2.25,6.125,2.5,6.625],"rotation":180.0,"texture":"#0"},"up":{"uv":[2.5,6.125,2.25,6.25],"rotation":90.0,"texture":"#0"},"down":{"uv":[2.25,6.125,2.5,6.25],"rotation":90.0,"texture":"#0"}}},{"from":[2.5,7.17393,5.59708],"to":[4.0,8.17393,6.59708],"rotation":{"angle":-22.5,"axis":"x","origin":[2.75,8.32926,6.47208]},"faces":{"north":{"uv":[2.25,6.25,2.125,6.125],"rotation":180.0,"texture":"#0"},"east":{"uv":[2.25,6.25,2.125,6.125],"rotation":180.0,"texture":"#0"},"south":{"uv":[2.25,6.25,2.125,6.125],"rotation":180.0,"texture":"#0"},"west":{"uv":[2.25,6.25,2.125,6.125],"rotation":180.0,"texture":"#0"},"up":{"uv":[2.25,6.25,2.125,6.125],"texture":"#0"},"down":{"uv":[2.25,6.25,2.125,6.125],"texture":"#0"}}},{"from":[2.5,9.0,7.5],"to":[4.0,11.0,11.5],"rotation":{"angle":-22.5,"axis":"x","origin":[7.5,11.5,8.0]},"faces":{"east":{"uv":[2.5,6.5,3.0,6.25],"texture":"#0"},"west":{"uv":[2.5,6.5,3.0,6.25],"texture":"#0"},"up":{"uv":[3.0,6.25,2.5,6.375],"rotation":90.0,"texture":"#0"},"down":{"uv":[3.0,6.25,2.5,6.375],"rotation":90.0,"texture":"#0"}}},{"from":[2.5,8.0,13.5],"to":[4.0,9.0,14.5],"rotation":{"angle":-22.5,"axis":"x","origin":[7.5,11.5,8.0]},"faces":{"north":{"uv":[2.25,6.125,2.125,6.25],"texture":"#0"},"east":{"uv":[2.25,6.125,2.125,6.25],"texture":"#0"},"south":{"uv":[2.25,6.125,2.125,6.25],"texture":"#0"},"west":{"uv":[2.25,6.125,2.125,6.25],"texture":"#0"},"up":{"uv":[2.25,6.125,2.125,6.25],"texture":"#0"},"down":{"uv":[2.25,6.125,2.125,6.25],"texture":"#0"}}},{"from":[2.5,11.0,13.5],"to":[4.0,12.0,14.5],"rotation":{"angle":-22.5,"axis":"x","origin":[7.5,11.5,8.0]},"faces":{"north":{"uv":[2.25,6.125,2.125,6.25],"texture":"#0"},"east":{"uv":[2.25,6.125,2.125,6.25],"texture":"#0"},"south":{"uv":[2.25,6.125,2.125,6.25],"texture":"#0"},"west":{"uv":[2.25,6.125,2.125,6.25],"texture":"#0"},"up":{"uv":[2.25,6.125,2.125,6.25],"texture":"#0"},"down":{"uv":[2.25,6.125,2.125,6.25],"texture":"#0"}}},{"from":[2.5,8.0,11.5],"to":[4.0,12.0,13.5],"rotation":{"angle":-22.5,"axis":"x","origin":[7.5,11.5,8.0]},"faces":{"north":{"uv":[2.25,6.625,2.375,6.125],"texture":"#0"},"east":{"uv":[2.5,6.625,2.25,6.125],"texture":"#0"},"south":{"uv":[2.625,6.625,2.5,6.125],"texture":"#0"},"west":{"uv":[2.25,6.625,2.5,6.125],"texture":"#0"},"up":{"uv":[2.25,6.125,2.5,6.25],"rotation":90.0,"texture":"#0"},"down":{"uv":[2.5,6.125,2.25,6.25],"rotation":90.0,"texture":"#0"}}}],"gui_light":"front","display":{"thirdperson_righthand":{"rotation":[55.5,34.0,0.0],"translation":[0.0,1.0,0.75],"scale":[0.52539,0.52539,0.52539]},"thirdperson_lefthand":{"rotation":[55.5,34.0,0.0],"translation":[0.0,1.0,0.75],"scale":[0.52539,0.52539,0.52539]},"firstperson_righthand":{"rotation":[21.0,114.5,-13.75],"translation":[9.5,0.0,-5.75],"scale":[0.41992,0.41992,0.41992]},"firstperson_lefthand":{"rotation":[21.0,114.5,-13.75],"translation":[9.5,0.0,-5.75],"scale":[0.41992,0.41992,0.41992]},"gui":{"rotation":[-149.61,-31.92,-180.0],"translation":[-0.25,-1.5,0.0],"scale":[0.88475,0.88475,0.88475]},"head":{"rotation":[2.5,0.0,0.0],"translation":[0.0,0.0,-0.25],"scale":[1.67226,1.67226,1.67226]}}}