{"textures":{"0":"mcc:island_cosmetics/general/hat/police_cap/variant","particle":"mcc:island_cosmetics/general/hat/police_cap/variant"},"display":{"thirdperson_righthand":{"translation":[0.0,1.0,0.75],"rotation":[55.5,34.0,0.0],"scale":[0.52539,0.52539,0.52539]},"thirdperson_lefthand":{"translation":[0.0,1.0,0.75],"rotation":[55.5,34.0,0.0],"scale":[0.52539,0.52539,0.52539]},"firstperson_righthand":{"translation":[9.5,0.0,-5.75],"rotation":[21.0,114.5,-13.75],"scale":[0.41992,0.41992,0.41992]},"firstperson_lefthand":{"translation":[9.5,0.0,-5.75],"rotation":[21.0,114.5,-13.75],"scale":[0.41992,0.41992,0.41992]},"gui":{"translation":[-0.25,-1.25,0.0],"rotation":[-149.61,-31.92,-180.0],"scale":[0.85156,0.85156,0.85156]},"head":{"translation":[0.0,2.0,0.0],"scale":[1.6,1.6,1.6]}},"credit":"Made with Blockbench","texture_size":[64.0,64.0],"elements":[{"from":[3.0,8.0,3.0],"to":[13.0,16.0,13.0],"rotation":{"angle":0.0,"axis":"x","origin":[7.0,9.5,7.0]},"faces":{"north":{"uv":[5.0,0.0,7.5,2.0],"texture":"#0"},"east":{"uv":[5.0,0.0,7.5,2.0],"texture":"#0"},"south":{"uv":[5.0,0.0,7.5,2.0],"texture":"#0"},"west":{"uv":[5.0,0.0,7.5,2.0],"texture":"#0"},"up":{"uv":[2.5,3.75,5.0,6.25],"texture":"#0"},"down":{"uv":[4.25,1.0,4.5,1.25],"texture":"#0"}}},{"from":[2.9,8.15,2.9],"to":[13.1,9.35,13.1],"rotation":{"angle":0.0,"axis":"x","origin":[7.0,9.5,7.0]},"faces":{"north":{"uv":[5.0,5.25,7.5,5.5],"texture":"#0","tintindex":0.0},"east":{"uv":[5.0,5.25,7.5,5.5],"texture":"#0","tintindex":0.0},"south":{"uv":[5.0,5.25,7.5,5.5],"texture":"#0","tintindex":0.0},"west":{"uv":[5.0,5.25,7.5,5.5],"texture":"#0","tintindex":0.0},"up":{"uv":[4.5,1.0,4.75,1.25],"texture":"#0"},"down":{"uv":[4.5,1.0,4.75,1.25],"texture":"#0"}}},{"from":[3.4,1.9,6.9],"to":[12.6,8.1,9.1],"rotation":{"angle":0.0,"axis":"x","origin":[6.5,9.5,26.0]},"faces":{"north":{"uv":[4.25,1.0,4.5,1.25],"texture":"#0"},"east":{"uv":[0.0,6.75,0.5,8.25],"texture":"#0"},"south":{"uv":[4.25,1.0,4.5,1.25],"texture":"#0"},"west":{"uv":[0.0,6.75,0.5,8.25],"texture":"#0"},"up":{"uv":[4.25,1.0,4.5,1.25],"texture":"#0"},"down":{"uv":[0.5,6.75,2.75,7.25],"texture":"#0"}}},{"from":[5.0,9.25,2.75],"to":[11.0,15.25,2.75],"rotation":{"angle":0.0,"axis":"x","origin":[7.0,9.5,7.5]},"faces":{"north":{"uv":[7.5,0.0,9.0,1.5],"texture":"#0"},"east":{"uv":[10.25,14.0,13.0,16.75],"texture":"#missing"},"south":{"uv":[7.5,0.0,9.0,1.5],"texture":"#0"},"west":{"uv":[10.25,14.0,13.0,16.75],"texture":"#missing"},"up":{"uv":[10.25,14.0,13.0,16.75],"texture":"#missing"},"down":{"uv":[10.25,14.0,13.0,16.75],"texture":"#missing"}}},{"from":[6.0,16.0,6.0],"to":[10.0,17.0,10.0],"rotation":{"angle":0.0,"axis":"x","origin":[8.0,9.5,5.0]},"faces":{"north":{"uv":[7.75,1.0,8.75,1.25],"texture":"#0"},"east":{"uv":[7.75,1.0,8.75,1.25],"texture":"#0"},"south":{"uv":[7.75,1.0,8.75,1.25],"texture":"#0"},"west":{"uv":[7.75,1.0,8.75,1.25],"texture":"#0"},"up":{"uv":[9.0,0.0,10.0,1.0],"texture":"#0"},"down":{"uv":[9.0,0.0,10.0,1.0],"texture":"#0"}}},{"from":[2.0,8.0,1.0],"to":[14.0,8.0,14.0],"rotation":{"angle":0.0,"axis":"x","origin":[8.0,9.5,7.5]},"faces":{"north":{"uv":[10.25,14.0,13.0,16.75],"texture":"#missing"},"east":{"uv":[10.25,14.0,13.0,16.75],"texture":"#missing"},"south":{"uv":[10.25,14.0,13.0,16.75],"texture":"#missing"},"west":{"uv":[10.25,14.0,13.0,16.75],"texture":"#missing"},"up":{"uv":[5.0,2.0,8.0,5.25],"texture":"#0"},"down":{"uv":[5.0,5.25,8.0,2.0],"texture":"#0"}}},{"name":"cube inverted","from":[12.6,8.1,9.1],"to":[3.4,1.9,6.9],"rotation":{"angle":0.0,"axis":"x","origin":[6.5,9.5,26.0]},"faces":{"north":{"uv":[4.25,1.25,4.5,1.0],"texture":"#0"},"east":{"uv":[0.0,8.25,0.5,6.75],"texture":"#0"},"south":{"uv":[4.25,1.25,4.5,1.0],"texture":"#0"},"west":{"uv":[0.0,8.25,0.5,6.75],"texture":"#0"},"up":{"uv":[2.75,6.75,0.5,7.25],"texture":"#0"},"down":{"uv":[4.5,1.0,4.25,1.25],"texture":"#0"}}}],"gui_light":"front"}