{"textures":{"1":"mcc:island_cosmetics/head_variant/head_5_extra","2":"mcc:island_cosmetics/head/head_5","particle":"mcc:island_cosmetics/head/head_5"},"credit":"Made with Blockbench","texture_size":[128.0,128.0],"elements":[{"from":[2.5,-1.0,2.5],"to":[13.5,10.0,13.5],"rotation":{"angle":0.0,"axis":"x","origin":[7.5,9.5,7.5]},"faces":{"north":{"uv":[10.125,7.125,11.5,8.5],"texture":"#1","tintindex":0.0},"east":{"uv":[10.125,7.125,11.5,8.5],"texture":"#1","tintindex":0.0},"south":{"uv":[10.125,7.125,11.5,8.5],"texture":"#1","tintindex":0.0},"west":{"uv":[10.125,7.125,11.5,8.5],"texture":"#1","tintindex":0.0},"up":{"uv":[11.5,7.125,12.875,8.5],"texture":"#1","tintindex":0.0},"down":{"uv":[12.875,7.125,14.25,8.5],"texture":"#1","tintindex":0.0}}},{"from":[7.5,0.0,-1.5],"to":[9.5,2.0,2.5],"rotation":{"angle":-45.0,"axis":"y","origin":[8.0,4.5,8.0]},"faces":{"north":{"uv":[12.375,10.375,12.125,10.625],"rotation":90.0,"texture":"#1"},"east":{"uv":[12.875,10.625,12.375,10.375],"texture":"#1"},"south":{"uv":[12.375,10.375,12.125,10.625],"rotation":90.0,"texture":"#1"},"west":{"uv":[12.375,10.375,12.875,10.625],"texture":"#1"},"up":{"uv":[12.375,10.625,12.875,10.375],"rotation":90.0,"texture":"#1"},"down":{"uv":[12.875,10.375,12.375,10.625],"rotation":90.0,"texture":"#1"}}},{"from":[7.0,6.0,-1.5],"to":[9.0,8.0,2.5],"rotation":{"angle":45.0,"axis":"y","origin":[8.0,4.5,8.0]},"faces":{"north":{"uv":[12.375,10.625,12.125,10.375],"rotation":90.0,"texture":"#1"},"east":{"uv":[12.875,10.375,12.375,10.625],"texture":"#1"},"south":{"uv":[12.375,10.625,12.125,10.375],"rotation":90.0,"texture":"#1"},"west":{"uv":[12.375,10.625,12.875,10.375],"texture":"#1"},"up":{"uv":[12.375,10.375,12.875,10.625],"rotation":90.0,"texture":"#1"},"down":{"uv":[12.875,10.625,12.375,10.375],"rotation":90.0,"texture":"#1"}}},{"from":[7.0,3.0,13.5],"to":[9.0,5.0,17.5],"rotation":{"angle":45.0,"axis":"y","origin":[8.0,4.5,8.0]},"faces":{"north":{"uv":[12.375,10.625,12.125,10.375],"rotation":90.0,"texture":"#1"},"east":{"uv":[12.375,10.625,12.875,10.375],"texture":"#1"},"south":{"uv":[12.375,10.625,12.125,10.375],"rotation":90.0,"texture":"#1"},"west":{"uv":[12.875,10.375,12.375,10.625],"texture":"#1"},"up":{"uv":[12.875,10.625,12.375,10.375],"rotation":90.0,"texture":"#1"},"down":{"uv":[12.375,10.375,12.875,10.625],"rotation":90.0,"texture":"#1"}}},{"from":[1.5,-8.25,2.5],"to":[14.5,-2.25,5.5],"rotation":{"angle":22.5,"axis":"x","origin":[8.0,-4.0,4.5]},"faces":{"north":{"uv":[14.25,7.25,15.875,8.0],"texture":"#1"},"east":{"uv":[10.875,9.375,11.25,10.125],"texture":"#1"},"south":{"uv":[14.25,6.5,15.875,7.25],"texture":"#1"},"west":{"uv":[11.25,9.375,10.875,10.125],"texture":"#1"},"up":{"uv":[5.375,8.625,5.5,8.75],"texture":"#missing"},"down":{"uv":[13.0,10.25,14.625,10.625],"texture":"#1"}}},{"from":[1.5,-8.25,10.5],"to":[14.5,-2.25,13.5],"rotation":{"angle":-22.5,"axis":"x","origin":[8.0,-4.0,11.5]},"faces":{"north":{"uv":[15.875,6.5,14.25,7.25],"texture":"#1"},"east":{"uv":[11.25,9.375,10.875,10.125],"texture":"#1"},"south":{"uv":[15.875,7.25,14.25,8.0],"texture":"#1"},"west":{"uv":[10.875,9.375,11.25,10.125],"texture":"#1"},"up":{"uv":[5.375,8.75,5.5,8.625],"texture":"#missing"},"down":{"uv":[13.0,10.625,14.625,10.25],"texture":"#1"}}},{"from":[1.5,-8.25,2.5],"to":[14.5,-2.25,5.5],"rotation":{"angle":22.5,"axis":"x","origin":[8.0,-4.0,4.5]},"faces":{"north":{"uv":[13.0,10.875,14.625,11.625],"texture":"#1","tintindex":0.0},"east":{"uv":[5.75,8.625,5.875,8.75],"texture":"#1","tintindex":0.0},"south":{"uv":[13.0,10.875,14.625,11.625],"texture":"#1","tintindex":0.0},"west":{"uv":[5.75,8.625,5.875,8.75],"texture":"#1","tintindex":0.0},"up":{"uv":[5.375,8.625,5.5,8.75],"texture":"#1","tintindex":0.0},"down":{"uv":[5.625,8.625,5.75,8.75],"texture":"#1","tintindex":0.0}}},{"from":[1.5,-8.25,10.5],"to":[14.5,-2.25,13.5],"rotation":{"angle":-22.5,"axis":"x","origin":[8.0,-4.0,11.5]},"faces":{"north":{"uv":[14.625,10.875,13.0,11.625],"texture":"#1","tintindex":0.0},"east":{"uv":[5.875,8.625,5.75,8.75],"texture":"#1","tintindex":0.0},"south":{"uv":[14.625,10.875,13.0,11.625],"texture":"#1","tintindex":0.0},"west":{"uv":[5.875,8.625,5.75,8.75],"texture":"#1","tintindex":0.0},"up":{"uv":[5.375,8.75,5.5,8.625],"texture":"#1","tintindex":0.0},"down":{"uv":[5.625,8.75,5.75,8.625],"texture":"#1","tintindex":0.0}}},{"from":[4.5,1.0,0.5],"to":[11.5,8.0,2.5],"rotation":{"angle":0.0,"axis":"y","origin":[8.0,4.5,1.5]},"faces":{"north":{"uv":[14.625,8.5,15.5,9.375],"texture":"#1"},"east":{"uv":[11.0,8.5,11.25,9.375],"texture":"#1"},"south":{"uv":[10.75,7.75,10.625,7.875],"texture":"#1"},"west":{"uv":[11.25,8.5,11.0,9.375],"texture":"#1"},"up":{"uv":[11.0,8.5,11.25,9.375],"rotation":270.0,"texture":"#1"},"down":{"uv":[11.25,9.375,11.0,8.5],"rotation":270.0,"texture":"#1"}}},{"from":[4.5,1.0,13.5],"to":[11.5,8.0,15.5],"rotation":{"angle":0.0,"axis":"y","origin":[8.0,4.5,8.0]},"faces":{"north":{"uv":[10.75,7.75,10.625,7.875],"texture":"#1"},"east":{"uv":[11.25,8.5,11.0,9.375],"texture":"#1"},"south":{"uv":[11.0,8.5,10.125,9.375],"texture":"#1"},"west":{"uv":[11.0,8.5,11.25,9.375],"texture":"#1"},"up":{"uv":[11.25,8.5,11.0,9.375],"rotation":270.0,"texture":"#1"},"down":{"uv":[11.0,9.375,11.25,8.5],"rotation":270.0,"texture":"#1"}}},{"from":[0.5,1.0,4.5],"to":[2.5,8.0,11.5],"rotation":{"angle":0.0,"axis":"y","origin":[8.0,4.5,8.0]},"faces":{"north":{"uv":[11.0,8.5,11.25,9.375],"texture":"#1"},"east":{"uv":[10.75,7.75,10.625,7.875],"texture":"#1"},"south":{"uv":[11.25,8.5,11.0,9.375],"texture":"#1"},"west":{"uv":[11.0,8.5,10.125,9.375],"texture":"#1"},"up":{"uv":[11.25,8.5,11.0,9.375],"texture":"#1"},"down":{"uv":[11.0,9.375,11.25,8.5],"rotation":180.0,"texture":"#1"}}},{"from":[13.5,1.0,4.5],"to":[15.5,8.0,11.5],"rotation":{"angle":0.0,"axis":"y","origin":[8.0,4.5,8.0]},"faces":{"north":{"uv":[11.25,8.5,11.0,9.375],"texture":"#1"},"east":{"uv":[10.125,8.5,11.0,9.375],"texture":"#1"},"south":{"uv":[11.0,8.5,11.25,9.375],"texture":"#1"},"west":{"uv":[10.75,7.75,10.625,7.875],"texture":"#1"},"up":{"uv":[11.0,8.5,11.25,9.375],"texture":"#1"},"down":{"uv":[11.25,9.375,11.0,8.5],"rotation":180.0,"texture":"#1"}}},{"from":[4.5,10.0,4.5],"to":[11.5,12.0,11.5],"rotation":{"angle":0.0,"axis":"z","origin":[8.0,4.5,8.0]},"faces":{"north":{"uv":[11.25,8.5,11.0,9.375],"rotation":90.0,"texture":"#1"},"east":{"uv":[11.25,9.375,11.0,8.5],"rotation":90.0,"texture":"#1"},"south":{"uv":[11.0,8.5,11.25,9.375],"rotation":270.0,"texture":"#1"},"west":{"uv":[11.0,8.5,11.25,9.375],"rotation":270.0,"texture":"#1"},"up":{"uv":[10.125,8.5,11.0,9.375],"rotation":270.0,"texture":"#1"},"down":{"uv":[10.75,7.75,10.625,7.875],"texture":"#1"}}},{"from":[1.48,-3.02,1.48],"to":[14.52,-0.98,14.52],"rotation":{"angle":0.0,"axis":"x","origin":[8.0,4.5,8.0]},"faces":{"north":{"uv":[11.25,8.5,12.875,8.75],"texture":"#1"},"east":{"uv":[11.25,8.5,12.875,8.75],"texture":"#1"},"south":{"uv":[11.25,8.5,12.875,8.75],"texture":"#1"},"west":{"uv":[11.25,8.5,12.875,8.75],"texture":"#1"},"up":{"uv":[11.25,8.75,12.875,10.375],"texture":"#1"},"down":{"uv":[12.875,8.5,14.5,10.125],"texture":"#1"}}},{"from":[1.28,-7.22,1.28],"to":[14.72,-0.78,14.72],"rotation":{"angle":0.0,"axis":"x","origin":[8.0,4.5,8.0]},"faces":{"north":{"uv":[11.25,10.75,12.875,11.5],"texture":"#1"},"east":{"uv":[12.875,10.75,11.25,11.5],"texture":"#1"},"south":{"uv":[11.25,10.75,12.875,11.5],"texture":"#1"},"west":{"uv":[11.25,10.75,12.875,11.5],"texture":"#1"},"up":{"uv":[9.625,10.125,11.25,11.75],"texture":"#1"},"down":{"uv":[15.0,9.0,15.125,9.125],"texture":"#1"}}},{"from":[2.28,3.78,2.28],"to":[13.72,10.22,13.72],"rotation":{"angle":0.0,"axis":"x","origin":[8.0,4.5,8.0]},"faces":{"north":{"uv":[9.625,11.875,11.0,12.625],"texture":"#1"},"east":{"uv":[11.0,11.875,9.625,12.625],"texture":"#1"},"south":{"uv":[9.625,11.875,11.0,12.625],"texture":"#1"},"west":{"uv":[11.0,11.875,9.625,12.625],"texture":"#1"},"up":{"uv":[9.625,12.625,11.0,14.0],"texture":"#1"},"down":{"uv":[15.0,9.0,15.125,9.125],"texture":"#1"}}},{"name":"cube inverted","from":[11.5,8.0,2.5],"to":[4.5,1.0,0.5],"rotation":{"angle":0.0,"axis":"y","origin":[8.0,4.5,1.5]},"faces":{"north":{"uv":[10.75,7.875,10.625,7.75],"texture":"#1"},"east":{"uv":[11.25,9.375,11.0,8.5],"texture":"#1"},"south":{"uv":[14.625,9.375,15.5,8.5],"texture":"#1"},"west":{"uv":[11.0,9.375,11.25,8.5],"texture":"#1"},"up":{"uv":[11.25,8.5,11.0,9.375],"rotation":270.0,"texture":"#1"},"down":{"uv":[11.0,9.375,11.25,8.5],"rotation":270.0,"texture":"#1"}}},{"name":"cube inverted","from":[15.5,8.0,11.5],"to":[13.5,1.0,4.5],"rotation":{"angle":0.0,"axis":"y","origin":[8.0,4.5,8.0]},"faces":{"north":{"uv":[11.0,9.375,11.25,8.5],"texture":"#1"},"east":{"uv":[10.75,7.875,10.625,7.75],"texture":"#1"},"south":{"uv":[11.25,9.375,11.0,8.5],"texture":"#1"},"west":{"uv":[10.125,9.375,11.0,8.5],"texture":"#1"},"up":{"uv":[11.0,9.375,11.25,8.5],"rotation":180.0,"texture":"#1"},"down":{"uv":[11.25,8.5,11.0,9.375],"texture":"#1"}}},{"name":"cube inverted","from":[11.5,12.0,11.5],"to":[4.5,10.0,4.5],"rotation":{"angle":0.0,"axis":"z","origin":[8.0,4.5,8.0]},"faces":{"north":{"uv":[11.25,8.5,11.0,9.375],"rotation":270.0,"texture":"#1"},"east":{"uv":[11.25,8.5,11.0,9.375],"rotation":270.0,"texture":"#1"},"south":{"uv":[11.0,8.5,11.25,9.375],"rotation":90.0,"texture":"#1"},"west":{"uv":[11.0,9.375,11.25,8.5],"rotation":90.0,"texture":"#1"},"up":{"uv":[10.625,7.75,10.75,7.875],"texture":"#1"},"down":{"uv":[10.125,9.375,11.0,8.5],"rotation":270.0,"texture":"#1"}}},{"name":"cube inverted","from":[2.5,8.0,11.5],"to":[0.5,1.0,4.5],"rotation":{"angle":0.0,"axis":"y","origin":[8.0,4.5,8.0]},"faces":{"north":{"uv":[11.25,9.375,11.0,8.5],"texture":"#1"},"east":{"uv":[11.0,9.375,10.125,8.5],"texture":"#1"},"south":{"uv":[11.0,9.375,11.25,8.5],"texture":"#1"},"west":{"uv":[10.75,7.875,10.625,7.75],"texture":"#1"},"up":{"uv":[11.25,9.375,11.0,8.5],"rotation":180.0,"texture":"#1"},"down":{"uv":[11.0,8.5,11.25,9.375],"texture":"#1"}}},{"name":"cube inverted","from":[11.5,8.0,15.5],"to":[4.5,1.0,13.5],"rotation":{"angle":0.0,"axis":"y","origin":[8.0,4.5,8.0]},"faces":{"north":{"uv":[11.0,9.375,10.125,8.5],"texture":"#1"},"east":{"uv":[11.0,9.375,11.25,8.5],"texture":"#1"},"south":{"uv":[10.75,7.875,10.625,7.75],"texture":"#1"},"west":{"uv":[11.25,9.375,11.0,8.5],"texture":"#1"},"up":{"uv":[11.0,8.5,11.25,9.375],"rotation":270.0,"texture":"#1"},"down":{"uv":[11.25,9.375,11.0,8.5],"rotation":270.0,"texture":"#1"}}},{"name":"cube inverted","from":[13.5,10.0,13.5],"to":[2.5,-1.0,2.5],"rotation":{"angle":0.0,"axis":"x","origin":[7.5,9.5,7.5]},"faces":{"north":{"uv":[10.125,8.5,11.5,7.125],"texture":"#1","tintindex":0.0},"east":{"uv":[10.125,8.5,11.5,7.125],"texture":"#1","tintindex":0.0},"south":{"uv":[10.125,8.5,11.5,7.125],"texture":"#1","tintindex":0.0},"west":{"uv":[10.125,8.5,11.5,7.125],"texture":"#1","tintindex":0.0},"up":{"uv":[14.25,7.125,12.875,8.5],"texture":"#1","tintindex":0.0},"down":{"uv":[12.875,7.125,11.5,8.5],"texture":"#1","tintindex":0.0}}},{"from":[2.5,-1.0,2.5],"to":[13.5,10.0,13.5],"rotation":{"angle":0.0,"axis":"y","origin":[7.5,9.5,7.5]},"faces":{"north":{"uv":[9.5,8.625,10.875,10.0],"texture":"#2"},"east":{"uv":[9.5,8.625,10.875,10.0],"texture":"#2"},"south":{"uv":[9.5,8.625,10.875,10.0],"texture":"#2"},"west":{"uv":[9.5,8.625,10.875,10.0],"texture":"#2"},"up":{"uv":[9.5,8.625,10.875,10.0],"texture":"#2"},"down":{"uv":[9.625,7.375,9.75,7.5],"texture":"#2"}}}],"gui_light":"front","display":{"thirdperson_righthand":{"rotation":[55.5,34.0,0.0],"translation":[0.0,1.0,0.75],"scale":[0.52539,0.52539,0.52539]},"thirdperson_lefthand":{"rotation":[55.5,34.0,0.0],"translation":[0.0,1.0,0.75],"scale":[0.52539,0.52539,0.52539]},"firstperson_righthand":{"rotation":[21.0,114.5,-13.75],"translation":[9.5,0.0,-5.75],"scale":[0.41992,0.41992,0.41992]},"firstperson_lefthand":{"rotation":[21.0,114.5,-13.75],"translation":[9.5,0.0,-5.75],"scale":[0.41992,0.41992,0.41992]},"gui":{"rotation":[-149.61,-31.92,-180.0],"translation":[-0.25,4.0,0.0],"scale":[0.64843,0.64843,0.64843]},"head":{"translation":[0.0,7.5,0.0],"scale":[1.61758,1.61758,1.61758]}}}