{"textures":{"0":"mcc:island_cosmetics/head/head_7","1":"mcc:island_cosmetics/head_variant/hothead_explode_anim","particle":"mcc:island_cosmetics/head/head_7"},"credit":"Made with Blockbench","texture_size":[128.0,128.0],"elements":[{"from":[2.49,-0.01,2.49],"to":[13.51,11.01,13.51],"rotation":{"angle":0.0,"axis":"x","origin":[7.5,12.0,8.5]},"faces":{"north":{"uv":[7.0,0.0,9.75,2.75],"texture":"#1"},"east":{"uv":[9.75,0.0,7.0,2.75],"texture":"#1"},"south":{"uv":[7.0,0.0,9.75,2.75],"texture":"#1"},"west":{"uv":[9.75,0.0,7.0,2.75],"texture":"#1"},"up":{"uv":[9.75,0.0,12.5,2.75],"texture":"#1"},"down":{"uv":[7.0,1.75,4.25,4.5],"texture":"#1"}}},{"from":[2.5,0.0,2.25],"to":[13.5,11.0,2.25],"rotation":{"angle":0.0,"axis":"x","origin":[7.5,12.0,8.5]},"faces":{"north":{"uv":[13.25,0.0,16.0,2.75],"texture":"#1"},"east":{"uv":[12.875,0.0,11.5,1.375],"texture":"#0"},"south":{"uv":[13.25,0.0,16.0,2.75],"texture":"#1"},"west":{"uv":[12.875,0.0,11.5,1.375],"texture":"#0"},"up":{"uv":[12.875,0.0,14.25,1.375],"texture":"#0"},"down":{"uv":[5.125,7.0,6.5,8.375],"texture":"#0"}}},{"from":[5.49,10.99,5.49],"to":[10.51,13.01,10.51],"rotation":{"angle":0.0,"axis":"x","origin":[7.5,9.5,7.5]},"faces":{"north":{"uv":[8.25,2.75,7.0,3.25],"texture":"#1"},"east":{"uv":[8.25,2.75,7.0,3.25],"texture":"#1"},"south":{"uv":[8.25,2.75,7.0,3.25],"texture":"#1"},"west":{"uv":[8.25,2.75,7.0,3.25],"texture":"#1"},"up":{"uv":[9.5,2.75,8.25,4.0],"texture":"#1"},"down":{"uv":[5.25,2.5,5.5,2.75],"texture":"#1"}}},{"from":[1.95,-0.5,1.5875],"to":[14.05,11.6,1.5875],"rotation":{"angle":0.0,"axis":"x","origin":[7.45,13.2,30.4125]},"faces":{"north":{"uv":[1.25,0.0,4.0,2.75],"texture":"#1"},"east":{"uv":[12.875,0.0,11.5,1.375],"texture":"#0"},"south":{"uv":[1.25,0.0,4.0,2.75],"texture":"#1"},"west":{"uv":[12.875,0.0,11.5,1.375],"texture":"#0"},"up":{"uv":[12.875,0.0,14.25,1.375],"texture":"#0"},"down":{"uv":[5.125,7.0,6.5,8.375],"texture":"#0"}}},{"from":[14.2,6.5,10.0875],"to":[21.3,13.6,10.0875],"rotation":{"angle":-45.0,"axis":"y","origin":[25.5,8.05,1.5875]},"faces":{"north":{"uv":[14.225,3.0,16.0,4.775],"texture":"#1"},"east":{"uv":[12.875,0.0,11.5,1.375],"texture":"#0"},"south":{"uv":[14.225,3.0,16.0,4.775],"texture":"#1"},"west":{"uv":[12.875,0.0,11.5,1.375],"texture":"#0"},"up":{"uv":[12.875,0.0,14.25,1.375],"texture":"#0"},"down":{"uv":[5.125,7.0,6.5,8.375],"texture":"#0"}}},{"from":[5.95,0.5,-6.6625],"to":[5.95,13.6,0.3375],"rotation":{"angle":45.0,"axis":"y","origin":[7.95,6.05,-0.9125]},"faces":{"north":{"uv":[1.25,0.0,4.0,2.75],"texture":"#1"},"east":{"uv":[12.75,5.25,14.5,8.525],"texture":"#1"},"south":{"uv":[1.25,0.0,4.0,2.75],"texture":"#1"},"west":{"uv":[14.5,5.25,12.75,8.525],"texture":"#1"},"up":{"uv":[12.875,0.0,14.25,1.375],"texture":"#0"},"down":{"uv":[5.125,7.0,6.5,8.375],"texture":"#0"}}},{"from":[5.25,11.6,5.1625],"to":[10.75,13.8,10.6625],"rotation":{"angle":0.0,"axis":"x","origin":[7.45,10.45,29.3125]},"faces":{"north":{"uv":[7.75,7.75,6.5,8.25],"texture":"#1"},"east":{"uv":[7.75,7.75,6.5,8.25],"texture":"#1"},"south":{"uv":[7.75,7.75,6.5,8.25],"texture":"#1"},"west":{"uv":[7.75,7.75,6.5,8.25],"texture":"#1"},"up":{"uv":[9.0,7.75,7.75,9.0],"texture":"#1"},"down":{"uv":[4.75,7.5,5.0,7.75],"texture":"#1"}}},{"from":[1.95,-0.5,1.8625],"to":[14.05,11.6,13.9625],"rotation":{"angle":0.0,"axis":"x","origin":[7.45,13.2,30.4125]},"faces":{"north":{"uv":[6.5,5.0,9.25,7.75],"texture":"#1"},"east":{"uv":[9.25,5.0,6.5,7.75],"texture":"#1"},"south":{"uv":[6.5,5.0,9.25,7.75],"texture":"#1"},"west":{"uv":[9.25,5.0,6.5,7.75],"texture":"#1"},"up":{"uv":[9.25,5.0,12.0,7.75],"texture":"#1"},"down":{"uv":[6.5,6.75,3.75,9.5],"texture":"#1"}}},{"from":[6.0,5.0,8.0],"to":[23.0,20.0,8.0],"rotation":{"angle":-45.0,"axis":"y","origin":[8.0,14.0,8.0]},"faces":{"north":{"uv":[0.0,12.0,4.25,15.75],"texture":"#1"},"east":{"uv":[5.125,7.0,6.5,8.375],"texture":"#missing"},"south":{"uv":[4.25,12.0,0.0,15.75],"texture":"#1"},"west":{"uv":[5.125,7.0,6.5,8.375],"texture":"#missing"},"up":{"uv":[5.125,7.0,6.5,8.375],"texture":"#missing"},"down":{"uv":[5.125,7.0,6.5,8.375],"texture":"#missing"}}},{"from":[5.5,11.0,5.5],"to":[10.5,13.0,10.5],"rotation":{"angle":0.0,"axis":"y","origin":[7.5,9.5,7.5]},"faces":{"north":{"uv":[12.125,1.375,11.5,1.625],"texture":"#0"},"east":{"uv":[12.125,1.375,11.5,1.625],"texture":"#0"},"south":{"uv":[12.125,1.375,11.5,1.625],"texture":"#0"},"west":{"uv":[12.125,1.375,11.5,1.625],"texture":"#0"},"up":{"uv":[12.75,1.375,12.125,2.0],"texture":"#0"},"down":{"uv":[12.5,1.625,12.625,1.75],"texture":"#0"}}},{"from":[2.5,0.0,2.5],"to":[13.5,11.0,13.5],"rotation":{"angle":0.0,"axis":"y","origin":[7.5,12.0,8.5]},"faces":{"north":{"uv":[11.5,0.0,12.875,1.375],"texture":"#0"},"east":{"uv":[12.875,0.0,11.5,1.375],"texture":"#0"},"south":{"uv":[11.5,0.0,12.875,1.375],"texture":"#0"},"west":{"uv":[12.875,0.0,11.5,1.375],"texture":"#0"},"up":{"uv":[12.875,1.375,14.25,0.0],"rotation":90.0,"texture":"#0"},"down":{"uv":[10.125,2.25,11.5,0.875],"rotation":90.0,"texture":"#0"}}}],"gui_light":"front","display":{"thirdperson_righthand":{"rotation":[55.5,34.0,0.0],"translation":[0.0,1.0,0.75],"scale":[0.52539,0.52539,0.52539]},"thirdperson_lefthand":{"rotation":[55.5,34.0,0.0],"translation":[0.0,1.0,0.75],"scale":[0.52539,0.52539,0.52539]},"firstperson_righthand":{"rotation":[21.0,114.5,-13.75],"translation":[9.5,0.0,-5.75],"scale":[0.41992,0.41992,0.41992]},"firstperson_lefthand":{"rotation":[21.0,114.5,-13.75],"translation":[9.5,0.0,-5.75],"scale":[0.41992,0.41992,0.41992]},"gui":{"rotation":[-149.61,-31.92,-180.0],"translation":[1.5,0.25,0.0],"scale":[0.68554,0.68554,0.68554]},"head":{"translation":[0.0,6.0,0.0],"scale":[1.65859,1.65859,1.65859]}}}