{"textures":{"4":"mcc:island_cosmetics/general/hat/rock_head/rock_head"},"elements":[{"from":[4.5,9.5,4.5],"to":[11.5,16.5,11.5],"rotation":{"angle":0.0,"axis":"y","origin":[8.22097,9.25,8.0]},"faces":{"north":{"uv":[0.0,0.0,3.5,3.5],"texture":"#4"},"east":{"uv":[0.0,0.0,3.5,3.5],"texture":"#4"},"south":{"uv":[0.0,0.0,3.5,3.5],"texture":"#4"},"west":{"uv":[0.0,0.0,3.5,3.5],"texture":"#4"},"up":{"uv":[3.5,0.0,7.0,3.5],"texture":"#4"},"down":{"uv":[1.5,3.5,2.0,4.0],"texture":"#4"}}},{"from":[3.5,1.0,6.5],"to":[12.5,10.0,9.5],"rotation":{"angle":0.0,"axis":"y","origin":[8.22097,9.25,8.0]},"faces":{"east":{"uv":[0.0,4.5,1.5,9.0],"texture":"#4"},"west":{"uv":[0.0,4.5,1.5,9.0],"texture":"#4"},"up":{"uv":[1.5,4.5,3.0,9.0],"texture":"#4","rotation":90},"down":{"uv":[1.5,4.5,3.0,9.0],"texture":"#4","rotation":90}}},{"from":[4.3,9.3,6.3],"to":[11.7,16.7,9.7],"rotation":{"angle":0.0,"axis":"y","origin":[8.22097,9.25,8.0]},"faces":{"east":{"uv":[0.0,4.5,1.5,9.0],"texture":"#4"},"west":{"uv":[0.0,4.5,1.5,9.0],"texture":"#4"},"up":{"uv":[1.5,4.5,3.0,9.0],"texture":"#4","rotation":90},"down":{"uv":[1.5,4.5,3.0,9.0],"texture":"#4","rotation":90}}},{"from":[1.16637,9.3921,3.7],"to":[13.26637,11.7421,12.3],"rotation":{"angle":-45.0,"axis":"z","origin":[8.22097,9.25,8.0]},"faces":{"north":{"uv":[0.0,4.5,1.5,9.0],"texture":"#4","rotation":90},"east":{"uv":[1.5,4.5,3.0,9.0],"texture":"#4","rotation":270},"south":{"uv":[0.0,4.5,1.5,9.0],"texture":"#4","rotation":90},"west":{"uv":[1.5,4.5,3.0,9.0],"texture":"#4","rotation":270}}},{"from":[3.52751,7.99194,3.8],"to":[12.42751,10.39194,12.2],"rotation":{"angle":22.5,"axis":"z","origin":[8.22097,9.25,8.0]},"faces":{"north":{"uv":[0.0,4.5,1.5,9.0],"texture":"#4","rotation":90},"east":{"uv":[1.5,4.5,3.0,9.0],"texture":"#4","rotation":270},"south":{"uv":[0.0,4.5,1.5,9.0],"texture":"#4","rotation":90},"west":{"uv":[1.5,4.5,3.0,9.0],"texture":"#4","rotation":270}}},{"from":[12.5,10.0,9.5],"to":[3.5,1.0,6.5],"rotation":{"angle":0.0,"axis":"y","origin":[8.22097,9.25,8.0]},"faces":{"east":{"uv":[0.0,9.0,1.5,4.5],"texture":"#4"},"west":{"uv":[0.0,9.0,1.5,4.5],"texture":"#4"},"up":{"uv":[1.5,9.0,3.0,4.5],"texture":"#4","rotation":90},"down":{"uv":[1.5,9.0,3.0,4.5],"texture":"#4","rotation":90}}},{"from":[11.7,16.7,9.7],"to":[4.3,9.3,6.3],"rotation":{"angle":0.0,"axis":"y","origin":[8.22097,9.25,8.0]},"faces":{"east":{"uv":[0.0,9.0,1.5,4.5],"texture":"#4"},"west":{"uv":[0.0,9.0,1.5,4.5],"texture":"#4"},"up":{"uv":[1.5,9.0,3.0,4.5],"texture":"#4","rotation":90},"down":{"uv":[1.5,9.0,3.0,4.5],"texture":"#4","rotation":90}}},{"from":[13.26637,11.7421,12.3],"to":[1.16637,9.3921,3.7],"rotation":{"angle":-45.0,"axis":"z","origin":[8.22097,9.25,8.0]},"faces":{"north":{"uv":[1.5,4.5,0.0,9.0],"texture":"#4","rotation":90},"east":{"uv":[3.0,4.5,1.5,9.0],"texture":"#4","rotation":270},"south":{"uv":[1.5,4.5,0.0,9.0],"texture":"#4","rotation":90},"west":{"uv":[3.0,4.5,1.5,9.0],"texture":"#4","rotation":270}}},{"from":[12.42751,10.39194,12.2],"to":[3.52751,7.99194,3.8],"rotation":{"angle":22.5,"axis":"z","origin":[8.22097,9.25,8.0]},"faces":{"north":{"uv":[1.5,4.5,0.0,9.0],"texture":"#4","rotation":90},"east":{"uv":[3.0,4.5,1.5,9.0],"texture":"#4","rotation":270},"south":{"uv":[1.5,4.5,0.0,9.0],"texture":"#4","rotation":90},"west":{"uv":[3.0,4.5,1.5,9.0],"texture":"#4","rotation":270}}}],"display":{"gui":{"translation":[0.75,-0.5,0.0],"rotation":[-149.61,-31.92,-180.0],"scale":[0.9,0.9,0.9]},"head":{"translation":[0.0,4.0,0.0],"scale":[1.62148,1.62148,1.62148]}},"credit":"Made with Blockbench","gui_light":"front"}