{"textures":{"4":"mcc:island_cosmetics/general/hat/lay_ka/lay_ka","5":"mcc:island_cosmetics/general/accessory/ray_blaster/glow"},"display":{"thirdperson_righthand":{"translation":[0.0,1.0,-1.0],"rotation":[63.0,34.0,0.0],"scale":[0.52539,0.52539,0.52539]},"thirdperson_lefthand":{"translation":[0.0,1.0,-1.0],"rotation":[63.0,34.0,0.0],"scale":[0.52539,0.52539,0.52539]},"firstperson_righthand":{"translation":[9.5,0.0,-5.75],"rotation":[3.0,112.0,-13.0],"scale":[0.41992,0.41992,0.41992]},"firstperson_lefthand":{"translation":[9.5,0.0,-5.75],"rotation":[3.0,112.0,-13.0],"scale":[0.41992,0.41992,0.41992]},"ground":{"translation":[0.0,15.0,0.0],"scale":[0.69922,0.69922,0.69922]},"gui":{"translation":[0.0,1.0,0.0],"rotation":[-149.61,-31.92,-180.0],"scale":[0.70508,0.70508,0.70508]},"head":{"translation":[0.0,7.5,0.0],"scale":[1.76993,1.76993,1.76993]},"fixed":{"translation":[0.0,-3.25,-7.5]}},"credit":"Made with Blockbench","texture_size":[32.0,32.0],"elements":[{"from":[3.9,0.4,3.9],"to":[12.1,8.6,12.1],"faces":{"north":{"uv":[0.0,0.0,2.66667,2.66667],"texture":"#4"},"east":{"uv":[5.33333,0.0,2.66667,2.66667],"texture":"#4"},"south":{"uv":[2.66667,2.66667,5.33333,5.33333],"texture":"#4"},"west":{"uv":[2.66667,0.0,5.33333,2.66667],"texture":"#4"},"up":{"uv":[5.33333,0.0,8.0,2.66667],"texture":"#4"},"down":{"uv":[0.0,0.0,0.33333,0.33333],"texture":"#missing"}}},{"from":[9.0,8.5,7.0],"to":[12.0,11.5,9.0],"faces":{"north":{"uv":[5.33333,2.66667,6.33333,3.66667],"texture":"#4"},"east":{"uv":[6.33333,2.66667,7.0,3.66667],"texture":"#4"},"south":{"uv":[7.0,2.66667,8.0,3.66667],"texture":"#4"},"west":{"uv":[7.0,2.66667,6.33333,3.66667],"texture":"#4"},"up":{"uv":[5.33333,3.66667,6.33333,4.33333],"texture":"#4"},"down":{"uv":[0.0,0.0,0.33333,0.33333],"texture":"#missing"}}},{"from":[5.0,0.5,2.0],"to":[11.0,3.5,4.0],"faces":{"north":{"uv":[0.0,2.66667,2.0,3.66667],"texture":"#4"},"east":{"uv":[2.66667,2.66667,2.0,3.66667],"texture":"#4"},"south":{"uv":[0.0,0.0,0.33333,0.33333],"texture":"#missing"},"west":{"uv":[2.0,2.66667,2.66667,3.66667],"texture":"#4"},"up":{"uv":[0.0,3.66667,2.0,4.33333],"texture":"#4"},"down":{"uv":[2.0,4.33333,0.0,5.0],"texture":"#4"}}},{"from":[2.9,-1.8,2.9],"to":[13.1,0.4,13.1],"rotation":{"angle":0.0,"axis":"y","origin":[0.0,-0.2,0.0]},"faces":{"north":{"uv":[3.33333,5.33333,0.0,6.0],"texture":"#4","tintindex":0.0},"east":{"uv":[3.33333,5.33333,0.0,6.0],"texture":"#4","tintindex":0.0},"south":{"uv":[3.33333,5.33333,0.0,6.0],"texture":"#4","tintindex":0.0},"west":{"uv":[3.33333,5.33333,0.0,6.0],"texture":"#4","tintindex":0.0},"up":{"uv":[3.33333,5.33333,6.66667,8.66667],"texture":"#4","tintindex":0.0},"down":{"uv":[0.0,6.0,3.33333,9.33333],"texture":"#4","tintindex":0.0}}},{"name":"cube inverted","from":[14.1,12.6,14.1],"to":[1.9,0.4,1.9],"rotation":{"angle":0.0,"axis":"y","origin":[-1.0,0.0,-1.0]},"faces":{"north":{"uv":[8.0,4.0,12.0,8.0],"texture":"#4"},"east":{"uv":[8.0,4.0,12.0,8.0],"texture":"#4"},"south":{"uv":[8.0,4.0,12.0,8.0],"texture":"#4"},"west":{"uv":[8.0,4.0,12.0,8.0],"texture":"#4"},"up":{"uv":[8.0,0.0,12.0,4.0],"texture":"#4"},"down":{"uv":[12.0,0.0,16.0,4.0],"texture":"#4"}}},{"from":[6.9,15.5,6.9],"to":[9.1,17.7,9.1],"rotation":{"angle":0.0,"axis":"y","origin":[4.0,0.1,4.0]},"faces":{"north":{"uv":[7.0,6.33333,7.66667,7.0],"texture":"#4","tintindex":0.0},"east":{"uv":[7.0,6.33333,7.66667,7.0],"texture":"#4","tintindex":0.0},"south":{"uv":[7.0,6.33333,7.66667,7.0],"texture":"#4","tintindex":0.0},"west":{"uv":[7.0,6.33333,7.66667,7.0],"texture":"#4","tintindex":0.0},"up":{"uv":[7.0,6.33333,7.66667,6.66667],"texture":"#4","tintindex":0.0},"down":{"uv":[7.0,6.66667,7.66667,7.0],"texture":"#4","tintindex":0.0}}},{"from":[7.5,12.6,7.5],"to":[8.5,15.6,8.5],"rotation":{"angle":0.0,"axis":"y","origin":[4.0,0.1,3.5]},"faces":{"north":{"uv":[7.33333,5.0,7.66667,6.0],"texture":"#4"},"east":{"uv":[7.33333,5.0,7.66667,6.0],"texture":"#4"},"south":{"uv":[7.33333,5.0,7.66667,6.0],"texture":"#4"},"west":{"uv":[7.33333,5.0,7.66667,6.0],"texture":"#4"},"up":{"uv":[0.0,0.0,0.33333,0.33333],"texture":"#missing"}}},{"from":[4.0,8.5,7.0],"to":[7.0,11.5,9.0],"rotation":{"angle":0.0,"axis":"y","origin":[16.0,0.0,0.0]},"faces":{"north":{"uv":[6.33333,2.66667,5.33333,3.66667],"texture":"#4"},"east":{"uv":[6.33333,2.66667,7.0,3.66667],"texture":"#4"},"south":{"uv":[8.0,2.66667,7.0,3.66667],"texture":"#4"},"west":{"uv":[7.0,2.66667,6.33333,3.66667],"texture":"#4"},"up":{"uv":[6.33333,3.66667,5.33333,4.33333],"texture":"#4"},"down":{"uv":[0.33333,0.0,0.0,0.33333],"texture":"#missing"}}},{"name":"cube inverted","from":[9.7,18.3,9.7],"to":[6.3,14.9,6.3],"rotation":{"angle":0.0,"axis":"y","origin":[4.0,0.1,4.0]},"faces":{"north":{"uv":[1.0,2.0,1.66667,1.33333],"texture":"#5","tintindex":0.0},"east":{"uv":[1.0,2.0,1.66667,1.33333],"texture":"#5","tintindex":0.0},"south":{"uv":[1.0,2.0,1.66667,1.33333],"texture":"#5","tintindex":0.0},"west":{"uv":[1.0,2.0,1.66667,1.33333],"texture":"#5","tintindex":0.0},"up":{"uv":[1.0,2.0,1.66667,1.33333],"texture":"#5","tintindex":0.0},"down":{"uv":[1.0,2.0,1.66667,1.33333],"texture":"#5","tintindex":0.0}}},{"from":[6.5,-3.7,2.75],"to":[9.5,-0.7,3.75],"rotation":{"angle":0.0,"axis":"y","origin":[-0.5,-0.2,0.0]},"faces":{"north":{"uv":[7.66667,3.66667,6.66667,4.66667],"texture":"#4"},"east":{"uv":[7.66667,3.66667,6.66667,4.66667],"texture":"#4"},"south":{"uv":[7.66667,3.66667,6.66667,4.66667],"texture":"#4"},"west":{"uv":[7.66667,3.66667,6.66667,4.66667],"texture":"#4"},"up":{"uv":[7.66667,3.66667,6.66667,3.91667],"texture":"#4"},"down":{"uv":[7.66667,4.4,6.66667,4.65],"texture":"#4"}}}],"gui_light":"front","groups":[{"name":"group","origin":[-0.5,-0.2,0.0],"color":0.0,"nbt":"{}","armAnimationEnabled":false,"children":[0.0,1.0,2.0,3.0,4.0,5.0,6.0,7.0,8.0,9.0]}]}