{"textures":{"1":"mcc:island_cosmetics/general/hat/candy_hood/candy_hood","particle":"mcc:island_cosmetics/general/hat/candy_hood/candy_hood"},"elements":[{"from":[3.0,0.0,3.0],"to":[13.0,10.0,13.0],"rotation":{"angle":0.0,"axis":"y","origin":[7.0,-23.0,7.0]},"faces":{"north":{"uv":[0.0,0.0,5.0,5.0],"texture":"#1","tintindex":0},"east":{"uv":[6.0,11.0,11.0,16.0],"texture":"#1","tintindex":0},"south":{"uv":[10.0,0.0,5.0,5.0],"texture":"#1","tintindex":0},"west":{"uv":[11.0,11.0,6.0,16.0],"texture":"#1","tintindex":0},"up":{"uv":[15.0,0.0,10.0,5.0],"texture":"#1","tintindex":0},"down":{"uv":[11.0,5.0,6.0,10.0],"texture":"#1","tintindex":0}}},{"from":[13.0,2.5,5.5],"to":[14.0,7.5,10.5],"rotation":{"angle":0.0,"axis":"y","origin":[7.0,-23.0,7.0]},"faces":{"north":{"uv":[12.5,11.0,13.0,13.0],"texture":"#1"},"south":{"uv":[12.5,11.0,13.0,11.5],"texture":"#1"},"up":{"uv":[12.5,11.0,13.0,11.5],"texture":"#1"},"down":{"uv":[12.5,12.5,13.0,13.0],"texture":"#1"}}},{"from":[2.0,2.5,5.5],"to":[3.0,7.5,10.5],"rotation":{"angle":0.0,"axis":"y","origin":[9.0,-23.0,7.0]},"faces":{"north":{"uv":[13.0,11.0,12.5,13.0],"texture":"#1"},"south":{"uv":[13.0,11.0,12.5,11.5],"texture":"#1"},"up":{"uv":[13.0,11.0,12.5,11.5],"texture":"#1"},"down":{"uv":[13.0,12.5,12.5,13.0],"texture":"#1"}}},{"from":[3.0,0.0,3.0],"to":[13.0,10.0,13.0],"rotation":{"angle":0.0,"axis":"y","origin":[7.0,-23.0,7.0]},"faces":{"north":{"uv":[1.0,11.0,6.0,16.0],"texture":"#1"},"south":{"uv":[16.0,11.0,11.0,16.0],"texture":"#1"},"up":{"uv":[16.0,11.0,11.0,16.0],"texture":"#1"},"down":{"uv":[16.0,5.0,11.0,10.0],"texture":"#1"}}},{"from":[2.75,7.25,2.5],"to":[10.75,11.25,2.5],"rotation":{"angle":22.5,"axis":"z","origin":[8.0,5.0,2.0]},"faces":{"north":{"uv":[2.0,9.0,6.0,11.0],"texture":"#1"},"south":{"uv":[2.0,9.0,6.0,11.0],"texture":"#1"}}},{"from":[14.0,1.0,4.0],"to":[17.0,9.0,12.0],"rotation":{"angle":0.0,"axis":"y","origin":[7.0,-23.0,7.0]},"faces":{"north":{"uv":[0.0,5.0,1.5,9.0],"texture":"#1","tintindex":0},"south":{"uv":[1.5,5.0,0.0,9.0],"texture":"#1","tintindex":0},"west":{"uv":[5.5,5.0,1.5,9.0],"texture":"#1","tintindex":0},"up":{"uv":[1.5,5.0,0.0,9.0],"texture":"#1","tintindex":0},"down":{"uv":[1.5,5.0,0.0,9.0],"texture":"#1","tintindex":0}}},{"from":[17.0,9.0,12.0],"to":[14.0,1.0,4.0],"rotation":{"angle":0.0,"axis":"y","origin":[7.0,-23.0,7.0]},"faces":{"north":{"uv":[1.5,9.0,0.0,5.0],"texture":"#1","tintindex":0},"east":{"uv":[5.5,9.0,1.5,5.0],"texture":"#1","tintindex":0},"south":{"uv":[0.0,9.0,1.5,5.0],"texture":"#1","tintindex":0},"up":{"uv":[0.0,5.0,1.5,9.0],"texture":"#1","tintindex":0},"down":{"uv":[0.0,5.0,1.5,9.0],"texture":"#1","tintindex":0}}},{"from":[-1.0,1.0,4.0],"to":[2.0,9.0,12.0],"rotation":{"angle":0.0,"axis":"y","origin":[9.0,-23.0,7.0]},"faces":{"north":{"uv":[1.5,5.0,0.0,9.0],"texture":"#1","tintindex":0},"east":{"uv":[1.5,5.0,5.5,9.0],"texture":"#1","tintindex":0},"south":{"uv":[0.0,5.0,1.5,9.0],"texture":"#1","tintindex":0},"up":{"uv":[0.0,5.0,1.5,9.0],"texture":"#1","tintindex":0},"down":{"uv":[0.0,5.0,1.5,9.0],"texture":"#1","tintindex":0}}},{"from":[2.0,9.0,12.0],"to":[-1.0,1.0,4.0],"rotation":{"angle":0.0,"axis":"y","origin":[9.0,-23.0,7.0]},"faces":{"north":{"uv":[0.0,9.0,1.5,5.0],"texture":"#1","tintindex":0},"south":{"uv":[1.5,9.0,0.0,5.0],"texture":"#1","tintindex":0},"west":{"uv":[1.5,9.0,5.5,5.0],"texture":"#1","tintindex":0},"up":{"uv":[1.5,5.0,0.0,9.0],"texture":"#1","tintindex":0},"down":{"uv":[1.5,5.0,0.0,9.0],"texture":"#1","tintindex":0}}},{"from":[13.0,10.0,13.0],"to":[3.0,0.0,3.0],"rotation":{"angle":0.0,"axis":"y","origin":[7.0,-23.0,7.0]},"faces":{"north":{"uv":[10.0,5.0,5.0,0.0],"texture":"#1","tintindex":0},"east":{"uv":[11.0,16.0,6.0,11.0],"texture":"#1","tintindex":0},"south":{"uv":[0.0,5.0,5.0,0.0],"texture":"#1","tintindex":0},"west":{"uv":[6.0,16.0,11.0,11.0],"texture":"#1","tintindex":0},"up":{"uv":[6.0,5.0,11.0,10.0],"texture":"#1","tintindex":0},"down":{"uv":[10.0,0.0,15.0,5.0],"texture":"#1","tintindex":0}}},{"from":[13.0,10.0,13.0],"to":[3.0,0.0,3.0],"rotation":{"angle":0.0,"axis":"y","origin":[7.0,-23.0,7.0]},"faces":{"north":{"uv":[16.0,16.0,11.0,11.0],"texture":"#1"},"south":{"uv":[1.0,16.0,6.0,11.0],"texture":"#1"},"up":{"uv":[11.0,5.0,16.0,10.0],"texture":"#1"},"down":{"uv":[11.0,11.0,16.0,16.0],"texture":"#1"}}}],"display":{"thirdperson_righthand":{"translation":[0.0,1.0,-1.0],"rotation":[63.0,34.0,0.0],"scale":[0.52539,0.52539,0.52539]},"thirdperson_lefthand":{"translation":[0.0,1.0,-1.0],"rotation":[63.0,34.0,0.0],"scale":[0.52539,0.52539,0.52539]},"firstperson_righthand":{"translation":[9.5,0.0,-5.75],"rotation":[3.0,112.0,-13.0],"scale":[0.41992,0.41992,0.41992]},"firstperson_lefthand":{"translation":[9.5,0.0,-5.75],"rotation":[3.0,112.0,-13.0],"scale":[0.41992,0.41992,0.41992]},"ground":{"translation":[0.0,4.25,0.0],"scale":[0.28906,0.28906,0.28906]},"gui":{"translation":[-0.25,1.75,0.0],"rotation":[-152.77,-34.58,174.22],"scale":[0.74023,0.74023,0.74023]},"head":{"translation":[0.5,5.25,0.0],"rotation":[0.0,0.0,-3.5],"scale":[1.66445,1.66445,1.66445]},"fixed":{"translation":[0.0,-3.25,-7.5]}},"credit":"Made with Blockbench","gui_light":"front"}