{"textures":{"0":"mcc:island_cosmetics/general/hat/mummy_hat/mummy_hat","particle":"mcc:island_cosmetics/general/hat/mummy_hat/mummy_hat"},"elements":[{"from":[3.0,3.5,3.0],"to":[13.0,5.5,13.0],"rotation":{"angle":0.0,"axis":"z","origin":[8.0,5.0,8.0]},"faces":{"north":{"uv":[0.0,6.75,2.5,7.25],"texture":"#0"},"east":{"uv":[9.75,3.75,12.25,4.25],"texture":"#0"},"south":{"uv":[9.75,4.5,12.25,5.0],"texture":"#0"},"west":{"uv":[10.0,1.25,12.5,1.75],"texture":"#0"},"up":{"uv":[2.5,2.5,0.0,0.0],"texture":"#0"},"down":{"uv":[2.5,2.75,0.0,5.25],"texture":"#0"}}},{"from":[3.0,5.5,5.0],"to":[13.0,9.5,13.0],"rotation":{"angle":0.0,"axis":"z","origin":[8.0,5.0,8.0]},"faces":{"north":{"uv":[0.0,5.5,2.5,6.5],"texture":"#0"},"east":{"uv":[7.75,1.25,9.75,2.25],"texture":"#0"},"south":{"uv":[7.75,0.0,10.25,1.0],"texture":"#0"},"west":{"uv":[8.0,2.5,10.0,3.5],"texture":"#0"},"up":{"uv":[7.75,4.5,5.25,2.5],"texture":"#0"},"down":{"uv":[7.75,4.75,5.25,6.75],"texture":"#0"}}},{"from":[3.5,9.5,3.5],"to":[12.5,12.5,12.5],"rotation":{"angle":0.0,"axis":"z","origin":[8.0,5.0,8.0]},"faces":{"north":{"uv":[8.0,5.25,10.25,6.0],"texture":"#0"},"east":{"uv":[8.5,6.25,10.75,7.0],"texture":"#0"},"south":{"uv":[8.5,7.25,10.75,8.0],"texture":"#0"},"west":{"uv":[8.5,8.25,10.75,9.0],"texture":"#0"},"up":{"uv":[5.0,2.25,2.75,0.0],"texture":"#0"},"down":{"uv":[5.0,2.5,2.75,4.75],"texture":"#0"}}},{"from":[2.0,7.0,3.25],"to":[14.0,9.0,9.25],"rotation":{"angle":-22.5,"axis":"z","origin":[8.0,8.0,8.0]},"faces":{"north":{"uv":[0.0,9.25,3.0,9.75],"texture":"#0"},"east":{"uv":[9.75,10.0,11.25,10.5],"texture":"#0"},"south":{"uv":[8.0,9.25,11.0,9.75],"texture":"#0"},"west":{"uv":[10.25,2.0,11.75,2.5],"texture":"#0"},"up":{"uv":[8.25,8.5,5.25,7.0],"texture":"#0"},"down":{"uv":[3.0,7.5,0.0,9.0],"texture":"#0"}}},{"from":[-5.5,8.0,10.0],"to":[3.5,17.0,10.0],"rotation":{"angle":22.5,"axis":"y","origin":[3.5,12.5,10.0]},"faces":{"north":{"uv":[2.75,5.0,5.0,7.25],"texture":"#0"},"east":{"uv":[7.5,10.25,7.5,12.5],"texture":"#0"},"south":{"uv":[5.0,5.0,2.75,7.25],"texture":"#0"},"west":{"uv":[7.75,10.25,7.75,12.5],"texture":"#0"},"up":{"uv":[12.75,2.75,10.5,2.75],"texture":"#0"},"down":{"uv":[12.75,3.0,10.5,3.0],"texture":"#0"}}},{"from":[3.0,0.5,4.0],"to":[3.0,5.5,10.0],"rotation":{"angle":-45.0,"axis":"z","origin":[3.0,5.5,7.0]},"faces":{"north":{"uv":[4.5,9.0,4.5,10.25],"texture":"#0"},"east":{"uv":[9.5,3.75,8.0,5.0],"texture":"#0"},"south":{"uv":[4.75,9.0,4.75,10.25],"texture":"#0"},"west":{"uv":[8.0,3.75,9.5,5.0],"texture":"#0"},"up":{"uv":[3.0,11.5,3.0,10.0],"texture":"#0"},"down":{"uv":[5.0,10.25,5.0,11.75],"texture":"#0"}}},{"from":[16.0,8.0,2.0],"to":[16.0,11.0,8.0],"rotation":{"angle":-45.0,"axis":"z","origin":[16.0,13.0,7.0]},"faces":{"north":{"uv":[5.0,7.5,5.0,8.25],"texture":"#0"},"east":{"uv":[9.5,10.0,8.0,10.75],"texture":"#0"},"south":{"uv":[10.25,2.75,10.25,3.5],"texture":"#0"},"west":{"uv":[8.0,10.0,9.5,10.75],"texture":"#0"},"up":{"uv":[5.25,11.75,5.25,10.25],"texture":"#0"},"down":{"uv":[5.5,10.25,5.5,11.75],"texture":"#0"}}},{"from":[13.12061,8.04955,2.0],"to":[17.12061,8.04955,8.0],"rotation":{"angle":-45.0,"axis":"z","origin":[18.12061,8.04955,7.0]},"faces":{"north":{"uv":[5.75,10.25,6.75,10.25],"texture":"#0"},"east":{"uv":[10.5,0.0,12.0,0.0],"texture":"#0"},"south":{"uv":[10.5,0.25,11.5,0.25],"texture":"#0"},"west":{"uv":[10.5,0.5,12.0,0.5],"texture":"#0"},"up":{"uv":[4.25,10.5,3.25,9.0],"texture":"#0"},"down":{"uv":[4.25,9.0,3.25,10.5],"texture":"#0"}}},{"from":[9.5,5.96447,-0.03553],"to":[14.5,10.96447,-0.03553],"rotation":{"angle":45.0,"axis":"x","origin":[7.5,5.96447,-0.03553]},"faces":{"north":{"uv":[5.0,8.75,6.25,10.0],"texture":"#0"},"east":{"uv":[7.0,10.25,7.0,11.5],"texture":"#0"},"south":{"uv":[6.25,8.75,5.0,10.0],"texture":"#0"},"west":{"uv":[7.25,10.25,7.25,11.5],"texture":"#0"},"up":{"uv":[11.75,0.75,10.5,0.75],"texture":"#0"},"down":{"uv":[11.75,1.0,10.5,1.0],"texture":"#0"}}}],"display":{"thirdperson_righthand":{"translation":[-2.25,0.0,0.0],"rotation":[39.99,10.71,5.5],"scale":[0.5,0.5,0.5]},"thirdperson_lefthand":{"translation":[-2.25,0.0,0.0],"rotation":[39.99,10.71,5.5],"scale":[0.5,0.5,0.5]},"firstperson_righthand":{"translation":[0.0,2.25,0.0],"rotation":[-180.0,54.75,-180.0],"scale":[0.5,0.5,0.5]},"firstperson_lefthand":{"translation":[0.0,2.25,0.0],"rotation":[-180.0,54.75,-180.0],"scale":[0.5,0.5,0.5]},"ground":{"scale":[0.5,0.5,0.5]},"gui":{"translation":[-1.0,0.0,0.0],"rotation":[-163.85,24.3,178.97],"scale":[0.63,0.63,0.63]},"head":{"scale":[1.61,1.61,1.61]},"fixed":{"translation":[0.0,0.0,-3.25],"rotation":[-12.75,0.0,0.0]}},"credit":"Made with Blockbench","gui_light":"front"}