{"textures":{"1":"mcc:island_cosmetics/general/hat/jester/jester"},"display":{"thirdperson_righthand":{"translation":[0.0,1.0,-1.0],"rotation":[63.0,34.0,0.0],"scale":[0.52539,0.52539,0.52539]},"thirdperson_lefthand":{"translation":[0.0,1.0,-1.0],"rotation":[63.0,34.0,0.0],"scale":[0.52539,0.52539,0.52539]},"firstperson_righthand":{"translation":[9.5,0.0,-5.75],"rotation":[3.0,112.0,-13.0],"scale":[0.41992,0.41992,0.41992]},"firstperson_lefthand":{"translation":[9.5,0.0,-5.75],"rotation":[3.0,112.0,-13.0],"scale":[0.41992,0.41992,0.41992]},"ground":{"translation":[0.0,4.25,0.0],"scale":[0.28906,0.28906,0.28906]},"gui":{"translation":[0.0,2.0,0.0],"rotation":[-136.8,-86.84,-173.78],"scale":[0.71093,0.71093,0.71093]},"head":{"translation":[0.0,13.25,0.0],"rotation":[0.0,45.0,0.0],"scale":[1.64102,1.64102,1.64102]},"fixed":{"translation":[0.0,-3.25,-7.5]}},"credit":"Made with Blockbench","texture_size":[32.0,32.0],"elements":[{"from":[3.5,0.75,3.5],"to":[12.5,7.75,12.5],"rotation":{"angle":45.0,"axis":"y","origin":[8.0,3.25,8.0]},"faces":{"north":{"uv":[4.5,3.0,9.0,6.5],"texture":"#1"},"east":{"uv":[9.0,3.0,4.5,6.5],"texture":"#1"},"south":{"uv":[4.5,3.0,9.0,6.5],"texture":"#1"},"west":{"uv":[9.0,3.0,4.5,6.5],"texture":"#1"},"up":{"uv":[0.0,7.0,4.5,11.5],"texture":"#1"}}},{"from":[3.5,0.75,3.5],"to":[12.5,7.75,12.5],"rotation":{"angle":45.0,"axis":"y","origin":[8.0,3.25,8.0]},"faces":{"north":{"uv":[0.0,3.0,4.5,6.5],"texture":"#1","tintindex":0.0},"east":{"uv":[4.5,3.0,0.0,6.5],"texture":"#1","tintindex":0.0},"south":{"uv":[0.0,3.0,4.5,6.5],"texture":"#1","tintindex":0.0},"west":{"uv":[4.5,3.0,0.0,6.5],"texture":"#1","tintindex":0.0},"up":{"uv":[9.0,4.0,13.5,8.5],"texture":"#1","tintindex":0.0}}},{"from":[15.5,2.25,6.5],"to":[18.5,5.25,9.5],"rotation":{"angle":0.0,"axis":"y","origin":[15.7088,5.31336,8.0]},"faces":{"north":{"uv":[0.0,1.5,1.5,3.0],"texture":"#1"},"east":{"uv":[0.0,1.5,1.5,3.0],"texture":"#1"},"south":{"uv":[0.0,1.5,1.5,3.0],"texture":"#1"},"west":{"uv":[0.0,1.5,1.5,3.0],"texture":"#1"},"up":{"uv":[3.0,1.5,4.5,3.0],"texture":"#1"},"down":{"uv":[1.5,1.5,3.0,3.0],"texture":"#1"}}},{"from":[10.41761,4.7636,6.0],"to":[17.41761,7.7636,10.0],"rotation":{"angle":-22.5,"axis":"z","origin":[15.7088,5.31336,8.0]},"faces":{"north":{"uv":[4.5,0.0,8.0,1.5],"texture":"#1"},"east":{"uv":[4.5,1.5,6.5,3.0],"texture":"#1"},"south":{"uv":[8.0,0.0,4.5,1.5],"texture":"#1"},"west":{"uv":[6.5,1.5,8.5,3.0],"texture":"#1"},"up":{"uv":[8.5,0.0,12.0,2.0],"texture":"#1"},"down":{"uv":[9.0,2.0,12.5,4.0],"texture":"#1"}}},{"from":[-2.5,2.25,6.5],"to":[0.5,5.25,9.5],"rotation":{"angle":0.0,"axis":"y","origin":[0.2912,5.31336,8.0]},"faces":{"north":{"uv":[1.5,1.5,0.0,3.0],"texture":"#1"},"east":{"uv":[1.5,1.5,0.0,3.0],"texture":"#1"},"south":{"uv":[1.5,1.5,0.0,3.0],"texture":"#1"},"west":{"uv":[1.5,1.5,0.0,3.0],"texture":"#1"},"up":{"uv":[4.5,1.5,3.0,3.0],"texture":"#1"},"down":{"uv":[3.0,1.5,1.5,3.0],"texture":"#1"}}},{"from":[-1.41761,4.7636,6.0],"to":[5.58239,7.7636,10.0],"rotation":{"angle":22.5,"axis":"z","origin":[0.2912,5.31336,8.0]},"faces":{"north":{"uv":[8.0,0.0,4.5,1.5],"texture":"#1"},"east":{"uv":[8.5,1.5,6.5,3.0],"texture":"#1"},"south":{"uv":[4.5,0.0,8.0,1.5],"texture":"#1"},"west":{"uv":[6.5,1.5,4.5,3.0],"texture":"#1"},"up":{"uv":[12.0,0.0,8.5,2.0],"texture":"#1"},"down":{"uv":[12.5,2.0,9.0,4.0],"texture":"#1"}}},{"from":[6.0,7.33094,9.90693],"to":[10.0,10.33094,16.90693],"rotation":{"angle":22.5,"axis":"x","origin":[8.0,5.31336,9.0]},"faces":{"north":{"uv":[2.0,13.0,4.0,14.5],"texture":"#1","tintindex":0.0},"east":{"uv":[0.0,11.5,3.5,13.0],"texture":"#1","tintindex":0.0},"south":{"uv":[0.0,13.0,2.0,14.5],"texture":"#1","tintindex":0.0},"west":{"uv":[3.5,11.5,0.0,13.0],"texture":"#1","tintindex":0.0},"up":{"uv":[4.0,11.5,7.5,13.5],"rotation":90.0,"texture":"#1","tintindex":0.0},"down":{"uv":[8.0,11.5,11.5,13.5],"rotation":270.0,"texture":"#1","tintindex":0.0}}},{"from":[6.5,2.25,15.5],"to":[9.5,5.25,18.5],"rotation":{"angle":0.0,"axis":"y","origin":[8.0,5.31336,9.0]},"faces":{"north":{"uv":[0.0,1.5,1.5,3.0],"texture":"#1"},"east":{"uv":[0.0,1.5,1.5,3.0],"texture":"#1"},"south":{"uv":[0.0,1.5,1.5,3.0],"texture":"#1"},"west":{"uv":[0.0,1.5,1.5,3.0],"texture":"#1"},"up":{"uv":[3.0,1.5,4.5,3.0],"rotation":90.0,"texture":"#1"},"down":{"uv":[1.5,1.5,3.0,3.0],"rotation":270.0,"texture":"#1"}}},{"from":[6.0,7.33094,-0.90693],"to":[10.0,10.33094,6.09307],"rotation":{"angle":-22.5,"axis":"x","origin":[8.0,5.31336,7.0]},"faces":{"north":{"uv":[2.0,13.0,0.0,14.5],"texture":"#1","tintindex":0.0},"east":{"uv":[3.5,11.5,0.0,13.0],"texture":"#1","tintindex":0.0},"south":{"uv":[4.0,13.0,2.0,14.5],"texture":"#1","tintindex":0.0},"west":{"uv":[0.0,11.5,3.5,13.0],"texture":"#1","tintindex":0.0},"up":{"uv":[7.5,11.5,4.0,13.5],"rotation":90.0,"texture":"#1","tintindex":0.0},"down":{"uv":[11.5,11.5,8.0,13.5],"rotation":270.0,"texture":"#1","tintindex":0.0}}},{"from":[6.5,2.25,-2.5],"to":[9.5,5.25,0.5],"rotation":{"angle":0.0,"axis":"y","origin":[8.0,5.31336,7.0]},"faces":{"north":{"uv":[1.5,1.5,0.0,3.0],"texture":"#1"},"east":{"uv":[1.5,1.5,0.0,3.0],"texture":"#1"},"south":{"uv":[1.5,1.5,0.0,3.0],"texture":"#1"},"west":{"uv":[1.5,1.5,0.0,3.0],"texture":"#1"},"up":{"uv":[4.5,1.5,3.0,3.0],"rotation":90.0,"texture":"#1"},"down":{"uv":[3.0,1.5,1.5,3.0],"rotation":270.0,"texture":"#1"}}},{"from":[3.4,0.65,3.4],"to":[12.6,2.85,12.6],"rotation":{"angle":45.0,"axis":"y","origin":[8.0,3.25,8.0]},"faces":{"north":{"uv":[0.0,0.5,4.5,1.5],"texture":"#1"},"east":{"uv":[0.0,0.5,4.5,1.5],"texture":"#1"},"south":{"uv":[0.0,0.5,4.5,1.5],"texture":"#1"},"west":{"uv":[0.0,0.5,4.5,1.5],"texture":"#1"},"down":{"uv":[4.5,6.5,9.0,11.0],"texture":"#1"}}},{"name":"cube inverted","from":[12.6,2.85,12.6],"to":[3.4,0.65,3.4],"rotation":{"angle":45.0,"axis":"y","origin":[8.0,3.25,8.0]},"faces":{"north":{"uv":[0.0,1.5,4.5,0.5],"texture":"#1"},"east":{"uv":[0.0,1.5,4.5,0.5],"texture":"#1"},"south":{"uv":[0.0,1.5,4.5,0.5],"texture":"#1"},"west":{"uv":[0.0,1.5,4.5,0.5],"texture":"#1"},"up":{"uv":[9.0,6.5,4.5,11.0],"texture":"#1"}}}],"gui_light":"front"}