{"textures":{"0":"mcc:island_cosmetics/general/hat/drinking_helmet/drinking_helmet","2":"mcc:island_cosmetics/general/hat/drinking_helmet/drinking_helmet_anim","particle":"mcc:island_cosmetics/general/hat/drinking_helmet/drinking_helmet"},"elements":[{"from":[3.5,9.0,3.5],"to":[12.5,14.0,12.5],"rotation":{"angle":0.0,"axis":"y","origin":[0.5,0.0,-1.5]},"faces":{"north":{"uv":[6.5,1.5,11.0,4.0],"texture":"#0","tintindex":0},"east":{"uv":[2.0,1.5,6.5,4.0],"texture":"#0","tintindex":0},"south":{"uv":[6.5,1.5,2.0,4.0],"texture":"#0","tintindex":0},"west":{"uv":[6.5,1.5,2.0,4.0],"texture":"#0","tintindex":0},"up":{"uv":[2.0,4.0,6.5,8.5],"texture":"#0","tintindex":0},"down":{"uv":[17.0,39.0,17.5,39.5],"texture":"#0","tintindex":0}}},{"from":[-1.5,15.0,8.0],"to":[17.5,20.0,8.0],"rotation":{"angle":0.0,"axis":"y","origin":[0.5,0.0,-1.5]},"faces":{"north":{"uv":[6.5,13.5,16.0,16.0],"texture":"#2"},"east":{"uv":[55.0,54.5,59.5,57.0],"texture":"#0"},"south":{"uv":[6.5,13.5,16.0,16.0],"texture":"#2"},"west":{"uv":[59.5,54.5,55.0,57.0],"texture":"#0"},"up":{"uv":[55.0,57.0,59.5,61.5],"texture":"#0"},"down":{"uv":[17.0,39.0,17.5,39.5],"texture":"#0"}}},{"from":[7.5,3.5,3.0],"to":[13.5,16.5,13.0],"rotation":{"angle":0.0,"axis":"y","origin":[8.0,17.5,8.0]},"faces":{"north":{"uv":[13.0,4.0,10.0,10.5],"texture":"#2"},"east":{"uv":[6.5,7.0,1.5,13.5],"texture":"#2"},"south":{"uv":[1.5,2.0,8.0,5.0],"texture":"#2","rotation":90},"up":{"uv":[8.0,0.5,13.0,3.5],"texture":"#2","rotation":90}}},{"from":[3.25,8.5,6.5],"to":[12.75,14.5,9.5],"rotation":{"angle":0.0,"axis":"y","origin":[0.5,0.0,-1.5]},"faces":{"east":{"uv":[0.5,1.5,2.0,4.5],"texture":"#0"},"west":{"uv":[0.5,1.5,2.0,4.5],"texture":"#0"},"up":{"uv":[0.5,0.0,6.0,1.5],"texture":"#0"}}},{"from":[13.0,10.0,6.0],"to":[17.0,16.0,10.0],"rotation":{"angle":0.0,"axis":"y","origin":[0.5,0.0,-1.5]},"faces":{"north":{"uv":[11.0,6.5,9.0,9.5],"texture":"#0"},"east":{"uv":[11.0,6.5,9.0,9.5],"texture":"#0"},"south":{"uv":[11.0,6.5,9.0,9.5],"texture":"#0"},"west":{"uv":[11.0,6.5,9.0,9.5],"texture":"#0"},"up":{"uv":[9.0,6.5,7.0,8.5],"texture":"#0"},"down":{"uv":[9.0,6.5,7.0,8.5],"texture":"#0"}}},{"from":[13.0,10.0,6.0],"to":[17.0,16.0,10.0],"rotation":{"angle":0.0,"axis":"y","origin":[0.5,0.0,-1.5]},"faces":{"north":{"uv":[2.0,4.0,0.0,7.0],"texture":"#0","tintindex":0},"east":{"uv":[2.0,4.0,0.0,7.0],"texture":"#0","tintindex":0},"south":{"uv":[2.0,4.0,0.0,7.0],"texture":"#0","tintindex":0},"west":{"uv":[2.0,4.0,0.0,7.0],"texture":"#0","tintindex":0}}},{"from":[12.9,14.9,5.9],"to":[17.1,16.1,10.1],"rotation":{"angle":0.0,"axis":"y","origin":[0.5,0.0,-1.5]},"faces":{"north":{"uv":[9.0,8.0,7.0,8.5],"texture":"#0"},"east":{"uv":[9.0,8.0,7.0,8.5],"texture":"#0"},"south":{"uv":[9.0,8.0,7.0,8.5],"texture":"#0"},"west":{"uv":[9.0,8.0,7.0,8.5],"texture":"#0"}}},{"from":[12.9,9.9,5.9],"to":[17.1,11.1,10.1],"rotation":{"angle":0.0,"axis":"y","origin":[0.5,0.0,-1.5]},"faces":{"north":{"uv":[9.0,8.0,7.0,8.5],"texture":"#0"},"east":{"uv":[9.0,8.0,7.0,8.5],"texture":"#0"},"south":{"uv":[9.0,8.0,7.0,8.5],"texture":"#0"},"west":{"uv":[9.0,8.0,7.0,8.5],"texture":"#0"}}},{"from":[3.5,8.999,-1.5],"to":[12.5,9.999,3.5],"rotation":{"angle":0.0,"axis":"y","origin":[8.0,8.999,0.5]},"faces":{"east":{"uv":[6.5,4.0,7.0,6.5],"texture":"#0","tintindex":0,"rotation":90},"west":{"uv":[10.5,6.5,11.0,4.0],"texture":"#0","tintindex":0,"rotation":90},"up":{"uv":[6.5,4.0,11.0,6.5],"texture":"#0","tintindex":0}}},{"from":[12.5,14.0,12.5],"to":[3.5,9.0,3.5],"rotation":{"angle":0.0,"axis":"y","origin":[0.5,0.0,-1.5]},"faces":{"north":{"uv":[6.5,4.0,2.0,1.5],"texture":"#0","tintindex":0},"east":{"uv":[6.5,4.0,2.0,1.5],"texture":"#0","tintindex":0},"south":{"uv":[6.5,4.0,11.0,1.5],"texture":"#0","tintindex":0},"west":{"uv":[2.0,4.0,6.5,1.5],"texture":"#0","tintindex":0},"up":{"uv":[17.5,39.0,17.0,39.5],"texture":"#0","tintindex":0},"down":{"uv":[6.5,4.0,2.0,8.5],"texture":"#0","tintindex":0}}},{"from":[12.75,14.5,9.5],"to":[3.25,8.5,6.5],"rotation":{"angle":0.0,"axis":"y","origin":[0.5,0.0,-1.5]},"faces":{"east":{"uv":[0.5,4.5,2.0,1.5],"texture":"#0"},"west":{"uv":[0.5,4.5,2.0,1.5],"texture":"#0"},"down":{"uv":[6.0,0.0,0.5,1.5],"texture":"#0"}}},{"from":[17.1,16.1,10.1],"to":[12.9,14.9,5.9],"rotation":{"angle":0.0,"axis":"y","origin":[0.5,0.0,-1.5]},"faces":{"north":{"uv":[9.0,8.5,7.0,8.0],"texture":"#0"},"east":{"uv":[9.0,8.5,7.0,8.0],"texture":"#0"},"south":{"uv":[9.0,8.5,7.0,8.0],"texture":"#0"},"west":{"uv":[9.0,8.5,7.0,8.0],"texture":"#0"}}},{"from":[17.1,11.1,10.1],"to":[12.9,9.9,5.9],"rotation":{"angle":0.0,"axis":"y","origin":[0.5,0.0,-1.5]},"faces":{"north":{"uv":[9.0,8.5,7.0,8.0],"texture":"#0"},"east":{"uv":[9.0,8.5,7.0,8.0],"texture":"#0"},"south":{"uv":[9.0,8.5,7.0,8.0],"texture":"#0"},"west":{"uv":[9.0,8.5,7.0,8.0],"texture":"#0"}}},{"from":[-1.0,10.0,6.0],"to":[3.0,16.0,10.0],"rotation":{"angle":0.0,"axis":"y","origin":[15.5,0.0,-1.5]},"faces":{"north":{"uv":[9.0,6.5,11.0,9.5],"texture":"#0"},"east":{"uv":[9.0,6.5,11.0,9.5],"texture":"#0"},"south":{"uv":[9.0,6.5,11.0,9.5],"texture":"#0"},"west":{"uv":[9.0,6.5,11.0,9.5],"texture":"#0"},"up":{"uv":[7.0,6.5,9.0,8.5],"texture":"#0"},"down":{"uv":[7.0,6.5,9.0,8.5],"texture":"#0"}}},{"from":[-1.0,10.0,6.0],"to":[3.0,16.0,10.0],"rotation":{"angle":0.0,"axis":"y","origin":[15.5,0.0,-1.5]},"faces":{"north":{"uv":[0.0,4.0,2.0,7.0],"texture":"#0","tintindex":0},"east":{"uv":[0.0,4.0,2.0,7.0],"texture":"#0","tintindex":0},"south":{"uv":[0.0,4.0,2.0,7.0],"texture":"#0","tintindex":0},"west":{"uv":[0.0,4.0,2.0,7.0],"texture":"#0","tintindex":0}}},{"from":[-1.1,14.9,5.9],"to":[3.1,16.1,10.1],"rotation":{"angle":0.0,"axis":"y","origin":[15.5,0.0,-1.5]},"faces":{"north":{"uv":[7.0,8.0,9.0,8.5],"texture":"#0"},"east":{"uv":[7.0,8.0,9.0,8.5],"texture":"#0"},"south":{"uv":[7.0,8.0,9.0,8.5],"texture":"#0"},"west":{"uv":[7.0,8.0,9.0,8.5],"texture":"#0"}}},{"from":[-1.1,9.9,5.9],"to":[3.1,11.1,10.1],"rotation":{"angle":0.0,"axis":"y","origin":[15.5,0.0,-1.5]},"faces":{"north":{"uv":[7.0,8.0,9.0,8.5],"texture":"#0"},"east":{"uv":[7.0,8.0,9.0,8.5],"texture":"#0"},"south":{"uv":[7.0,8.0,9.0,8.5],"texture":"#0"},"west":{"uv":[7.0,8.0,9.0,8.5],"texture":"#0"}}},{"from":[3.1,16.1,10.1],"to":[-1.1,14.9,5.9],"rotation":{"angle":0.0,"axis":"y","origin":[15.5,0.0,-1.5]},"faces":{"north":{"uv":[7.0,8.5,9.0,8.0],"texture":"#0"},"east":{"uv":[7.0,8.5,9.0,8.0],"texture":"#0"},"south":{"uv":[7.0,8.5,9.0,8.0],"texture":"#0"},"west":{"uv":[7.0,8.5,9.0,8.0],"texture":"#0"}}},{"from":[3.1,11.1,10.1],"to":[-1.1,9.9,5.9],"rotation":{"angle":0.0,"axis":"y","origin":[15.5,0.0,-1.5]},"faces":{"north":{"uv":[7.0,8.5,9.0,8.0],"texture":"#0"},"east":{"uv":[7.0,8.5,9.0,8.0],"texture":"#0"},"south":{"uv":[7.0,8.5,9.0,8.0],"texture":"#0"},"west":{"uv":[7.0,8.5,9.0,8.0],"texture":"#0"}}},{"from":[12.5,9.999,3.5],"to":[3.5,8.999,-1.5],"rotation":{"angle":0.0,"axis":"y","origin":[8.0,8.999,0.5]},"faces":{"east":{"uv":[11.0,6.5,10.5,4.0],"texture":"#0","tintindex":0,"rotation":90},"west":{"uv":[7.0,4.0,6.5,6.5],"texture":"#0","tintindex":0,"rotation":90},"down":{"uv":[11.0,4.0,6.5,6.5],"texture":"#0","tintindex":0}}}],"display":{"thirdperson_righthand":{"translation":[0.0,1.0,0.75],"rotation":[55.5,34.0,0.0],"scale":[0.52539,0.52539,0.52539]},"thirdperson_lefthand":{"translation":[0.0,1.0,0.75],"rotation":[55.5,34.0,0.0],"scale":[0.52539,0.52539,0.52539]},"firstperson_righthand":{"translation":[9.5,0.0,-5.75],"rotation":[21.0,114.5,-13.75],"scale":[0.41992,0.41992,0.41992]},"firstperson_lefthand":{"translation":[9.5,0.0,-5.75],"rotation":[21.0,114.5,-13.75],"scale":[0.41992,0.41992,0.41992]},"gui":{"translation":[-0.25,-2.25,0.0],"rotation":[-149.61,-31.92,-180.0],"scale":[0.80077,0.80077,0.80077]},"head":{"translation":[0.0,-1.5,0.0],"scale":[1.62734,1.62734,1.62734]}},"credit":"Made with Blockbench","gui_light":"front"}