{"textures":{"0":"mcc:island_cosmetics/head_variant/head_4_extra","1":"mcc:island_cosmetics/head_variant/gold_shine","particle":"mcc:island_cosmetics/head_variant/head_4_extra"},"credit":"Made with Blockbench","elements":[{"from":[2.5,0.0,2.5],"to":[13.5,11.0,13.5],"rotation":{"angle":0.0,"axis":"x","origin":[8.0,5.5,8.0]},"faces":{"north":{"uv":[14.625,13.5,16.0,14.875],"texture":"#0"},"east":{"uv":[13.25,13.875,14.625,15.25],"texture":"#0"},"south":{"uv":[13.25,13.875,14.625,15.25],"texture":"#0"},"west":{"uv":[13.25,13.875,14.625,15.25],"texture":"#0"},"up":{"uv":[11.875,13.875,13.25,15.25],"texture":"#0"},"down":{"uv":[11.375,12.5,12.75,13.875],"texture":"#0"}}},{"from":[-6.0,-3.0,1.0],"to":[1.0,4.0,1.0],"rotation":{"angle":-22.5,"axis":"y","origin":[0.5,0.5,7.0]},"faces":{"north":{"uv":[8.0,1.0,15.0,8.0],"texture":"#1"},"east":{"uv":[0.0,0.0,1.0,1.0],"texture":"#1"},"south":{"uv":[8.0,1.0,15.0,8.0],"texture":"#1"},"west":{"uv":[0.0,0.0,1.0,1.0],"texture":"#1"},"up":{"uv":[0.0,0.0,1.0,1.0],"texture":"#1"},"down":{"uv":[0.0,0.0,1.0,1.0],"texture":"#1"}}},{"from":[-3.0,10.0,7.0],"to":[4.0,17.0,7.0],"rotation":{"angle":45.0,"axis":"y","origin":[0.5,13.5,7.0]},"faces":{"north":{"uv":[0.0,1.0,7.0,8.0],"texture":"#1"},"east":{"uv":[0.0,0.0,1.0,1.0],"texture":"#1"},"south":{"uv":[0.0,1.0,7.0,8.0],"texture":"#1"},"west":{"uv":[0.0,0.0,1.0,1.0],"texture":"#1"},"up":{"uv":[0.0,0.0,1.0,1.0],"texture":"#1"},"down":{"uv":[0.0,0.0,1.0,1.0],"texture":"#1"}}},{"from":[-3.0,10.0,7.0],"to":[4.0,17.0,7.0],"rotation":{"angle":-45.0,"axis":"y","origin":[0.5,13.5,7.0]},"faces":{"north":{"uv":[0.0,1.0,7.0,8.0],"texture":"#1"},"east":{"uv":[0.0,0.0,1.0,1.0],"texture":"#1"},"south":{"uv":[0.0,1.0,7.0,8.0],"texture":"#1"},"west":{"uv":[0.0,0.0,1.0,1.0],"texture":"#1"},"up":{"uv":[0.0,0.0,1.0,1.0],"texture":"#1"},"down":{"uv":[0.0,0.0,1.0,1.0],"texture":"#1"}}},{"from":[-2.5,-3.0,-2.5],"to":[-2.5,4.0,4.5],"rotation":{"angle":-22.5,"axis":"y","origin":[0.5,0.5,7.0]},"faces":{"north":{"uv":[0.0,0.0,1.0,1.0],"texture":"#1"},"east":{"uv":[8.0,1.0,15.0,8.0],"texture":"#1"},"south":{"uv":[0.0,0.0,1.0,1.0],"texture":"#1"},"west":{"uv":[8.0,1.0,15.0,8.0],"texture":"#1"},"up":{"uv":[0.0,0.0,1.0,1.0],"rotation":270.0,"texture":"#1"},"down":{"uv":[0.0,0.0,1.0,1.0],"rotation":90.0,"texture":"#1"}}},{"from":[14.0,0.0,7.75],"to":[21.0,7.0,7.75],"rotation":{"angle":0.0,"axis":"y","origin":[15.5,5.5,7.0]},"faces":{"north":{"uv":[8.0,9.0,15.0,16.0],"texture":"#1"},"east":{"uv":[0.0,0.0,1.0,1.0],"texture":"#1"},"south":{"uv":[8.0,9.0,15.0,16.0],"texture":"#1"},"west":{"uv":[0.0,0.0,1.0,1.0],"texture":"#1"},"up":{"uv":[0.0,0.0,1.0,1.0],"texture":"#1"},"down":{"uv":[0.0,0.0,1.0,1.0],"texture":"#1"}}},{"from":[17.34776,0.0,4.26537],"to":[17.34776,7.0,11.26537],"rotation":{"angle":0.0,"axis":"y","origin":[17.34776,5.5,7.76537]},"faces":{"north":{"uv":[0.0,0.0,1.0,1.0],"texture":"#1"},"east":{"uv":[8.0,9.0,15.0,16.0],"texture":"#1"},"south":{"uv":[0.0,0.0,1.0,1.0],"texture":"#1"},"west":{"uv":[8.0,9.0,15.0,16.0],"texture":"#1"},"up":{"uv":[0.0,0.0,1.0,1.0],"rotation":90.0,"texture":"#1"},"down":{"uv":[0.0,0.0,1.0,1.0],"rotation":270.0,"texture":"#1"}}},{"from":[8.4797,6.0,17.6704],"to":[15.4797,13.0,17.6704],"rotation":{"angle":22.5,"axis":"y","origin":[10.9797,6.5,15.6704]},"faces":{"north":{"uv":[8.0,1.0,15.0,8.0],"texture":"#1"},"east":{"uv":[0.0,0.0,1.0,1.0],"texture":"#1"},"south":{"uv":[8.0,1.0,15.0,8.0],"texture":"#1"},"west":{"uv":[0.0,0.0,1.0,1.0],"texture":"#1"},"up":{"uv":[0.0,0.0,1.0,1.0],"texture":"#1"},"down":{"uv":[0.0,0.0,1.0,1.0],"texture":"#1"}}},{"from":[11.9797,6.0,14.1704],"to":[11.9797,13.0,21.1704],"rotation":{"angle":22.5,"axis":"y","origin":[10.9797,6.5,15.6704]},"faces":{"north":{"uv":[0.0,0.0,1.0,1.0],"texture":"#1"},"east":{"uv":[8.0,1.0,15.0,8.0],"texture":"#1"},"south":{"uv":[0.0,0.0,1.0,1.0],"texture":"#1"},"west":{"uv":[8.0,1.0,15.0,8.0],"texture":"#1"},"up":{"uv":[0.0,0.0,1.0,1.0],"rotation":90.0,"texture":"#1"},"down":{"uv":[0.0,0.0,1.0,1.0],"rotation":270.0,"texture":"#1"}}}],"gui_light":"front","display":{"thirdperson_righthand":{"rotation":[63.0,34.0,0.0],"translation":[0.0,1.0,-1.0],"scale":[0.52539,0.52539,0.52539]},"thirdperson_lefthand":{"rotation":[63.0,34.0,0.0],"translation":[0.0,1.0,-1.0],"scale":[0.52539,0.52539,0.52539]},"firstperson_righthand":{"rotation":[3.0,112.0,-13.0],"translation":[9.5,0.0,-5.75],"scale":[0.41992,0.41992,0.41992]},"firstperson_lefthand":{"rotation":[3.0,112.0,-13.0],"translation":[9.5,0.0,-5.75],"scale":[0.41992,0.41992,0.41992]},"ground":{"translation":[0.0,4.25,0.0],"scale":[0.28906,0.28906,0.28906]},"gui":{"rotation":[-149.61,-31.92,-180.0],"translation":[0.0,1.75,0.0],"scale":[0.83398,0.83398,0.83398]},"head":{"translation":[0.0,5.25,0.0],"scale":[1.61172,1.61172,1.61172]},"fixed":{"translation":[0.0,-3.25,-7.5]}}}