{"textures":{"0":"block/custom/head","particle":"block/custom/head"},"credit":"Made with Blockbench","texture_size":[128.0,128.0],"elements":[{"from":[3.5,5.0,3.5],"to":[12.5,8.0,13.5],"rotation":{"angle":0.0,"axis":"y","origin":[8.5,6.5,7.5]},"faces":{"north":{"uv":[10.375,0.0,11.5,0.375],"texture":"#0","tintindex":0.0},"east":{"uv":[11.625,0.375,10.375,0.75],"texture":"#0","tintindex":0.0},"south":{"uv":[10.375,0.75,11.5,1.125],"texture":"#0","tintindex":0.0},"west":{"uv":[10.375,0.375,11.625,0.75],"texture":"#0","tintindex":0.0},"up":{"uv":[12.125,0.5,12.25,0.625],"texture":"#0","tintindex":0.0},"down":{"uv":[12.125,0.5,12.25,0.625],"texture":"#0","tintindex":0.0}}},{"from":[2.5,1.5,14.0],"to":[13.5,8.5,14.0],"rotation":{"angle":-22.5,"axis":"x","origin":[8.0,6.0,16.5]},"faces":{"north":{"uv":[12.25,3.125,13.625,4.0],"texture":"#0","tintindex":0.0},"east":{"uv":[0.0,0.0,1.0,1.0],"rotation":270.0,"texture":"#missing","tintindex":0.0},"south":{"uv":[12.25,3.125,13.625,4.0],"texture":"#0","tintindex":0.0},"west":{"uv":[0.0,0.0,1.0,1.0],"rotation":90.0,"texture":"#missing","tintindex":0.0},"up":{"uv":[0.0,0.0,1.0,1.0],"rotation":180.0,"texture":"#missing","tintindex":0.0},"down":{"uv":[0.0,0.0,1.0,1.0],"texture":"#missing","tintindex":0.0}}},{"name":"cube inverted","from":[12.5,8.0,13.5],"to":[3.5,5.0,3.5],"rotation":{"angle":0.0,"axis":"y","origin":[8.5,6.5,7.5]},"faces":{"north":{"uv":[10.375,1.125,11.5,0.75],"texture":"#0","tintindex":0.0},"east":{"uv":[10.375,0.75,11.625,0.375],"texture":"#0","tintindex":0.0},"south":{"uv":[10.375,0.375,11.5,0.0],"texture":"#0","tintindex":0.0},"west":{"uv":[11.625,0.75,10.375,0.375],"texture":"#0","tintindex":0.0},"up":{"uv":[12.25,0.5,12.125,0.625],"texture":"#0","tintindex":0.0},"down":{"uv":[12.25,0.5,12.125,0.625],"texture":"#0","tintindex":0.0}}}],"gui_light":"front","display":{"thirdperson_righthand":{"rotation":[63.0,34.0,0.0],"translation":[0.0,1.0,-1.0],"scale":[0.37891,0.37891,0.37891]},"thirdperson_lefthand":{"rotation":[63.0,34.0,0.0],"translation":[0.0,1.0,-1.0],"scale":[0.37891,0.37891,0.37891]},"firstperson_righthand":{"rotation":[3.0,112.0,-13.0],"translation":[9.5,0.0,-5.75],"scale":[0.35547,0.35547,0.35547]},"firstperson_lefthand":{"rotation":[3.0,112.0,-13.0],"translation":[9.5,0.0,-5.75],"scale":[0.35547,0.35547,0.35547]},"ground":{"translation":[0.0,4.25,0.0],"scale":[0.28906,0.28906,0.28906]},"gui":{"rotation":[-174.47,-34.12,164.69],"translation":[0.0,2.75,0.0],"scale":[1.04101,1.04101,1.04101]},"head":{"rotation":[12.5,0.0,0.0],"translation":[0.0,4.25,-0.25],"scale":[1.60586,1.60586,1.60586]},"fixed":{"translation":[0.0,-3.25,-7.5]}}}