{"textures":{"0":"block/custom/head_3","1":"block/custom/head_3_extra","2":"block/custom/hard_hat_miner","particle":"block/custom/head_3"},"credit":"Made with Blockbench","texture_size":[128.0,128.0],"elements":[{"from":[3.5,5.0,3.5],"to":[12.5,10.0,12.5],"rotation":{"angle":0.0,"axis":"y","origin":[-0.5,0.0,-1.5]},"faces":{"north":{"uv":[3.375,3.0,4.5,3.625],"texture":"#1"},"east":{"uv":[3.375,4.25,4.5,4.875],"texture":"#1"},"south":{"uv":[3.375,3.625,4.5,4.25],"texture":"#1"},"west":{"uv":[3.375,4.25,4.5,4.875],"texture":"#1"},"up":{"uv":[4.625,3.0,5.75,4.125],"texture":"#1"},"down":{"uv":[5.25,1.375,5.375,1.5],"texture":"#1"}}},{"from":[6.5,5.0,2.5],"to":[9.5,11.0,13.5],"rotation":{"angle":0.0,"axis":"y","origin":[-0.5,0.0,-1.5]},"faces":{"north":{"uv":[3.0,3.0,3.375,3.75],"texture":"#1"},"east":{"uv":[5.875,3.375,7.25,4.125],"texture":"#1"},"south":{"uv":[3.0,3.0,3.375,3.75],"texture":"#1"},"west":{"uv":[4.625,4.125,6.0,4.875],"texture":"#1"},"up":{"uv":[3.0,3.75,3.375,5.125],"texture":"#1"},"down":{"uv":[3.875,3.375,4.0,3.5],"texture":"#1"}}},{"from":[2.5,5.0,-1.5],"to":[13.5,5.0,14.5],"rotation":{"angle":0.0,"axis":"y","origin":[-0.5,0.0,-1.5]},"faces":{"north":{"uv":[2.125,5.25,3.25,5.875],"texture":"#0"},"east":{"uv":[2.125,7.625,3.25,8.25],"texture":"#0"},"south":{"uv":[2.125,5.25,3.25,5.875],"texture":"#0"},"west":{"uv":[2.125,7.0,3.25,7.625],"texture":"#0"},"up":{"uv":[1.5,3.125,2.875,5.125],"texture":"#1"},"down":{"uv":[1.5,5.125,2.875,3.125],"texture":"#1"}}},{"from":[6.0,6.0,0.5],"to":[10.0,10.0,1.5],"rotation":{"angle":0.0,"axis":"y","origin":[-1.0,0.0,-1.5]},"faces":{"north":{"uv":[1.0,1.0,5.0,5.0],"rotation":180.0,"texture":"#2"},"east":{"uv":[0.25,4.25,0.375,4.75],"texture":"#1","tintindex":0.0},"south":{"uv":[7.875,2.75,8.25,3.5],"texture":"#missing","tintindex":0.0},"west":{"uv":[0.25,4.25,0.375,4.75],"rotation":180.0,"texture":"#1","tintindex":0.0},"up":{"uv":[0.25,4.25,0.375,4.75],"rotation":90.0,"texture":"#1","tintindex":0.0},"down":{"uv":[0.25,4.25,0.375,4.75],"rotation":90.0,"texture":"#1","tintindex":0.0}}},{"from":[6.0,6.0,1.5],"to":[10.0,10.0,3.5],"rotation":{"angle":0.0,"axis":"y","origin":[-1.0,0.0,-1.5]},"faces":{"north":{"uv":[0.125,4.625,0.25,4.75],"rotation":270.0,"texture":"#1"},"east":{"uv":[0.0,4.25,0.25,4.75],"texture":"#1"},"south":{"uv":[0.125,4.625,0.25,4.75],"rotation":270.0,"texture":"#1"},"west":{"uv":[0.25,4.25,0.0,4.75],"texture":"#1"},"up":{"uv":[0.0,4.25,0.25,4.75],"rotation":270.0,"texture":"#1"},"down":{"uv":[0.25,4.75,0.0,4.25],"rotation":270.0,"texture":"#1"}}},{"from":[5.4,5.9,11.4],"to":[10.6,9.1,13.6],"rotation":{"angle":0.0,"axis":"y","origin":[-0.5,0.0,-1.5]},"faces":{"north":{"uv":[0.0,4.75,1.125,5.125],"texture":"#1"},"east":{"uv":[0.875,3.875,0.625,4.25],"texture":"#1"},"south":{"uv":[0.0,3.875,0.625,4.25],"texture":"#1"},"west":{"uv":[0.625,3.875,0.875,4.25],"texture":"#1"},"up":{"uv":[0.0,3.625,0.625,3.875],"texture":"#1"},"down":{"uv":[0.0,3.375,0.625,3.625],"texture":"#1"}}},{"name":"cube inverted","from":[10.0,10.0,0.5],"to":[6.0,6.0,-3.5],"rotation":{"angle":0.0,"axis":"y","origin":[-1.0,0.0,-1.5]},"faces":{"north":{"uv":[0.25,5.25,0.375,5.125],"texture":"#1"},"east":{"uv":[5.0,1.0,9.0,5.0],"rotation":180.0,"texture":"#2"},"south":{"uv":[0.25,5.25,0.375,5.125],"texture":"#1"},"west":{"uv":[5.0,1.0,9.0,5.0],"texture":"#2"},"up":{"uv":[5.0,1.0,9.0,5.0],"rotation":90.0,"texture":"#2"},"down":{"uv":[5.0,1.0,9.0,5.0],"rotation":270.0,"texture":"#2"}}},{"from":[3.4,6.9,3.4],"to":[12.6,9.1,12.6],"rotation":{"angle":0.0,"axis":"y","origin":[-0.5,0.0,-1.5]},"faces":{"north":{"uv":[0.0,4.75,1.125,5.0],"texture":"#1","tintindex":0.0},"east":{"uv":[0.0,4.75,1.125,5.0],"texture":"#1","tintindex":0.0},"south":{"uv":[0.0,4.75,1.125,5.0],"texture":"#1","tintindex":0.0},"west":{"uv":[0.0,4.75,1.125,5.0],"texture":"#1","tintindex":0.0}}}],"gui_light":"front","display":{"thirdperson_righthand":{"rotation":[55.5,34.0,0.0],"translation":[0.0,1.0,0.75],"scale":[0.52539,0.52539,0.52539]},"thirdperson_lefthand":{"rotation":[55.5,34.0,0.0],"translation":[0.0,1.0,0.75],"scale":[0.52539,0.52539,0.52539]},"firstperson_righthand":{"rotation":[21.0,114.5,-13.75],"translation":[9.5,0.0,-5.75],"scale":[0.41992,0.41992,0.41992]},"firstperson_lefthand":{"rotation":[21.0,114.5,-13.75],"translation":[9.5,0.0,-5.75],"scale":[0.41992,0.41992,0.41992]},"gui":{"rotation":[-149.61,-31.92,-180.0],"translation":[-0.5,1.25,0.0],"scale":[0.94335,0.94335,0.94335]},"head":{"rotation":[3.25,0.0,0.0],"translation":[0.0,6.5,0.25],"scale":[1.70938,1.70938,1.70938]}}}