{"textures":{"0":"block/custom/head_3","particle":"block/custom/head_3"},"credit":"Made with Blockbench","texture_size":[128.0,128.0],"elements":[{"from":[3.5,5.0,3.5],"to":[12.5,10.0,12.5],"rotation":{"angle":0.0,"axis":"y","origin":[-0.5,0.0,-1.5]},"faces":{"north":{"uv":[8.25,2.75,9.375,3.375],"texture":"#0"},"east":{"uv":[8.25,4.0,9.375,4.625],"texture":"#0"},"south":{"uv":[8.25,3.375,9.375,4.0],"texture":"#0"},"west":{"uv":[8.25,4.0,9.375,4.625],"texture":"#0"},"up":{"uv":[10.5,2.625,11.625,3.75],"texture":"#0"},"down":{"uv":[5.25,1.375,5.375,1.5],"texture":"#0"}}},{"from":[6.5,5.0,2.5],"to":[9.5,11.0,13.5],"rotation":{"angle":0.0,"axis":"y","origin":[-0.5,0.0,-1.5]},"faces":{"north":{"uv":[7.875,2.75,8.25,3.5],"texture":"#0"},"east":{"uv":[10.5,3.75,11.875,4.5],"texture":"#0"},"south":{"uv":[7.875,2.75,8.25,3.5],"texture":"#0"},"west":{"uv":[10.5,3.75,11.875,4.5],"texture":"#0"},"up":{"uv":[7.875,3.5,8.25,4.875],"texture":"#0"},"down":{"uv":[5.25,1.375,5.375,1.5],"texture":"#0"}}},{"from":[2.5,5.0,-1.5],"to":[13.5,5.0,14.5],"rotation":{"angle":0.0,"axis":"y","origin":[-0.5,0.0,-1.5]},"faces":{"north":{"uv":[2.125,5.25,3.25,5.875],"texture":"#0"},"east":{"uv":[2.125,7.625,3.25,8.25],"texture":"#0"},"south":{"uv":[2.125,5.25,3.25,5.875],"texture":"#0"},"west":{"uv":[2.125,7.0,3.25,7.625],"texture":"#0"},"up":{"uv":[11.25,10.25,12.625,12.25],"texture":"#0"},"down":{"uv":[11.25,12.25,12.625,10.25],"texture":"#0"}}}],"gui_light":"front","display":{"thirdperson_righthand":{"rotation":[55.5,34.0,0.0],"translation":[0.0,1.0,0.75],"scale":[0.52539,0.52539,0.52539]},"thirdperson_lefthand":{"rotation":[55.5,34.0,0.0],"translation":[0.0,1.0,0.75],"scale":[0.52539,0.52539,0.52539]},"firstperson_righthand":{"rotation":[21.0,114.5,-13.75],"translation":[9.5,0.0,-5.75],"scale":[0.41992,0.41992,0.41992]},"firstperson_lefthand":{"rotation":[21.0,114.5,-13.75],"translation":[9.5,0.0,-5.75],"scale":[0.41992,0.41992,0.41992]},"gui":{"rotation":[-149.61,-31.92,-180.0],"translation":[-0.5,1.25,0.0],"scale":[0.94335,0.94335,0.94335]},"head":{"rotation":[3.25,0.0,0.0],"translation":[0.0,6.5,0.25],"scale":[1.70938,1.70938,1.70938]}}}