{"textures":{"0":"block/custom/head_5","particle":"block/custom/head_5"},"credit":"Made with Blockbench","texture_size":[128.0,128.0],"elements":[{"from":[3.5,0.75,3.5],"to":[12.5,7.75,12.5],"rotation":{"angle":45.0,"axis":"y","origin":[8.0,3.25,8.0]},"faces":{"north":{"uv":[7.5,0.75,8.625,1.625],"texture":"#0"},"east":{"uv":[8.625,0.75,7.5,1.625],"texture":"#0"},"south":{"uv":[7.5,0.75,8.625,1.625],"texture":"#0"},"west":{"uv":[8.625,0.75,7.5,1.625],"texture":"#0"},"up":{"uv":[6.375,1.75,7.5,2.875],"texture":"#0"},"down":{"uv":[8.875,1.25,9.0,1.375],"texture":"#0"}}},{"from":[3.5,0.75,3.5],"to":[12.5,7.75,12.5],"rotation":{"angle":45.0,"axis":"y","origin":[8.0,3.25,8.0]},"faces":{"north":{"uv":[6.375,0.75,7.5,1.625],"texture":"#0","tintindex":0.0},"east":{"uv":[7.5,0.75,6.375,1.625],"texture":"#0","tintindex":0.0},"south":{"uv":[6.375,0.75,7.5,1.625],"texture":"#0","tintindex":0.0},"west":{"uv":[7.5,0.75,6.375,1.625],"texture":"#0","tintindex":0.0},"up":{"uv":[8.625,1.0,9.75,2.125],"texture":"#0","tintindex":0.0},"down":{"uv":[8.875,1.25,9.0,1.375],"texture":"#0","tintindex":0.0}}},{"from":[15.5,2.25,6.5],"to":[18.5,5.25,9.5],"rotation":{"angle":0.0,"axis":"y","origin":[15.7088,5.31336,8.0]},"faces":{"north":{"uv":[6.375,0.375,6.75,0.75],"texture":"#0"},"east":{"uv":[6.375,0.375,6.75,0.75],"texture":"#0"},"south":{"uv":[6.375,0.375,6.75,0.75],"texture":"#0"},"west":{"uv":[6.375,0.375,6.75,0.75],"texture":"#0"},"up":{"uv":[7.125,0.375,7.5,0.75],"texture":"#0"},"down":{"uv":[6.75,0.375,7.125,0.75],"texture":"#0"}}},{"from":[10.41761,4.7636,6.0],"to":[17.41761,7.7636,10.0],"rotation":{"angle":-22.5,"axis":"z","origin":[15.7088,5.31336,8.0]},"faces":{"north":{"uv":[7.5,0.0,8.375,0.375],"texture":"#0"},"east":{"uv":[7.5,0.375,8.0,0.75],"texture":"#0"},"south":{"uv":[8.375,0.0,7.5,0.375],"texture":"#0"},"west":{"uv":[8.0,0.375,8.5,0.75],"texture":"#0"},"up":{"uv":[8.5,0.0,9.375,0.5],"texture":"#0"},"down":{"uv":[8.625,0.5,9.5,1.0],"texture":"#0"}}},{"from":[-2.5,2.25,6.5],"to":[0.5,5.25,9.5],"rotation":{"angle":0.0,"axis":"y","origin":[0.2912,5.31336,8.0]},"faces":{"north":{"uv":[6.75,0.375,6.375,0.75],"texture":"#0"},"east":{"uv":[6.75,0.375,6.375,0.75],"texture":"#0"},"south":{"uv":[6.75,0.375,6.375,0.75],"texture":"#0"},"west":{"uv":[6.75,0.375,6.375,0.75],"texture":"#0"},"up":{"uv":[7.5,0.375,7.125,0.75],"texture":"#0"},"down":{"uv":[7.125,0.375,6.75,0.75],"texture":"#0"}}},{"from":[-1.41761,4.7636,6.0],"to":[5.58239,7.7636,10.0],"rotation":{"angle":22.5,"axis":"z","origin":[0.2912,5.31336,8.0]},"faces":{"north":{"uv":[8.375,0.0,7.5,0.375],"texture":"#0"},"east":{"uv":[8.5,0.375,8.0,0.75],"texture":"#0"},"south":{"uv":[7.5,0.0,8.375,0.375],"texture":"#0"},"west":{"uv":[8.0,0.375,7.5,0.75],"texture":"#0"},"up":{"uv":[9.375,0.0,8.5,0.5],"texture":"#0"},"down":{"uv":[9.5,0.5,8.625,1.0],"texture":"#0"}}},{"from":[6.0,7.33094,9.90693],"to":[10.0,10.33094,16.90693],"rotation":{"angle":22.5,"axis":"x","origin":[8.0,5.31336,9.0]},"faces":{"north":{"uv":[10.0,0.375,10.5,0.75],"texture":"#0","tintindex":0.0},"east":{"uv":[9.5,0.0,10.375,0.375],"texture":"#0","tintindex":0.0},"south":{"uv":[9.5,0.375,10.0,0.75],"texture":"#0","tintindex":0.0},"west":{"uv":[10.375,0.0,9.5,0.375],"texture":"#0","tintindex":0.0},"up":{"uv":[10.5,0.0,11.375,0.5],"rotation":90.0,"texture":"#0","tintindex":0.0},"down":{"uv":[10.625,0.5,11.5,1.0],"rotation":270.0,"texture":"#0","tintindex":0.0}}},{"from":[6.5,2.25,15.5],"to":[9.5,5.25,18.5],"rotation":{"angle":0.0,"axis":"y","origin":[8.0,5.31336,9.0]},"faces":{"north":{"uv":[6.375,0.375,6.75,0.75],"texture":"#0"},"east":{"uv":[6.375,0.375,6.75,0.75],"texture":"#0"},"south":{"uv":[6.375,0.375,6.75,0.75],"texture":"#0"},"west":{"uv":[6.375,0.375,6.75,0.75],"texture":"#0"},"up":{"uv":[7.125,0.375,7.5,0.75],"rotation":90.0,"texture":"#0"},"down":{"uv":[6.75,0.375,7.125,0.75],"rotation":270.0,"texture":"#0"}}},{"from":[6.0,7.33094,-0.90693],"to":[10.0,10.33094,6.09307],"rotation":{"angle":-22.5,"axis":"x","origin":[8.0,5.31336,7.0]},"faces":{"north":{"uv":[10.0,0.375,9.5,0.75],"texture":"#0","tintindex":0.0},"east":{"uv":[10.375,0.0,9.5,0.375],"texture":"#0","tintindex":0.0},"south":{"uv":[10.5,0.375,10.0,0.75],"texture":"#0","tintindex":0.0},"west":{"uv":[9.5,0.0,10.375,0.375],"texture":"#0","tintindex":0.0},"up":{"uv":[11.375,0.0,10.5,0.5],"rotation":90.0,"texture":"#0","tintindex":0.0},"down":{"uv":[11.5,0.5,10.625,1.0],"rotation":270.0,"texture":"#0","tintindex":0.0}}},{"from":[6.5,2.25,-2.5],"to":[9.5,5.25,0.5],"rotation":{"angle":0.0,"axis":"y","origin":[8.0,5.31336,7.0]},"faces":{"north":{"uv":[6.75,0.375,6.375,0.75],"texture":"#0"},"east":{"uv":[6.75,0.375,6.375,0.75],"texture":"#0"},"south":{"uv":[6.75,0.375,6.375,0.75],"texture":"#0"},"west":{"uv":[6.75,0.375,6.375,0.75],"texture":"#0"},"up":{"uv":[7.5,0.375,7.125,0.75],"rotation":90.0,"texture":"#0"},"down":{"uv":[7.125,0.375,6.75,0.75],"rotation":270.0,"texture":"#0"}}},{"from":[3.4,0.65,3.4],"to":[12.6,2.85,12.6],"rotation":{"angle":45.0,"axis":"y","origin":[8.0,3.25,8.0]},"faces":{"north":{"uv":[6.375,0.125,7.5,0.375],"texture":"#0"},"east":{"uv":[6.375,0.125,7.5,0.375],"texture":"#0"},"south":{"uv":[6.375,0.125,7.5,0.375],"texture":"#0"},"west":{"uv":[6.375,0.125,7.5,0.375],"texture":"#0"},"up":{"uv":[7.375,0.0,7.5,0.125],"texture":"#0"},"down":{"uv":[7.5,1.625,8.625,2.75],"texture":"#0"}}},{"name":"cube inverted","from":[12.6,2.85,12.6],"to":[3.4,0.65,3.4],"rotation":{"angle":45.0,"axis":"y","origin":[8.0,2.0,8.0]},"faces":{"north":{"uv":[6.375,0.375,7.5,0.125],"texture":"#0"},"east":{"uv":[6.375,0.375,7.5,0.125],"texture":"#0"},"south":{"uv":[6.375,0.375,7.5,0.125],"texture":"#0"},"west":{"uv":[6.375,0.375,7.5,0.125],"texture":"#0"},"up":{"uv":[8.625,1.625,7.5,2.75],"texture":"#0"},"down":{"uv":[7.5,0.0,7.375,0.125],"texture":"#0"}}}],"gui_light":"front","display":{"thirdperson_righthand":{"rotation":[63.0,34.0,0.0],"translation":[0.0,1.0,-1.0],"scale":[0.52539,0.52539,0.52539]},"thirdperson_lefthand":{"rotation":[63.0,34.0,0.0],"translation":[0.0,1.0,-1.0],"scale":[0.52539,0.52539,0.52539]},"firstperson_righthand":{"rotation":[3.0,112.0,-13.0],"translation":[9.5,0.0,-5.75],"scale":[0.41992,0.41992,0.41992]},"firstperson_lefthand":{"rotation":[3.0,112.0,-13.0],"translation":[9.5,0.0,-5.75],"scale":[0.41992,0.41992,0.41992]},"ground":{"translation":[0.0,4.25,0.0],"scale":[0.28906,0.28906,0.28906]},"gui":{"rotation":[-116.29,-84.81,-153.22],"translation":[0.0,1.75,0.0],"scale":[0.71093,0.71093,0.71093]},"head":{"rotation":[0.0,45.0,0.0],"translation":[0.0,13.25,0.0],"scale":[1.64102,1.64102,1.64102]},"fixed":{"translation":[0.0,-3.25,-7.5]}}}