{"textures":{"1":"block/custom/head_2","2":"block/custom/head_2_extra","particle":"block/custom/head_2_extra"},"credit":"Made with Blockbench","texture_size":[128.0,128.0],"elements":[{"from":[5.5,8.0,5.75],"to":[10.5,15.0,5.75],"rotation":{"angle":22.5,"axis":"x","origin":[8.5,9.5,7.5]},"faces":{"north":{"uv":[2.625,0.125,3.25,1.0],"texture":"#2","tintindex":0.0},"east":{"uv":[8.375,12.5,9.5,13.125],"texture":"#2","tintindex":0.0},"south":{"uv":[2.625,0.125,3.25,1.0],"texture":"#2","tintindex":0.0},"west":{"uv":[8.375,12.5,9.5,13.125],"texture":"#2","tintindex":0.0},"up":{"uv":[7.875,13.125,9.0,14.25],"texture":"#2","tintindex":0.0},"down":{"uv":[7.125,1.375,8.25,2.125],"texture":"#2","tintindex":0.0}}},{"from":[5.5,8.0,10.25],"to":[10.5,15.0,10.25],"rotation":{"angle":-22.5,"axis":"x","origin":[8.5,9.5,8.5]},"faces":{"north":{"uv":[2.625,0.125,3.25,1.0],"texture":"#2","tintindex":0.0},"east":{"uv":[9.5,12.5,8.375,13.125],"texture":"#2","tintindex":0.0},"south":{"uv":[2.625,0.125,3.25,1.0],"texture":"#2","tintindex":0.0},"west":{"uv":[9.5,12.5,8.375,13.125],"texture":"#2","tintindex":0.0},"up":{"uv":[7.875,14.25,9.0,13.125],"texture":"#2","tintindex":0.0},"down":{"uv":[7.125,2.125,8.25,1.375],"texture":"#2","tintindex":0.0}}},{"from":[10.25,8.0,5.5],"to":[10.25,15.0,10.5],"rotation":{"angle":22.5,"axis":"z","origin":[8.5,9.5,8.5]},"faces":{"north":{"uv":[8.375,12.5,9.5,13.125],"texture":"#2","tintindex":0.0},"east":{"uv":[2.625,0.125,3.25,1.0],"texture":"#2","tintindex":0.0},"south":{"uv":[8.375,12.5,9.5,13.125],"texture":"#2","tintindex":0.0},"west":{"uv":[2.625,0.125,3.25,1.0],"texture":"#2","tintindex":0.0},"up":{"uv":[7.875,13.125,9.0,14.25],"rotation":90.0,"texture":"#2","tintindex":0.0},"down":{"uv":[7.125,1.375,8.25,2.125],"rotation":270.0,"texture":"#2","tintindex":0.0}}},{"from":[5.75,8.0,5.5],"to":[5.75,15.0,10.5],"rotation":{"angle":-22.5,"axis":"z","origin":[7.5,9.5,8.5]},"faces":{"north":{"uv":[9.5,12.5,8.375,13.125],"texture":"#2","tintindex":0.0},"east":{"uv":[2.625,0.125,3.25,1.0],"texture":"#2","tintindex":0.0},"south":{"uv":[9.5,12.5,8.375,13.125],"texture":"#2","tintindex":0.0},"west":{"uv":[2.625,0.125,3.25,1.0],"texture":"#2","tintindex":0.0},"up":{"uv":[7.875,14.25,9.0,13.125],"rotation":90.0,"texture":"#2","tintindex":0.0},"down":{"uv":[7.125,2.125,8.25,1.375],"rotation":270.0,"texture":"#2","tintindex":0.0}}},{"from":[5.5,8.0,5.75],"to":[10.5,15.0,5.75],"rotation":{"angle":22.5,"axis":"x","origin":[8.5,9.5,7.5]},"faces":{"north":{"uv":[4.125,0.125,4.75,1.0],"texture":"#2"},"east":{"uv":[1.25,12.0,2.375,12.625],"texture":"#2"},"south":{"uv":[4.125,0.125,4.75,1.0],"texture":"#2"},"west":{"uv":[1.25,12.0,2.375,12.625],"texture":"#2"},"up":{"uv":[0.75,12.625,1.875,13.75],"texture":"#2"},"down":{"uv":[0.0,0.875,1.125,1.625],"texture":"#2"}}},{"from":[5.5,8.0,10.25],"to":[10.5,15.0,10.25],"rotation":{"angle":-22.5,"axis":"x","origin":[8.5,9.5,8.5]},"faces":{"north":{"uv":[4.125,0.125,4.75,1.0],"texture":"#2"},"east":{"uv":[2.375,12.0,1.25,12.625],"texture":"#2"},"south":{"uv":[4.125,0.125,4.75,1.0],"texture":"#2"},"west":{"uv":[2.375,12.0,1.25,12.625],"texture":"#2"},"up":{"uv":[0.75,13.75,1.875,12.625],"texture":"#2"},"down":{"uv":[0.0,1.625,1.125,0.875],"texture":"#2"}}},{"from":[5.75,8.0,5.5],"to":[5.75,15.0,10.5],"rotation":{"angle":-22.5,"axis":"z","origin":[7.5,9.5,8.5]},"faces":{"north":{"uv":[2.375,12.0,1.25,12.625],"texture":"#2"},"east":{"uv":[4.125,0.125,4.75,1.0],"texture":"#2"},"south":{"uv":[2.375,12.0,1.25,12.625],"texture":"#2"},"west":{"uv":[4.125,0.125,4.75,1.0],"texture":"#2"},"up":{"uv":[0.75,13.75,1.875,12.625],"rotation":90.0,"texture":"#2"},"down":{"uv":[0.0,1.625,1.125,0.875],"rotation":270.0,"texture":"#2"}}},{"from":[10.25,8.0,5.5],"to":[10.25,15.0,10.5],"rotation":{"angle":22.5,"axis":"z","origin":[8.5,9.5,8.5]},"faces":{"north":{"uv":[1.25,12.0,2.375,12.625],"texture":"#2"},"east":{"uv":[4.125,0.125,4.75,1.0],"texture":"#2"},"south":{"uv":[1.25,12.0,2.375,12.625],"texture":"#2"},"west":{"uv":[4.125,0.125,4.75,1.0],"texture":"#2"},"up":{"uv":[0.75,12.625,1.875,13.75],"rotation":90.0,"texture":"#2"},"down":{"uv":[0.0,0.875,1.125,1.625],"rotation":270.0,"texture":"#2"}}},{"from":[4.5,15.0,8.0],"to":[11.5,20.0,8.0],"rotation":{"angle":45.0,"axis":"y","origin":[8.0,17.5,8.0]},"faces":{"north":{"uv":[14.5,1.125,15.375,1.75],"texture":"#1"},"east":{"uv":[8.375,12.5,9.5,13.125],"texture":"#1"},"south":{"uv":[14.5,1.125,15.375,1.75],"texture":"#1"},"west":{"uv":[8.375,12.5,9.5,13.125],"texture":"#1"},"up":{"uv":[7.875,13.125,9.0,14.25],"texture":"#1"},"down":{"uv":[7.125,1.375,8.25,2.125],"texture":"#missing"}}},{"from":[8.0,15.0,4.5],"to":[8.0,20.0,11.5],"rotation":{"angle":45.0,"axis":"y","origin":[8.0,17.5,8.0]},"faces":{"north":{"uv":[8.375,12.5,9.5,13.125],"texture":"#1"},"east":{"uv":[14.5,1.125,15.375,1.75],"texture":"#1"},"south":{"uv":[8.375,12.5,9.5,13.125],"texture":"#1"},"west":{"uv":[14.5,1.125,15.375,1.75],"texture":"#1"},"up":{"uv":[7.875,13.125,9.0,14.25],"rotation":90.0,"texture":"#1"},"down":{"uv":[7.125,1.375,8.25,2.125],"rotation":270.0,"texture":"#missing"}}}],"gui_light":"front","display":{"thirdperson_righthand":{"rotation":[55.5,34.0,0.0],"translation":[0.0,1.0,0.75],"scale":[0.52539,0.52539,0.52539]},"thirdperson_lefthand":{"rotation":[55.5,34.0,0.0],"translation":[0.0,1.0,0.75],"scale":[0.52539,0.52539,0.52539]},"firstperson_righthand":{"rotation":[21.0,114.5,-13.75],"translation":[9.5,0.0,-5.75],"scale":[0.41992,0.41992,0.41992]},"firstperson_lefthand":{"rotation":[21.0,114.5,-13.75],"translation":[9.5,0.0,-5.75],"scale":[0.41992,0.41992,0.41992]},"gui":{"rotation":[-149.61,-31.92,-180.0],"translation":[-0.25,-4.5,0.0],"scale":[1.25781,1.25781,1.25781]},"head":{"translation":[0.0,5.25,0.0],"scale":[1.6293,1.6293,1.6293]}}}