{"textures":{"1":"block/custom/head_4"},"credit":"Made with Blockbench","texture_size":[128.0,128.0],"elements":[{"from":[3.5,8.0,3.5],"to":[12.5,11.0,12.5],"rotation":{"angle":0.0,"axis":"x","origin":[7.5,9.5,8.0]},"faces":{"north":{"uv":[5.25,4.125,6.375,4.5],"texture":"#1","tintindex":0.0},"east":{"uv":[5.25,4.5,6.375,4.875],"texture":"#1","tintindex":0.0},"south":{"uv":[5.25,4.875,6.375,5.25],"texture":"#1","tintindex":0.0},"west":{"uv":[6.375,4.5,5.25,4.875],"texture":"#1","tintindex":0.0},"up":{"uv":[4.0,0.25,4.125,0.375],"texture":"#1","tintindex":0.0},"down":{"uv":[4.0,0.25,4.125,0.375],"texture":"#1","tintindex":0.0}}},{"from":[3.5,8.0,3.5],"to":[12.5,9.0,12.5],"rotation":{"angle":0.0,"axis":"x","origin":[7.5,9.5,8.0]},"faces":{"east":{"uv":[0.125,5.75,1.25,5.875],"texture":"#1"},"south":{"uv":[0.125,6.125,1.25,6.25],"texture":"#1"},"west":{"uv":[1.25,5.75,0.125,5.875],"texture":"#1"}}},{"from":[3.47,7.97,-0.53],"to":[12.53,9.03,3.53],"rotation":{"angle":0.0,"axis":"x","origin":[8.0,8.5,2.0]},"faces":{"north":{"uv":[6.625,2.875,7.75,3.0],"texture":"#1"},"east":{"uv":[6.625,2.75,7.125,2.875],"texture":"#1"},"south":{"uv":[6.625,2.875,7.75,3.0],"texture":"#1"},"west":{"uv":[7.125,2.75,6.625,2.875],"texture":"#1"},"up":{"uv":[6.625,3.0,7.75,3.5],"texture":"#1"},"down":{"uv":[6.625,2.875,7.75,3.0],"texture":"#1"}}},{"from":[2.5,11.0,2.5],"to":[13.5,13.0,13.5],"rotation":{"angle":0.0,"axis":"x","origin":[7.5,9.5,8.0]},"faces":{"north":{"uv":[3.75,4.875,5.125,5.125],"texture":"#1","tintindex":0.0},"east":{"uv":[3.75,4.5,5.125,4.75],"texture":"#1","tintindex":0.0},"south":{"uv":[3.75,4.125,5.125,4.375],"texture":"#1","tintindex":0.0},"west":{"uv":[5.125,4.5,3.75,4.75],"texture":"#1","tintindex":0.0},"up":{"uv":[3.75,2.75,5.125,4.125],"texture":"#1","tintindex":0.0},"down":{"uv":[5.125,2.75,6.5,4.125],"texture":"#1","tintindex":0.0}}},{"from":[6.0,9.0,2.25],"to":[10.0,13.0,2.25],"rotation":{"angle":-22.5,"axis":"x","origin":[7.5,11.0,2.25]},"faces":{"north":{"uv":[3.25,2.75,3.75,3.25],"texture":"#1"},"east":{"uv":[3.75,4.5,5.125,4.875],"texture":"#1"},"south":{"uv":[3.25,2.75,3.75,3.25],"texture":"#1"},"west":{"uv":[5.125,4.5,3.75,4.875],"texture":"#1"},"up":{"uv":[3.75,2.75,5.125,4.125],"texture":"#1"},"down":{"uv":[5.125,2.75,6.5,4.125],"texture":"#1"}}},{"name":"cube inverted","from":[12.53,9.03,3.53],"to":[3.47,7.97,-0.53],"rotation":{"angle":0.0,"axis":"x","origin":[8.0,8.5,2.0]},"faces":{"north":{"uv":[6.625,3.0,7.75,2.875],"texture":"#1"},"east":{"uv":[7.125,2.875,6.625,2.75],"texture":"#1"},"south":{"uv":[6.625,3.0,7.75,2.875],"texture":"#1"},"west":{"uv":[6.625,2.875,7.125,2.75],"texture":"#1"},"up":{"uv":[7.75,2.875,6.625,3.0],"texture":"#1"},"down":{"uv":[7.75,3.0,6.625,3.5],"texture":"#1"}}},{"name":"cube inverted","from":[12.5,9.0,12.5],"to":[3.5,8.0,3.5],"rotation":{"angle":0.0,"axis":"x","origin":[7.5,9.5,8.0]},"faces":{"north":{"uv":[0.125,6.25,1.25,6.125],"texture":"#1"},"east":{"uv":[1.25,5.875,0.125,5.75],"texture":"#1"},"west":{"uv":[0.125,5.875,1.25,5.75],"texture":"#1"}}},{"name":"cube inverted","from":[12.5,11.0,12.5],"to":[3.5,8.0,3.5],"rotation":{"angle":0.0,"axis":"x","origin":[7.5,9.5,8.0]},"faces":{"north":{"uv":[5.25,5.25,6.375,4.875],"texture":"#1","tintindex":0.0},"east":{"uv":[6.375,4.875,5.25,4.5],"texture":"#1","tintindex":0.0},"south":{"uv":[5.25,4.5,6.375,4.125],"texture":"#1","tintindex":0.0},"west":{"uv":[5.25,4.875,6.375,4.5],"texture":"#1","tintindex":0.0},"up":{"uv":[4.125,0.25,4.0,0.375],"texture":"#1","tintindex":0.0},"down":{"uv":[4.125,0.25,4.0,0.375],"texture":"#1","tintindex":0.0}}},{"name":"cube inverted","from":[13.5,13.0,13.5],"to":[2.5,11.0,2.5],"rotation":{"angle":0.0,"axis":"x","origin":[7.5,9.5,8.0]},"faces":{"north":{"uv":[3.75,4.375,5.125,4.125],"texture":"#1","tintindex":0.0},"east":{"uv":[5.125,4.75,3.75,4.5],"texture":"#1","tintindex":0.0},"south":{"uv":[3.75,5.125,5.125,4.875],"texture":"#1","tintindex":0.0},"west":{"uv":[3.75,4.75,5.125,4.5],"texture":"#1","tintindex":0.0},"up":{"uv":[6.5,2.75,5.125,4.125],"texture":"#1","tintindex":0.0},"down":{"uv":[5.125,2.75,3.75,4.125],"texture":"#1","tintindex":0.0}}}],"gui_light":"front","display":{"thirdperson_righthand":{"rotation":[55.5,34.0,0.0],"translation":[0.0,1.0,0.75],"scale":[0.52539,0.52539,0.52539]},"thirdperson_lefthand":{"rotation":[55.5,34.0,0.0],"translation":[0.0,1.0,0.75],"scale":[0.52539,0.52539,0.52539]},"firstperson_righthand":{"rotation":[21.0,114.5,-13.75],"translation":[9.5,0.0,-5.75],"scale":[0.41992,0.41992,0.41992]},"firstperson_lefthand":{"rotation":[21.0,114.5,-13.75],"translation":[9.5,0.0,-5.75],"scale":[0.41992,0.41992,0.41992]},"gui":{"rotation":[-149.61,-31.92,-180.0],"translation":[-0.5,-1.25,0.0],"scale":[0.89453,0.89453,0.89453]},"head":{"translation":[0.0,1.75,0.0],"scale":[1.6293,1.6293,1.6293]}}}