{"textures":{"0":"block/custom/head_2","1":"block/custom/cool_shades","particle":"block/custom/head_2"},"credit":"Made with Blockbench","elements":[{"from":[3.5,3.0,3.5],"to":[12.5,7.0,12.5],"rotation":{"angle":0.0,"axis":"x","origin":[7.5,9.5,7.5]},"faces":{"north":{"uv":[4.0,7.0,13.0,11.0],"texture":"#1"},"east":{"uv":[5.875,1.375,6.0,1.5],"texture":"#0"},"south":{"uv":[14.0,11.25,14.0,11.375],"texture":"#0"},"west":{"uv":[5.875,1.375,6.0,1.5],"texture":"#0"},"up":{"uv":[13.75,11.75,13.875,11.875],"texture":"#0"},"down":{"uv":[13.75,11.75,13.875,11.875],"texture":"#0"}}},{"from":[3.5,4.0,3.5],"to":[12.5,8.0,12.5],"rotation":{"angle":0.0,"axis":"x","origin":[7.5,9.5,7.5]},"faces":{"north":{"uv":[3.875,13.0,5.0,13.5],"texture":"#0","tintindex":0.0},"east":{"uv":[14.875,9.25,16.0,9.75],"texture":"#0","tintindex":0.0},"south":{"uv":[14.0,11.25,14.0,11.375],"texture":"#0","tintindex":0.0},"west":{"uv":[16.0,9.25,14.875,9.75],"texture":"#0","tintindex":0.0},"up":{"uv":[13.75,11.75,13.875,11.875],"texture":"#0","tintindex":0.0},"down":{"uv":[13.75,11.75,13.875,11.875],"texture":"#0","tintindex":0.0}}},{"name":"cube inverted","from":[12.5,8.0,12.5],"to":[3.5,4.0,3.5],"rotation":{"angle":0.0,"axis":"x","origin":[7.5,9.5,7.5]},"faces":{"north":{"uv":[14.0,11.375,14.0,11.25],"texture":"#0","tintindex":0.0},"east":{"uv":[16.0,9.75,14.875,9.25],"texture":"#0","tintindex":0.0},"south":{"uv":[3.875,13.5,5.0,13.0],"texture":"#0","tintindex":0.0},"west":{"uv":[14.875,9.75,16.0,9.25],"texture":"#0","tintindex":0.0},"up":{"uv":[13.875,11.75,13.75,11.875],"texture":"#0","tintindex":0.0},"down":{"uv":[13.875,11.75,13.75,11.875],"texture":"#0","tintindex":0.0}}},{"name":"cube inverted","from":[12.5,7.0,12.5],"to":[3.5,3.0,3.5],"rotation":{"angle":0.0,"axis":"x","origin":[7.5,9.5,7.5]},"faces":{"north":{"uv":[14.0,11.375,14.0,11.25],"texture":"#0"},"east":{"uv":[5.875,1.5,6.0,1.375],"texture":"#0"},"south":{"uv":[4.0,11.0,13.0,7.0],"texture":"#1"},"west":{"uv":[5.875,1.5,6.0,1.375],"texture":"#0"},"up":{"uv":[13.875,11.75,13.75,11.875],"texture":"#0"},"down":{"uv":[13.875,11.75,13.75,11.875],"texture":"#0"}}}],"gui_light":"front","display":{"thirdperson_righthand":{"rotation":[55.5,34.0,0.0],"translation":[0.0,1.0,0.75],"scale":[0.52539,0.52539,0.52539]},"thirdperson_lefthand":{"rotation":[55.5,34.0,0.0],"translation":[0.0,1.0,0.75],"scale":[0.52539,0.52539,0.52539]},"firstperson_righthand":{"rotation":[21.0,114.5,-13.75],"translation":[9.5,0.0,-5.75],"scale":[0.41992,0.41992,0.41992]},"firstperson_lefthand":{"rotation":[21.0,114.5,-13.75],"translation":[9.5,0.0,-5.75],"scale":[0.41992,0.41992,0.41992]},"gui":{"rotation":[-149.61,-31.92,-180.0],"translation":[-1.0,3.5,0.0],"scale":[1.1875,1.1875,1.1875]},"head":{"translation":[0.0,3.5,0.0],"scale":[1.6293,1.6293,1.6293]}}}