{"textures":{"0":"block/custom/head_2","particle":"block/custom/head_2"},"credit":"Made with Blockbench","texture_size":[128.0,128.0],"elements":[{"from":[6.5,7.0,0.0],"to":[8.5,9.0,4.0],"rotation":{"angle":0.0,"axis":"y","origin":[7.5,8.34099,0.82322]},"faces":{"north":{"uv":[12.25,4.0,12.5,4.25],"texture":"#0","tintindex":0.0},"east":{"uv":[11.125,4.25,11.625,4.0],"texture":"#0","tintindex":0.0},"south":{"uv":[11.5,3.875,11.625,4.0],"rotation":90.0,"texture":"#0","tintindex":0.0},"west":{"uv":[11.625,4.0,11.125,4.25],"texture":"#0","tintindex":0.0},"up":{"uv":[11.625,4.25,11.125,4.0],"rotation":90.0,"texture":"#0","tintindex":0.0},"down":{"uv":[11.125,4.0,11.625,4.25],"rotation":90.0,"texture":"#0","tintindex":0.0}}},{"from":[7.5,6.85356,-2.85355],"to":[7.5,9.85356,2.14645],"rotation":{"angle":45.0,"axis":"x","origin":[7.5,8.34099,0.82322]},"faces":{"north":{"uv":[0.0,14.125,1.25,15.375],"texture":"#0","tintindex":0.0},"east":{"uv":[11.625,4.0,12.25,4.375],"texture":"#0","tintindex":0.0},"south":{"uv":[3.75,14.125,5.0,15.375],"texture":"#0","tintindex":0.0},"west":{"uv":[12.25,4.0,11.625,4.375],"texture":"#0","tintindex":0.0},"up":{"uv":[2.5,14.125,3.75,15.375],"texture":"#0","tintindex":0.0},"down":{"uv":[2.125,14.75,2.25,14.875],"texture":"#0","tintindex":0.0}}},{"from":[-2.625,6.80178,7.5],"to":[2.375,9.80178,7.5],"rotation":{"angle":-45.0,"axis":"z","origin":[1.0,8.59099,7.5]},"faces":{"north":{"uv":[11.625,4.0,12.25,4.375],"texture":"#0","tintindex":0.0},"east":{"uv":[3.75,14.125,5.0,15.375],"texture":"#0","tintindex":0.0},"south":{"uv":[12.25,4.0,11.625,4.375],"texture":"#0","tintindex":0.0},"west":{"uv":[0.0,14.125,1.25,15.375],"texture":"#0","tintindex":0.0},"up":{"uv":[3.75,15.375,2.5,14.125],"rotation":90.0,"texture":"#0","tintindex":0.0},"down":{"uv":[2.25,14.875,2.125,14.75],"rotation":270.0,"texture":"#0","tintindex":0.0}}},{"from":[0.0,7.0,6.5],"to":[4.0,9.0,8.5],"rotation":{"angle":0.0,"axis":"y","origin":[1.0,8.59099,7.5]},"faces":{"north":{"uv":[11.125,4.25,11.625,4.0],"texture":"#0","tintindex":0.0},"east":{"uv":[11.5,3.875,11.625,4.0],"rotation":90.0,"texture":"#0","tintindex":0.0},"south":{"uv":[11.625,4.0,11.125,4.25],"texture":"#0","tintindex":0.0},"west":{"uv":[12.25,4.0,12.5,4.25],"texture":"#0","tintindex":0.0},"up":{"uv":[11.125,4.0,11.625,4.25],"rotation":180.0,"texture":"#0","tintindex":0.0},"down":{"uv":[11.625,4.25,11.125,4.0],"texture":"#0","tintindex":0.0}}}],"gui_light":"front","display":{"thirdperson_righthand":{"rotation":[55.5,34.0,0.0],"translation":[0.0,1.0,0.75],"scale":[0.52539,0.52539,0.52539]},"thirdperson_lefthand":{"rotation":[55.5,34.0,0.0],"translation":[0.0,1.0,0.75],"scale":[0.52539,0.52539,0.52539]},"firstperson_righthand":{"rotation":[21.0,114.5,-13.75],"translation":[9.5,0.0,-5.75],"scale":[0.41992,0.41992,0.41992]},"firstperson_lefthand":{"rotation":[21.0,114.5,-13.75],"translation":[9.5,0.0,-5.75],"scale":[0.41992,0.41992,0.41992]},"gui":{"rotation":[-162.03,26.41,168.84],"translation":[-1.75,0.75,0.0],"scale":[1.02929,1.02929,1.02929]},"head":{"rotation":[16.25,-44.0,0.0],"translation":[0.0,3.25,-0.5],"scale":[1.6293,1.6293,1.6293]}}}