{"textures":{"0":"block/custom/head_5","particle":"block/custom/head_5"},"credit":"Made with Blockbench","texture_size":[128.0,128.0],"elements":[{"from":[3.5,5.0,3.5],"to":[12.5,10.0,12.5],"rotation":{"angle":0.0,"axis":"y","origin":[-0.5,0.0,-1.5]},"faces":{"north":{"uv":[12.75,0.0,13.875,0.625],"texture":"#0","tintindex":0.0},"east":{"uv":[12.75,0.0,13.875,0.625],"texture":"#0","tintindex":0.0},"south":{"uv":[12.75,0.0,13.875,0.625],"texture":"#0","tintindex":0.0},"west":{"uv":[12.75,0.0,13.875,0.625],"texture":"#0","tintindex":0.0},"up":{"uv":[12.75,1.75,13.875,2.875],"texture":"#0","tintindex":0.0},"down":{"uv":[11.75,0.5,11.875,0.625],"texture":"#0","tintindex":0.0}}},{"from":[3.4,5.15,3.4],"to":[12.6,8.35,12.6],"rotation":{"angle":0.0,"axis":"y","origin":[-0.5,0.0,-1.5]},"faces":{"north":{"uv":[11.625,0.0,12.75,0.375],"texture":"#0"},"east":{"uv":[11.625,0.0,12.75,0.375],"texture":"#0"},"south":{"uv":[11.625,0.0,12.75,0.375],"texture":"#0"},"west":{"uv":[11.625,0.0,12.75,0.375],"texture":"#0"},"up":{"uv":[11.75,0.625,11.875,0.75],"texture":"#0"},"down":{"uv":[11.75,0.625,11.875,0.75],"texture":"#0"}}},{"from":[5.5,5.25,2.75],"to":[10.5,9.25,3.75],"rotation":{"angle":0.0,"axis":"y","origin":[-1.5,0.0,-1.5]},"faces":{"north":{"uv":[11.625,0.375,12.25,0.875],"texture":"#0"},"east":{"uv":[11.625,0.375,11.75,0.875],"texture":"#0"},"south":{"uv":[11.625,0.375,12.25,0.875],"texture":"#0"},"west":{"uv":[11.625,0.375,11.75,0.875],"texture":"#0"},"up":{"uv":[11.625,0.375,12.25,0.5],"texture":"#0"},"down":{"uv":[11.625,0.75,12.25,0.875],"texture":"#0"}}},{"from":[4.5,9.0,4.5],"to":[11.5,15.0,11.5],"rotation":{"angle":0.0,"axis":"x","origin":[8.0,9.25,7.75]},"faces":{"north":{"uv":[13.875,0.0,14.75,0.75],"texture":"#0","tintindex":0.0},"east":{"uv":[13.875,0.0,14.75,0.75],"texture":"#0","tintindex":0.0},"south":{"uv":[13.875,0.0,14.75,0.75],"texture":"#0","tintindex":0.0},"west":{"uv":[13.875,0.0,14.75,0.75],"texture":"#0","tintindex":0.0},"up":{"uv":[11.875,1.75,12.75,2.625],"texture":"#0","tintindex":0.0},"down":{"uv":[6.875,3.375,7.0,3.5],"texture":"#missing","tintindex":0.0}}},{"from":[6.07727,13.75,4.5],"to":[10.07727,18.75,8.5],"rotation":{"angle":22.5,"axis":"x","origin":[8.57727,9.25,7.75]},"faces":{"north":{"uv":[14.75,0.0,15.25,0.625],"texture":"#0","tintindex":0.0},"east":{"uv":[14.75,0.0,15.25,0.625],"texture":"#0","tintindex":0.0},"south":{"uv":[14.75,0.0,15.25,0.625],"texture":"#0","tintindex":0.0},"west":{"uv":[14.75,0.0,15.25,0.625],"texture":"#0","tintindex":0.0},"up":{"uv":[11.75,1.25,12.25,1.75],"texture":"#0","tintindex":0.0},"down":{"uv":[6.875,3.375,7.0,3.5],"texture":"#missing","tintindex":0.0}}},{"from":[8.07727,11.75,4.5],"to":[8.07727,20.75,15.5],"rotation":{"angle":22.5,"axis":"x","origin":[8.57727,9.25,7.75]},"faces":{"north":{"uv":[0.5,6.0,1.0,6.625],"texture":"#missing","tintindex":0.0},"east":{"uv":[12.25,0.625,13.625,1.75],"texture":"#0","tintindex":0.0},"south":{"uv":[1.0,6.0,1.5,6.625],"texture":"#missing","tintindex":0.0},"west":{"uv":[13.625,0.625,12.25,1.75],"texture":"#0","tintindex":0.0},"up":{"uv":[4.125,5.25,5.0,6.125],"texture":"#missing","tintindex":0.0},"down":{"uv":[13.0,2.875,14.125,4.0],"texture":"#missing","tintindex":0.0}}},{"from":[-0.5,5.0,-0.5],"to":[16.5,5.0,16.5],"rotation":{"angle":0.0,"axis":"y","origin":[0.5,0.0,-1.5]},"faces":{"north":{"uv":[2.125,7.875,4.75,8.125],"texture":"#missing","tintindex":0.0},"east":{"uv":[2.125,7.875,4.75,8.125],"texture":"#missing","tintindex":0.0},"south":{"uv":[2.125,7.875,4.75,8.125],"texture":"#missing","tintindex":0.0},"west":{"uv":[2.125,7.875,4.75,8.125],"texture":"#missing","tintindex":0.0},"up":{"uv":[13.875,0.75,16.0,2.875],"texture":"#0","tintindex":0.0},"down":{"uv":[13.875,0.75,16.0,2.875],"texture":"#0","tintindex":0.0}}},{"from":[-0.5,-2.27299,-0.06379],"to":[16.5,-2.27299,2.93621],"rotation":{"angle":-22.5,"axis":"x","origin":[-2.5,-7.27299,-17.06379]},"faces":{"north":{"uv":[2.125,7.875,4.75,8.125],"texture":"#missing","tintindex":0.0},"east":{"uv":[2.125,7.875,4.75,8.125],"texture":"#missing","tintindex":0.0},"south":{"uv":[2.125,7.875,4.75,8.125],"texture":"#missing","tintindex":0.0},"west":{"uv":[2.125,7.875,4.75,8.125],"texture":"#missing","tintindex":0.0},"up":{"uv":[13.875,2.875,16.0,3.25],"texture":"#0","tintindex":0.0},"down":{"uv":[13.875,3.25,16.0,2.875],"texture":"#0","tintindex":0.0}}},{"from":[-0.5,-2.27299,13.06379],"to":[16.5,-2.27299,16.06379],"rotation":{"angle":22.5,"axis":"x","origin":[-2.5,-7.27299,33.06379]},"faces":{"north":{"uv":[4.75,7.875,2.125,8.125],"texture":"#missing","tintindex":0.0},"east":{"uv":[4.75,7.875,2.125,8.125],"texture":"#missing","tintindex":0.0},"south":{"uv":[4.75,7.875,2.125,8.125],"texture":"#missing","tintindex":0.0},"west":{"uv":[4.75,7.875,2.125,8.125],"texture":"#missing","tintindex":0.0},"up":{"uv":[13.875,2.875,16.0,3.25],"rotation":180.0,"texture":"#0","tintindex":0.0},"down":{"uv":[13.875,3.25,16.0,2.875],"rotation":180.0,"texture":"#0","tintindex":0.0}}},{"from":[-2.70907,7.82636,-0.5],"to":[0.29093,7.82636,16.5],"rotation":{"angle":22.5,"axis":"z","origin":[7.0,4.42605,8.0]},"faces":{"north":{"uv":[4.75,7.875,2.125,8.125],"texture":"#missing","tintindex":0.0},"east":{"uv":[4.75,7.875,2.125,8.125],"texture":"#missing","tintindex":0.0},"south":{"uv":[4.75,7.875,2.125,8.125],"texture":"#missing","tintindex":0.0},"west":{"uv":[4.75,7.875,2.125,8.125],"texture":"#missing","tintindex":0.0},"up":{"uv":[13.875,2.875,16.0,3.25],"rotation":270.0,"texture":"#0","tintindex":0.0},"down":{"uv":[13.875,2.875,16.0,3.25],"rotation":270.0,"texture":"#0","tintindex":0.0}}},{"from":[15.70907,7.82636,-0.5],"to":[18.70907,7.82636,16.5],"rotation":{"angle":-22.5,"axis":"z","origin":[9.0,4.42605,8.0]},"faces":{"north":{"uv":[2.125,7.875,4.75,8.125],"texture":"#missing","tintindex":0.0},"east":{"uv":[2.125,7.875,4.75,8.125],"texture":"#missing","tintindex":0.0},"south":{"uv":[2.125,7.875,4.75,8.125],"texture":"#missing","tintindex":0.0},"west":{"uv":[2.125,7.875,4.75,8.125],"texture":"#missing","tintindex":0.0},"up":{"uv":[13.875,2.875,16.0,3.25],"rotation":90.0,"texture":"#0","tintindex":0.0},"down":{"uv":[13.875,2.875,16.0,3.25],"rotation":90.0,"texture":"#0","tintindex":0.0}}},{"name":"cube inverted","from":[10.5,9.25,3.75],"to":[5.5,5.25,2.75],"rotation":{"angle":0.0,"axis":"y","origin":[-1.5,0.0,-1.5]},"faces":{"north":{"uv":[11.625,0.875,12.25,0.375],"texture":"#0"},"east":{"uv":[11.625,0.875,11.75,0.375],"texture":"#0"},"south":{"uv":[11.625,0.875,12.25,0.375],"texture":"#0"},"west":{"uv":[11.625,0.875,11.75,0.375],"texture":"#0"},"up":{"uv":[12.25,0.75,11.625,0.875],"texture":"#0"},"down":{"uv":[12.25,0.375,11.625,0.5],"texture":"#0"}}}],"gui_light":"front","display":{"thirdperson_righthand":{"rotation":[55.5,34.0,0.0],"translation":[0.0,1.0,0.75],"scale":[0.52539,0.52539,0.52539]},"thirdperson_lefthand":{"rotation":[55.5,34.0,0.0],"translation":[0.0,1.0,0.75],"scale":[0.52539,0.52539,0.52539]},"firstperson_righthand":{"rotation":[21.0,114.5,-13.75],"translation":[9.5,0.0,-5.75],"scale":[0.41992,0.41992,0.41992]},"firstperson_lefthand":{"rotation":[21.0,114.5,-13.75],"translation":[9.5,0.0,-5.75],"scale":[0.41992,0.41992,0.41992]},"gui":{"rotation":[-137.23,-50.79,-161.6],"translation":[0.25,-0.75,0.0],"scale":[0.62695,0.62695,0.62695]},"head":{"rotation":[8.0,0.0,0.0],"translation":[0.0,8.25,0.25],"scale":[1.67227,1.67227,1.67227]}}}