{"textures":{"0":"block/custom/head_3","1":"block/custom/head_4","particle":"block/custom/head_3"},"credit":"Made with Blockbench","texture_size":[128.0,128.0],"elements":[{"from":[3.5,5.0,3.5],"to":[12.5,10.0,12.5],"rotation":{"angle":0.0,"axis":"y","origin":[-0.5,0.0,-1.5]},"faces":{"north":{"uv":[0.0,5.375,1.125,6.0],"texture":"#0","tintindex":0.0},"east":{"uv":[0.0,5.375,1.125,6.0],"texture":"#0","tintindex":0.0},"south":{"uv":[0.0,5.375,1.125,6.0],"texture":"#0","tintindex":0.0},"west":{"uv":[0.0,5.375,1.125,6.0],"texture":"#0","tintindex":0.0},"up":{"uv":[0.0,7.375,1.125,8.5],"texture":"#0","tintindex":0.0},"down":{"uv":[0.625,4.375,0.75,4.5],"texture":"#0","tintindex":0.0}}},{"from":[3.5,5.0,3.5],"to":[12.5,10.0,12.5],"rotation":{"angle":0.0,"axis":"y","origin":[-0.5,0.0,-1.5]},"faces":{"north":{"uv":[2.0,5.375,3.125,6.0],"texture":"#0"},"east":{"uv":[2.0,5.375,3.125,6.0],"texture":"#0"},"south":{"uv":[2.0,5.375,3.125,6.0],"texture":"#0"},"west":{"uv":[2.0,5.375,3.125,6.0],"texture":"#0"},"up":{"uv":[0.625,4.625,0.75,4.75],"texture":"#0"},"down":{"uv":[0.625,4.625,0.75,4.75],"texture":"#0"}}},{"from":[4.5,9.0,4.5],"to":[11.5,15.0,11.5],"rotation":{"angle":0.0,"axis":"x","origin":[8.0,9.25,7.75]},"faces":{"north":{"uv":[1.125,5.25,2.0,6.0],"texture":"#0","tintindex":0.0},"east":{"uv":[1.125,5.25,2.0,6.0],"texture":"#0","tintindex":0.0},"south":{"uv":[1.125,5.25,2.0,6.0],"texture":"#0","tintindex":0.0},"west":{"uv":[1.125,5.25,2.0,6.0],"texture":"#0","tintindex":0.0},"up":{"uv":[1.25,6.625,2.125,7.5],"texture":"#0","tintindex":0.0},"down":{"uv":[6.875,3.375,7.0,3.5],"texture":"#0","tintindex":0.0}}},{"from":[6.07727,13.75,4.5],"to":[10.07727,18.75,8.5],"rotation":{"angle":22.5,"axis":"x","origin":[8.57727,9.25,7.75]},"faces":{"north":{"uv":[0.5,6.0,1.0,6.625],"texture":"#0","tintindex":0.0},"east":{"uv":[0.5,6.0,0.0,6.625],"texture":"#0","tintindex":0.0},"south":{"uv":[1.0,6.0,1.5,6.625],"texture":"#0","tintindex":0.0},"west":{"uv":[0.0,6.0,0.5,6.625],"texture":"#0","tintindex":0.0},"up":{"uv":[1.125,7.5,1.625,8.0],"texture":"#0","tintindex":0.0},"down":{"uv":[6.875,3.375,7.0,3.5],"texture":"#0","tintindex":0.0}}},{"from":[8.07727,14.75,4.5],"to":[8.07727,20.75,14.5],"rotation":{"angle":22.5,"axis":"x","origin":[8.57727,9.25,7.75]},"faces":{"north":{"uv":[0.5,6.0,1.0,6.625],"texture":"#0","tintindex":0.0},"east":{"uv":[1.25,6.625,0.0,7.375],"texture":"#0","tintindex":0.0},"south":{"uv":[1.0,6.0,1.5,6.625],"texture":"#0","tintindex":0.0},"west":{"uv":[0.0,6.625,1.25,7.375],"texture":"#0","tintindex":0.0},"up":{"uv":[4.125,5.25,5.0,6.125],"texture":"#missing","tintindex":0.0},"down":{"uv":[13.0,2.875,14.125,4.0],"texture":"#missing","tintindex":0.0}}},{"from":[0.5,5.0,0.5],"to":[15.5,5.0,15.5],"rotation":{"angle":0.0,"axis":"y","origin":[0.5,0.0,-1.5]},"faces":{"north":{"uv":[2.125,7.875,4.75,8.125],"texture":"#0","tintindex":0.0},"east":{"uv":[2.125,7.875,4.75,8.125],"texture":"#0","tintindex":0.0},"south":{"uv":[2.125,7.875,4.75,8.125],"texture":"#0","tintindex":0.0},"west":{"uv":[2.125,7.875,4.75,8.125],"texture":"#0","tintindex":0.0},"up":{"uv":[0.0,8.625,1.875,10.5],"texture":"#0","tintindex":0.0},"down":{"uv":[6.125,0.375,8.0,2.25],"texture":"#1"}}},{"from":[0.5,-2.27299,0.93621],"to":[15.5,-2.27299,3.93621],"rotation":{"angle":-22.5,"axis":"x","origin":[-2.5,-7.27299,-16.06379]},"faces":{"north":{"uv":[2.125,7.875,4.75,8.125],"texture":"#0","tintindex":0.0},"east":{"uv":[2.125,7.875,4.75,8.125],"texture":"#0","tintindex":0.0},"south":{"uv":[2.125,7.875,4.75,8.125],"texture":"#0","tintindex":0.0},"west":{"uv":[2.125,7.875,4.75,8.125],"texture":"#0","tintindex":0.0},"up":{"uv":[2.125,7.875,4.0,8.25],"texture":"#0","tintindex":0.0},"down":{"uv":[8.375,0.375,10.25,0.0],"texture":"#1"}}},{"from":[0.5,-2.27299,0.93621],"to":[15.5,-2.27299,3.93621],"rotation":{"angle":-22.5,"axis":"x","origin":[-2.5,-7.27299,-16.06379]},"faces":{"north":{"uv":[2.125,7.875,4.75,8.125],"texture":"#0","tintindex":0.0},"east":{"uv":[2.125,7.875,4.75,8.125],"texture":"#0","tintindex":0.0},"south":{"uv":[2.125,7.875,4.75,8.125],"texture":"#0","tintindex":0.0},"west":{"uv":[2.125,7.875,4.75,8.125],"texture":"#0","tintindex":0.0},"up":{"uv":[2.125,7.5,4.0,7.875],"texture":"#0"},"down":{"uv":[0.5,4.5,0.625,4.625],"texture":"#0"}}},{"from":[0.5,-2.27299,12.06379],"to":[15.5,-2.27299,15.06379],"rotation":{"angle":22.5,"axis":"x","origin":[-2.5,-7.27299,32.06379]},"faces":{"north":{"uv":[4.75,7.875,2.125,8.125],"texture":"#0","tintindex":0.0},"east":{"uv":[4.75,7.875,2.125,8.125],"texture":"#0","tintindex":0.0},"south":{"uv":[4.75,7.875,2.125,8.125],"texture":"#0","tintindex":0.0},"west":{"uv":[4.75,7.875,2.125,8.125],"texture":"#0","tintindex":0.0},"up":{"uv":[2.125,7.875,4.0,7.5],"texture":"#0"},"down":{"uv":[0.5,4.625,0.625,4.5],"texture":"#0"}}},{"from":[-1.70907,7.82636,0.5],"to":[1.29093,7.82636,15.5],"rotation":{"angle":22.5,"axis":"z","origin":[8.0,4.42605,8.0]},"faces":{"north":{"uv":[4.75,7.875,2.125,8.125],"texture":"#0","tintindex":0.0},"east":{"uv":[4.75,7.875,2.125,8.125],"texture":"#0","tintindex":0.0},"south":{"uv":[4.75,7.875,2.125,8.125],"texture":"#0","tintindex":0.0},"west":{"uv":[4.75,7.875,2.125,8.125],"texture":"#0","tintindex":0.0},"up":{"uv":[2.125,7.875,4.0,7.5],"rotation":90.0,"texture":"#0"},"down":{"uv":[0.5,4.625,0.625,4.5],"rotation":270.0,"texture":"#0"}}},{"from":[14.70907,7.82636,0.5],"to":[17.70907,7.82636,15.5],"rotation":{"angle":-22.5,"axis":"z","origin":[8.0,4.42605,8.0]},"faces":{"north":{"uv":[2.125,7.875,4.75,8.125],"texture":"#0","tintindex":0.0},"east":{"uv":[2.125,7.875,4.75,8.125],"texture":"#0","tintindex":0.0},"south":{"uv":[2.125,7.875,4.75,8.125],"texture":"#0","tintindex":0.0},"west":{"uv":[2.125,7.875,4.75,8.125],"texture":"#0","tintindex":0.0},"up":{"uv":[2.125,7.5,4.0,7.875],"rotation":90.0,"texture":"#0"},"down":{"uv":[0.5,4.5,0.625,4.625],"rotation":270.0,"texture":"#0"}}},{"from":[0.5,-2.27299,12.06379],"to":[15.5,-2.27299,15.06379],"rotation":{"angle":22.5,"axis":"x","origin":[-2.5,-7.27299,32.06379]},"faces":{"north":{"uv":[4.75,7.875,2.125,8.125],"texture":"#0","tintindex":0.0},"east":{"uv":[4.75,7.875,2.125,8.125],"texture":"#0","tintindex":0.0},"south":{"uv":[4.75,7.875,2.125,8.125],"texture":"#0","tintindex":0.0},"west":{"uv":[4.75,7.875,2.125,8.125],"texture":"#0","tintindex":0.0},"up":{"uv":[2.125,8.25,4.0,7.875],"texture":"#0","tintindex":0.0},"down":{"uv":[8.375,0.0,10.25,0.375],"texture":"#1"}}},{"from":[-1.70907,7.82636,0.5],"to":[1.29093,7.82636,15.5],"rotation":{"angle":22.5,"axis":"z","origin":[8.0,4.42605,8.0]},"faces":{"north":{"uv":[4.75,7.875,2.125,8.125],"texture":"#0","tintindex":0.0},"east":{"uv":[4.75,7.875,2.125,8.125],"texture":"#0","tintindex":0.0},"south":{"uv":[4.75,7.875,2.125,8.125],"texture":"#0","tintindex":0.0},"west":{"uv":[4.75,7.875,2.125,8.125],"texture":"#0","tintindex":0.0},"up":{"uv":[2.125,8.25,4.0,7.875],"rotation":90.0,"texture":"#0","tintindex":0.0},"down":{"uv":[8.375,0.0,10.25,0.375],"rotation":270.0,"texture":"#1"}}},{"from":[14.70907,7.82636,0.5],"to":[17.70907,7.82636,15.5],"rotation":{"angle":-22.5,"axis":"z","origin":[8.0,4.42605,8.0]},"faces":{"north":{"uv":[2.125,7.875,4.75,8.125],"texture":"#0","tintindex":0.0},"east":{"uv":[2.125,7.875,4.75,8.125],"texture":"#0","tintindex":0.0},"south":{"uv":[2.125,7.875,4.75,8.125],"texture":"#0","tintindex":0.0},"west":{"uv":[2.125,7.875,4.75,8.125],"texture":"#0","tintindex":0.0},"up":{"uv":[2.125,7.875,4.0,8.25],"rotation":90.0,"texture":"#0","tintindex":0.0},"down":{"uv":[8.375,0.375,10.25,0.0],"rotation":270.0,"texture":"#1"}}}],"gui_light":"front","display":{"thirdperson_righthand":{"rotation":[55.5,34.0,0.0],"translation":[0.0,1.0,0.75],"scale":[0.52539,0.52539,0.52539]},"thirdperson_lefthand":{"rotation":[55.5,34.0,0.0],"translation":[0.0,1.0,0.75],"scale":[0.52539,0.52539,0.52539]},"firstperson_righthand":{"rotation":[21.0,114.5,-13.75],"translation":[9.5,0.0,-5.75],"scale":[0.41992,0.41992,0.41992]},"firstperson_lefthand":{"rotation":[21.0,114.5,-13.75],"translation":[9.5,0.0,-5.75],"scale":[0.41992,0.41992,0.41992]},"gui":{"rotation":[-137.23,-50.79,-161.6],"translation":[0.25,-0.75,0.0],"scale":[0.62695,0.62695,0.62695]},"head":{"rotation":[8.0,0.0,0.0],"translation":[0.0,8.25,0.25],"scale":[1.67227,1.67227,1.67227]}}}