{"textures":{"2":"mcc:island_cosmetics/general/hat/gas_mask/gas_mask","particle":"mcc:island_cosmetics/general/hat/gas_mask/gas_mask"},"display":{"thirdperson_righthand":{"translation":[0.0,1.0,0.75],"rotation":[55.5,34.0,0.0],"scale":[0.52539,0.52539,0.52539]},"thirdperson_lefthand":{"translation":[0.0,1.0,0.75],"rotation":[55.5,34.0,0.0],"scale":[0.52539,0.52539,0.52539]},"firstperson_righthand":{"translation":[9.5,0.0,-5.75],"rotation":[21.0,114.5,-13.75],"scale":[0.41992,0.41992,0.41992]},"firstperson_lefthand":{"translation":[9.5,0.0,-5.75],"rotation":[21.0,114.5,-13.75],"scale":[0.41992,0.41992,0.41992]},"gui":{"translation":[-0.75,4.0,0.0],"rotation":[-149.61,-31.92,-180.0],"scale":[0.91601,0.91601,0.91601]},"head":{"translation":[0.0,5.75,0.0],"scale":[1.63126,1.63126,1.63126]}},"credit":"Made with Blockbench","texture_size":[32.0,32.0],"elements":[{"from":[3.5,0.0,3.5],"to":[12.5,9.0,8.5],"rotation":{"angle":0.0,"axis":"x","origin":[7.5,9.5,7.5]},"faces":{"north":{"uv":[1.5,1.0,6.0,5.5],"texture":"#2","tintindex":0.0},"east":{"uv":[6.5,5.5,9.0,10.0],"texture":"#2","tintindex":0.0},"west":{"uv":[9.0,5.5,6.5,10.0],"texture":"#2","tintindex":0.0},"up":{"uv":[0.0,5.5,4.5,8.0],"texture":"#2","tintindex":0.0},"down":{"uv":[14.5,3.0,10.0,5.5],"texture":"#2","tintindex":0.0}}},{"from":[9.5,9.0,8.5],"to":[11.5,9.0,10.5],"rotation":{"angle":-22.5,"axis":"x","origin":[10.5,9.0,8.5]},"faces":{"north":{"uv":[5.875,3.25,4.75,3.875],"rotation":180.0,"texture":"#2"},"east":{"uv":[3.875,3.875,4.5,5.0],"rotation":270.0,"texture":"#2"},"south":{"uv":[2.25,3.875,2.5,3.875],"texture":"#2"},"west":{"uv":[4.5,3.875,3.875,5.0],"rotation":90.0,"texture":"#2"},"up":{"uv":[9.0,10.0,10.0,11.0],"rotation":180.0,"texture":"#2"},"down":{"uv":[10.0,10.0,9.0,11.0],"texture":"#2"}}},{"from":[4.5,9.0,8.5],"to":[6.5,9.0,10.5],"rotation":{"angle":-22.5,"axis":"x","origin":[5.5,9.0,8.5]},"faces":{"north":{"uv":[4.75,3.25,5.875,3.875],"rotation":180.0,"texture":"#2"},"east":{"uv":[15.5,13.0,18.0,17.5],"rotation":270.0,"texture":"#2"},"south":{"uv":[2.5,3.875,2.25,3.875],"texture":"#2"},"west":{"uv":[18.0,13.0,15.5,17.5],"rotation":90.0,"texture":"#2"},"up":{"uv":[10.0,10.0,9.0,11.0],"rotation":180.0,"texture":"#2"},"down":{"uv":[9.0,10.0,10.0,11.0],"texture":"#2"}}},{"from":[12.34056,6.0,8.53191],"to":[12.34056,8.0,10.53191],"rotation":{"angle":22.5,"axis":"y","origin":[12.34056,5.5,8.1177]},"faces":{"north":{"uv":[0.0,0.0,0.0,0.0],"texture":"#2"},"east":{"uv":[9.0,11.0,10.0,10.0],"rotation":90.0,"texture":"#2"},"south":{"uv":[0.0,0.0,0.0,0.0],"texture":"#2"},"west":{"uv":[10.0,11.0,9.0,10.0],"rotation":270.0,"texture":"#2"},"up":{"uv":[0.0,0.0,0.0,0.0],"texture":"#2"},"down":{"uv":[0.0,0.0,0.0,0.0],"texture":"#2"}}},{"from":[12.34056,1.0,8.53191],"to":[12.34056,3.0,10.53191],"rotation":{"angle":22.5,"axis":"y","origin":[12.34056,5.5,8.1177]},"faces":{"north":{"uv":[0.0,0.0,0.0,0.0],"texture":"#2"},"east":{"uv":[10.0,11.0,9.0,10.0],"rotation":90.0,"texture":"#2"},"south":{"uv":[0.0,0.0,0.0,0.0],"texture":"#2"},"west":{"uv":[9.0,11.0,10.0,10.0],"rotation":270.0,"texture":"#2"},"up":{"uv":[0.0,0.0,0.0,0.0],"texture":"#2"},"down":{"uv":[0.0,0.0,0.0,0.0],"texture":"#2"}}},{"from":[3.65944,6.0,8.53191],"to":[3.65944,8.0,10.53191],"rotation":{"angle":-22.5,"axis":"y","origin":[3.65944,5.5,8.1177]},"faces":{"north":{"uv":[0.0,0.0,0.0,0.0],"texture":"#2"},"east":{"uv":[10.0,10.0,9.0,11.0],"rotation":270.0,"texture":"#2"},"south":{"uv":[0.0,0.0,0.0,0.0],"texture":"#2"},"west":{"uv":[9.0,10.0,10.0,11.0],"rotation":90.0,"texture":"#2"},"up":{"uv":[0.0,0.0,0.0,0.0],"texture":"#2"},"down":{"uv":[0.0,0.0,0.0,0.0],"texture":"#2"}}},{"from":[3.65944,1.0,8.53191],"to":[3.65944,3.0,10.53191],"rotation":{"angle":-22.5,"axis":"y","origin":[3.65944,5.5,8.1177]},"faces":{"north":{"uv":[0.0,0.0,0.0,0.0],"texture":"#2"},"east":{"uv":[9.0,10.0,10.0,11.0],"rotation":270.0,"texture":"#2"},"south":{"uv":[0.0,0.0,0.0,0.0],"texture":"#2"},"west":{"uv":[10.0,10.0,9.0,11.0],"rotation":90.0,"texture":"#2"},"up":{"uv":[0.0,0.0,0.0,0.0],"texture":"#2"},"down":{"uv":[0.0,0.0,0.0,0.0],"texture":"#2"}}},{"from":[3.5,0.0,8.5],"to":[12.5,9.0,12.5],"rotation":{"angle":0.0,"axis":"x","origin":[7.5,9.5,7.5]},"faces":{"north":{"uv":[11.5,2.0,12.0,2.5],"texture":"#2"},"east":{"uv":[4.5,5.5,6.5,10.0],"texture":"#2"},"south":{"uv":[9.0,5.5,13.5,10.0],"texture":"#2"},"west":{"uv":[6.5,5.5,4.5,10.0],"texture":"#2"},"up":{"uv":[0.0,8.0,4.5,10.0],"texture":"#2"},"down":{"uv":[14.5,1.0,10.0,3.0],"texture":"#2"}}},{"from":[9.9,-1.80075,-1.06823],"to":[14.1,2.39925,0.13177],"rotation":{"angle":-45.0,"axis":"y","origin":[8.0,1.29925,3.03177]},"faces":{"east":{"uv":[6.0,0.5,8.0,0.0],"rotation":90.0,"texture":"#2"},"south":{"uv":[0.0,0.0,0.0,0.0],"texture":"#2"},"west":{"uv":[6.0,0.5,8.0,0.0],"rotation":90.0,"texture":"#2"},"up":{"uv":[8.0,0.0,6.0,0.5],"texture":"#2"},"down":{"uv":[8.0,0.0,6.0,0.5],"texture":"#2"}}},{"from":[1.9,-1.80075,-1.06823],"to":[6.1,2.39925,0.13177],"rotation":{"angle":45.0,"axis":"y","origin":[8.0,1.29925,3.03177]},"faces":{"east":{"uv":[6.0,0.0,8.0,0.5],"rotation":90.0,"texture":"#2"},"south":{"uv":[0.0,0.0,0.0,0.0],"texture":"#2"},"west":{"uv":[6.0,0.0,8.0,0.5],"rotation":90.0,"texture":"#2"},"up":{"uv":[6.0,0.0,8.0,0.5],"texture":"#2"},"down":{"uv":[6.0,0.0,8.0,0.5],"texture":"#2"}}},{"from":[3.61209,3.0,3.57716],"to":[7.61209,7.0,5.57716],"rotation":{"angle":22.5,"axis":"y","origin":[5.61209,5.0,4.57716]},"faces":{"north":{"uv":[7.5,3.0,8.0,3.5],"rotation":90.0,"texture":"#2","tintindex":0.0},"east":{"uv":[7.5,3.0,8.0,3.5],"rotation":90.0,"texture":"#2","tintindex":0.0},"south":{"uv":[7.5,3.0,8.0,3.5],"rotation":90.0,"texture":"#2","tintindex":0.0},"west":{"uv":[7.5,3.0,8.0,3.5],"rotation":90.0,"texture":"#2","tintindex":0.0},"up":{"uv":[7.5,3.0,8.0,3.5],"rotation":90.0,"texture":"#2","tintindex":0.0},"down":{"uv":[7.5,3.0,8.0,3.5],"rotation":90.0,"texture":"#2","tintindex":0.0}}},{"from":[8.38791,3.0,3.57716],"to":[12.38791,7.0,5.57716],"rotation":{"angle":-22.5,"axis":"y","origin":[10.38791,5.0,4.57716]},"faces":{"north":{"uv":[7.5,3.0,8.0,3.5],"rotation":90.0,"texture":"#2","tintindex":0.0},"east":{"uv":[7.5,3.0,8.0,3.5],"rotation":90.0,"texture":"#2","tintindex":0.0},"south":{"uv":[7.5,3.0,8.0,3.5],"rotation":90.0,"texture":"#2","tintindex":0.0},"west":{"uv":[7.5,3.0,8.0,3.5],"rotation":90.0,"texture":"#2","tintindex":0.0},"up":{"uv":[7.5,3.0,8.0,3.5],"rotation":90.0,"texture":"#2","tintindex":0.0},"down":{"uv":[7.5,3.0,8.0,3.5],"rotation":90.0,"texture":"#2","tintindex":0.0}}},{"from":[10.0,-1.70075,0.03177],"to":[14.0,2.29925,2.03177],"rotation":{"angle":-45.0,"axis":"y","origin":[8.0,1.29925,3.03177]},"faces":{"north":{"uv":[9.0,0.0,9.5,0.5],"texture":"#2","tintindex":0.0},"east":{"uv":[8.0,0.0,10.0,1.0],"rotation":90.0,"texture":"#2","tintindex":0.0},"south":{"uv":[9.5,0.5,10.0,1.0],"texture":"#2","tintindex":0.0},"west":{"uv":[8.0,1.0,10.0,0.0],"rotation":90.0,"texture":"#2","tintindex":0.0},"up":{"uv":[10.0,0.0,8.0,1.0],"texture":"#2","tintindex":0.0},"down":{"uv":[10.0,0.0,8.0,1.0],"rotation":180.0,"texture":"#2","tintindex":0.0}}},{"from":[2.0,-1.70075,0.03177],"to":[6.0,2.29925,2.03177],"rotation":{"angle":45.0,"axis":"y","origin":[8.0,1.29925,3.03177]},"faces":{"north":{"uv":[9.5,0.0,9.0,0.5],"texture":"#2","tintindex":0.0},"east":{"uv":[8.0,0.0,10.0,1.0],"rotation":90.0,"texture":"#2","tintindex":0.0},"south":{"uv":[10.0,0.5,9.5,1.0],"texture":"#2","tintindex":0.0},"west":{"uv":[8.0,1.0,10.0,0.0],"rotation":90.0,"texture":"#2","tintindex":0.0},"up":{"uv":[8.0,0.0,10.0,1.0],"texture":"#2","tintindex":0.0},"down":{"uv":[8.0,0.0,10.0,1.0],"rotation":180.0,"texture":"#2","tintindex":0.0}}},{"from":[10.0,-1.70075,-0.96823],"to":[14.0,2.29925,0.03177],"rotation":{"angle":-45.0,"axis":"y","origin":[8.0,1.29925,3.03177]},"faces":{"north":{"uv":[10.0,1.0,8.0,3.0],"texture":"#2"},"east":{"uv":[6.0,0.0,8.0,0.5],"rotation":90.0,"texture":"#2"},"south":{"uv":[2.0,10.0,0.0,12.0],"texture":"#2"},"west":{"uv":[6.0,0.5,8.0,0.0],"rotation":90.0,"texture":"#2"},"up":{"uv":[8.0,0.0,6.0,0.5],"texture":"#2"},"down":{"uv":[8.0,0.0,6.0,0.5],"rotation":180.0,"texture":"#2"}}},{"from":[2.0,-1.70075,-0.96823],"to":[6.0,2.29925,0.03177],"rotation":{"angle":45.0,"axis":"y","origin":[8.0,1.29925,3.03177]},"faces":{"north":{"uv":[8.0,1.0,10.0,3.0],"texture":"#2"},"east":{"uv":[6.0,0.0,8.0,0.5],"rotation":90.0,"texture":"#2"},"south":{"uv":[0.0,10.0,2.0,12.0],"texture":"#2"},"west":{"uv":[6.0,0.5,8.0,0.0],"rotation":90.0,"texture":"#2"},"up":{"uv":[6.0,0.0,8.0,0.5],"texture":"#2"},"down":{"uv":[6.0,0.0,8.0,0.5],"rotation":180.0,"texture":"#2"}}},{"from":[9.0,3.0,2.5],"to":[13.0,7.0,3.5],"rotation":{"angle":-22.5,"axis":"y","origin":[10.5,7.0,3.0]},"faces":{"north":{"uv":[6.0,1.0,8.0,3.0],"texture":"#2"},"east":{"uv":[7.5,1.0,8.0,3.0],"texture":"#2"},"south":{"uv":[1.375,4.75,1.875,5.25],"texture":"#2"},"west":{"uv":[7.5,1.0,8.0,3.0],"texture":"#2"},"up":{"uv":[6.0,1.0,8.0,1.5],"texture":"#2"},"down":{"uv":[6.0,1.0,8.0,1.5],"texture":"#2"}}},{"from":[3.0,3.0,2.5],"to":[7.0,7.0,3.5],"rotation":{"angle":22.5,"axis":"y","origin":[5.5,7.0,3.0]},"faces":{"north":{"uv":[8.0,1.0,6.0,3.0],"texture":"#2"},"east":{"uv":[8.0,1.0,7.5,3.0],"texture":"#2"},"south":{"uv":[1.875,4.75,1.375,5.25],"texture":"#2"},"west":{"uv":[8.0,1.0,7.5,3.0],"texture":"#2"},"up":{"uv":[8.0,1.0,6.0,1.5],"texture":"#2"},"down":{"uv":[8.0,1.0,6.0,1.5],"texture":"#2"}}},{"from":[5.5,-3.0,-1.5],"to":[10.5,2.0,0.5],"rotation":{"angle":-22.5,"axis":"x","origin":[8.5,4.5,-1.0]},"faces":{"north":{"uv":[4.0,10.0,6.5,12.5],"texture":"#2"},"east":{"uv":[8.0,10.0,9.0,12.5],"texture":"#2"},"south":{"uv":[0.0,0.0,0.0,0.0],"texture":"#2"},"west":{"uv":[8.0,10.0,9.0,12.5],"rotation":180.0,"texture":"#2"},"up":{"uv":[8.0,10.0,9.0,12.5],"rotation":270.0,"texture":"#2"},"down":{"uv":[8.0,10.0,9.0,12.5],"rotation":90.0,"texture":"#2"}}},{"from":[5.3,-3.2,-0.7],"to":[10.7,2.2,0.7],"rotation":{"angle":-22.5,"axis":"x","origin":[8.5,4.5,-1.0]},"faces":{"east":{"uv":[8.0,10.0,8.5,12.5],"texture":"#2"},"south":{"uv":[0.0,0.0,0.0,0.0],"texture":"#2"},"west":{"uv":[8.0,10.0,8.5,12.5],"rotation":180.0,"texture":"#2"},"up":{"uv":[8.0,10.0,8.5,12.5],"rotation":270.0,"texture":"#2"},"down":{"uv":[8.0,10.0,8.5,12.5],"rotation":90.0,"texture":"#2"}}},{"from":[5.5,-3.0,0.5],"to":[10.5,2.0,3.5],"rotation":{"angle":-22.5,"axis":"x","origin":[8.5,4.5,-1.0]},"faces":{"north":{"uv":[4.0,10.0,6.5,12.5],"texture":"#2"},"east":{"uv":[6.5,10.0,8.0,12.5],"texture":"#2","tintindex":0.0},"south":{"uv":[6.5,5.0,7.0,5.5],"texture":"#2"},"west":{"uv":[6.5,10.0,8.0,12.5],"rotation":180.0,"texture":"#2","tintindex":0.0},"up":{"uv":[6.5,10.0,8.0,12.5],"rotation":270.0,"texture":"#2","tintindex":0.0},"down":{"uv":[6.5,10.0,8.0,12.5],"rotation":90.0,"texture":"#2","tintindex":0.0}}},{"name":"cube inverted","from":[12.5,9.0,8.5],"to":[3.5,0.0,3.5],"rotation":{"angle":0.0,"axis":"x","origin":[7.5,9.5,7.5]},"faces":{"north":{"uv":[0.0,0.0,0.0,0.0],"texture":"#2"},"east":{"uv":[9.0,10.0,6.5,5.5],"texture":"#2","tintindex":0.0},"south":{"uv":[1.5,5.5,6.0,1.0],"texture":"#2","tintindex":0.0},"west":{"uv":[6.5,10.0,9.0,5.5],"texture":"#2","tintindex":0.0},"up":{"uv":[10.0,3.0,14.5,5.5],"texture":"#2","tintindex":0.0},"down":{"uv":[4.5,5.5,0.0,8.0],"texture":"#2","tintindex":0.0}}},{"name":"cube inverted","from":[12.5,9.0,12.5],"to":[3.5,0.0,8.5],"rotation":{"angle":0.0,"axis":"x","origin":[7.5,9.5,7.5]},"faces":{"north":{"uv":[9.0,10.0,13.5,5.5],"texture":"#2"},"east":{"uv":[6.5,10.0,4.5,5.5],"texture":"#2"},"south":{"uv":[11.5,2.5,12.0,2.0],"texture":"#2"},"west":{"uv":[4.5,10.0,6.5,5.5],"texture":"#2"},"up":{"uv":[10.0,1.0,14.5,3.0],"texture":"#2"},"down":{"uv":[4.5,8.0,0.0,10.0],"texture":"#2"}}},{"name":"cube inverted","from":[6.1,2.39925,0.13177],"to":[1.9,-1.80075,-1.06823],"rotation":{"angle":45.0,"axis":"y","origin":[8.0,1.29925,3.03177]},"faces":{"north":{"uv":[0.0,0.0,0.0,0.0],"texture":"#2"},"east":{"uv":[8.0,0.0,6.0,0.5],"rotation":90.0,"texture":"#2"},"south":{"uv":[0.0,0.0,0.0,0.0],"texture":"#2"},"west":{"uv":[8.0,0.0,6.0,0.5],"rotation":90.0,"texture":"#2"},"up":{"uv":[8.0,0.0,6.0,0.5],"texture":"#2"},"down":{"uv":[8.0,0.0,6.0,0.5],"texture":"#2"}}},{"name":"cube inverted","from":[14.1,2.39925,0.13177],"to":[9.9,-1.80075,-1.06823],"rotation":{"angle":-45.0,"axis":"y","origin":[8.0,1.29925,3.03177]},"faces":{"north":{"uv":[0.0,0.0,0.0,0.0],"texture":"#2"},"east":{"uv":[8.0,0.5,6.0,0.0],"rotation":90.0,"texture":"#2"},"south":{"uv":[0.0,0.0,0.0,0.0],"texture":"#2"},"west":{"uv":[8.0,0.5,6.0,0.0],"rotation":90.0,"texture":"#2"},"up":{"uv":[6.0,0.0,8.0,0.5],"texture":"#2"},"down":{"uv":[6.0,0.0,8.0,0.5],"texture":"#2"}}},{"name":"cube inverted","from":[10.7,2.2,0.7],"to":[5.3,-3.2,-0.7],"rotation":{"angle":-22.5,"axis":"x","origin":[8.5,4.5,-1.0]},"faces":{"north":{"uv":[0.0,0.0,0.0,0.0],"texture":"#2"},"east":{"uv":[8.0,12.5,8.5,10.0],"rotation":180.0,"texture":"#2"},"south":{"uv":[0.0,0.0,0.0,0.0],"texture":"#2"},"west":{"uv":[8.0,12.5,8.5,10.0],"texture":"#2"},"up":{"uv":[8.0,12.5,8.5,10.0],"rotation":90.0,"texture":"#2"},"down":{"uv":[8.0,12.5,8.5,10.0],"rotation":270.0,"texture":"#2"}}}],"gui_light":"front"}