{"textures":{"0":"mcc:island_cosmetics/general/hat/headphones/headphones","1":"mcc:island_cosmetics/general/hat/headphones/gaming","particle":"mcc:island_cosmetics/general/hat/headphones/headphones"},"display":{"thirdperson_righthand":{"rotation":[64.25,0.0,0.0],"scale":[0.44336,0.44336,0.44336]},"thirdperson_lefthand":{"rotation":[64.25,0.0,0.0],"scale":[0.44336,0.44336,0.44336]},"firstperson_righthand":{"scale":[0.0,0.0,0.0]},"firstperson_lefthand":{"scale":[0.0,0.0,0.0]},"ground":{"translation":[0.0,4.25,0.0],"scale":[0.43945,0.43945,0.43945]},"gui":{"translation":[-0.5,4.0,0.0],"rotation":[-150.51,-35.52,179.83],"scale":[1.0625,1.0625,1.0625]},"head":{"translation":[0.0,10.75,1.0],"scale":[1.64492,1.64492,1.64492]}},"credit":"Made with Blockbench","elements":[{"from":[3.5,4.0,6.0],"to":[12.5,7.0,9.0],"rotation":{"angle":0.0,"axis":"y","origin":[-0.5,-1.0,0.0]},"faces":{"north":{"uv":[9.0,13.0,0.0,16.0],"texture":"#0","tintindex":0.0},"east":{"uv":[9.0,6.0,12.0,9.0],"texture":"#0","tintindex":0.0},"south":{"uv":[9.0,13.0,0.0,16.0],"texture":"#0","tintindex":0.0},"west":{"uv":[12.0,6.0,9.0,9.0],"texture":"#0","tintindex":0.0},"up":{"uv":[9.0,13.0,0.0,10.0],"texture":"#0","tintindex":0.0},"down":{"uv":[67.0,14.0,68.0,15.0],"texture":"#0","tintindex":0.0}}},{"from":[2.0,-1.0,5.0],"to":[4.0,4.0,10.0],"rotation":{"angle":0.0,"axis":"y","origin":[16.5,0.0,0.0]},"faces":{"north":{"uv":[5.0,0.0,7.0,5.0],"texture":"#0","tintindex":0.0},"east":{"uv":[4.0,5.0,9.0,10.0],"texture":"#0","tintindex":0.0},"south":{"uv":[7.0,0.0,5.0,5.0],"texture":"#0","tintindex":0.0},"west":{"uv":[0.0,0.0,5.0,5.0],"texture":"#0","tintindex":0.0},"up":{"uv":[7.0,0.0,5.0,1.0],"texture":"#0","tintindex":0.0},"down":{"uv":[7.0,4.0,5.0,5.0],"texture":"#0","tintindex":0.0}}},{"from":[2.86,-1.14,4.86],"to":[4.14,4.14,10.14],"rotation":{"angle":0.0,"axis":"y","origin":[16.5,0.0,0.0]},"faces":{"north":{"uv":[12.0,0.0,13.0,5.0],"texture":"#0"},"east":{"uv":[7.0,0.0,12.0,5.0],"texture":"#0"},"south":{"uv":[12.0,0.0,13.0,5.0],"texture":"#0"},"west":{"uv":[7.0,0.0,12.0,5.0],"texture":"#0"},"up":{"uv":[12.0,0.0,13.0,1.0],"texture":"#0"},"down":{"uv":[12.0,4.0,13.0,5.0],"texture":"#0"}}},{"from":[12.0,-1.0,5.0],"to":[14.0,4.0,10.0],"rotation":{"angle":0.0,"axis":"y","origin":[-0.5,0.0,0.0]},"faces":{"north":{"uv":[7.0,0.0,5.0,5.0],"texture":"#0","tintindex":0.0},"east":{"uv":[5.0,0.0,0.0,5.0],"texture":"#0","tintindex":0.0},"south":{"uv":[5.0,0.0,7.0,5.0],"texture":"#0","tintindex":0.0},"west":{"uv":[9.0,5.0,4.0,10.0],"texture":"#0","tintindex":0.0},"up":{"uv":[5.0,0.0,7.0,1.0],"texture":"#0","tintindex":0.0},"down":{"uv":[5.0,4.0,7.0,5.0],"texture":"#0","tintindex":0.0}}},{"from":[14.25,-1.0,5.0],"to":[14.25,4.0,10.0],"rotation":{"angle":0.0,"axis":"y","origin":[-0.5,0.0,0.0]},"faces":{"north":{"uv":[7.0,0.0,5.0,5.0],"texture":"#0"},"east":{"uv":[5.0,0.0,0.0,5.0],"texture":"#1"},"south":{"uv":[5.0,0.0,7.0,5.0],"texture":"#0"},"west":{"uv":[5.0,0.0,0.0,5.0],"texture":"#1"},"up":{"uv":[5.0,0.0,7.0,1.0],"texture":"#0"},"down":{"uv":[5.0,4.0,7.0,5.0],"texture":"#0"}}},{"from":[1.75,-1.0,5.0],"to":[1.75,4.0,10.0],"rotation":{"angle":0.0,"axis":"y","origin":[16.5,0.0,0.0]},"faces":{"north":{"uv":[5.0,0.0,7.0,5.0],"texture":"#0"},"east":{"uv":[0.0,0.0,5.0,5.0],"texture":"#1"},"south":{"uv":[7.0,0.0,5.0,5.0],"texture":"#0"},"west":{"uv":[0.0,0.0,5.0,5.0],"texture":"#1"},"up":{"uv":[7.0,0.0,5.0,1.0],"texture":"#0"},"down":{"uv":[7.0,4.0,5.0,5.0],"texture":"#0"}}},{"from":[11.86,-1.14,4.86],"to":[13.14,4.14,10.14],"rotation":{"angle":0.0,"axis":"y","origin":[-0.5,0.0,0.0]},"faces":{"north":{"uv":[13.0,0.0,12.0,5.0],"texture":"#0"},"east":{"uv":[12.0,0.0,7.0,5.0],"texture":"#0"},"south":{"uv":[13.0,0.0,12.0,5.0],"texture":"#0"},"west":{"uv":[12.0,0.0,7.0,5.0],"texture":"#0"},"up":{"uv":[13.0,0.0,12.0,1.0],"texture":"#0"},"down":{"uv":[13.0,4.0,12.0,5.0],"texture":"#0"}}},{"from":[4.25,0.0,-1.0],"to":[4.25,1.0,4.0],"rotation":{"angle":-22.5,"axis":"y","origin":[0.0,0.5,-0.5]},"faces":{"north":{"uv":[0.0,0.0,1.0,1.0],"texture":"#1"},"east":{"uv":[10.0,0.0,5.0,1.0],"texture":"#1"},"south":{"uv":[0.0,0.0,1.0,1.0],"texture":"#missing"},"west":{"uv":[5.0,0.0,10.0,1.0],"texture":"#1"},"up":{"uv":[0.0,0.0,1.0,1.0],"texture":"#missing"},"down":{"uv":[0.0,0.0,1.0,1.0],"texture":"#missing"}}},{"from":[4.25,0.0,-1.0],"to":[4.25,1.0,0.0],"rotation":{"angle":-22.5,"axis":"y","origin":[0.0,0.5,-0.5]},"faces":{"north":{"uv":[0.0,0.0,1.0,1.0],"texture":"#1"},"east":{"uv":[6.0,1.0,7.0,2.0],"texture":"#1","tintindex":0.0},"south":{"uv":[0.0,0.0,1.0,1.0],"texture":"#missing"},"west":{"uv":[6.0,1.0,7.0,2.0],"texture":"#1","tintindex":0.0},"up":{"uv":[0.0,0.0,1.0,1.0],"texture":"#missing"},"down":{"uv":[0.0,0.0,1.0,1.0],"texture":"#missing"}}},{"from":[10.25,7.0,7.5],"to":[14.25,11.0,7.5],"rotation":{"angle":-22.5,"axis":"z","origin":[11.0,9.0,7.5]},"faces":{"north":{"uv":[16.0,0.0,12.0,4.0],"texture":"#1","tintindex":0.0},"east":{"uv":[1.0,0.0,0.0,1.0],"texture":"#missing"},"south":{"uv":[16.0,0.0,12.0,4.0],"texture":"#1","tintindex":0.0},"west":{"uv":[1.0,0.0,0.0,1.0],"texture":"#missing"},"up":{"uv":[1.0,0.0,0.0,1.0],"texture":"#missing"},"down":{"uv":[1.0,0.0,0.0,1.0],"texture":"#missing"}}},{"from":[10.25,7.0,7.5],"to":[14.25,11.0,7.5],"rotation":{"angle":-22.5,"axis":"z","origin":[11.0,9.0,7.5]},"faces":{"north":{"uv":[16.0,4.0,12.0,8.0],"texture":"#1"},"east":{"uv":[1.0,0.0,0.0,1.0],"texture":"#missing"},"south":{"uv":[16.0,4.0,12.0,8.0],"texture":"#1"},"west":{"uv":[1.0,0.0,0.0,1.0],"texture":"#missing"},"up":{"uv":[1.0,0.0,0.0,1.0],"texture":"#missing"},"down":{"uv":[1.0,0.0,0.0,1.0],"texture":"#missing"}}},{"from":[1.75,7.0,7.5],"to":[5.75,11.0,7.5],"rotation":{"angle":22.5,"axis":"z","origin":[5.0,9.0,7.5]},"faces":{"north":{"uv":[12.0,0.0,16.0,4.0],"texture":"#1","tintindex":0.0},"east":{"uv":[0.0,0.0,1.0,1.0],"texture":"#missing"},"south":{"uv":[12.0,0.0,16.0,4.0],"texture":"#1","tintindex":0.0},"west":{"uv":[0.0,0.0,1.0,1.0],"texture":"#missing"},"up":{"uv":[0.0,0.0,1.0,1.0],"texture":"#missing"},"down":{"uv":[0.0,0.0,1.0,1.0],"texture":"#missing"}}},{"from":[1.75,7.0,7.5],"to":[5.75,11.0,7.5],"rotation":{"angle":22.5,"axis":"z","origin":[5.0,9.0,7.5]},"faces":{"north":{"uv":[12.0,4.0,16.0,8.0],"texture":"#1"},"east":{"uv":[0.0,0.0,1.0,1.0],"texture":"#missing"},"south":{"uv":[12.0,4.0,16.0,8.0],"texture":"#1"},"west":{"uv":[0.0,0.0,1.0,1.0],"texture":"#missing"},"up":{"uv":[0.0,0.0,1.0,1.0],"texture":"#missing"},"down":{"uv":[0.0,0.0,1.0,1.0],"texture":"#missing"}}},{"name":"cube inverted","from":[12.5,7.0,9.0],"to":[3.5,4.0,6.0],"rotation":{"angle":0.0,"axis":"y","origin":[-0.5,-1.0,0.0]},"faces":{"north":{"uv":[9.0,16.0,0.0,13.0],"texture":"#0","tintindex":0.0},"east":{"uv":[12.0,9.0,9.0,6.0],"texture":"#0","tintindex":0.0},"south":{"uv":[9.0,16.0,0.0,13.0],"texture":"#0","tintindex":0.0},"west":{"uv":[9.0,9.0,12.0,6.0],"texture":"#0","tintindex":0.0},"up":{"uv":[68.0,14.0,67.0,15.0],"texture":"#0","tintindex":0.0},"down":{"uv":[0.0,13.0,9.0,10.0],"texture":"#0","tintindex":0.0}}}],"gui_light":"front"}