{"textures":{"1":"mcc:island_cosmetics/general/hat/sensei/sensei","2":"mcc:island_cosmetics/general/hat/sensei/stripe","particle":"mcc:island_cosmetics/general/hat/sensei/stripe"},"display":{"thirdperson_righthand":{"translation":[0.0,1.0,0.75],"rotation":[55.5,34.0,0.0],"scale":[0.52539,0.52539,0.52539]},"thirdperson_lefthand":{"translation":[0.0,1.0,0.75],"rotation":[55.5,34.0,0.0],"scale":[0.52539,0.52539,0.52539]},"firstperson_righthand":{"translation":[9.5,0.0,-5.75],"rotation":[21.0,114.5,-13.75],"scale":[0.41992,0.41992,0.41992]},"firstperson_lefthand":{"translation":[9.5,0.0,-5.75],"rotation":[21.0,114.5,-13.75],"scale":[0.41992,0.41992,0.41992]},"gui":{"translation":[0.0,-0.25,0.0],"rotation":[-149.61,-31.92,-180.0],"scale":[0.52148,0.52148,0.52148]},"head":{"translation":[0.0,-2.25,0.0],"scale":[1.63125,1.63125,1.63125]}},"credit":"Made with Blockbench","texture_size":[32.0,32.0],"elements":[{"from":[3.5,4.0,4.0],"to":[12.5,14.0,7.0],"rotation":{"angle":22.5,"axis":"x","origin":[8.34776,4.73123,7.0]},"faces":{"east":{"uv":[16.0,11.5,11.0,10.0],"rotation":90.0,"texture":"#1"},"west":{"uv":[16.0,11.5,11.0,10.0],"rotation":90.0,"texture":"#1"},"up":{"uv":[14.0,11.5,14.5,10.0],"texture":"#1"},"down":{"uv":[11.0,11.5,12.5,16.0],"rotation":90.0,"texture":"#1"}}},{"from":[5.5,-1.25,5.0],"to":[10.5,4.75,5.0],"rotation":{"angle":0.0,"axis":"x","origin":[8.34776,4.73123,7.0]},"faces":{"north":{"uv":[12.5,11.5,15.5,14.0],"rotation":270.0,"texture":"#1"},"east":{"uv":[6.625,3.625,7.75,4.0],"rotation":270.0,"texture":"#missing","tintindex":0.0},"south":{"uv":[12.5,11.5,15.5,14.0],"rotation":270.0,"texture":"#1"},"west":{"uv":[6.625,3.625,7.75,4.0],"rotation":270.0,"texture":"#missing","tintindex":0.0},"up":{"uv":[10.75,1.25,10.875,1.375],"rotation":270.0,"texture":"#missing","tintindex":0.0},"down":{"uv":[6.625,4.0,7.0,5.125],"rotation":270.0,"texture":"#missing","tintindex":0.0}}},{"from":[-2.5,15.82453,-4.12189],"to":[18.5,15.82453,8.87811],"rotation":{"angle":-22.5,"axis":"x","origin":[8.0,13.70298,8.0]},"faces":{"north":{"uv":[11.0,0.875,11.25,2.125],"rotation":270.0,"texture":"#missing","tintindex":0.0},"east":{"uv":[11.25,0.875,11.5,2.0],"rotation":270.0,"texture":"#missing","tintindex":0.0},"south":{"uv":[11.0,2.125,11.25,0.875],"rotation":270.0,"texture":"#missing","tintindex":0.0},"west":{"uv":[10.25,1.5,10.375,1.625],"rotation":270.0,"texture":"#missing","tintindex":0.0},"up":{"uv":[10.5,7.5,0.0,1.0],"texture":"#2"},"down":{"uv":[10.5,1.0,0.0,7.5],"texture":"#2"}}},{"from":[-2.5,15.82453,7.12189],"to":[18.5,15.82453,20.12189],"rotation":{"angle":22.5,"axis":"x","origin":[8.0,13.70298,8.0]},"faces":{"north":{"uv":[11.0,0.875,11.25,2.125],"rotation":270.0,"texture":"#missing","tintindex":0.0},"east":{"uv":[11.25,2.0,11.5,0.875],"rotation":270.0,"texture":"#missing","tintindex":0.0},"south":{"uv":[11.0,2.125,11.25,0.875],"rotation":270.0,"texture":"#missing","tintindex":0.0},"west":{"uv":[10.25,1.625,10.375,1.5],"rotation":270.0,"texture":"#missing","tintindex":0.0},"up":{"uv":[10.5,1.0,0.0,7.5],"texture":"#2"},"down":{"uv":[10.5,7.5,0.0,1.0],"texture":"#2"}}},{"from":[7.04866,15.80996,-2.5],"to":[20.04866,15.80996,18.5],"rotation":{"angle":-22.5,"axis":"z","origin":[8.0,13.51163,8.0]},"faces":{"north":{"uv":[10.25,1.5,10.375,1.625],"rotation":270.0,"texture":"#missing","tintindex":0.0},"east":{"uv":[11.0,0.875,11.25,2.125],"rotation":270.0,"texture":"#missing","tintindex":0.0},"south":{"uv":[11.25,0.875,11.5,2.0],"rotation":270.0,"texture":"#missing","tintindex":0.0},"west":{"uv":[11.0,2.125,11.25,0.875],"rotation":270.0,"texture":"#missing","tintindex":0.0},"up":{"uv":[10.5,7.5,0.0,1.0],"rotation":90.0,"texture":"#2"},"down":{"uv":[10.5,1.0,0.0,7.5],"rotation":270.0,"texture":"#2"}}},{"from":[-4.04866,15.80996,-2.5],"to":[8.95134,15.80996,18.5],"rotation":{"angle":22.5,"axis":"z","origin":[8.0,13.51163,8.0]},"faces":{"north":{"uv":[10.25,1.625,10.375,1.5],"rotation":270.0,"texture":"#missing","tintindex":0.0},"east":{"uv":[11.0,0.875,11.25,2.125],"rotation":270.0,"texture":"#missing","tintindex":0.0},"south":{"uv":[11.25,2.0,11.5,0.875],"rotation":270.0,"texture":"#missing","tintindex":0.0},"west":{"uv":[11.0,2.125,11.25,0.875],"rotation":270.0,"texture":"#missing","tintindex":0.0},"up":{"uv":[10.5,1.0,0.0,7.5],"rotation":90.0,"texture":"#2"},"down":{"uv":[10.5,7.5,0.0,1.0],"rotation":270.0,"texture":"#2"}}},{"from":[-2.5,15.82453,-4.12189],"to":[18.5,15.82453,8.87811],"rotation":{"angle":-22.5,"axis":"x","origin":[8.0,13.70298,8.0]},"faces":{"north":{"uv":[11.0,0.875,11.25,2.125],"rotation":270.0,"texture":"#missing","tintindex":0.0},"east":{"uv":[11.25,0.875,11.5,2.0],"rotation":270.0,"texture":"#missing","tintindex":0.0},"south":{"uv":[11.0,2.125,11.25,0.875],"rotation":270.0,"texture":"#missing","tintindex":0.0},"west":{"uv":[10.25,1.5,10.375,1.625],"rotation":270.0,"texture":"#missing","tintindex":0.0},"up":{"uv":[10.5,14.5,0.0,8.0],"texture":"#2","tintindex":0.0},"down":{"uv":[10.5,8.0,0.0,14.5],"texture":"#2","tintindex":0.0}}},{"from":[-2.5,15.82453,7.12189],"to":[18.5,15.82453,20.12189],"rotation":{"angle":22.5,"axis":"x","origin":[8.0,13.70298,8.0]},"faces":{"north":{"uv":[11.0,0.875,11.25,2.125],"rotation":270.0,"texture":"#missing","tintindex":0.0},"east":{"uv":[11.25,2.0,11.5,0.875],"rotation":270.0,"texture":"#missing","tintindex":0.0},"south":{"uv":[11.0,2.125,11.25,0.875],"rotation":270.0,"texture":"#missing","tintindex":0.0},"west":{"uv":[10.25,1.625,10.375,1.5],"rotation":270.0,"texture":"#missing","tintindex":0.0},"up":{"uv":[10.5,8.0,0.0,14.5],"texture":"#2","tintindex":0.0},"down":{"uv":[10.5,14.5,0.0,8.0],"texture":"#2","tintindex":0.0}}},{"from":[7.04866,15.80996,-2.5],"to":[20.04866,15.80996,18.5],"rotation":{"angle":-22.5,"axis":"z","origin":[8.0,13.51163,8.0]},"faces":{"north":{"uv":[10.25,1.5,10.375,1.625],"rotation":270.0,"texture":"#missing","tintindex":0.0},"east":{"uv":[11.0,0.875,11.25,2.125],"rotation":270.0,"texture":"#missing","tintindex":0.0},"south":{"uv":[11.25,0.875,11.5,2.0],"rotation":270.0,"texture":"#missing","tintindex":0.0},"west":{"uv":[11.0,2.125,11.25,0.875],"rotation":270.0,"texture":"#missing","tintindex":0.0},"up":{"uv":[10.5,14.5,0.0,8.0],"rotation":90.0,"texture":"#2","tintindex":0.0},"down":{"uv":[10.5,8.0,0.0,14.5],"rotation":270.0,"texture":"#2","tintindex":0.0}}},{"from":[-4.04866,15.80996,-2.5],"to":[8.95134,15.80996,18.5],"rotation":{"angle":22.5,"axis":"z","origin":[8.0,13.51163,8.0]},"faces":{"north":{"uv":[10.25,1.625,10.375,1.5],"rotation":270.0,"texture":"#missing","tintindex":0.0},"east":{"uv":[11.0,0.875,11.25,2.125],"rotation":270.0,"texture":"#missing","tintindex":0.0},"south":{"uv":[11.25,2.0,11.5,0.875],"rotation":270.0,"texture":"#missing","tintindex":0.0},"west":{"uv":[11.0,2.125,11.25,0.875],"rotation":270.0,"texture":"#missing","tintindex":0.0},"up":{"uv":[10.5,8.0,0.0,14.5],"rotation":90.0,"texture":"#2","tintindex":0.0},"down":{"uv":[10.5,14.5,0.0,8.0],"rotation":270.0,"texture":"#2","tintindex":0.0}}},{"from":[7.0,15.0,7.0],"to":[9.0,17.0,9.0],"faces":{"north":{"uv":[3.5,0.0,4.5,1.0],"texture":"#1"},"east":{"uv":[3.5,0.0,4.5,1.0],"texture":"#1"},"south":{"uv":[3.5,0.0,4.5,1.0],"texture":"#1"},"west":{"uv":[3.5,0.0,4.5,1.0],"texture":"#1"},"up":{"uv":[4.5,0.0,5.5,1.0],"texture":"#1"},"down":{"uv":[3.5,0.5,4.5,1.0],"texture":"#1"}}},{"name":"cube inverted","from":[12.5,14.0,7.0],"to":[3.5,4.0,4.0],"rotation":{"angle":22.5,"axis":"x","origin":[8.34776,4.73123,7.0]},"faces":{"east":{"uv":[11.0,11.5,16.0,10.0],"rotation":90.0,"texture":"#1"},"west":{"uv":[11.0,11.5,16.0,10.0],"rotation":90.0,"texture":"#1"},"up":{"uv":[11.0,16.0,12.5,11.5],"rotation":90.0,"texture":"#1"},"down":{"uv":[14.5,11.5,14.0,10.0],"texture":"#1"}}}],"gui_light":"front"}