{"textures":{"0":"mcc:island_cosmetics/general/hat/police_cap/variant","1":"mcc:island_cosmetics/general/hat/police_cap/police_cap_siren","particle":"mcc:island_cosmetics/general/hat/police_cap/variant"},"elements":[{"from":[3.0,5.0,3.0],"to":[13.0,12.0,13.0],"rotation":{"angle":0.0,"axis":"x","origin":[7.0,5.5,7.0]},"faces":{"north":{"uv":[0.5,7.25,3.0,9.0],"texture":"#0"},"east":{"uv":[3.0,7.25,5.5,9.0],"texture":"#0"},"south":{"uv":[0.0,9.0,2.5,10.75],"texture":"#0"},"west":{"uv":[5.5,7.25,3.0,9.0],"texture":"#0"},"up":{"uv":[2.5,9.0,5.0,11.5],"texture":"#0"},"down":{"uv":[4.25,1.0,4.5,1.25],"texture":"#0"}}},{"from":[3.0,2.0,9.0],"to":[13.0,5.0,13.0],"rotation":{"angle":0.0,"axis":"x","origin":[7.0,5.5,7.0]},"faces":{"north":{"uv":[5.0,9.0,7.5,9.75],"texture":"#0"},"east":{"uv":[6.5,7.25,5.5,8.0],"texture":"#0"},"south":{"uv":[5.5,8.0,8.0,8.75],"texture":"#0"},"west":{"uv":[5.5,7.25,6.5,8.0],"texture":"#0"},"up":{"uv":[2.5,3.75,5.0,6.25],"texture":"#0"},"down":{"uv":[5.0,9.75,7.5,10.75],"texture":"#0"}}},{"from":[1.98,3.98,1.98],"to":[14.02,8.02,12.02],"rotation":{"angle":0.0,"axis":"x","origin":[7.0,5.5,7.0]},"faces":{"north":{"uv":[2.75,6.25,5.75,7.25],"texture":"#0"},"east":{"uv":[5.75,5.75,8.25,6.75],"texture":"#0"},"south":{"uv":[5.75,5.75,6.0,6.75],"texture":"#0"},"west":{"uv":[8.25,5.75,5.75,6.75],"texture":"#0"},"up":{"uv":[3.25,14.0,6.25,11.5],"texture":"#0"},"down":{"uv":[0.0,11.5,3.0,14.0],"texture":"#0"}}},{"from":[1.98,3.98,1.98],"to":[14.02,8.02,12.02],"rotation":{"angle":0.0,"axis":"x","origin":[7.0,5.5,7.0]},"faces":{"north":{"uv":[0.0,14.25,3.0,15.25],"texture":"#0","tintindex":0},"east":{"uv":[3.25,14.25,5.75,15.25],"texture":"#0","tintindex":0},"south":{"uv":[5.75,5.75,6.0,6.75],"texture":"#0"},"west":{"uv":[5.75,14.25,3.25,15.25],"texture":"#0","tintindex":0},"up":{"uv":[1.25,11.0,1.5,11.25],"texture":"#0"},"down":{"uv":[1.25,11.0,1.5,11.25],"texture":"#0"}}},{"from":[6.0,12.0,6.0],"to":[10.0,16.0,10.0],"rotation":{"angle":0.0,"axis":"x","origin":[8.0,5.5,5.0]},"faces":{"north":{"uv":[11.0,0.0,12.0,1.0],"texture":"#0"},"east":{"uv":[11.0,0.0,12.0,1.0],"texture":"#0"},"south":{"uv":[11.0,0.0,12.0,1.0],"texture":"#0"},"west":{"uv":[11.0,0.0,12.0,1.0],"texture":"#0"},"up":{"uv":[11.0,0.0,12.0,1.0],"texture":"#0"},"down":{"uv":[9.0,0.0,10.0,1.0],"texture":"#0"}}},{"from":[6.0,13.0,6.0],"to":[10.0,16.0,10.0],"rotation":{"angle":0.0,"axis":"x","origin":[8.0,5.5,5.0]},"faces":{"north":{"uv":[0.5,13.5,2.5,15.0],"texture":"#1","tintindex":0},"east":{"uv":[0.5,13.5,2.5,15.0],"texture":"#1","tintindex":0},"south":{"uv":[0.5,13.5,2.5,15.0],"texture":"#1","tintindex":0},"west":{"uv":[0.5,13.5,2.5,15.0],"texture":"#1","tintindex":0},"up":{"uv":[2.5,13.5,4.5,15.5],"texture":"#1","tintindex":0},"down":{"uv":[0.0,15.5,0.5,16.0],"texture":"#1","tintindex":0}}},{"from":[1.0,12.0,8.0],"to":[15.0,16.0,8.0],"rotation":{"angle":0.0,"axis":"x","origin":[8.0,5.5,5.0]},"faces":{"north":{"uv":[0.0,0.0,7.0,2.0],"texture":"#1","tintindex":0},"east":{"uv":[10.0,0.0,11.0,1.0],"texture":"#0","tintindex":0},"south":{"uv":[0.0,0.0,7.0,2.0],"texture":"#1","tintindex":0},"west":{"uv":[10.0,0.0,11.0,1.0],"texture":"#0","tintindex":0},"up":{"uv":[11.0,0.0,12.0,1.0],"texture":"#0","tintindex":0},"down":{"uv":[9.0,0.0,10.0,1.0],"texture":"#0","tintindex":0}}},{"from":[1.0,12.0,8.0],"to":[15.0,16.0,8.0],"rotation":{"angle":-22.5,"axis":"y","origin":[8.0,14.0,8.0]},"faces":{"north":{"uv":[0.0,2.5,7.0,4.5],"texture":"#1","tintindex":0},"east":{"uv":[10.0,0.0,11.0,1.0],"texture":"#0","tintindex":0},"south":{"uv":[0.0,2.5,7.0,4.5],"texture":"#1","tintindex":0},"west":{"uv":[10.0,0.0,11.0,1.0],"texture":"#0","tintindex":0},"up":{"uv":[11.0,0.0,12.0,1.0],"texture":"#0","tintindex":0},"down":{"uv":[9.0,0.0,10.0,1.0],"texture":"#0","tintindex":0}}},{"from":[8.0,12.0,1.0],"to":[8.0,16.0,15.0],"rotation":{"angle":22.5,"axis":"y","origin":[8.0,14.0,8.0]},"faces":{"north":{"uv":[10.0,0.0,11.0,1.0],"texture":"#0","tintindex":0},"east":{"uv":[0.0,7.5,7.0,9.5],"texture":"#1","tintindex":0},"south":{"uv":[10.0,0.0,11.0,1.0],"texture":"#0","tintindex":0},"west":{"uv":[0.0,7.5,7.0,9.5],"texture":"#1","tintindex":0},"up":{"uv":[11.0,0.0,12.0,1.0],"texture":"#0","tintindex":0,"rotation":90},"down":{"uv":[9.0,0.0,10.0,1.0],"texture":"#0","tintindex":0,"rotation":270}}},{"from":[8.0,12.0,1.0],"to":[8.0,16.0,15.0],"rotation":{"angle":45.0,"axis":"y","origin":[8.0,14.0,8.0]},"faces":{"north":{"uv":[10.0,0.0,11.0,1.0],"texture":"#0","tintindex":0},"east":{"uv":[0.0,5.0,7.0,7.0],"texture":"#1","tintindex":0},"south":{"uv":[10.0,0.0,11.0,1.0],"texture":"#0","tintindex":0},"west":{"uv":[0.0,5.0,7.0,7.0],"texture":"#1","tintindex":0},"up":{"uv":[11.0,0.0,12.0,1.0],"texture":"#0","tintindex":0,"rotation":90},"down":{"uv":[9.0,0.0,10.0,1.0],"texture":"#0","tintindex":0,"rotation":270}}},{"from":[8.0,12.0,1.0],"to":[8.0,16.0,15.0],"rotation":{"angle":-22.5,"axis":"y","origin":[8.0,14.0,8.0]},"faces":{"north":{"uv":[10.0,0.0,11.0,1.0],"texture":"#0","tintindex":0},"east":{"uv":[9.0,2.5,16.0,4.5],"texture":"#1","tintindex":0},"south":{"uv":[10.0,0.0,11.0,1.0],"texture":"#0","tintindex":0},"west":{"uv":[9.0,2.5,16.0,4.5],"texture":"#1","tintindex":0},"up":{"uv":[11.0,0.0,12.0,1.0],"texture":"#0","tintindex":0,"rotation":270},"down":{"uv":[9.0,0.0,10.0,1.0],"texture":"#0","tintindex":0,"rotation":90}}},{"from":[1.0,12.0,8.0],"to":[15.0,16.0,8.0],"rotation":{"angle":45.0,"axis":"y","origin":[8.0,14.0,8.0]},"faces":{"north":{"uv":[9.0,5.0,16.0,7.0],"texture":"#1","tintindex":0},"east":{"uv":[10.0,0.0,11.0,1.0],"texture":"#0","tintindex":0},"south":{"uv":[9.0,5.0,16.0,7.0],"texture":"#1","tintindex":0},"west":{"uv":[10.0,0.0,11.0,1.0],"texture":"#0","tintindex":0},"up":{"uv":[11.0,0.0,12.0,1.0],"texture":"#0","tintindex":0},"down":{"uv":[9.0,0.0,10.0,1.0],"texture":"#0","tintindex":0}}},{"from":[1.0,12.0,8.0],"to":[15.0,16.0,8.0],"rotation":{"angle":22.5,"axis":"y","origin":[8.0,14.0,8.0]},"faces":{"north":{"uv":[9.0,7.5,16.0,9.5],"texture":"#1","tintindex":0},"east":{"uv":[10.0,0.0,11.0,1.0],"texture":"#0","tintindex":0},"south":{"uv":[9.0,7.5,16.0,9.5],"texture":"#1","tintindex":0},"west":{"uv":[10.0,0.0,11.0,1.0],"texture":"#0","tintindex":0},"up":{"uv":[11.0,0.0,12.0,1.0],"texture":"#0","tintindex":0},"down":{"uv":[9.0,0.0,10.0,1.0],"texture":"#0","tintindex":0}}},{"from":[8.0,12.0,1.0],"to":[8.0,16.0,15.0],"rotation":{"angle":0.0,"axis":"y","origin":[8.0,14.0,8.0]},"faces":{"north":{"uv":[10.0,0.0,11.0,1.0],"texture":"#0","tintindex":0},"east":{"uv":[9.0,0.0,16.0,2.0],"texture":"#1","tintindex":0},"south":{"uv":[10.0,0.0,11.0,1.0],"texture":"#0","tintindex":0},"west":{"uv":[9.0,0.0,16.0,2.0],"texture":"#1","tintindex":0},"up":{"uv":[11.0,0.0,12.0,1.0],"texture":"#0","tintindex":0,"rotation":90},"down":{"uv":[9.0,0.0,10.0,1.0],"texture":"#0","tintindex":0,"rotation":270}}}],"display":{"thirdperson_righthand":{"translation":[0.0,1.0,0.75],"rotation":[55.5,34.0,0.0],"scale":[0.52539,0.52539,0.52539]},"thirdperson_lefthand":{"translation":[0.0,1.0,0.75],"rotation":[55.5,34.0,0.0],"scale":[0.52539,0.52539,0.52539]},"firstperson_righthand":{"translation":[9.5,0.0,-5.75],"rotation":[21.0,114.5,-13.75],"scale":[0.41992,0.41992,0.41992]},"firstperson_lefthand":{"translation":[9.5,0.0,-5.75],"rotation":[21.0,114.5,-13.75],"scale":[0.41992,0.41992,0.41992]},"gui":{"translation":[-0.5,-0.25,0.0],"rotation":[-149.61,-31.92,-180.0],"scale":[0.89062,0.89062,0.89062]},"head":{"translation":[0.0,1.5,0.0],"scale":[1.6293,1.6293,1.6293]}},"credit":"Made with Blockbench","gui_light":"front"}