{"textures":{"0":"mcc:island_cosmetics/general/hat/police_cap/police_cap","1":"mcc:island_cosmetics/general/hat/police_cap/variant"},"elements":[{"from":[5.5,8.5,2.25],"to":[9.5,12.5,2.25],"rotation":{"angle":0.0,"axis":"x","origin":[8.0,4.5,8.0]},"faces":{"north":{"uv":[0.0,0.0,2.0,2.0],"texture":"#0"},"south":{"uv":[0.0,0.0,2.0,2.0],"texture":"#0"}}},{"from":[2.5,8.0,2.5],"to":[12.5,12.0,12.5],"rotation":{"angle":0.0,"axis":"x","origin":[8.0,4.5,8.0]},"faces":{"north":{"uv":[0.0,0.0,2.5,1.0],"texture":"#1","tintindex":0},"east":{"uv":[0.0,5.5,2.5,6.5],"texture":"#1","tintindex":0},"south":{"uv":[2.5,0.0,0.0,1.0],"texture":"#1","tintindex":0},"west":{"uv":[2.5,0.0,5.0,1.0],"texture":"#1","tintindex":0},"up":{"uv":[2.5,5.5,0.0,3.0],"texture":"#1","tintindex":0,"rotation":270},"down":{"uv":[3.5,0.25,3.75,0.5],"texture":"#1","tintindex":0}}},{"from":[2.4,7.9,2.4],"to":[12.6,9.1,12.6],"rotation":{"angle":0.0,"axis":"x","origin":[8.0,4.5,8.0]},"faces":{"north":{"uv":[0.0,6.5,2.5,6.75],"texture":"#1"},"east":{"uv":[0.0,6.5,2.5,6.75],"texture":"#1"},"south":{"uv":[0.0,6.5,2.5,6.75],"texture":"#1"},"west":{"uv":[0.0,6.5,2.5,6.75],"texture":"#1"},"up":{"uv":[2.5,1.25,5.0,3.75],"texture":"#1"},"down":{"uv":[2.5,1.25,5.0,3.75],"texture":"#1"}}},{"from":[2.5,12.0,2.5],"to":[8.5,13.0,12.5],"rotation":{"angle":0.0,"axis":"x","origin":[8.0,4.5,8.0]},"faces":{"north":{"uv":[0.0,1.0,1.5,1.25],"texture":"#1","tintindex":0},"east":{"uv":[0.0,1.25,2.5,1.5],"texture":"#1","tintindex":0},"south":{"uv":[1.5,1.0,0.0,1.25],"texture":"#1","tintindex":0},"west":{"uv":[1.5,1.0,4.0,1.25],"texture":"#1","tintindex":0},"up":{"uv":[2.5,3.0,0.0,1.5],"texture":"#1","tintindex":0,"rotation":270}}}],"display":{"thirdperson_righthand":{"translation":[0.0,1.0,0.75],"rotation":[55.5,34.0,0.0],"scale":[0.52539,0.52539,0.52539]},"thirdperson_lefthand":{"translation":[0.0,1.0,0.75],"rotation":[55.5,34.0,0.0],"scale":[0.52539,0.52539,0.52539]},"firstperson_righthand":{"translation":[9.5,0.0,-5.75],"rotation":[21.0,114.5,-13.75],"scale":[0.41992,0.41992,0.41992]},"firstperson_lefthand":{"translation":[9.5,0.0,-5.75],"rotation":[21.0,114.5,-13.75],"scale":[0.41992,0.41992,0.41992]},"gui":{"translation":[-0.25,-1.25,0.0],"rotation":[-151.82,-38.93,160.91],"scale":[0.95116,0.95116,0.95116]},"head":{"translation":[0.75,3.0,1.0],"rotation":[0.0,0.0,-10.75],"scale":[1.62539,1.62539,1.62539]}},"credit":"Made with Blockbench","gui_light":"front"}