{"textures":{"1":"mcc:island_cosmetics/general/hat/candy_cat/candy_cat","3":"mcc:island_cosmetics/general/accessory/pumpkin_bucket/candy_flow","4":"mcc:island_cosmetics/general/accessory/pumpkin_bucket/candy_glow","particle":"mcc:island_cosmetics/general/hat/candy_cat/candy_cat"},"elements":[{"from":[3.0,0.0,3.0],"to":[13.0,10.0,13.0],"rotation":{"angle":0.0,"axis":"y","origin":[8.0,-3.66879,9.16724]},"faces":{"north":{"uv":[0.0,0.0,5.0,5.0],"texture":"#1"},"east":{"uv":[0.0,0.0,5.0,5.0],"texture":"#1"},"south":{"uv":[0.0,0.0,5.0,5.0],"texture":"#1"},"west":{"uv":[0.0,0.0,5.0,5.0],"texture":"#1"},"up":{"uv":[5.0,0.0,10.0,5.0],"texture":"#1"},"down":{"uv":[10.0,0.0,15.0,5.0],"texture":"#1"}}},{"from":[3.0,0.0,2.75],"to":[13.0,10.0,2.75],"rotation":{"angle":0.0,"axis":"y","origin":[8.0,-3.66879,9.16724]},"faces":{"north":{"uv":[7.5,5.0,12.5,10.0],"texture":"#1"},"east":{"uv":[0.0,0.0,5.0,5.0],"texture":"#1"},"south":{"uv":[7.5,5.0,12.5,10.0],"texture":"#1"},"west":{"uv":[0.0,0.0,5.0,5.0],"texture":"#1"},"up":{"uv":[5.0,0.0,10.0,5.0],"texture":"#1"}}},{"from":[-1.0,-1.0,4.0],"to":[3.0,5.0,4.0],"rotation":{"angle":0.0,"axis":"y","origin":[8.0,-3.66879,9.16724]},"faces":{"north":{"uv":[6.0,5.0,8.0,8.0],"texture":"#1"},"south":{"uv":[8.0,5.0,6.0,8.0],"texture":"#1"}}},{"from":[13.0,-1.0,4.0],"to":[17.0,5.0,4.0],"rotation":{"angle":0.0,"axis":"y","origin":[8.0,-3.66879,9.16724]},"faces":{"north":{"uv":[8.0,5.0,6.0,8.0],"texture":"#1"},"south":{"uv":[6.0,5.0,8.0,8.0],"texture":"#1"}}},{"from":[4.6826,7.34013,6.0],"to":[8.6826,13.09013,10.0],"rotation":{"angle":-22.5,"axis":"z","origin":[8.0,-3.66879,9.16724]},"faces":{"north":{"uv":[4.0,8.0,6.0,5.0],"texture":"#1"},"east":{"uv":[0.0,8.0,2.0,5.0],"texture":"#1"},"south":{"uv":[0.0,8.0,2.0,5.0],"texture":"#1"},"west":{"uv":[0.0,8.0,2.0,5.0],"texture":"#1"},"up":{"uv":[4.0,9.0,2.0,7.0],"texture":"#1"},"down":{"uv":[4.0,7.0,2.0,5.0],"texture":"#1"}}},{"from":[7.3174,7.34013,6.0],"to":[11.3174,13.09013,10.0],"rotation":{"angle":22.5,"axis":"z","origin":[8.0,-3.66879,9.16724]},"faces":{"north":{"uv":[6.0,8.0,4.0,5.0],"texture":"#1"},"east":{"uv":[2.0,8.0,0.0,5.0],"texture":"#1"},"south":{"uv":[2.0,8.0,0.0,5.0],"texture":"#1"},"west":{"uv":[2.0,8.0,0.0,5.0],"texture":"#1"},"up":{"uv":[2.0,9.0,4.0,7.0],"texture":"#1"},"down":{"uv":[2.0,7.0,4.0,5.0],"texture":"#1"}}},{"from":[6.33445,0.65538,8.80311],"to":[6.33445,8.65538,24.80311],"rotation":{"angle":-22.5,"axis":"y","origin":[8.0,-3.66879,9.16724]},"faces":{"east":{"uv":[16.0,1.0,0.0,9.0],"texture":"#3"},"west":{"uv":[0.0,9.0,16.0,1.0],"texture":"#3"}}},{"from":[9.66555,0.65538,8.80311],"to":[9.66555,8.65538,24.80311],"rotation":{"angle":22.5,"axis":"y","origin":[8.0,-3.66879,9.16724]},"faces":{"east":{"uv":[16.0,1.0,0.0,9.0],"texture":"#3"},"west":{"uv":[0.0,1.0,16.0,9.0],"texture":"#3"}}},{"from":[13.5,10.5,13.5],"to":[2.5,-0.5,2.5],"rotation":{"angle":0.0,"axis":"y","origin":[8.0,-3.66879,9.16724]},"faces":{"north":{"uv":[0.0,0.5,0.5,1.0],"texture":"#4"},"east":{"uv":[0.0,0.5,0.5,1.0],"texture":"#4"},"south":{"uv":[0.0,0.5,0.5,1.0],"texture":"#4"},"west":{"uv":[0.0,0.5,0.5,1.0],"texture":"#4"},"up":{"uv":[0.0,0.5,0.5,1.0],"texture":"#4"},"down":{"uv":[0.0,0.5,0.5,1.0],"texture":"#4"}}},{"from":[9.1826,13.59013,10.5],"to":[4.1826,6.84013,5.5],"rotation":{"angle":-22.5,"axis":"z","origin":[8.0,-3.66879,9.16724]},"faces":{"north":{"uv":[0.0,0.5,0.5,1.0],"texture":"#4"},"east":{"uv":[0.0,0.5,0.5,1.0],"texture":"#4"},"south":{"uv":[0.0,0.5,0.5,1.0],"texture":"#4"},"west":{"uv":[0.0,0.5,0.5,1.0],"texture":"#4"},"down":{"uv":[0.0,0.5,0.5,1.0],"texture":"#4"}}},{"from":[11.8174,13.59013,10.5],"to":[6.8174,6.84013,5.5],"rotation":{"angle":22.5,"axis":"z","origin":[8.0,-3.66879,9.16724]},"faces":{"north":{"uv":[0.0,0.5,0.5,1.0],"texture":"#4"},"east":{"uv":[0.0,0.5,0.5,1.0],"texture":"#4"},"south":{"uv":[0.0,0.5,0.5,1.0],"texture":"#4"},"west":{"uv":[0.0,0.5,0.5,1.0],"texture":"#4"},"down":{"uv":[0.0,0.5,0.5,1.0],"texture":"#4"}}}],"display":{"thirdperson_righthand":{"translation":[0.0,1.0,0.75],"rotation":[55.5,34.0,0.0],"scale":[0.52539,0.52539,0.52539]},"thirdperson_lefthand":{"translation":[0.0,1.0,0.75],"rotation":[55.5,34.0,0.0],"scale":[0.52539,0.52539,0.52539]},"firstperson_righthand":{"translation":[9.5,0.0,-5.75],"rotation":[21.0,114.5,-13.75],"scale":[0.41992,0.41992,0.41992]},"firstperson_lefthand":{"translation":[9.5,0.0,-5.75],"rotation":[21.0,114.5,-13.75],"scale":[0.41992,0.41992,0.41992]},"ground":{"translation":[0.0,4.25,0.0],"scale":[0.28906,0.28906,0.28906]},"gui":{"translation":[0.0,2.0,0.0],"rotation":[-154.61,-31.92,-180.0],"scale":[0.85351,0.85351,0.85351]},"head":{"translation":[0.0,6.25,0.0],"scale":[1.69375,1.69375,1.69375]},"fixed":{"translation":[0.0,-3.25,-7.5]}},"credit":"Made with Blockbench","gui_light":"front"}