{"textures":{"0":"mcc:island_cosmetics/general/hat/master_frog/golden","1":"mcc:island_cosmetics/general/hat/8_ball/gold_shine","particle":"mcc:island_cosmetics/general/hat/master_frog/golden"},"elements":[{"from":[3.0,1.0,3.0],"to":[13.0,10.0,13.0],"rotation":{"angle":0.0,"axis":"y","origin":[3.5,3.5,3.5]},"faces":{"north":{"uv":[0.0,5.0,3.33333,8.0],"texture":"#0"},"east":{"uv":[3.33333,5.0,6.66667,8.0],"texture":"#0"},"south":{"uv":[10.0,3.33333,13.33333,6.33333],"texture":"#0"},"west":{"uv":[6.66667,5.0,3.33333,8.0],"texture":"#0"},"up":{"uv":[8.0,0.0,11.33333,3.33333],"texture":"#0"},"down":{"uv":[0.0,7.66667,0.33333,8.0],"texture":"#0"}}},{"from":[5.5,10.0,6.0],"to":[10.5,15.0,11.0],"rotation":{"angle":0.0,"axis":"x","origin":[8.0,13.0,5.5]},"faces":{"north":{"uv":[11.33333,0.0,13.0,1.66667],"texture":"#0"},"east":{"uv":[11.33333,0.0,13.0,1.66667],"texture":"#0"},"south":{"uv":[11.33333,0.0,13.0,1.66667],"texture":"#0"},"west":{"uv":[11.33333,0.0,13.0,1.66667],"texture":"#0"}}},{"from":[1.5,0.0,11.0],"to":[14.5,9.0,15.0],"rotation":{"angle":22.5,"axis":"x","origin":[8.5,5.0,8.0]},"faces":{"north":{"uv":[5.66667,9.33333,10.0,12.33333],"texture":"#0"},"east":{"uv":[0.0,8.0,1.33333,11.0],"texture":"#0"},"south":{"uv":[5.66667,9.33333,1.33333,12.33333],"texture":"#0"},"west":{"uv":[1.33333,8.0,0.0,11.0],"texture":"#0"},"up":{"uv":[5.66667,8.0,1.33333,9.33333],"texture":"#0"},"down":{"uv":[10.0,8.0,5.66667,9.33333],"texture":"#0"}}},{"from":[2.0,0.0,2.0],"to":[14.0,6.0,11.0],"rotation":{"angle":0.0,"axis":"y","origin":[3.5,3.5,3.5]},"faces":{"north":{"uv":[0.0,0.0,4.0,2.0],"texture":"#0"},"east":{"uv":[4.0,0.0,7.0,2.0],"texture":"#0"},"south":{"uv":[4.0,0.0,4.33333,2.0],"texture":"#0"},"west":{"uv":[7.0,0.0,4.0,2.0],"texture":"#0"},"up":{"uv":[4.0,2.0,8.0,5.0],"texture":"#0"},"down":{"uv":[0.0,2.0,4.0,5.0],"texture":"#0"}}},{"from":[11.0,7.0,6.0],"to":[15.0,11.0,10.0],"rotation":{"angle":0.0,"axis":"y","origin":[3.5,3.5,3.5]},"faces":{"north":{"uv":[8.0,5.0,9.33333,6.33333],"texture":"#0"},"east":{"uv":[6.66667,5.0,8.0,6.33333],"texture":"#0"},"south":{"uv":[8.0,5.0,9.33333,6.33333],"texture":"#0"},"west":{"uv":[8.0,6.33333,9.33333,7.66667],"texture":"#0"},"up":{"uv":[6.66667,6.33333,8.0,7.66667],"texture":"#0"},"down":{"uv":[11.33333,2.0,12.66667,3.33333],"texture":"#0"}}},{"from":[1.0,7.0,6.0],"to":[5.0,11.0,10.0],"rotation":{"angle":0.0,"axis":"y","origin":[12.5,3.5,3.5]},"faces":{"north":{"uv":[9.33333,5.0,8.0,6.33333],"texture":"#0"},"east":{"uv":[9.33333,6.33333,8.0,7.66667],"texture":"#0"},"south":{"uv":[9.33333,5.0,8.0,6.33333],"texture":"#0"},"west":{"uv":[8.0,5.0,6.66667,6.33333],"texture":"#0"},"up":{"uv":[8.0,6.33333,6.66667,7.66667],"texture":"#0"},"down":{"uv":[12.66667,2.0,11.33333,3.33333],"texture":"#0"}}},{"from":[14.5,9.0,15.0],"to":[1.5,0.0,11.0],"rotation":{"angle":22.5,"axis":"x","origin":[8.5,5.0,8.0]},"faces":{"north":{"uv":[5.66667,12.33333,1.33333,9.33333],"texture":"#0"},"east":{"uv":[1.33333,11.0,0.0,8.0],"texture":"#0"},"south":{"uv":[5.66667,12.33333,10.0,9.33333],"texture":"#0"},"west":{"uv":[0.0,11.0,1.33333,8.0],"texture":"#0"},"up":{"uv":[5.66667,8.0,10.0,9.33333],"texture":"#0"},"down":{"uv":[1.33333,8.0,5.66667,9.33333],"texture":"#0"}}},{"from":[10.5,15.0,11.0],"to":[5.5,10.0,6.0],"rotation":{"angle":0.0,"axis":"x","origin":[8.0,13.0,5.5]},"faces":{"north":{"uv":[11.33333,1.66667,13.0,0.0],"texture":"#0"},"east":{"uv":[11.33333,1.66667,13.0,0.0],"texture":"#0"},"south":{"uv":[11.33333,1.66667,13.0,0.0],"texture":"#0"},"west":{"uv":[11.33333,1.66667,13.0,0.0],"texture":"#0"}}},{"from":[5.0,-3.75,4.0],"to":[11.0,1.25,4.0],"rotation":{"angle":22.5,"axis":"x","origin":[1.0,1.0,2.0]},"faces":{"north":{"uv":[11.0,6.66667,13.0,8.33333],"texture":"#0"},"south":{"uv":[11.0,6.66667,13.0,8.33333],"texture":"#0"}}},{"from":[3.0,-2.0,4.0],"to":[13.0,0.0,11.0],"faces":{"north":{"uv":[10.0,9.0,13.33333,9.66667],"texture":"#0"},"east":{"uv":[10.0,8.33333,12.33333,9.0],"texture":"#0"},"west":{"uv":[10.0,8.33333,12.33333,9.0],"texture":"#0"}}},{"from":[13.0,0.0,11.0],"to":[3.0,-2.0,4.0],"faces":{"east":{"uv":[10.0,9.0,12.33333,8.33333],"texture":"#0"},"south":{"uv":[10.0,9.66667,13.33333,9.0],"texture":"#0"},"west":{"uv":[10.0,9.0,12.33333,8.33333],"texture":"#0"}}},{"from":[-6.0,-3.0,1.0],"to":[1.0,4.0,1.0],"rotation":{"angle":-22.5,"axis":"y","origin":[0.5,0.5,7.0]},"faces":{"north":{"uv":[8.0,1.0,15.0,8.0],"texture":"#1"},"east":{"uv":[0.0,0.0,1.0,1.0],"texture":"#1"},"south":{"uv":[8.0,1.0,15.0,8.0],"texture":"#1"},"west":{"uv":[0.0,0.0,1.0,1.0],"texture":"#1"},"up":{"uv":[0.0,0.0,1.0,1.0],"texture":"#1"},"down":{"uv":[0.0,0.0,1.0,1.0],"texture":"#1"}}},{"from":[-3.0,10.0,7.0],"to":[4.0,17.0,7.0],"rotation":{"angle":45.0,"axis":"y","origin":[0.5,13.5,7.0]},"faces":{"north":{"uv":[0.0,1.0,7.0,8.0],"texture":"#1"},"east":{"uv":[0.0,0.0,1.0,1.0],"texture":"#1"},"south":{"uv":[0.0,1.0,7.0,8.0],"texture":"#1"},"west":{"uv":[0.0,0.0,1.0,1.0],"texture":"#1"},"up":{"uv":[0.0,0.0,1.0,1.0],"texture":"#1"},"down":{"uv":[0.0,0.0,1.0,1.0],"texture":"#1"}}},{"from":[-3.0,10.0,7.0],"to":[4.0,17.0,7.0],"rotation":{"angle":-45.0,"axis":"y","origin":[0.5,13.5,7.0]},"faces":{"north":{"uv":[0.0,1.0,7.0,8.0],"texture":"#1"},"east":{"uv":[0.0,0.0,1.0,1.0],"texture":"#1"},"south":{"uv":[0.0,1.0,7.0,8.0],"texture":"#1"},"west":{"uv":[0.0,0.0,1.0,1.0],"texture":"#1"},"up":{"uv":[0.0,0.0,1.0,1.0],"texture":"#1"},"down":{"uv":[0.0,0.0,1.0,1.0],"texture":"#1"}}},{"from":[-2.5,-3.0,-2.5],"to":[-2.5,4.0,4.5],"rotation":{"angle":-22.5,"axis":"y","origin":[0.5,0.5,7.0]},"faces":{"north":{"uv":[0.0,0.0,1.0,1.0],"texture":"#1"},"east":{"uv":[8.0,1.0,15.0,8.0],"texture":"#1"},"south":{"uv":[0.0,0.0,1.0,1.0],"texture":"#1"},"west":{"uv":[8.0,1.0,15.0,8.0],"texture":"#1"},"up":{"uv":[0.0,0.0,1.0,1.0],"texture":"#1","rotation":270},"down":{"uv":[0.0,0.0,1.0,1.0],"texture":"#1","rotation":90}}},{"from":[14.0,0.0,7.75],"to":[21.0,7.0,7.75],"rotation":{"angle":0.0,"axis":"y","origin":[15.5,5.5,7.0]},"faces":{"north":{"uv":[8.0,9.0,15.0,16.0],"texture":"#1"},"east":{"uv":[0.0,0.0,1.0,1.0],"texture":"#1"},"south":{"uv":[8.0,9.0,15.0,16.0],"texture":"#1"},"west":{"uv":[0.0,0.0,1.0,1.0],"texture":"#1"},"up":{"uv":[0.0,0.0,1.0,1.0],"texture":"#1"},"down":{"uv":[0.0,0.0,1.0,1.0],"texture":"#1"}}},{"from":[17.34776,0.0,4.26537],"to":[17.34776,7.0,11.26537],"rotation":{"angle":0.0,"axis":"y","origin":[17.34776,5.5,7.76537]},"faces":{"north":{"uv":[0.0,0.0,1.0,1.0],"texture":"#1"},"east":{"uv":[8.0,9.0,15.0,16.0],"texture":"#1"},"south":{"uv":[0.0,0.0,1.0,1.0],"texture":"#1"},"west":{"uv":[8.0,9.0,15.0,16.0],"texture":"#1"},"up":{"uv":[0.0,0.0,1.0,1.0],"texture":"#1","rotation":90},"down":{"uv":[0.0,0.0,1.0,1.0],"texture":"#1","rotation":270}}},{"from":[8.4797,6.0,17.6704],"to":[15.4797,13.0,17.6704],"rotation":{"angle":22.5,"axis":"y","origin":[10.9797,6.5,15.6704]},"faces":{"north":{"uv":[8.0,1.0,15.0,8.0],"texture":"#1"},"east":{"uv":[0.0,0.0,1.0,1.0],"texture":"#1"},"south":{"uv":[8.0,1.0,15.0,8.0],"texture":"#1"},"west":{"uv":[0.0,0.0,1.0,1.0],"texture":"#1"},"up":{"uv":[0.0,0.0,1.0,1.0],"texture":"#1"},"down":{"uv":[0.0,0.0,1.0,1.0],"texture":"#1"}}},{"from":[11.9797,6.0,14.1704],"to":[11.9797,13.0,21.1704],"rotation":{"angle":22.5,"axis":"y","origin":[10.9797,6.5,15.6704]},"faces":{"north":{"uv":[0.0,0.0,1.0,1.0],"texture":"#1"},"east":{"uv":[8.0,1.0,15.0,8.0],"texture":"#1"},"south":{"uv":[0.0,0.0,1.0,1.0],"texture":"#1"},"west":{"uv":[8.0,1.0,15.0,8.0],"texture":"#1"},"up":{"uv":[0.0,0.0,1.0,1.0],"texture":"#1","rotation":90},"down":{"uv":[0.0,0.0,1.0,1.0],"texture":"#1","rotation":270}}}],"display":{"thirdperson_righthand":{"translation":[0.0,1.0,-1.0],"rotation":[63.0,34.0,0.0],"scale":[0.37891,0.37891,0.37891]},"thirdperson_lefthand":{"translation":[0.0,1.0,-1.0],"rotation":[63.0,34.0,0.0],"scale":[0.37891,0.37891,0.37891]},"firstperson_righthand":{"translation":[9.5,0.0,-5.75],"rotation":[3.0,112.0,-13.0],"scale":[0.35547,0.35547,0.35547]},"firstperson_lefthand":{"translation":[9.5,0.0,-5.75],"rotation":[3.0,112.0,-13.0],"scale":[0.35547,0.35547,0.35547]},"ground":{"translation":[0.0,4.25,0.0],"scale":[0.28906,0.28906,0.28906]},"gui":{"translation":[0.0,2.25,0.0],"rotation":[-149.61,-31.92,-180.0],"scale":[0.68945,0.68945,0.68945]},"head":{"translation":[0.0,5.5,-0.5],"rotation":[-2.0,0.0,0.0],"scale":[1.66445,1.66445,1.66445]},"fixed":{"translation":[0.0,-3.25,-7.5]}},"credit":"Made with Blockbench","gui_light":"front"}