{"textures":{"0":"mcc:island_cosmetics/general/hat/skull_crown/stone","particle":"mcc:island_cosmetics/general/hat/skull_crown/stone"},"elements":[{"from":[2.8,2.75,3.32],"to":[13.2,11.03,12.68],"rotation":{"angle":0.0,"axis":"y","origin":[8.0,-22.0,0.2]},"faces":{"north":{"uv":[0.0,1.0,3.33333,3.66667],"texture":"#0","tintindex":0},"east":{"uv":[0.0,3.66667,3.0,6.33333],"texture":"#0","tintindex":0},"south":{"uv":[0.0,7.0,3.33333,9.66667],"texture":"#0","tintindex":0},"west":{"uv":[3.0,3.66667,0.0,6.33333],"texture":"#0","tintindex":0},"up":{"uv":[3.33333,0.0,6.66667,3.0],"texture":"#0","tintindex":0},"down":{"uv":[3.33333,3.33333,6.66667,6.33333],"texture":"#0","tintindex":0}}},{"from":[3.84,0.67,3.32],"to":[12.16,2.75,5.4],"rotation":{"angle":0.0,"axis":"y","origin":[8.0,-22.0,0.2]},"faces":{"north":{"uv":[0.0,0.0,2.66667,0.66667],"texture":"#0","tintindex":0},"east":{"uv":[0.0,0.0,0.33333,0.66667],"texture":"#0","tintindex":0},"south":{"uv":[0.0,0.0,2.66667,0.66667],"texture":"#0","tintindex":0},"west":{"uv":[0.0,0.0,0.33333,0.66667],"texture":"#0","tintindex":0},"down":{"uv":[0.0,6.66667,2.66667,7.0],"texture":"#0","tintindex":0}}},{"from":[13.075,8.03,3.57],"to":[2.925,3.75,3.32],"rotation":{"angle":0.0,"axis":"y","origin":[9.875,-23.0,-0.41]},"faces":{"north":{"uv":[3.33333,6.33333,6.66667,7.66667],"texture":"#0"},"east":{"uv":[3.33333,6.33333,3.66667,7.66667],"texture":"#0"},"west":{"uv":[3.33333,6.33333,3.66667,7.66667],"texture":"#0"},"up":{"uv":[3.33333,7.33333,3.66667,7.66667],"texture":"#0"},"down":{"uv":[3.33333,7.33333,3.66667,7.66667],"texture":"#0"}}},{"from":[13.075,8.03,3.57],"to":[2.925,3.75,3.32],"rotation":{"angle":0.0,"axis":"y","origin":[9.875,-23.0,-0.41]},"faces":{"north":{"uv":[3.33333,8.0,6.66667,9.33333],"texture":"#0"},"east":{"uv":[6.33333,8.0,6.66667,9.33333],"texture":"#0"},"south":{"uv":[6.33333,8.0,6.66667,9.33333],"texture":"#0"},"west":{"uv":[6.33333,8.0,6.66667,9.33333],"texture":"#0"},"up":{"uv":[6.33333,8.0,6.66667,9.33333],"texture":"#0"},"down":{"uv":[6.33333,8.0,6.66667,9.33333],"texture":"#0"}}},{"from":[0.73,3.76,5.72],"to":[15.27,12.74,10.28],"rotation":{"angle":0.0,"axis":"y","origin":[-0.55,-26.165,-1.12]},"faces":{"north":{"uv":[8.66667,1.66667,12.33333,4.0],"texture":"#0"},"east":{"uv":[7.0,0.0,8.33333,2.33333],"texture":"#0"},"south":{"uv":[8.66667,1.66667,12.33333,4.0],"texture":"#0"},"west":{"uv":[7.0,0.0,8.33333,2.33333],"texture":"#0"},"up":{"uv":[7.0,2.66667,8.33333,6.33333],"texture":"#0","rotation":90},"down":{"uv":[8.66667,0.0,12.33333,1.33333],"texture":"#0"}}},{"from":[6.0,11.75,6.5],"to":[10.0,16.75,9.5],"rotation":{"angle":0.0,"axis":"y","origin":[7.5,6.75,8.0]},"faces":{"north":{"uv":[8.33333,2.33333,7.0,0.66667],"texture":"#0"},"east":{"uv":[8.0,2.33333,8.33333,0.66667],"texture":"#0"},"south":{"uv":[8.33333,2.33333,7.0,0.66667],"texture":"#0"},"west":{"uv":[8.0,2.33333,8.33333,0.66667],"texture":"#0"},"up":{"uv":[7.0,2.0,8.33333,2.33333],"texture":"#0"},"down":{"uv":[7.0,2.0,8.33333,2.33333],"texture":"#0"}}},{"from":[-2.5,4.25,6.5],"to":[2.5,8.25,9.5],"rotation":{"angle":0.0,"axis":"y","origin":[8.0,6.25,8.0]},"faces":{"north":{"uv":[8.33333,2.33333,7.0,0.66667],"texture":"#0","rotation":90},"east":{"uv":[7.0,2.0,8.33333,2.33333],"texture":"#0","rotation":270},"south":{"uv":[8.33333,2.33333,7.0,0.66667],"texture":"#0","rotation":270},"west":{"uv":[7.0,2.0,8.33333,2.33333],"texture":"#0","rotation":270},"up":{"uv":[8.0,2.33333,8.33333,0.66667],"texture":"#0","rotation":270},"down":{"uv":[8.0,2.33333,8.33333,0.66667],"texture":"#0","rotation":270}}},{"from":[13.5,4.25,6.5],"to":[18.5,8.25,9.5],"rotation":{"angle":0.0,"axis":"y","origin":[8.0,6.25,8.0]},"faces":{"north":{"uv":[8.33333,2.33333,7.0,0.66667],"texture":"#0","rotation":270},"east":{"uv":[7.0,2.0,8.33333,2.33333],"texture":"#0","rotation":90},"south":{"uv":[8.33333,2.33333,7.0,0.66667],"texture":"#0","rotation":90},"west":{"uv":[7.0,2.0,8.33333,2.33333],"texture":"#0","rotation":90},"up":{"uv":[8.0,2.33333,8.33333,0.66667],"texture":"#0","rotation":90},"down":{"uv":[8.0,2.33333,8.33333,0.66667],"texture":"#0","rotation":90}}},{"from":[14.0,3.75,6.5],"to":[19.0,7.75,9.5],"rotation":{"angle":45.0,"axis":"z","origin":[8.0,6.25,8.0]},"faces":{"north":{"uv":[8.33333,2.33333,7.0,0.66667],"texture":"#0","rotation":270},"east":{"uv":[7.0,2.0,8.33333,2.33333],"texture":"#0","rotation":90},"south":{"uv":[8.33333,2.33333,7.0,0.66667],"texture":"#0","rotation":90},"west":{"uv":[7.0,2.0,8.33333,2.33333],"texture":"#0","rotation":90},"up":{"uv":[8.0,2.33333,8.33333,0.66667],"texture":"#0","rotation":90},"down":{"uv":[8.0,2.33333,8.33333,0.66667],"texture":"#0","rotation":90}}},{"from":[5.5,12.25,6.5],"to":[9.5,17.25,9.5],"rotation":{"angle":45.0,"axis":"z","origin":[8.0,6.25,8.0]},"faces":{"north":{"uv":[8.33333,2.33333,7.0,0.66667],"texture":"#0"},"east":{"uv":[8.0,2.33333,8.33333,0.66667],"texture":"#0"},"south":{"uv":[8.33333,2.33333,7.0,0.66667],"texture":"#0"},"west":{"uv":[8.0,2.33333,8.33333,0.66667],"texture":"#0"},"up":{"uv":[7.0,2.0,8.33333,2.33333],"texture":"#0"},"down":{"uv":[7.0,2.0,8.33333,2.33333],"texture":"#0"}}}],"display":{"gui":{"translation":[0.25,-0.25,0.0],"rotation":[-149.61,-31.92,-180.0],"scale":[0.67969,0.67969,0.67969]},"head":{"translation":[0.0,3.5,0.0],"scale":[1.62148,1.62148,1.62148]}},"credit":"Made with Blockbench","gui_light":"front"}