{"textures":{"3":"mcc:island_cosmetics/general/hat/gummi/gummi","particle":"mcc:island_cosmetics/general/hat/gummi/gummi"},"elements":[{"from":[2.5,0.5,3.0],"to":[13.5,10.5,13.0],"rotation":{"angle":0.0,"axis":"y","origin":[-0.5,-22.0,0.0]},"faces":{"north":{"uv":[0.0,0.0,5.5,5.0],"texture":"#3","tintindex":0},"east":{"uv":[5.5,0.0,10.5,5.0],"texture":"#3","tintindex":0},"south":{"uv":[0.0,9.5,5.5,14.5],"texture":"#3","tintindex":0},"west":{"uv":[5.5,0.0,10.5,5.0],"texture":"#3","tintindex":0},"up":{"uv":[10.5,0.0,16.0,5.0],"texture":"#3","tintindex":0},"down":{"uv":[5.5,9.5,11.0,14.5],"texture":"#3","tintindex":0}}},{"from":[4.0,1.5,1.0],"to":[12.0,4.5,3.0],"rotation":{"angle":0.0,"axis":"y","origin":[0.0,-22.0,0.0]},"faces":{"north":{"uv":[0.0,5.0,4.0,6.5],"texture":"#3","tintindex":0},"east":{"uv":[11.0,5.0,12.0,6.5],"texture":"#3","tintindex":0},"west":{"uv":[12.0,5.0,11.0,6.5],"texture":"#3","tintindex":0},"up":{"uv":[0.0,6.5,4.0,7.5],"texture":"#3","tintindex":0},"down":{"uv":[4.0,7.0,8.0,8.0],"texture":"#3","tintindex":0}}},{"from":[10.0,9.0,7.0],"to":[14.0,13.0,9.0],"rotation":{"angle":-22.5,"axis":"z","origin":[13.0,11.0,8.0]},"faces":{"north":{"uv":[4.0,5.0,6.0,7.0],"texture":"#3","tintindex":0},"east":{"uv":[10.0,5.0,11.0,7.0],"texture":"#3","tintindex":0},"south":{"uv":[6.0,5.0,8.0,7.0],"texture":"#3","tintindex":0},"west":{"uv":[11.0,5.0,10.0,7.0],"texture":"#3","tintindex":0},"up":{"uv":[8.0,5.0,10.0,6.0],"texture":"#3","tintindex":0},"down":{"uv":[8.0,6.0,10.0,7.0],"texture":"#3","tintindex":0}}},{"from":[4.0,-2.5,4.0],"to":[12.0,0.5,12.0],"rotation":{"angle":0.0,"axis":"y","origin":[0.0,-22.0,0.0]},"faces":{"north":{"uv":[0.5,8.0,4.5,9.5],"texture":"#3","tintindex":0},"south":{"uv":[0.5,8.0,4.5,9.5],"texture":"#3","tintindex":0}}},{"from":[2.0,9.0,7.0],"to":[6.0,13.0,9.0],"rotation":{"angle":22.5,"axis":"z","origin":[3.0,11.0,8.0]},"faces":{"north":{"uv":[6.0,5.0,4.0,7.0],"texture":"#3","tintindex":0},"east":{"uv":[10.0,5.0,11.0,7.0],"texture":"#3","tintindex":0},"south":{"uv":[8.0,5.0,6.0,7.0],"texture":"#3","tintindex":0},"west":{"uv":[11.0,5.0,10.0,7.0],"texture":"#3","tintindex":0},"up":{"uv":[10.0,5.0,8.0,6.0],"texture":"#3","tintindex":0},"down":{"uv":[10.0,6.0,8.0,7.0],"texture":"#3","tintindex":0}}}],"display":{"thirdperson_righthand":{"translation":[0.0,1.0,-1.0],"rotation":[63.0,34.0,0.0],"scale":[0.52539,0.52539,0.52539]},"thirdperson_lefthand":{"translation":[0.0,1.0,-1.0],"rotation":[63.0,34.0,0.0],"scale":[0.52539,0.52539,0.52539]},"firstperson_righthand":{"translation":[9.5,0.0,-5.75],"rotation":[3.0,112.0,-13.0],"scale":[0.41992,0.41992,0.41992]},"firstperson_lefthand":{"translation":[9.5,0.0,-5.75],"rotation":[3.0,112.0,-13.0],"scale":[0.41992,0.41992,0.41992]},"ground":{"translation":[0.0,4.25,0.0],"scale":[0.28906,0.28906,0.28906]},"gui":{"translation":[-0.25,1.75,0.0],"rotation":[-149.61,-31.92,-180.0],"scale":[0.85156,0.85156,0.85156]},"head":{"translation":[0.0,5.0,0.0],"scale":[1.69766,1.69766,1.69766]},"fixed":{"translation":[0.0,-3.25,-7.5]}},"credit":"Made with Blockbench","gui_light":"front"}