{"textures":{"1":"mcc:island_cosmetics/head/head_2"},"credit":"Made with Blockbench","texture_size":[128.0,128.0],"elements":[{"from":[5.5,8.0,5.75],"to":[10.5,15.0,5.75],"rotation":{"angle":22.5,"axis":"x","origin":[8.5,9.5,7.5]},"faces":{"north":{"uv":[13.875,1.125,14.5,2.0],"texture":"#1"},"east":{"uv":[8.375,12.5,9.5,13.125],"texture":"#1"},"south":{"uv":[14.5,1.125,13.875,2.0],"texture":"#1"},"west":{"uv":[8.375,12.5,9.5,13.125],"texture":"#1"},"up":{"uv":[7.875,13.125,9.0,14.25],"texture":"#1"},"down":{"uv":[7.125,1.375,8.25,2.125],"texture":"#missing"}}},{"from":[5.5,8.0,10.25],"to":[10.5,15.0,10.25],"rotation":{"angle":-22.5,"axis":"x","origin":[8.5,9.5,8.5]},"faces":{"north":{"uv":[14.5,1.125,13.875,2.0],"texture":"#1"},"east":{"uv":[9.5,12.5,8.375,13.125],"texture":"#1"},"south":{"uv":[13.875,1.125,14.5,2.0],"texture":"#1"},"west":{"uv":[9.5,12.5,8.375,13.125],"texture":"#1"},"up":{"uv":[7.875,14.25,9.0,13.125],"texture":"#1"},"down":{"uv":[7.125,2.125,8.25,1.375],"texture":"#missing"}}},{"from":[10.25,8.0,5.5],"to":[10.25,15.0,10.5],"rotation":{"angle":22.5,"axis":"z","origin":[8.5,9.5,8.5]},"faces":{"north":{"uv":[8.375,12.5,9.5,13.125],"texture":"#1"},"east":{"uv":[13.875,1.125,14.5,2.0],"texture":"#1"},"south":{"uv":[8.375,12.5,9.5,13.125],"texture":"#1"},"west":{"uv":[14.5,1.125,13.875,2.0],"texture":"#1"},"up":{"uv":[7.875,13.125,9.0,14.25],"rotation":90.0,"texture":"#1"},"down":{"uv":[7.125,1.375,8.25,2.125],"rotation":270.0,"texture":"#missing"}}},{"from":[5.75,8.0,5.5],"to":[5.75,15.0,10.5],"rotation":{"angle":-22.5,"axis":"z","origin":[7.5,9.5,8.5]},"faces":{"north":{"uv":[9.5,12.5,8.375,13.125],"texture":"#1"},"east":{"uv":[13.875,1.125,14.5,2.0],"texture":"#1"},"south":{"uv":[9.5,12.5,8.375,13.125],"texture":"#1"},"west":{"uv":[14.5,1.125,13.875,2.0],"texture":"#1"},"up":{"uv":[7.875,14.25,9.0,13.125],"rotation":90.0,"texture":"#1"},"down":{"uv":[7.125,2.125,8.25,1.375],"rotation":270.0,"texture":"#missing"}}},{"from":[5.5,8.0,5.75],"to":[10.5,15.0,5.75],"rotation":{"angle":22.5,"axis":"x","origin":[8.5,9.5,7.5]},"faces":{"north":{"uv":[15.375,1.125,16.0,2.0],"texture":"#1","tintindex":0.0},"east":{"uv":[8.375,12.5,9.5,13.125],"texture":"#1","tintindex":0.0},"south":{"uv":[16.0,1.125,15.375,2.0],"texture":"#1","tintindex":0.0},"west":{"uv":[8.375,12.5,9.5,13.125],"texture":"#1","tintindex":0.0},"up":{"uv":[7.875,13.125,9.0,14.25],"texture":"#1","tintindex":0.0},"down":{"uv":[7.125,1.375,8.25,2.125],"texture":"#missing","tintindex":0.0}}},{"from":[5.5,8.0,10.25],"to":[10.5,15.0,10.25],"rotation":{"angle":-22.5,"axis":"x","origin":[8.5,9.5,8.5]},"faces":{"north":{"uv":[16.0,1.125,15.375,2.0],"texture":"#1","tintindex":0.0},"east":{"uv":[9.5,12.5,8.375,13.125],"texture":"#1","tintindex":0.0},"south":{"uv":[15.375,1.125,16.0,2.0],"texture":"#1","tintindex":0.0},"west":{"uv":[9.5,12.5,8.375,13.125],"texture":"#1","tintindex":0.0},"up":{"uv":[7.875,14.25,9.0,13.125],"texture":"#1","tintindex":0.0},"down":{"uv":[7.125,2.125,8.25,1.375],"texture":"#missing","tintindex":0.0}}},{"from":[5.75,8.0,5.5],"to":[5.75,15.0,10.5],"rotation":{"angle":-22.5,"axis":"z","origin":[7.5,9.5,8.5]},"faces":{"north":{"uv":[9.5,12.5,8.375,13.125],"texture":"#1","tintindex":0.0},"east":{"uv":[15.375,1.125,16.0,2.0],"texture":"#1","tintindex":0.0},"south":{"uv":[9.5,12.5,8.375,13.125],"texture":"#1","tintindex":0.0},"west":{"uv":[16.0,1.125,15.375,2.0],"texture":"#1","tintindex":0.0},"up":{"uv":[7.875,14.25,9.0,13.125],"rotation":90.0,"texture":"#1","tintindex":0.0},"down":{"uv":[7.125,2.125,8.25,1.375],"rotation":270.0,"texture":"#missing","tintindex":0.0}}},{"from":[10.25,8.0,5.5],"to":[10.25,15.0,10.5],"rotation":{"angle":22.5,"axis":"z","origin":[8.5,9.5,8.5]},"faces":{"north":{"uv":[8.375,12.5,9.5,13.125],"texture":"#1","tintindex":0.0},"east":{"uv":[15.375,1.125,16.0,2.0],"texture":"#1","tintindex":0.0},"south":{"uv":[8.375,12.5,9.5,13.125],"texture":"#1","tintindex":0.0},"west":{"uv":[16.0,1.125,15.375,2.0],"texture":"#1","tintindex":0.0},"up":{"uv":[7.875,13.125,9.0,14.25],"rotation":90.0,"texture":"#1","tintindex":0.0},"down":{"uv":[7.125,1.375,8.25,2.125],"rotation":270.0,"texture":"#missing","tintindex":0.0}}},{"from":[4.5,15.0,8.0],"to":[11.5,20.0,8.0],"rotation":{"angle":45.0,"axis":"y","origin":[8.0,17.5,8.0]},"faces":{"north":{"uv":[14.5,1.125,15.375,1.75],"texture":"#1"},"east":{"uv":[8.375,12.5,9.5,13.125],"texture":"#1"},"south":{"uv":[14.5,1.125,15.375,1.75],"texture":"#1"},"west":{"uv":[8.375,12.5,9.5,13.125],"texture":"#1"},"up":{"uv":[7.875,13.125,9.0,14.25],"texture":"#1"},"down":{"uv":[7.125,1.375,8.25,2.125],"texture":"#missing"}}},{"from":[8.0,15.0,4.5],"to":[8.0,20.0,11.5],"rotation":{"angle":45.0,"axis":"y","origin":[8.0,17.5,8.0]},"faces":{"north":{"uv":[8.375,12.5,9.5,13.125],"texture":"#1"},"east":{"uv":[14.5,1.125,15.375,1.75],"texture":"#1"},"south":{"uv":[8.375,12.5,9.5,13.125],"texture":"#1"},"west":{"uv":[14.5,1.125,15.375,1.75],"texture":"#1"},"up":{"uv":[7.875,13.125,9.0,14.25],"rotation":90.0,"texture":"#1"},"down":{"uv":[7.125,1.375,8.25,2.125],"rotation":270.0,"texture":"#missing"}}}],"gui_light":"front","display":{"thirdperson_righthand":{"rotation":[55.5,34.0,0.0],"translation":[0.0,1.0,0.75],"scale":[0.52539,0.52539,0.52539]},"thirdperson_lefthand":{"rotation":[55.5,34.0,0.0],"translation":[0.0,1.0,0.75],"scale":[0.52539,0.52539,0.52539]},"firstperson_righthand":{"rotation":[21.0,114.5,-13.75],"translation":[9.5,0.0,-5.75],"scale":[0.41992,0.41992,0.41992]},"firstperson_lefthand":{"rotation":[21.0,114.5,-13.75],"translation":[9.5,0.0,-5.75],"scale":[0.41992,0.41992,0.41992]},"gui":{"rotation":[-149.61,-31.92,-180.0],"translation":[-0.25,-4.5,0.0],"scale":[1.25781,1.25781,1.25781]},"head":{"translation":[0.0,5.25,0.0],"scale":[1.6293,1.6293,1.6293]}}}