{
  "parent": "minecraft:item/handheld_rod",
  "textures": {
    "layer0": "minecraft:item/warped_fungus_on_a_stick"
  },
 
 "overrides": [
  {"predicate": {"custom_model_data":1}, "model": "item/custom/nexus_blue"},
  {"predicate": {"custom_model_data":2}, "model": "item/custom/nexus_black"},
  {"predicate": {"custom_model_data":3}, "model": "item/custom/nexus_darkblue"},
  {"predicate": {"custom_model_data":4}, "model": "item/custom/nexus_gray"},
  {"predicate": {"custom_model_data":5}, "model": "item/custom/nexus_green"},
  {"predicate": {"custom_model_data":6}, "model": "item/custom/nexus_lightpurple"},
  {"predicate": {"custom_model_data":7}, "model": "item/custom/nexus_orange"},
  {"predicate": {"custom_model_data":8}, "model": "item/custom/nexus_pink"},
  {"predicate": {"custom_model_data":9}, "model": "item/custom/nexus_purple"},
  {"predicate": {"custom_model_data":10}, "model": "item/custom/nexus_red"},
  {"predicate": {"custom_model_data":11}, "model": "item/custom/nexus_superblack"},
  {"predicate": {"custom_model_data":12}, "model": "item/custom/nexus_white"},
  {"predicate": {"custom_model_data":13}, "model": "item/custom/nexus_teal"},
  {"predicate": {"custom_model_data":14}, "model": "item/custom/nexus_yellow"}




 ]
}