{
 "parent": "item/generated",
 "textures": {
  "layer0": "item/leather_horse_armor"
 },
 
 "overrides": [
  {"predicate": {"custom_model_data":1}, "model": "mcc:island_cosmetics/hat/3d_glasses"},
  {"predicate": {"custom_model_data":2}, "model": "mcc:island_cosmetics/hat/8_ball"},
  {"predicate": {"custom_model_data":3}, "model": "mcc:island_cosmetics/hat/antlers"},
  {"predicate": {"custom_model_data":4}, "model": "mcc:island_cosmetics/hat/army_helmet"},
  {"predicate": {"custom_model_data":5}, "model": "mcc:island_cosmetics/hat/banana_hat"},
  {"predicate": {"custom_model_data":6}, "model": "mcc:island_cosmetics/hat/bandana"},
  {"predicate": {"custom_model_data":7}, "model": "mcc:island_cosmetics/hat/bark_beast"},
  {"predicate": {"custom_model_data":8}, "model": "mcc:island_cosmetics/hat/baseball_cap"},
  {"predicate": {"custom_model_data":9}, "model": "mcc:island_cosmetics/hat/beanie"},
  {"predicate": {"custom_model_data":10}, "model": "mcc:island_cosmetics/hat/beret"},
  {"predicate": {"custom_model_data":11}, "model": "mcc:island_cosmetics/hat/beta_crown"},
  {"predicate": {"custom_model_data":12}, "model": "mcc:island_cosmetics/hat/boater"},
  {"predicate": {"custom_model_data":13}, "model": "mcc:island_cosmetics/hat/bucket_hat"},
  {"predicate": {"custom_model_data":14}, "model": "mcc:island_cosmetics/hat/burger_head"},
  {"predicate": {"custom_model_data":15}, "model": "mcc:island_cosmetics/hat/candlehead"},
  {"predicate": {"custom_model_data":16}, "model": "mcc:island_cosmetics/hat/cardboard_box"},
  {"predicate": {"custom_model_data":17}, "model": "mcc:island_cosmetics/hat/cat_ear_headphones"},
  {"predicate": {"custom_model_data":18}, "model": "mcc:island_cosmetics/hat/cat_ears"},
  {"predicate": {"custom_model_data":19}, "model": "mcc:island_cosmetics/hat/chefs_hat"},
  {"predicate": {"custom_model_data":20}, "model": "mcc:island_cosmetics/hat/chicken_copter"},
  {"predicate": {"custom_model_data":21}, "model": "mcc:island_cosmetics/hat/chicken_head"},
  {"predicate": {"custom_model_data":22}, "model": "mcc:island_cosmetics/hat/clown_mask"},
  {"predicate": {"custom_model_data":23}, "model": "mcc:island_cosmetics/hat/computer_head"},
  {"predicate": {"custom_model_data":24}, "model": "mcc:island_cosmetics/hat/cowboy_hat"},
  {"predicate": {"custom_model_data":25}, "model": "mcc:island_cosmetics/hat/crusader"},
  {"predicate": {"custom_model_data":26}, "model": "mcc:island_cosmetics/hat/detective"},
  {"predicate": {"custom_model_data":27}, "model": "mcc:island_cosmetics/hat/dino"},
  {"predicate": {"custom_model_data":28}, "model": "mcc:island_cosmetics/hat/disguise"},
  {"predicate": {"custom_model_data":29}, "model": "mcc:island_cosmetics/hat/diving_helmet"},
  {"predicate": {"custom_model_data":30}, "model": "mcc:island_cosmetics/hat/drinking_helmet"},
  {"predicate": {"custom_model_data":31}, "model": "mcc:island_cosmetics/hat/egg_yolk"},
  {"predicate": {"custom_model_data":32}, "model": "mcc:island_cosmetics/hat/emoji_head"},
  {"predicate": {"custom_model_data":33}, "model": "mcc:island_cosmetics/hat/eyeball"},
  {"predicate": {"custom_model_data":34}, "model": "mcc:island_cosmetics/hat/fancy_hat"},
  {"predicate": {"custom_model_data":35}, "model": "mcc:island_cosmetics/hat/fez"},
  {"predicate": {"custom_model_data":36}, "model": "mcc:island_cosmetics/hat/firefighter_helmet"},
  {"predicate": {"custom_model_data":37}, "model": "mcc:island_cosmetics/hat/fishbowl"},
  {"predicate": {"custom_model_data":38}, "model": "mcc:island_cosmetics/hat/flight_helmet"},
  {"predicate": {"custom_model_data":39}, "model": "mcc:island_cosmetics/hat/flower_crown"},
  {"predicate": {"custom_model_data":40}, "model": "mcc:island_cosmetics/hat/football_helmet"},
  {"predicate": {"custom_model_data":41}, "model": "mcc:island_cosmetics/hat/fruit_crown"},
  {"predicate": {"custom_model_data":42}, "model": "mcc:island_cosmetics/hat/gaming_headphones"},
  {"predicate": {"custom_model_data":43}, "model": "mcc:island_cosmetics/hat/gas_mask"},
  {"predicate": {"custom_model_data":44}, "model": "mcc:island_cosmetics/hat/gnome"},
  {"predicate": {"custom_model_data":45}, "model": "mcc:island_cosmetics/hat/goggles"},
  {"predicate": {"custom_model_data":46}, "model": "mcc:island_cosmetics/hat/graduate"},
  {"predicate": {"custom_model_data":47}, "model": "mcc:island_cosmetics/hat/halo"},
  {"predicate": {"custom_model_data":48}, "model": "mcc:island_cosmetics/hat/hard_hat"},
  {"predicate": {"custom_model_data":49}, "model": "mcc:island_cosmetics/hat/headphones"},
  {"predicate": {"custom_model_data":50}, "model": "mcc:island_cosmetics/hat/hothead"},
  {"predicate": {"custom_model_data":51}, "model": "mcc:island_cosmetics/hat/jester"},
  {"predicate": {"custom_model_data":52}, "model": "mcc:island_cosmetics/hat/king_whip"},
  {"predicate": {"custom_model_data":53}, "model": "mcc:island_cosmetics/hat/kitsune_mask"},
  {"predicate": {"custom_model_data":54}, "model": "mcc:island_cosmetics/hat/knight_helmet"},
  {"predicate": {"custom_model_data":55}, "model": "mcc:island_cosmetics/hat/knitted_hat"},
  {"predicate": {"custom_model_data":56}, "model": "mcc:island_cosmetics/hat/mellowhead"},
  {"predicate": {"custom_model_data":57}, "model": "mcc:island_cosmetics/hat/mobster_hat"},
  {"predicate": {"custom_model_data":58}, "model": "mcc:island_cosmetics/hat/motorcycle_helmet"},
  {"predicate": {"custom_model_data":59}, "model": "mcc:island_cosmetics/hat/night_vision"},
  {"predicate": {"custom_model_data":60}, "model": "mcc:island_cosmetics/hat/nurse_hat"},
  {"predicate": {"custom_model_data":61}, "model": "mcc:island_cosmetics/hat/octopus"},
  {"predicate": {"custom_model_data":62}, "model": "mcc:island_cosmetics/hat/oni_mask"},
  {"predicate": {"custom_model_data":63}, "model": "mcc:island_cosmetics/hat/parasite"},
  {"predicate": {"custom_model_data":64}, "model": "mcc:island_cosmetics/hat/party_hat"},
  {"predicate": {"custom_model_data":65}, "model": "mcc:island_cosmetics/hat/pilot_hat"},
  {"predicate": {"custom_model_data":66}, "model": "mcc:island_cosmetics/hat/pirate_hat"},
  {"predicate": {"custom_model_data":67}, "model": "mcc:island_cosmetics/hat/plague_doctor"},
  {"predicate": {"custom_model_data":68}, "model": "mcc:island_cosmetics/hat/police_cap"},
  {"predicate": {"custom_model_data":69}, "model": "mcc:island_cosmetics/hat/propeller_hat"},
  {"predicate": {"custom_model_data":70}, "model": "mcc:island_cosmetics/hat/ram_horns"},
  {"predicate": {"custom_model_data":71}, "model": "mcc:island_cosmetics/hat/rubber_ducky"},
  {"predicate": {"custom_model_data":72}, "model": "mcc:island_cosmetics/hat/safari_hat"},
  {"predicate": {"custom_model_data":73}, "model": "mcc:island_cosmetics/hat/samurai_helmet"},
  {"predicate": {"custom_model_data":74}, "model": "mcc:island_cosmetics/hat/sensei"},
  {"predicate": {"custom_model_data":75}, "model": "mcc:island_cosmetics/hat/shades"},
  {"predicate": {"custom_model_data":76}, "model": "mcc:island_cosmetics/hat/shark"},
  {"predicate": {"custom_model_data":77}, "model": "mcc:island_cosmetics/hat/shroud"},
  {"predicate": {"custom_model_data":78}, "model": "mcc:island_cosmetics/hat/ski_goggles"},
  {"predicate": {"custom_model_data":79}, "model": "mcc:island_cosmetics/hat/skull"},
  {"predicate": {"custom_model_data":80}, "model": "mcc:island_cosmetics/hat/slime_wall"},
  {"predicate": {"custom_model_data":81}, "model": "mcc:island_cosmetics/hat/slimeling"},
  {"predicate": {"custom_model_data":82}, "model": "mcc:island_cosmetics/hat/slimeling_display"},
  {"predicate": {"custom_model_data":83}, "model": "mcc:island_cosmetics/hat/snapback"},
  {"predicate": {"custom_model_data":84}, "model": "mcc:island_cosmetics/hat/snorkel"},
  {"predicate": {"custom_model_data":85}, "model": "mcc:island_cosmetics/hat/sombrero"},
  {"predicate": {"custom_model_data":86}, "model": "mcc:island_cosmetics/hat/spartan"},
  {"predicate": {"custom_model_data":87}, "model": "mcc:island_cosmetics/hat/sprouted"},
  {"predicate": {"custom_model_data":88}, "model": "mcc:island_cosmetics/hat/straw_hat"},
  {"predicate": {"custom_model_data":89}, "model": "mcc:island_cosmetics/hat/strawberry_hat"},
  {"predicate": {"custom_model_data":90}, "model": "mcc:island_cosmetics/hat/sultan"},
  {"predicate": {"custom_model_data":91}, "model": "mcc:island_cosmetics/hat/sun_hat"},
  {"predicate": {"custom_model_data":92}, "model": "mcc:island_cosmetics/hat/sun_visor"},
  {"predicate": {"custom_model_data":93}, "model": "mcc:island_cosmetics/hat/surgical_mask"},
  {"predicate": {"custom_model_data":94}, "model": "mcc:island_cosmetics/hat/t_rex"},
  {"predicate": {"custom_model_data":95}, "model": "mcc:island_cosmetics/hat/tester_gift"},
  {"predicate": {"custom_model_data":96}, "model": "mcc:island_cosmetics/hat/tiki_mask"},
  {"predicate": {"custom_model_data":97}, "model": "mcc:island_cosmetics/hat/toadstoll"},
  {"predicate": {"custom_model_data":98}, "model": "mcc:island_cosmetics/hat/top_hat"},
  {"predicate": {"custom_model_data":99}, "model": "mcc:island_cosmetics/hat/toy_robot"},
  {"predicate": {"custom_model_data":100}, "model": "mcc:island_cosmetics/hat/traffic_cone"},
  {"predicate": {"custom_model_data":101}, "model": "mcc:island_cosmetics/hat/trucker_hat"},
  {"predicate": {"custom_model_data":102}, "model": "mcc:island_cosmetics/hat/tv_head"},
  {"predicate": {"custom_model_data":103}, "model": "mcc:island_cosmetics/hat/ufo"},
  {"predicate": {"custom_model_data":104}, "model": "mcc:island_cosmetics/hat/uncle_sam"},
  {"predicate": {"custom_model_data":105}, "model": "mcc:island_cosmetics/hat/ushanka"},
  {"predicate": {"custom_model_data":106}, "model": "mcc:island_cosmetics/hat/viking_helmet"},
  {"predicate": {"custom_model_data":107}, "model": "mcc:island_cosmetics/hat/wicked_horns"},
  {"predicate": {"custom_model_data":108}, "model": "mcc:island_cosmetics/hat/winged_helmet"},
  {"predicate": {"custom_model_data":109}, "model": "mcc:island_cosmetics/hat/witch_hat"},
  {"predicate": {"custom_model_data":110}, "model": "mcc:island_cosmetics/hat/wizard_hat"},
  {"predicate": {"custom_model_data":111}, "model": "mcc:island_cosmetics/hat/zeus"},
{"predicate": {"custom_model_data":112}, "model": "mcc:island_cosmetics/hat_variant/8_ball_golden"},
{"predicate": {"custom_model_data":113}, "model": "mcc:island_cosmetics/hat_variant/8_ball_holographic"},
{"predicate": {"custom_model_data":114}, "model": "mcc:island_cosmetics/hat_variant/banana_hat_crazy_nana"},
{"predicate": {"custom_model_data":115}, "model": "mcc:island_cosmetics/hat_variant/banana_hat_peeled"},
{"predicate": {"custom_model_data":116}, "model": "mcc:island_cosmetics/hat_variant/bandana_blindfold"},
{"predicate": {"custom_model_data":117}, "model": "mcc:island_cosmetics/hat_variant/bandana_mask"},
{"predicate": {"custom_model_data":118}, "model": "mcc:island_cosmetics/hat_variant/baseball_cap_logo"},
{"predicate": {"custom_model_data":119}, "model": "mcc:island_cosmetics/hat_variant/baseball_cap_logo_black"},
{"predicate": {"custom_model_data":120}, "model": "mcc:island_cosmetics/hat_variant/beanie_double_stripe"},
{"predicate": {"custom_model_data":121}, "model": "mcc:island_cosmetics/hat_variant/beanie_rana"},
{"predicate": {"custom_model_data":122}, "model": "mcc:island_cosmetics/hat_variant/beanie_stripe"},
{"predicate": {"custom_model_data":123}, "model": "mcc:island_cosmetics/hat_variant/bucket_hat_cat_ears"},
{"predicate": {"custom_model_data":124}, "model": "mcc:island_cosmetics/hat_variant/bucket_hat_cheetah"},
{"predicate": {"custom_model_data":125}, "model": "mcc:island_cosmetics/hat_variant/bucket_hat_floral"},
{"predicate": {"custom_model_data":126}, "model": "mcc:island_cosmetics/hat_variant/bucket_hat_frog"},
{"predicate": {"custom_model_data":127}, "model": "mcc:island_cosmetics/hat_variant/bucket_hat_logo"},
{"predicate": {"custom_model_data":128}, "model": "mcc:island_cosmetics/hat_variant/bucket_hat_strawberry"},
{"predicate": {"custom_model_data":129}, "model": "mcc:island_cosmetics/hat_variant/bucket_hat_striped"},
{"predicate": {"custom_model_data":130}, "model": "mcc:island_cosmetics/hat_variant/cardboard_box_scribble"},
{"predicate": {"custom_model_data":131}, "model": "mcc:island_cosmetics/hat_variant/cardboard_box_undercover"},
{"predicate": {"custom_model_data":132}, "model": "mcc:island_cosmetics/hat_variant/chefs_hat_lil_chef"},
{"predicate": {"custom_model_data":133}, "model": "mcc:island_cosmetics/hat_variant/chefs_hat_tall"},
{"predicate": {"custom_model_data":134}, "model": "mcc:island_cosmetics/hat_variant/chicken_head_cyborg"},
{"predicate": {"custom_model_data":135}, "model": "mcc:island_cosmetics/hat_variant/chicken_head_golden"},
{"predicate": {"custom_model_data":136}, "model": "mcc:island_cosmetics/hat_variant/chicken_head_illustrated"},
{"predicate": {"custom_model_data":137}, "model": "mcc:island_cosmetics/hat_variant/clown_mask_evil"},
{"predicate": {"custom_model_data":138}, "model": "mcc:island_cosmetics/hat_variant/clown_mask_tragedy"},
{"predicate": {"custom_model_data":139}, "model": "mcc:island_cosmetics/hat_variant/clown_mask_twisted"},
{"predicate": {"custom_model_data":140}, "model": "mcc:island_cosmetics/hat_variant/computer_head_bunbot"},
{"predicate": {"custom_model_data":141}, "model": "mcc:island_cosmetics/hat_variant/computer_head_code"},
{"predicate": {"custom_model_data":142}, "model": "mcc:island_cosmetics/hat_variant/computer_head_game_guy"},
{"predicate": {"custom_model_data":143}, "model": "mcc:island_cosmetics/hat_variant/computer_head_outline"},
{"predicate": {"custom_model_data":144}, "model": "mcc:island_cosmetics/hat_variant/cowboy_hat_outlaw"},
{"predicate": {"custom_model_data":145}, "model": "mcc:island_cosmetics/hat_variant/cowboy_hat_sheriff"},
{"predicate": {"custom_model_data":146}, "model": "mcc:island_cosmetics/hat_variant/diving_helmet_sunken"},
{"predicate": {"custom_model_data":147}, "model": "mcc:island_cosmetics/hat_variant/emoji_head_joy"},
{"predicate": {"custom_model_data":148}, "model": "mcc:island_cosmetics/hat_variant/emoji_head_nerd"},
{"predicate": {"custom_model_data":149}, "model": "mcc:island_cosmetics/hat_variant/emoji_head_sunglasses"},
{"predicate": {"custom_model_data":150}, "model": "mcc:island_cosmetics/hat_variant/gas_mask_toxic"},
{"predicate": {"custom_model_data":151}, "model": "mcc:island_cosmetics/hat_variant/gas_mask_visor"},
{"predicate": {"custom_model_data":152}, "model": "mcc:island_cosmetics/hat_variant/goggles_over_eye"},
{"predicate": {"custom_model_data":153}, "model": "mcc:island_cosmetics/hat_variant/goggles_tinted"},
{"predicate": {"custom_model_data":154}, "model": "mcc:island_cosmetics/hat_variant/goggles_tinted_over_eye"},
{"predicate": {"custom_model_data":155}, "model": "mcc:island_cosmetics/hat_variant/hard_hat_goggles"},
{"predicate": {"custom_model_data":156}, "model": "mcc:island_cosmetics/hat_variant/hard_hat_headlight"},
{"predicate": {"custom_model_data":157}, "model": "mcc:island_cosmetics/hat_variant/hard_hat_miner"},
{"predicate": {"custom_model_data":158}, "model": "mcc:island_cosmetics/hat_variant/hothead_explode"},
{"predicate": {"custom_model_data":159}, "model": "mcc:island_cosmetics/hat_variant/knight_helmet_closed"},
{"predicate": {"custom_model_data":160}, "model": "mcc:island_cosmetics/hat_variant/knight_helmet_goldshire"},
{"predicate": {"custom_model_data":161}, "model": "mcc:island_cosmetics/hat_variant/knight_helmet_paladin"},
{"predicate": {"custom_model_data":162}, "model": "mcc:island_cosmetics/hat_variant/knitted_hat_black"},
{"predicate": {"custom_model_data":163}, "model": "mcc:island_cosmetics/hat_variant/knitted_hat_red"},
{"predicate": {"custom_model_data":164}, "model": "mcc:island_cosmetics/hat_variant/knitted_hat_twin_pompom"},
{"predicate": {"custom_model_data":165}, "model": "mcc:island_cosmetics/hat_variant/night_vision_dual"},
{"predicate": {"custom_model_data":166}, "model": "mcc:island_cosmetics/hat_variant/oni_mask_elder"},
{"predicate": {"custom_model_data":167}, "model": "mcc:island_cosmetics/hat_variant/oni_mask_markings"},
{"predicate": {"custom_model_data":168}, "model": "mcc:island_cosmetics/hat_variant/oni_mask_outline"},
{"predicate": {"custom_model_data":169}, "model": "mcc:island_cosmetics/hat_variant/oni_mask_talltale"},
{"predicate": {"custom_model_data":170}, "model": "mcc:island_cosmetics/hat_variant/party_hat_striped"},
{"predicate": {"custom_model_data":171}, "model": "mcc:island_cosmetics/hat_variant/pirate_hat_barnacles"},
{"predicate": {"custom_model_data":172}, "model": "mcc:island_cosmetics/hat_variant/pirate_hat_feathered"},
{"predicate": {"custom_model_data":173}, "model": "mcc:island_cosmetics/hat_variant/pirate_hat_phantom"},
{"predicate": {"custom_model_data":174}, "model": "mcc:island_cosmetics/hat_variant/plague_doctor_haunted"},
{"predicate": {"custom_model_data":175}, "model": "mcc:island_cosmetics/hat_variant/plague_doctor_hooded"},
{"predicate": {"custom_model_data":176}, "model": "mcc:island_cosmetics/hat_variant/plague_doctor_sophisticated"},
{"predicate": {"custom_model_data":177}, "model": "mcc:island_cosmetics/hat_variant/police_cap_beret"},
{"predicate": {"custom_model_data":178}, "model": "mcc:island_cosmetics/hat_variant/police_cap_constable"},
{"predicate": {"custom_model_data":179}, "model": "mcc:island_cosmetics/hat_variant/shades_anime"},
{"predicate": {"custom_model_data":180}, "model": "mcc:island_cosmetics/hat_variant/shades_cool"},
{"predicate": {"custom_model_data":181}, "model": "mcc:island_cosmetics/hat_variant/shades_popstar"},
{"predicate": {"custom_model_data":182}, "model": "mcc:island_cosmetics/hat_variant/shroud_optic"},
{"predicate": {"custom_model_data":183}, "model": "mcc:island_cosmetics/hat_variant/shroud_piercing_eyes"},
{"predicate": {"custom_model_data":184}, "model": "mcc:island_cosmetics/hat_variant/ski_goggles_headwear"},
{"predicate": {"custom_model_data":185}, "model": "mcc:island_cosmetics/hat_variant/skull_flaming"},
{"predicate": {"custom_model_data":186}, "model": "mcc:island_cosmetics/hat_variant/skull_laughing"},
{"predicate": {"custom_model_data":187}, "model": "mcc:island_cosmetics/hat_variant/slimeling_classic"},
{"predicate": {"custom_model_data":188}, "model": "mcc:island_cosmetics/hat_variant/slimeling_classic_display"},
{"predicate": {"custom_model_data":189}, "model": "mcc:island_cosmetics/hat_variant/slimeling_kawaii"},
{"predicate": {"custom_model_data":190}, "model": "mcc:island_cosmetics/hat_variant/slimeling_kawaii_display"},
{"predicate": {"custom_model_data":191}, "model": "mcc:island_cosmetics/hat_variant/slimeling_loot"},
{"predicate": {"custom_model_data":192}, "model": "mcc:island_cosmetics/hat_variant/slimeling_loot_display"},
{"predicate": {"custom_model_data":193}, "model": "mcc:island_cosmetics/hat_variant/slimeling_magma"},
{"predicate": {"custom_model_data":194}, "model": "mcc:island_cosmetics/hat_variant/snapback_frontsnap"},
{"predicate": {"custom_model_data":195}, "model": "mcc:island_cosmetics/hat_variant/snapback_sidesnap"},
{"predicate": {"custom_model_data":196}, "model": "mcc:island_cosmetics/hat_variant/sprouted_bloomed"},
{"predicate": {"custom_model_data":197}, "model": "mcc:island_cosmetics/hat_variant/sun_hat_bow"},
{"predicate": {"custom_model_data":198}, "model": "mcc:island_cosmetics/hat_variant/sun_hat_gothic"},
{"predicate": {"custom_model_data":199}, "model": "mcc:island_cosmetics/hat_variant/sun_hat_outline"},
{"predicate": {"custom_model_data":200}, "model": "mcc:island_cosmetics/hat_variant/sun_visor_black"},
{"predicate": {"custom_model_data":201}, "model": "mcc:island_cosmetics/hat_variant/sun_visor_white"},
{"predicate": {"custom_model_data":202}, "model": "mcc:island_cosmetics/hat_variant/surgical_mask_reflector"},
{"predicate": {"custom_model_data":203}, "model": "mcc:island_cosmetics/hat_variant/toadstool_fungi"},
{"predicate": {"custom_model_data":204}, "model": "mcc:island_cosmetics/hat_variant/tv_head_lashes"},
{"predicate": {"custom_model_data":205}, "model": "mcc:island_cosmetics/hat_variant/tv_head_maniacal"},
{"predicate": {"custom_model_data":206}, "model": "mcc:island_cosmetics/hat_variant/wicked_horns_curved"},
{"predicate": {"custom_model_data":207}, "model": "mcc:island_cosmetics/hat_variant/winged_helmet_golden_trim"},
{"predicate": {"custom_model_data":208}, "model": "mcc:island_cosmetics/hat_variant/winged_helmet_thunder"},
{"predicate": {"custom_model_data":209}, "model": "mcc:island_cosmetics/hat_variant/witch_hat_nightfall"},
{"predicate": {"custom_model_data":210}, "model": "mcc:island_cosmetics/hat_variant/witch_hat_striped"},
{"predicate": {"custom_model_data":211}, "model": "mcc:island_cosmetics/hat_variant/zeus_athens"},
{"predicate": {"custom_model_data":212}, "model": "mcc:island_cosmetics/hat_variant/zeus_lightning"},
{"predicate": {"custom_model_data":213}, "model": "mcc:island_cosmetics/hat_variant/zeus_marble"},
{"predicate": {"custom_model_data":214}, "model": "mcc:island_cosmetics/hat_variant/zeus_stormy"},
{"predicate": {"custom_model_data":215}, "model": "block/custom/cat_ears_noband"},
{"predicate": {"custom_model_data":216}, "model": "block/custom/purple_glasses_2i"},
{"predicate": {"custom_model_data":217}, "model": "block/custom/purple_glasses_1i"},
{"predicate": {"custom_model_data":218}, "model": "block/custom/elf_ears"},
{"predicate": {"custom_model_data":219}, "model": "mcc:island_cosmetics/hat_faction/crown_red"},
{"predicate": {"custom_model_data":220}, "model": "mcc:island_cosmetics/hat_faction/crown_orange"},
{"predicate": {"custom_model_data":221}, "model": "mcc:island_cosmetics/hat_faction/crown_yellow"},
{"predicate": {"custom_model_data":222}, "model": "mcc:island_cosmetics/hat_faction/crown_lime"},
{"predicate": {"custom_model_data":223}, "model": "mcc:island_cosmetics/hat_faction/crown_green"},
{"predicate": {"custom_model_data":224}, "model": "mcc:island_cosmetics/hat_faction/crown_aqua"},
{"predicate": {"custom_model_data":225}, "model": "mcc:island_cosmetics/hat_faction/crown_cyan"},
{"predicate": {"custom_model_data":226}, "model": "mcc:island_cosmetics/hat_faction/crown_blue"},
{"predicate": {"custom_model_data":227}, "model": "mcc:island_cosmetics/hat_faction/crown_purple"},
{"predicate": {"custom_model_data":228}, "model": "mcc:island_cosmetics/hat_faction/crown_pink"},
{"predicate": {"custom_model_data":229}, "model": "block/custom/mermaidears_blue"},
{"predicate": {"custom_model_data":230}, "model": "block/custom/mermaidears_light"},
{"predicate": {"custom_model_data":231}, "model": "block/custom/mermaidears_dark"},
{"predicate": {"custom_model_data":232}, "model": "block/custom/mermaidears_magenta"},
{"predicate": {"custom_model_data":233}, "model": "block/custom/mermaidears_medium"},
{"predicate": {"custom_model_data":234}, "model": "block/custom/mermaidears_pink"},
{"predicate": {"custom_model_data":235}, "model": "block/custom/mermaidears_purple"},
{"predicate": {"custom_model_data":236}, "model": "block/custom/mermaidears_yellow"},
{"predicate": {"custom_model_data":237}, "model": "block/custom/antler_brown"},
{"predicate": {"custom_model_data":238}, "model": "block/custom/scarhat"},
{"predicate": {"custom_model_data":239}, "model": "block/custom/impulse_hat_3"}

 ]
}