{
 "parent": "item/generated",
 "textures": {
  "layer0": "item/written_book"
 },
 
 "overrides": [
  {"predicate": {"custom_model_data":1}, "model": "item/custom/book2"},
  {"predicate": {"custom_model_data":2}, "model": "item/custom/bookM"},
  {"predicate": {"custom_model_data":3}, "model": "item/custom/book3"},
  {"predicate": {"custom_model_data":4}, "model": "item/custom/book4"},
  {"predicate": {"custom_model_data":5}, "model": "item/custom/book5"},
  {"predicate": {"custom_model_data":6}, "model": "item/custom/book6"},
  {"predicate": {"custom_model_data":7}, "model": "item/custom/book7"},
  {"predicate": {"custom_model_data":8}, "model": "item/custom/book8"},
  {"predicate": {"custom_model_data":9}, "model": "item/custom/book9"},
  {"predicate": {"custom_model_data":10}, "model": "item/written_book"},
  {"predicate": {"custom_model_data":11}, "model": "item/custom/book10"},
  {"predicate": {"custom_model_data":12}, "model": "item/custom/book11"},
  {"predicate": {"custom_model_data":13}, "model": "item/custom/book12"},
  {"predicate": {"custom_model_data":14}, "model": "item/custom/book13"},
  {"predicate": {"custom_model_data":15}, "model": "item/custom/book14"},
  {"predicate": {"custom_model_data":16}, "model": "item/custom/book15"},
  {"predicate": {"custom_model_data":17}, "model": "item/custom/book16"},
  {"predicate": {"custom_model_data":18}, "model": "item/custom/dark_book_written"},
  {"predicate": {"custom_model_data":19}, "model": "item/custom/diamond_book_written"},
  {"predicate": {"custom_model_data":20}, "model": "item/custom/magic_book_written"},
  {"predicate": {"custom_model_data":21}, "model": "item/custom/nature_book_written"},
  {"predicate": {"custom_model_data":22}, "model": "item/custom/redstone_book_written"}


 ]
}