{
  "parent": "minecraft:item/generated",
  "textures": {
    "layer0": "minecraft:item/writable_book"
  },
  "overrides": [
	{
		
		"predicate": {
			"custom_model_data": 18
		},
		"model": "item/custom/dark_book_writable"
	},
	{
		
		"predicate": {
			"custom_model_data": 19
		},
		"model": "item/custom/diamond_book_writable"
	},
	{
		
		"predicate": {
			"custom_model_data": 20
		},
		"model": "item/custom/magic_book_writable"
	},
	{
		
		"predicate": {
			"custom_model_data": 21
		},
		"model": "item/custom/nature_book_writable"
	},
	{
		
		"predicate": {
			"custom_model_data": 22
		},
		"model": "item/custom/redstone_book_writable"
	}
  ]
}