{"textures":{"1":"mcc:island_cosmetics/general/hat/boater/boater"},"elements":[{"from":[3.5,5.0,3.5],"to":[12.5,9.0,12.5],"rotation":{"angle":0.0,"axis":"y","origin":[-0.5,0.0,-1.5]},"faces":{"north":{"uv":[0.0,0.0,4.5,2.0],"texture":"#1"},"east":{"uv":[0.0,0.0,4.5,2.0],"texture":"#1"},"south":{"uv":[0.0,0.0,4.5,2.0],"texture":"#1"},"west":{"uv":[0.0,0.0,4.5,2.0],"texture":"#1"},"up":{"uv":[0.0,2.0,4.5,6.5],"texture":"#1"}}},{"from":[3.5,5.0,3.5],"to":[12.5,7.0,12.5],"rotation":{"angle":0.0,"axis":"y","origin":[-0.5,0.0,-1.5]},"faces":{"north":{"uv":[4.5,0.0,9.0,1.0],"texture":"#1","tintindex":0},"east":{"uv":[4.5,0.0,9.0,1.0],"texture":"#1","tintindex":0},"south":{"uv":[4.5,0.0,9.0,1.0],"texture":"#1","tintindex":0},"west":{"uv":[4.5,0.0,9.0,1.0],"texture":"#1","tintindex":0}}},{"from":[0.5,5.0,0.5],"to":[15.5,5.0,15.5],"rotation":{"angle":0.0,"axis":"y","origin":[-0.5,0.0,-0.5]},"faces":{"up":{"uv":[4.5,2.0,12.0,9.5],"texture":"#1"},"down":{"uv":[4.5,2.0,12.0,9.5],"texture":"#1"}}},{"from":[12.5,9.0,12.5],"to":[3.5,5.0,3.5],"rotation":{"angle":0.0,"axis":"y","origin":[-0.5,0.0,-1.5]},"faces":{"north":{"uv":[0.0,2.0,4.5,0.0],"texture":"#1"},"east":{"uv":[0.0,2.0,4.5,0.0],"texture":"#1"},"south":{"uv":[0.0,2.0,4.5,0.0],"texture":"#1"},"west":{"uv":[0.0,2.0,4.5,0.0],"texture":"#1"},"down":{"uv":[4.5,2.0,0.0,6.5],"texture":"#1"}}},{"from":[12.5,7.0,12.5],"to":[3.5,5.0,3.5],"rotation":{"angle":0.0,"axis":"y","origin":[-0.5,0.0,-1.5]},"faces":{"north":{"uv":[4.5,1.0,9.0,0.0],"texture":"#1","tintindex":0},"east":{"uv":[4.5,1.0,9.0,0.0],"texture":"#1","tintindex":0},"south":{"uv":[4.5,1.0,9.0,0.0],"texture":"#1","tintindex":0},"west":{"uv":[4.5,1.0,9.0,0.0],"texture":"#1","tintindex":0}}}],"display":{"thirdperson_righthand":{"translation":[0.0,1.0,0.75],"rotation":[55.5,34.0,0.0],"scale":[0.52539,0.52539,0.52539]},"thirdperson_lefthand":{"translation":[0.0,1.0,0.75],"rotation":[55.5,34.0,0.0],"scale":[0.52539,0.52539,0.52539]},"firstperson_righthand":{"translation":[9.5,0.0,-5.75],"rotation":[21.0,114.5,-13.75],"scale":[0.41992,0.41992,0.41992]},"firstperson_lefthand":{"translation":[9.5,0.0,-5.75],"rotation":[21.0,114.5,-13.75],"scale":[0.41992,0.41992,0.41992]},"gui":{"translation":[0.0,2.0,0.0],"rotation":[-154.61,-31.92,-180.0],"scale":[0.83789,0.83789,0.83789]},"head":{"translation":[0.0,8.5,0.0],"scale":[1.61172,1.61172,1.61172]}},"credit":"Made with Blockbench","gui_light":"front"}