{
	"credit": "Made with Blockbench",
	"textures": {
		"0": "block/custom/purple_glasses",
		"particle": "block/custom/purple_glasses"
	},
	"elements": [
		{
			"from": [2, 2.75, 9],
			"to": [2.2, 3.25, 14],
			"faces": {
				"north": {"uv": [9, 9, 9.5, 9.5], "texture": "#0"},
				"east": {"uv": [1, 5, 3.5, 5.5], "texture": "#0"},
				"south": {"uv": [0, 9.5, 0.5, 10], "texture": "#0"},
				"west": {"uv": [5, 2, 7.5, 2.5], "texture": "#0"},
				"up": {"uv": [4, 7.5, 3.5, 5], "texture": "#0"},
				"down": {"uv": [4.5, 5, 4, 7.5], "texture": "#0"}
			}
		},
		{
			"from": [2, 1.25, 12.5],
			"to": [2.2, 2.75, 14],
			"faces": {
				"north": {"uv": [7.5, 8.5, 8, 9.5], "texture": "#0"},
				"east": {"uv": [6.5, 6.5, 7.5, 7.5], "texture": "#0"},
				"south": {"uv": [8, 8.5, 8.5, 9.5], "texture": "#0"},
				"west": {"uv": [7, 0, 8, 1], "texture": "#0"},
				"up": {"uv": [9, 9, 8.5, 8], "texture": "#0"},
				"down": {"uv": [9.5, 0, 9, 1], "texture": "#0"}
			}
		},
		{
			"from": [2, 1.25, 10],
			"to": [2.2, 2.75, 12.5],
			"faces": {
				"north": {"uv": [7, 8.5, 7.5, 9.5], "texture": "#0"},
				"east": {"uv": [0, 4, 1.5, 5], "texture": "#0"},
				"south": {"uv": [8.5, 7, 9, 8], "texture": "#0"},
				"west": {"uv": [1.5, 4, 3, 5], "texture": "#0"},
				"up": {"uv": [3.5, 9.5, 3, 8], "texture": "#0"},
				"down": {"uv": [8.5, 3.5, 8, 5], "texture": "#0"}
			}
		},
		{
			"from": [2, 1.25, 9],
			"to": [2.2, 2.75, 10],
			"faces": {
				"north": {"uv": [8.5, 5, 9, 6], "texture": "#0"},
				"east": {"uv": [6, 8.5, 6.5, 9.5], "texture": "#0"},
				"south": {"uv": [8.5, 6, 9, 7], "texture": "#0"},
				"west": {"uv": [6.5, 8.5, 7, 9.5], "texture": "#0"},
				"up": {"uv": [9, 9.5, 8.5, 9], "texture": "#0"},
				"down": {"uv": [9.5, 8.5, 9, 9], "texture": "#0"}
			}
		},
		{
			"from": [2, 0.25, 9.5],
			"to": [2.2, 1.25, 13.5],
			"faces": {
				"north": {"uv": [9, 7.5, 9.5, 8], "texture": "#0"},
				"east": {"uv": [6, 4.5, 8, 5], "texture": "#0"},
				"south": {"uv": [9, 8, 9.5, 8.5], "texture": "#0"},
				"west": {"uv": [6, 6, 8, 6.5], "texture": "#0"},
				"up": {"uv": [7, 4.5, 6.5, 2.5], "texture": "#0"},
				"down": {"uv": [6.5, 6.5, 6, 8.5], "texture": "#0"}
			}
		},
		{
			"from": [2, 1.25, 3.25],
			"to": [2.2, 2.75, 6],
			"faces": {
				"north": {"uv": [4.5, 8.5, 5, 9.5], "texture": "#0"},
				"east": {"uv": [3.5, 2, 5, 3], "texture": "#0"},
				"south": {"uv": [5, 8.5, 5.5, 9.5], "texture": "#0"},
				"west": {"uv": [3.5, 3, 5, 4], "texture": "#0"},
				"up": {"uv": [5.5, 4, 5, 2.5], "texture": "#0"},
				"down": {"uv": [8.5, 2, 8, 3.5], "texture": "#0"}
			}
		},
		{
			"from": [2, 1.25, 2],
			"to": [2.2, 2.75, 3.25],
			"faces": {
				"north": {"uv": [8.5, 3, 9, 4], "texture": "#0"},
				"east": {"uv": [3.5, 8.5, 4, 9.5], "texture": "#0"},
				"south": {"uv": [4, 8.5, 4.5, 9.5], "texture": "#0"},
				"west": {"uv": [8.5, 4, 9, 5], "texture": "#0"},
				"up": {"uv": [9.5, 7, 9, 6.5], "texture": "#0"},
				"down": {"uv": [9.5, 7, 9, 7.5], "texture": "#0"}
			}
		},
		{
			"from": [2, 2.75, 2],
			"to": [2.2, 3.25, 7],
			"rotation": {"angle": 0, "axis": "y", "origin": [2.1, 1.75, 4.5]},
			"faces": {
				"north": {"uv": [9, 5.5, 9.5, 6], "texture": "#0"},
				"east": {"uv": [3, 4, 5.5, 4.5], "texture": "#0"},
				"south": {"uv": [9, 6, 9.5, 6.5], "texture": "#0"},
				"west": {"uv": [3, 4.5, 5.5, 5], "texture": "#0"},
				"up": {"uv": [0.5, 7.5, 0, 5], "texture": "#0"},
				"down": {"uv": [1, 5, 0.5, 7.5], "texture": "#0"}
			}
		},
		{
			"from": [6.2, 2.25, 13.8],
			"to": [10.2, 3.25, 14],
			"rotation": {"angle": 0, "axis": "y", "origin": [3.1, 1.75, 4.5]},
			"faces": {
				"north": {"uv": [0, 0, 3.5, 1], "texture": "#0"},
				"east": {"uv": [9, 2, 9.5, 3], "texture": "#0"},
				"south": {"uv": [0, 1, 3.5, 2], "texture": "#0"},
				"west": {"uv": [2.5, 9, 3, 10], "texture": "#0"},
				"up": {"uv": [7, 0.5, 3.5, 0], "texture": "#0"},
				"down": {"uv": [7, 0.5, 3.5, 1], "texture": "#0"}
			}
		},
		{
			"from": [6.2, 2.25, 2],
			"to": [10.2, 3.25, 2.2],
			"rotation": {"angle": 0, "axis": "y", "origin": [3.1, 1.75, 4.5]},
			"faces": {
				"north": {"uv": [0, 0, 3.5, 1], "texture": "#0"},
				"east": {"uv": [9, 2, 9.5, 3], "texture": "#0"},
				"south": {"uv": [0, 1, 3.5, 2], "texture": "#0"},
				"west": {"uv": [2.5, 9, 3, 10], "texture": "#0"},
				"up": {"uv": [7, 0.5, 3.5, 0], "texture": "#0"},
				"down": {"uv": [7, 0.5, 3.5, 1], "texture": "#0"}
			}
		},
		{
			"from": [2.2, 1.25, 2],
			"to": [6.2, 3.25, 2.2],
			"rotation": {"angle": 0, "axis": "y", "origin": [3.1, 1.75, 4.5]},
			"faces": {
				"north": {"uv": [0, 0, 3.5, 1], "texture": "#0"},
				"east": {"uv": [9, 2, 9.5, 3], "texture": "#0"},
				"south": {"uv": [0, 1, 3.5, 2], "texture": "#0"},
				"west": {"uv": [2.5, 9, 3, 10], "texture": "#0"},
				"up": {"uv": [7, 0.5, 3.5, 0], "texture": "#0"},
				"down": {"uv": [7, 0.5, 3.5, 1], "texture": "#0"}
			}
		},
		{
			"from": [2.325, 2, 1.25],
			"to": [3.075, 5.5, 1.45],
			"rotation": {"angle": -22.5, "axis": "x", "origin": [2.7, 3.875, 2.1]},
			"faces": {
				"north": {"uv": [4.5, 5, 5, 7.5], "texture": "#0"},
				"east": {"uv": [5, 5, 5.5, 7.5], "texture": "#0"},
				"south": {"uv": [1, 5.5, 1.5, 8], "texture": "#0"},
				"west": {"uv": [1.5, 5.5, 2, 8], "texture": "#0"},
				"up": {"uv": [10, 0.5, 9.5, 0], "texture": "#0"},
				"down": {"uv": [1, 9.5, 0.5, 10], "texture": "#0"}
			}
		},
		{
			"from": [2.325, 2, 14.55],
			"to": [3.075, 5.5, 14.75],
			"rotation": {"angle": 22.5, "axis": "x", "origin": [2.7, 3.875, 13.9]},
			"faces": {
				"north": {"uv": [2, 5.5, 2.5, 8], "texture": "#0"},
				"east": {"uv": [2.5, 5.5, 3, 8], "texture": "#0"},
				"south": {"uv": [5.5, 2.5, 6, 5], "texture": "#0"},
				"west": {"uv": [3, 5.5, 3.5, 8], "texture": "#0"},
				"up": {"uv": [10, 1, 9.5, 0.5], "texture": "#0"},
				"down": {"uv": [10, 1, 9.5, 1.5], "texture": "#0"}
			}
		},
		{
			"from": [2.2, 1.25, 13.8],
			"to": [6.2, 3.25, 14],
			"rotation": {"angle": 0, "axis": "y", "origin": [3.1, 1.75, 4.5]},
			"faces": {
				"north": {"uv": [0, 2, 3.5, 3], "texture": "#0"},
				"east": {"uv": [9, 3, 9.5, 4], "texture": "#0"},
				"south": {"uv": [0, 3, 3.5, 4], "texture": "#0"},
				"west": {"uv": [9, 4, 9.5, 5], "texture": "#0"},
				"up": {"uv": [7, 1.5, 3.5, 1], "texture": "#0"},
				"down": {"uv": [7, 1.5, 3.5, 2], "texture": "#0"}
			}
		},
		{
			"from": [2, 1.5, 7],
			"to": [2.2, 3.25, 9],
			"rotation": {"angle": 0, "axis": "y", "origin": [2.1, 1.75, 8]},
			"faces": {
				"north": {"uv": [1, 9, 1.5, 10], "texture": "#0"},
				"east": {"uv": [7, 1, 8, 2], "texture": "#0"},
				"south": {"uv": [9, 1, 9.5, 2], "texture": "#0"},
				"west": {"uv": [7, 2.5, 8, 3.5], "texture": "#0"},
				"up": {"uv": [2, 10, 1.5, 9], "texture": "#0"},
				"down": {"uv": [2.5, 9, 2, 10], "texture": "#0"}
			}
		},
		{
			"from": [2, 1.25, 6],
			"to": [2.2, 2.75, 7],
			"faces": {
				"north": {"uv": [5.5, 8, 6, 9], "texture": "#0"},
				"east": {"uv": [0, 8.5, 0.5, 9.5], "texture": "#0"},
				"south": {"uv": [0.5, 8.5, 1, 9.5], "texture": "#0"},
				"west": {"uv": [8.5, 2, 9, 3], "texture": "#0"},
				"up": {"uv": [9.5, 5.5, 9, 5], "texture": "#0"},
				"down": {"uv": [6, 9, 5.5, 9.5], "texture": "#0"}
			}
		},
		{
			"from": [2, 0.25, 2.5],
			"to": [2.2, 1.25, 6.5],
			"faces": {
				"north": {"uv": [7.5, 2, 8, 2.5], "texture": "#0"},
				"east": {"uv": [5.5, 5, 7.5, 5.5], "texture": "#0"},
				"south": {"uv": [8, 6, 8.5, 6.5], "texture": "#0"},
				"west": {"uv": [5.5, 5.5, 7.5, 6], "texture": "#0"},
				"up": {"uv": [6.5, 4.5, 6, 2.5], "texture": "#0"},
				"down": {"uv": [6, 6, 5.5, 8], "texture": "#0"}
			}
		},
		{
			"from": [1.75, 5, -0.25],
			"to": [3.75, 7, 1.75],
			"faces": {
				"north": {"uv": [7, 3.5, 8, 4.5], "texture": "#0"},
				"east": {"uv": [0, 7.5, 1, 8.5], "texture": "#0"},
				"south": {"uv": [3.5, 7.5, 4.5, 8.5], "texture": "#0"},
				"west": {"uv": [4.5, 7.5, 5.5, 8.5], "texture": "#0"},
				"up": {"uv": [8.5, 6, 7.5, 5], "texture": "#0"},
				"down": {"uv": [7.5, 7.5, 6.5, 8.5], "texture": "#0"}
			}
		},
		{
			"from": [1.75, 5, 14.25],
			"to": [3.75, 7, 16.25],
			"faces": {
				"north": {"uv": [7.5, 6.5, 8.5, 7.5], "texture": "#0"},
				"east": {"uv": [7.5, 7.5, 8.5, 8.5], "texture": "#0"},
				"south": {"uv": [8, 0, 9, 1], "texture": "#0"},
				"west": {"uv": [1, 8, 2, 9], "texture": "#0"},
				"up": {"uv": [9, 2, 8, 1], "texture": "#0"},
				"down": {"uv": [3, 8, 2, 9], "texture": "#0"}
			}
		}
	],
	"display": {
		"thirdperson_righthand": {
			"translation": [1.5, 3.75, -1.25],
			"scale": [0.5, 0.5, 0.5]
		},
		"thirdperson_lefthand": {
			"translation": [-1.25, 3.25, 0],
			"scale": [0.5, 0.5, 0.5]
		},
		"firstperson_righthand": {
			"translation": [10.25, 4.25, 0]
		},
		"firstperson_lefthand": {
			"rotation": [0, -26.75, 0],
			"translation": [-0.5, 4.25, -0.5]
		},
		"ground": {
			"translation": [0, 4, 0]
		},
		"gui": {
			"rotation": [-161.25, 69.25, -180],
			"translation": [-1.5, 4.75, 0],
			"scale": [0.9, 0.9, 0.9]
		},
		"head": {
			"rotation": [180, -90, 180],
			"translation": [0, 6.25, 1.75],
			"scale": [1.49, 1.5, 1.16]
		},
		"fixed": {
			"rotation": [0, -90, 0],
			"translation": [0, 5, 3.25]
		}
	}
}