{"textures":{"2":"mcc:island_cosmetics/general/hat/police_cap/police_cap","particle":"mcc:island_cosmetics/general/hat/police_cap/police_cap"},"display":{"thirdperson_righthand":{"translation":[0.0,1.0,0.75],"rotation":[55.5,34.0,0.0],"scale":[0.52539,0.52539,0.52539]},"thirdperson_lefthand":{"translation":[0.0,1.0,0.75],"rotation":[55.5,34.0,0.0],"scale":[0.52539,0.52539,0.52539]},"firstperson_righthand":{"translation":[9.5,0.0,-5.75],"rotation":[21.0,114.5,-13.75],"scale":[0.41992,0.41992,0.41992]},"firstperson_lefthand":{"translation":[9.5,0.0,-5.75],"rotation":[21.0,114.5,-13.75],"scale":[0.41992,0.41992,0.41992]},"gui":{"translation":[-0.5,-1.25,0.0],"rotation":[-149.61,-31.92,-180.0],"scale":[0.92773,0.92773,0.92773]},"head":{"translation":[0.0,1.75,0.0],"scale":[1.6293,1.6293,1.6293]}},"credit":"Made with Blockbench","texture_size":[32.0,32.0],"elements":[{"from":[3.5,8.0,3.5],"to":[12.5,11.0,12.5],"rotation":{"angle":0.0,"axis":"x","origin":[7.5,9.5,8.0]},"faces":{"north":{"uv":[8.0,5.5,12.5,7.0],"texture":"#2","tintindex":0.0},"east":{"uv":[8.0,7.0,12.5,8.5],"texture":"#2","tintindex":0.0},"south":{"uv":[8.0,8.5,12.5,10.0],"texture":"#2","tintindex":0.0},"west":{"uv":[12.5,7.0,8.0,8.5],"texture":"#2","tintindex":0.0},"down":{"uv":[16.0,1.0,16.5,1.5],"texture":"#2","tintindex":0.0}}},{"from":[3.5,8.0,3.5],"to":[12.5,9.0,12.5],"rotation":{"angle":0.0,"axis":"x","origin":[7.5,9.5,8.0]},"faces":{"east":{"uv":[5.0,10.5,9.5,11.0],"texture":"#2"},"south":{"uv":[5.0,12.0,9.5,12.5],"texture":"#2"},"west":{"uv":[9.5,10.5,5.0,11.0],"texture":"#2"}}},{"from":[3.47,7.97,-0.53],"to":[12.53,9.03,3.53],"rotation":{"angle":0.0,"axis":"x","origin":[8.0,8.5,2.0]},"faces":{"east":{"uv":[0.0,10.0,2.0,10.5],"texture":"#2"},"west":{"uv":[2.0,10.0,0.0,10.5],"texture":"#2"},"up":{"uv":[0.0,11.0,4.5,13.0],"texture":"#2"}}},{"from":[2.5,11.0,2.5],"to":[13.5,13.0,13.5],"rotation":{"angle":0.0,"axis":"x","origin":[7.5,9.5,8.0]},"faces":{"north":{"uv":[2.0,8.5,7.5,9.5],"texture":"#2","tintindex":0.0},"east":{"uv":[2.0,7.0,7.5,8.0],"texture":"#2","tintindex":0.0},"south":{"uv":[2.0,5.5,7.5,6.5],"texture":"#2","tintindex":0.0},"west":{"uv":[7.5,7.0,2.0,8.0],"texture":"#2","tintindex":0.0},"up":{"uv":[2.0,0.0,7.5,5.5],"texture":"#2","tintindex":0.0},"down":{"uv":[7.5,0.0,13.0,5.5],"texture":"#2","tintindex":0.0}}},{"from":[6.0,9.0,2.25],"to":[10.0,13.0,2.25],"rotation":{"angle":-22.5,"axis":"x","origin":[7.5,11.0,2.25]},"faces":{"north":{"uv":[0.0,0.0,2.0,2.0],"texture":"#2"},"south":{"uv":[0.0,0.0,2.0,2.0],"texture":"#2"}}},{"name":"cube inverted","from":[12.5,11.0,12.5],"to":[3.5,8.0,3.5],"rotation":{"angle":0.0,"axis":"x","origin":[7.5,9.5,8.0]},"faces":{"north":{"uv":[8.0,10.0,12.5,8.5],"texture":"#2","tintindex":0.0},"east":{"uv":[12.5,8.5,8.0,7.0],"texture":"#2","tintindex":0.0},"south":{"uv":[8.0,7.0,12.5,5.5],"texture":"#2","tintindex":0.0},"west":{"uv":[8.0,8.5,12.5,7.0],"texture":"#2","tintindex":0.0},"up":{"uv":[16.5,1.0,16.0,1.5],"texture":"#2","tintindex":0.0}}},{"name":"cube inverted","from":[12.53,9.03,3.53],"to":[3.47,7.97,-0.53],"rotation":{"angle":0.0,"axis":"x","origin":[8.0,8.5,2.0]},"faces":{"east":{"uv":[2.0,10.5,0.0,10.0],"texture":"#2"},"west":{"uv":[0.0,10.5,2.0,10.0],"texture":"#2"},"down":{"uv":[4.5,11.0,0.0,13.0],"texture":"#2"}}},{"name":"cube inverted","from":[12.5,9.0,12.5],"to":[3.5,8.0,3.5],"rotation":{"angle":0.0,"axis":"x","origin":[7.5,9.5,8.0]},"faces":{"north":{"uv":[5.0,12.5,9.5,12.0],"texture":"#2"},"east":{"uv":[9.5,11.0,5.0,10.5],"texture":"#2"},"west":{"uv":[5.0,11.0,9.5,10.5],"texture":"#2"}}}],"gui_light":"front"}