{"textures":{"1":"mcc:island_cosmetics/general/hat/astronaut_helmet/astronaut_helmet"},"elements":[{"from":[2.5,1.0,2.0],"to":[13.5,11.0,13.0],"rotation":{"angle":0.0,"axis":"x","origin":[7.5,12.5,8.0]},"faces":{"north":{"uv":[12.33333,0.33333,16.0,3.66667],"texture":"#1"},"east":{"uv":[12.33333,4.0,16.0,7.33333],"texture":"#1"},"south":{"uv":[8.0,0.66667,11.66667,4.0],"texture":"#1"},"west":{"uv":[16.0,4.0,12.33333,7.33333],"texture":"#1"},"up":{"uv":[3.33333,4.66667,7.0,8.33333],"texture":"#1"}}},{"from":[2.3,0.8,1.8],"to":[13.7,11.2,10.2],"rotation":{"angle":0.0,"axis":"x","origin":[7.5,12.5,8.0]},"faces":{"north":{"uv":[8.0,11.0,4.33333,14.33333],"texture":"#1"},"east":{"uv":[8.0,11.0,10.66667,14.33333],"texture":"#1"},"west":{"uv":[10.66667,11.0,8.0,14.33333],"texture":"#1"},"up":{"uv":[0.66667,11.0,4.33333,13.66667],"texture":"#1"}}},{"from":[2.5,1.0,2.0],"to":[13.5,11.0,13.0],"rotation":{"angle":0.0,"axis":"x","origin":[7.5,12.5,8.0]},"faces":{"south":{"uv":[0.33333,4.66667,4.0,1.33333],"texture":"#1","tintindex":0},"up":{"uv":[0.33333,0.0,4.0,3.66667],"texture":"#1","tintindex":0}}},{"from":[13.0,2.0,5.0],"to":[15.0,7.0,10.0],"rotation":{"angle":0.0,"axis":"x","origin":[8.5,12.5,7.5]},"faces":{"north":{"uv":[12.66667,7.66667,13.0,9.33333],"texture":"#1"},"east":{"uv":[12.66667,7.66667,14.33333,9.33333],"texture":"#1"},"south":{"uv":[12.66667,7.66667,13.0,9.33333],"texture":"#1"},"west":{"uv":[12.66667,7.66667,14.33333,9.33333],"texture":"#1"},"up":{"uv":[12.66667,7.66667,14.33333,8.0],"texture":"#1","rotation":90},"down":{"uv":[12.66667,7.66667,14.33333,8.0],"texture":"#1","rotation":90}}},{"from":[13.0,2.0,5.0],"to":[15.0,7.0,10.0],"rotation":{"angle":0.0,"axis":"x","origin":[8.5,12.5,7.5]},"faces":{"east":{"uv":[14.33333,7.66667,16.0,9.33333],"texture":"#1","tintindex":0},"west":{"uv":[14.33333,7.66667,16.0,9.33333],"texture":"#1","tintindex":0}}},{"from":[1.0,2.0,5.0],"to":[3.0,7.0,10.0],"rotation":{"angle":0.0,"axis":"x","origin":[7.5,12.5,7.5]},"faces":{"north":{"uv":[13.0,7.66667,12.66667,9.33333],"texture":"#1"},"east":{"uv":[14.33333,7.66667,12.66667,9.33333],"texture":"#1"},"south":{"uv":[13.0,7.66667,12.66667,9.33333],"texture":"#1"},"west":{"uv":[14.33333,7.66667,12.66667,9.33333],"texture":"#1"},"up":{"uv":[12.66667,8.0,14.33333,7.66667],"texture":"#1","rotation":90},"down":{"uv":[12.66667,8.0,14.33333,7.66667],"texture":"#1","rotation":90}}},{"from":[1.0,2.0,5.0],"to":[3.0,7.0,10.0],"rotation":{"angle":0.0,"axis":"x","origin":[7.5,12.5,7.5]},"faces":{"east":{"uv":[16.0,7.66667,14.33333,9.33333],"texture":"#1","tintindex":0},"west":{"uv":[16.0,7.66667,14.33333,9.33333],"texture":"#1","tintindex":0}}},{"from":[2.0,-1.0,1.5],"to":[14.0,2.0,13.5],"rotation":{"angle":0.0,"axis":"x","origin":[7.5,9.0,7.75]},"faces":{"north":{"uv":[12.0,9.33333,16.0,10.33333],"texture":"#1"},"east":{"uv":[12.0,9.33333,16.0,10.33333],"texture":"#1"},"south":{"uv":[12.0,9.33333,16.0,10.33333],"texture":"#1"},"west":{"uv":[12.0,9.33333,16.0,10.33333],"texture":"#1"},"up":{"uv":[12.0,11.33333,16.0,15.33333],"texture":"#1","tintindex":0},"down":{"uv":[12.0,11.33333,16.0,15.33333],"texture":"#1"}}},{"from":[2.0,-1.0,1.5],"to":[14.0,2.0,13.5],"rotation":{"angle":0.0,"axis":"x","origin":[7.5,9.0,7.75]},"faces":{"north":{"uv":[6.66667,15.0,10.66667,16.0],"texture":"#1","tintindex":0},"east":{"uv":[6.66667,15.0,10.66667,16.0],"texture":"#1","tintindex":0},"south":{"uv":[6.66667,15.0,10.66667,16.0],"texture":"#1","tintindex":0},"west":{"uv":[6.66667,15.0,10.66667,16.0],"texture":"#1","tintindex":0}}},{"from":[13.7,11.2,10.2],"to":[2.3,0.8,1.8],"rotation":{"angle":0.0,"axis":"x","origin":[7.5,12.5,8.0]},"faces":{"east":{"uv":[10.66667,14.33333,8.0,11.0],"texture":"#1"},"south":{"uv":[8.0,14.33333,4.33333,11.0],"texture":"#1"},"west":{"uv":[8.0,14.33333,10.66667,11.0],"texture":"#1"},"down":{"uv":[4.33333,11.0,0.66667,13.66667],"texture":"#1"}}},{"from":[13.5,11.0,13.0],"to":[2.5,1.0,2.0],"rotation":{"angle":0.0,"axis":"x","origin":[7.5,12.5,8.0]},"faces":{"north":{"uv":[8.0,4.0,11.66667,0.66667],"texture":"#1"},"east":{"uv":[16.0,7.33333,12.33333,4.0],"texture":"#1"},"south":{"uv":[12.33333,3.66667,16.0,0.33333],"texture":"#1"},"west":{"uv":[12.33333,7.33333,16.0,4.0],"texture":"#1"},"down":{"uv":[7.0,4.66667,3.33333,8.33333],"texture":"#1"}}},{"from":[13.5,11.0,13.0],"to":[2.5,1.0,2.0],"rotation":{"angle":0.0,"axis":"x","origin":[7.5,12.5,8.0]},"faces":{"north":{"uv":[0.33333,1.33333,4.0,4.66667],"texture":"#1","tintindex":0},"down":{"uv":[4.0,0.0,0.33333,3.66667],"texture":"#1","tintindex":0}}},{"from":[3.0,3.0,13.0],"to":[7.0,8.0,15.0],"faces":{"north":{"uv":[1.33333,8.66667,2.66667,10.33333],"texture":"#1"},"east":{"uv":[1.66667,8.66667,1.0,10.33333],"texture":"#1"},"south":{"uv":[1.33333,8.66667,2.66667,10.33333],"texture":"#1"},"west":{"uv":[1.0,8.66667,1.66667,10.33333],"texture":"#1"},"up":{"uv":[1.33333,8.33333,2.66667,9.0],"texture":"#1"},"down":{"uv":[1.33333,10.0,2.66667,10.66667],"texture":"#1"}}},{"from":[4.5,8.0,14.0],"to":[5.5,19.0,14.0],"faces":{"north":{"uv":[0.66667,6.66667,1.0,10.33333],"texture":"#1"},"south":{"uv":[0.66667,6.66667,1.0,10.33333],"texture":"#1"}}},{"from":[4.5,17.0,14.0],"to":[5.5,19.0,14.0],"faces":{"north":{"uv":[0.33333,6.66667,0.66667,7.33333],"texture":"#1","tintindex":0},"east":{"uv":[1.33333,8.66667,1.66667,10.33333],"texture":"#1"},"south":{"uv":[0.33333,6.66667,0.66667,7.33333],"texture":"#1","tintindex":0},"west":{"uv":[1.33333,8.66667,1.66667,10.33333],"texture":"#1"},"up":{"uv":[1.33333,8.66667,2.66667,9.0],"texture":"#1"},"down":{"uv":[1.33333,8.66667,2.66667,9.0],"texture":"#1"}}}],"display":{"thirdperson_righthand":{"translation":[0.0,1.0,0.75],"rotation":[55.5,34.0,0.0],"scale":[0.52539,0.52539,0.52539]},"thirdperson_lefthand":{"translation":[0.0,1.0,0.75],"rotation":[55.5,34.0,0.0],"scale":[0.52539,0.52539,0.52539]},"firstperson_righthand":{"translation":[9.5,0.0,-5.75],"rotation":[21.0,114.5,-13.75],"scale":[0.41992,0.41992,0.41992]},"firstperson_lefthand":{"translation":[9.5,0.0,-5.75],"rotation":[21.0,114.5,-13.75],"scale":[0.41992,0.41992,0.41992]},"gui":{"translation":[-0.25,2.25,0.0],"rotation":[-149.61,-31.92,-180.0],"scale":[0.79492,0.79492,0.79492]},"head":{"translation":[0.0,3.5,0.25],"scale":[1.6,1.6,1.6]}},"credit":"Made with Blockbench","gui_light":"front"}