{"textures":{"1":"mcc:island_cosmetics/general/hat/viking_helmet/prestiged"},"display":{"thirdperson_righthand":{"translation":[0.0,1.0,0.75],"rotation":[55.5,34.0,0.0],"scale":[0.52539,0.52539,0.52539]},"thirdperson_lefthand":{"translation":[0.0,1.0,0.75],"rotation":[55.5,34.0,0.0],"scale":[0.52539,0.52539,0.52539]},"firstperson_righthand":{"translation":[9.5,0.0,-5.75],"rotation":[21.0,114.5,-13.75],"scale":[0.41992,0.41992,0.41992]},"firstperson_lefthand":{"translation":[9.5,0.0,-5.75],"rotation":[21.0,114.5,-13.75],"scale":[0.41992,0.41992,0.41992]},"gui":{"translation":[0.0,0.75,0.0],"rotation":[-149.61,-31.92,-180.0],"scale":[0.74804,0.74804,0.74804]},"head":{"translation":[0.0,4.5,0.0],"scale":[1.52187,1.52187,1.52187]}},"credit":"Made with Blockbench","elements":[{"from":[3.0,3.0,3.0],"to":[13.0,11.0,13.0],"rotation":{"angle":0.0,"axis":"x","origin":[8.0,9.5,8.0]},"faces":{"north":{"uv":[1.33333,0.0,4.66667,2.66667],"texture":"#1"},"east":{"uv":[4.66667,0.0,8.0,2.66667],"texture":"#1"},"south":{"uv":[3.33333,7.0,0.0,9.66667],"texture":"#1"},"west":{"uv":[8.0,0.0,4.66667,2.66667],"texture":"#1"},"up":{"uv":[0.0,3.66667,3.33333,7.0],"texture":"#1"}}},{"from":[3.0,-1.0,3.0],"to":[13.0,3.0,13.0],"rotation":{"angle":0.0,"axis":"x","origin":[8.0,9.5,8.0]},"faces":{"north":{"uv":[11.0,0.0,14.33333,1.33333],"texture":"#1"},"east":{"uv":[11.0,1.33333,14.33333,2.66667],"texture":"#1"},"south":{"uv":[11.0,2.66667,14.33333,4.0],"texture":"#1"},"west":{"uv":[11.0,1.33333,14.33333,2.66667],"texture":"#1"}}},{"from":[3.0,3.0,3.0],"to":[13.0,11.0,13.0],"rotation":{"angle":0.0,"axis":"x","origin":[8.0,9.5,8.0]},"faces":{"north":{"uv":[11.0,4.33333,14.33333,7.0],"texture":"#1","tintindex":0.0},"east":{"uv":[4.66667,13.0,8.0,15.66667],"texture":"#1","tintindex":0.0},"south":{"uv":[3.33333,13.0,0.0,15.66667],"texture":"#1","tintindex":0.0},"west":{"uv":[8.0,13.0,4.66667,15.66667],"texture":"#1","tintindex":0.0},"up":{"uv":[0.0,9.66667,3.33333,13.0],"texture":"#1","tintindex":0.0}}},{"from":[3.0,3.0,3.0],"to":[13.0,6.0,13.0],"rotation":{"angle":0.0,"axis":"x","origin":[8.0,9.5,8.0]},"faces":{"east":{"uv":[4.66667,2.66667,8.0,3.66667],"texture":"#1","tintindex":0.0},"south":{"uv":[10.33333,6.0,7.0,7.0],"texture":"#1","tintindex":0.0},"west":{"uv":[8.0,2.66667,4.66667,3.66667],"texture":"#1","tintindex":0.0}}},{"from":[3.0,-1.0,3.0],"to":[13.0,3.0,13.0],"rotation":{"angle":0.0,"axis":"x","origin":[8.0,9.5,8.0]},"faces":{"north":{"uv":[11.0,9.66667,14.33333,11.0],"texture":"#1","tintindex":0.0},"east":{"uv":[11.0,8.33333,14.33333,9.66667],"texture":"#1","tintindex":0.0},"south":{"uv":[11.0,7.0,14.33333,8.33333],"texture":"#1","tintindex":0.0},"west":{"uv":[11.0,8.33333,14.33333,9.66667],"texture":"#1","tintindex":0.0}}},{"from":[7.0,2.5,2.5],"to":[9.0,11.5,13.5],"rotation":{"angle":0.0,"axis":"x","origin":[8.0,9.5,8.0]},"faces":{"north":{"uv":[10.0,0.0,10.66667,3.0],"texture":"#1"},"east":{"uv":[3.33333,3.66667,7.0,6.66667],"texture":"#1"},"south":{"uv":[1.33333,0.0,0.66667,3.0],"texture":"#1"},"west":{"uv":[7.0,3.66667,3.33333,6.66667],"texture":"#1"},"up":{"uv":[0.0,0.0,0.66667,3.66667],"texture":"#1"},"down":{"uv":[8.0,0.0,8.66667,3.66667],"texture":"#1"}}},{"from":[12.0,7.5,6.0],"to":[16.0,11.5,10.0],"rotation":{"angle":22.5,"axis":"z","origin":[15.0,9.5,8.0]},"faces":{"north":{"uv":[3.33333,9.33333,4.66667,10.66667],"texture":"#1"},"east":{"uv":[3.33333,8.0,4.66667,9.33333],"texture":"#1"},"south":{"uv":[4.66667,9.33333,3.33333,10.66667],"texture":"#1"},"west":{"uv":[3.33333,8.0,4.66667,9.33333],"texture":"#1"},"up":{"uv":[4.66667,10.66667,3.33333,9.33333],"texture":"#1"},"down":{"uv":[4.66667,9.33333,3.33333,10.66667],"texture":"#1"}}},{"from":[13.0,7.5,8.0],"to":[20.0,17.5,8.0],"rotation":{"angle":22.5,"axis":"z","origin":[15.0,9.5,8.0]},"faces":{"north":{"uv":[7.0,7.33333,9.33333,10.66667],"texture":"#1"},"south":{"uv":[9.33333,7.33333,7.0,10.66667],"texture":"#1"}}},{"from":[-4.0,7.5,8.0],"to":[3.0,17.5,8.0],"rotation":{"angle":-22.5,"axis":"z","origin":[1.0,9.5,8.0]},"faces":{"north":{"uv":[9.33333,7.33333,7.0,10.66667],"texture":"#1"},"south":{"uv":[7.0,7.33333,9.33333,10.66667],"texture":"#1"}}},{"from":[0.0,7.5,6.0],"to":[4.0,11.5,10.0],"rotation":{"angle":-22.5,"axis":"z","origin":[1.0,9.5,8.0]},"faces":{"north":{"uv":[4.66667,9.33333,3.33333,10.66667],"texture":"#1"},"east":{"uv":[4.66667,8.0,3.33333,9.33333],"texture":"#1"},"south":{"uv":[3.33333,9.33333,4.66667,10.66667],"texture":"#1"},"west":{"uv":[4.66667,8.0,3.33333,9.33333],"texture":"#1"},"up":{"uv":[3.33333,10.66667,4.66667,9.33333],"texture":"#1"},"down":{"uv":[3.33333,9.33333,4.66667,10.66667],"texture":"#1"}}},{"from":[1.8,7.3,5.8],"to":[4.2,11.7,10.2],"rotation":{"angle":-22.5,"axis":"z","origin":[1.0,9.5,8.0]},"faces":{"north":{"uv":[10.0,3.33333,10.66667,4.66667],"texture":"#1"},"south":{"uv":[10.66667,3.33333,10.0,4.66667],"texture":"#1"},"up":{"uv":[10.66667,4.66667,10.0,3.33333],"texture":"#1"},"down":{"uv":[10.66667,3.33333,10.0,4.66667],"texture":"#1"}}},{"from":[11.8,7.3,5.8],"to":[14.2,11.7,10.2],"rotation":{"angle":22.5,"axis":"z","origin":[15.0,9.5,8.0]},"faces":{"north":{"uv":[10.66667,3.33333,10.0,4.66667],"texture":"#1"},"south":{"uv":[10.0,3.33333,10.66667,4.66667],"texture":"#1"},"up":{"uv":[10.0,4.66667,10.66667,3.33333],"texture":"#1"},"down":{"uv":[10.0,3.33333,10.66667,4.66667],"texture":"#1"}}},{"name":"cube inverted","from":[9.0,11.5,13.5],"to":[7.0,2.5,2.5],"rotation":{"angle":0.0,"axis":"x","origin":[8.0,9.5,8.0]},"faces":{"north":{"uv":[1.33333,3.0,0.66667,0.0],"texture":"#1"},"east":{"uv":[7.0,6.66667,3.33333,3.66667],"texture":"#1"},"south":{"uv":[10.0,3.0,10.66667,0.0],"texture":"#1"},"west":{"uv":[3.33333,6.66667,7.0,3.66667],"texture":"#1"},"up":{"uv":[8.66667,0.0,8.0,3.66667],"texture":"#1"},"down":{"uv":[0.66667,0.0,0.0,3.66667],"texture":"#1"}}},{"name":"cube inverted","from":[14.2,11.7,10.2],"to":[11.8,7.3,5.8],"rotation":{"angle":22.5,"axis":"z","origin":[15.0,9.5,8.0]},"faces":{"north":{"uv":[10.0,4.66667,10.66667,3.33333],"texture":"#1"},"south":{"uv":[10.66667,4.66667,10.0,3.33333],"texture":"#1"},"up":{"uv":[10.66667,3.33333,10.0,4.66667],"texture":"#1"},"down":{"uv":[10.66667,4.66667,10.0,3.33333],"texture":"#1"}}},{"name":"cube inverted","from":[4.2,11.7,10.2],"to":[1.8,7.3,5.8],"rotation":{"angle":-22.5,"axis":"z","origin":[1.0,9.5,8.0]},"faces":{"north":{"uv":[10.66667,4.66667,10.0,3.33333],"texture":"#1"},"south":{"uv":[10.0,4.66667,10.66667,3.33333],"texture":"#1"},"up":{"uv":[10.0,3.33333,10.66667,4.66667],"texture":"#1"},"down":{"uv":[10.0,4.66667,10.66667,3.33333],"texture":"#1"}}},{"name":"cube inverted","from":[13.0,11.0,13.0],"to":[3.0,3.0,3.0],"rotation":{"angle":0.0,"axis":"x","origin":[8.0,9.5,8.0]},"faces":{"north":{"uv":[3.33333,9.66667,0.0,7.0],"texture":"#1"},"east":{"uv":[8.0,2.66667,4.66667,0.0],"texture":"#1"},"south":{"uv":[1.33333,2.66667,4.66667,0.0],"texture":"#1"},"west":{"uv":[4.66667,2.66667,8.0,0.0],"texture":"#1"},"down":{"uv":[3.33333,3.66667,0.0,7.0],"texture":"#1"}}},{"name":"cube inverted","from":[13.0,3.0,13.0],"to":[3.0,-1.0,3.0],"rotation":{"angle":0.0,"axis":"x","origin":[8.0,9.5,8.0]},"faces":{"north":{"uv":[11.0,4.0,14.33333,2.66667],"texture":"#1"},"east":{"uv":[11.0,2.66667,14.33333,1.33333],"texture":"#1"},"south":{"uv":[11.0,1.33333,14.33333,0.0],"texture":"#1"},"west":{"uv":[11.0,2.66667,14.33333,1.33333],"texture":"#1"}}},{"name":"cube inverted","from":[13.0,3.0,13.0],"to":[3.0,-1.0,3.0],"rotation":{"angle":0.0,"axis":"x","origin":[8.0,9.5,8.0]},"faces":{"north":{"uv":[11.0,8.33333,14.33333,7.0],"texture":"#1","tintindex":0.0},"east":{"uv":[11.0,9.66667,14.33333,8.33333],"texture":"#1","tintindex":0.0},"south":{"uv":[11.0,11.0,14.33333,9.66667],"texture":"#1","tintindex":0.0},"west":{"uv":[11.0,9.66667,14.33333,8.33333],"texture":"#1","tintindex":0.0}}},{"name":"cube inverted","from":[13.0,11.0,13.0],"to":[3.0,3.0,3.0],"rotation":{"angle":0.0,"axis":"x","origin":[8.0,9.5,8.0]},"faces":{"north":{"uv":[3.33333,15.66667,0.0,13.0],"texture":"#1","tintindex":0.0},"east":{"uv":[8.0,15.66667,4.66667,13.0],"texture":"#1","tintindex":0.0},"south":{"uv":[11.0,7.0,14.33333,4.33333],"texture":"#1","tintindex":0.0},"west":{"uv":[4.66667,15.66667,8.0,13.0],"texture":"#1","tintindex":0.0},"down":{"uv":[3.33333,9.66667,0.0,13.0],"texture":"#1","tintindex":0.0}}},{"name":"cube inverted","from":[13.0,6.0,13.0],"to":[3.0,3.0,3.0],"rotation":{"angle":0.0,"axis":"x","origin":[8.0,9.5,8.0]},"faces":{"north":{"uv":[10.33333,7.0,7.0,6.0],"texture":"#1","tintindex":0.0},"east":{"uv":[8.0,3.66667,4.66667,2.66667],"texture":"#1","tintindex":0.0},"west":{"uv":[4.66667,3.66667,8.0,2.66667],"texture":"#1","tintindex":0.0}}}],"gui_light":"front"}