{"textures":{"0":"mcc:island_cosmetics/head/head_faction_features","particle":"mcc:island_cosmetics/head/head_faction_features"},"credit":"Made with Blockbench","texture_size":[128.0,128.0],"elements":[{"from":[3.3,6.8,3.3],"to":[12.7,9.2,12.7],"rotation":{"angle":0.0,"axis":"x","origin":[8.18333,7.5,8.0]},"faces":{"north":{"uv":[13.75,5.375,14.875,5.625],"texture":"#0","tintindex":0.0},"east":{"uv":[13.75,5.0,14.875,5.25],"texture":"#0","tintindex":0.0},"south":{"uv":[13.75,5.0,14.875,5.25],"texture":"#0","tintindex":0.0},"west":{"uv":[13.75,5.0,14.875,5.25],"texture":"#0","tintindex":0.0},"up":{"uv":[13.125,5.75,13.25,5.875],"texture":"#0","tintindex":0.0},"down":{"uv":[13.125,5.75,13.25,5.875],"texture":"#0","tintindex":0.0}}},{"from":[3.3,6.8,3.3],"to":[12.7,9.2,3.3],"rotation":{"angle":0.0,"axis":"y","origin":[8.0,7.5,8.18333]},"faces":{"north":{"uv":[13.75,5.75,14.875,6.0],"texture":"#0"},"east":{"uv":[13.75,5.0,14.875,5.375],"texture":"#0"},"south":{"uv":[14.875,5.75,13.75,6.0],"texture":"#0"},"west":{"uv":[13.75,5.0,14.875,5.375],"texture":"#0"},"up":{"uv":[11.0,7.625,11.125,7.75],"rotation":90.0,"texture":"#0"},"down":{"uv":[11.0,7.625,11.125,7.75],"rotation":270.0,"texture":"#0"}}},{"from":[3.5,7.0,3.5],"to":[12.5,12.0,12.5],"rotation":{"angle":0.0,"axis":"x","origin":[8.0,10.5,8.0]},"faces":{"north":{"uv":[11.5,5.125,12.625,5.75],"texture":"#0","tintindex":0.0},"east":{"uv":[13.75,4.625,14.875,5.25],"texture":"#0","tintindex":0.0},"south":{"uv":[13.75,4.625,14.875,5.25],"texture":"#0","tintindex":0.0},"west":{"uv":[13.75,4.625,14.875,5.25],"texture":"#0","tintindex":0.0},"up":{"uv":[12.625,4.625,13.75,5.75],"texture":"#0","tintindex":0.0},"down":{"uv":[14.875,4.625,16.0,5.75],"texture":"#0","tintindex":0.0}}},{"from":[8.19133,9.5,8.02446],"to":[16.19133,18.5,8.02446],"rotation":{"angle":-22.5,"axis":"z","origin":[13.69133,14.5,8.02446]},"faces":{"north":{"uv":[14.875,3.625,16.0,4.625],"rotation":90.0,"texture":"#0","tintindex":0.0},"east":{"uv":[14.875,4.625,16.0,5.75],"rotation":270.0,"texture":"#0","tintindex":0.0},"south":{"uv":[16.0,3.625,14.875,4.625],"rotation":270.0,"texture":"#0","tintindex":0.0},"west":{"uv":[12.625,4.625,13.75,5.75],"rotation":270.0,"texture":"#0","tintindex":0.0},"up":{"uv":[13.75,4.625,14.875,5.25],"rotation":270.0,"texture":"#0","tintindex":0.0},"down":{"uv":[13.75,4.625,14.875,5.25],"rotation":270.0,"texture":"#0","tintindex":0.0}}},{"from":[-0.19133,9.5,8.02446],"to":[7.80867,18.5,8.02446],"rotation":{"angle":22.5,"axis":"z","origin":[2.30867,14.5,8.02446]},"faces":{"north":{"uv":[14.875,4.625,16.0,3.625],"rotation":90.0,"texture":"#0","tintindex":0.0},"east":{"uv":[12.625,5.75,13.75,4.625],"rotation":270.0,"texture":"#0","tintindex":0.0},"south":{"uv":[16.0,4.625,14.875,3.625],"rotation":270.0,"texture":"#0","tintindex":0.0},"west":{"uv":[14.875,5.75,16.0,4.625],"rotation":270.0,"texture":"#0","tintindex":0.0},"up":{"uv":[13.75,5.25,14.875,4.625],"rotation":270.0,"texture":"#0","tintindex":0.0},"down":{"uv":[13.75,5.25,14.875,4.625],"rotation":270.0,"texture":"#0","tintindex":0.0}}},{"name":"cube inverted","from":[12.7,9.2,12.7],"to":[3.3,6.8,3.3],"rotation":{"angle":0.0,"axis":"x","origin":[8.18333,7.5,8.0]},"faces":{"north":{"uv":[13.75,5.25,14.875,5.0],"texture":"#0","tintindex":0.0},"east":{"uv":[13.75,5.25,14.875,5.0],"texture":"#0","tintindex":0.0},"south":{"uv":[13.75,5.625,14.875,5.375],"texture":"#0","tintindex":0.0},"west":{"uv":[13.75,5.25,14.875,5.0],"texture":"#0","tintindex":0.0},"up":{"uv":[13.125,5.75,13.25,5.875],"texture":"#0","tintindex":0.0},"down":{"uv":[13.125,5.75,13.25,5.875],"texture":"#0","tintindex":0.0}}}],"gui_light":"front","display":{"thirdperson_righthand":{"rotation":[55.5,34.0,0.0],"translation":[0.0,1.0,0.75],"scale":[0.52539,0.52539,0.52539]},"thirdperson_lefthand":{"rotation":[55.5,34.0,0.0],"translation":[0.0,1.0,0.75],"scale":[0.52539,0.52539,0.52539]},"firstperson_righthand":{"rotation":[21.0,114.5,-13.75],"translation":[9.5,0.0,-5.75],"scale":[0.41992,0.41992,0.41992]},"firstperson_lefthand":{"rotation":[21.0,114.5,-13.75],"translation":[9.5,0.0,-5.75],"scale":[0.41992,0.41992,0.41992]},"gui":{"rotation":[-168.09,-34.89,169.2],"translation":[0.0,-2.25,0.0],"scale":[0.97851,0.97851,0.97851]},"head":{"rotation":[5.73,-0.31,-3.25],"translation":[0.0,2.75,0.25],"scale":[1.76017,1.76017,1.76017]}}}