{"textures":{"0":"mcc:island_cosmetics/general/hat/plunderers_bandana/plunderers_bandana","1":"mcc:island_cosmetics/general/hat/plunderers_bandana/stripe","particle":"mcc:island_cosmetics/general/hat/plunderers_bandana/plunderers_bandana"},"display":{"thirdperson_righthand":{"translation":[0.0,1.0,-1.0],"rotation":[63.0,34.0,0.0],"scale":[0.37891,0.37891,0.37891]},"thirdperson_lefthand":{"translation":[0.0,1.0,-1.0],"rotation":[63.0,34.0,0.0],"scale":[0.37891,0.37891,0.37891]},"firstperson_righthand":{"translation":[9.5,0.0,-5.75],"rotation":[3.0,112.0,-13.0],"scale":[0.35547,0.35547,0.35547]},"firstperson_lefthand":{"translation":[9.5,0.0,-5.75],"rotation":[3.0,112.0,-13.0],"scale":[0.35547,0.35547,0.35547]},"ground":{"translation":[0.0,4.25,0.0],"scale":[0.28906,0.28906,0.28906]},"gui":{"translation":[0.75,2.5,0.0],"rotation":[-149.61,-31.92,-180.0],"scale":[0.91601,0.91601,0.91601]},"head":{"translation":[0.0,5.25,0.0],"rotation":[2.5,0.0,0.0],"scale":[1.61954,1.61954,1.61954]},"fixed":{"translation":[0.0,-3.25,-7.5]}},"credit":"Made with Blockbench","elements":[{"from":[3.5,5.0,3.5],"to":[12.5,10.0,12.5],"rotation":{"angle":0.0,"axis":"y","origin":[0.5,0.0,1.5]},"faces":{"north":{"uv":[0.0,0.0,9.0,5.0],"texture":"#1","tintindex":0.0},"east":{"uv":[0.0,0.0,9.0,5.0],"texture":"#1","tintindex":0.0},"south":{"uv":[0.0,0.0,9.0,5.0],"texture":"#1","tintindex":0.0},"west":{"uv":[0.0,0.0,9.0,5.0],"texture":"#1","tintindex":0.0},"up":{"uv":[7.0,5.0,16.0,14.0],"texture":"#0","tintindex":0.0}}},{"from":[3.5,5.0,3.5],"to":[12.5,10.0,12.5],"rotation":{"angle":0.0,"axis":"y","origin":[0.5,0.0,1.5]},"faces":{"north":{"uv":[0.0,5.0,9.0,10.0],"texture":"#1"},"east":{"uv":[0.0,5.0,9.0,10.0],"texture":"#1"},"south":{"uv":[0.0,5.0,9.0,10.0],"texture":"#1"},"west":{"uv":[0.0,5.0,9.0,10.0],"texture":"#1"}}},{"from":[13.87474,-2.62709,6.5],"to":[13.87474,7.37291,9.5],"rotation":{"angle":22.5,"axis":"z","origin":[13.87474,3.37291,8.0]},"faces":{"north":{"uv":[0.0,0.0,1.0,1.0],"texture":"#missing","tintindex":0.0},"east":{"uv":[4.0,5.0,7.0,15.0],"texture":"#0","tintindex":0.0},"south":{"uv":[0.0,0.0,1.0,1.0],"texture":"#missing","tintindex":0.0},"west":{"uv":[7.0,5.0,4.0,15.0],"texture":"#0","tintindex":0.0},"up":{"uv":[0.0,0.0,1.0,1.0],"texture":"#missing","tintindex":0.0},"down":{"uv":[0.0,0.0,1.0,1.0],"texture":"#missing","tintindex":0.0}}},{"from":[14.0,-2.0,8.5],"to":[14.0,8.0,12.5],"rotation":{"angle":22.5,"axis":"z","origin":[12.875,3.5,9.0]},"faces":{"north":{"uv":[0.0,0.0,1.0,1.0],"texture":"#missing","tintindex":0.0},"east":{"uv":[0.0,5.0,4.0,15.0],"texture":"#0","tintindex":0.0},"south":{"uv":[4.0,5.0,0.0,13.0],"texture":"#0","tintindex":0.0},"west":{"uv":[4.0,5.0,0.0,15.0],"texture":"#0","tintindex":0.0},"up":{"uv":[0.0,0.0,1.0,1.0],"texture":"#missing","tintindex":0.0},"down":{"uv":[0.0,0.0,1.0,1.0],"texture":"#missing","tintindex":0.0}}},{"name":"cube inverted","from":[12.5,10.0,12.5],"to":[3.5,5.0,3.5],"rotation":{"angle":0.0,"axis":"y","origin":[0.5,0.0,1.5]},"faces":{"north":{"uv":[0.0,5.0,9.0,0.0],"texture":"#1","tintindex":0.0},"east":{"uv":[0.0,5.0,9.0,0.0],"texture":"#1","tintindex":0.0},"south":{"uv":[0.0,5.0,9.0,0.0],"texture":"#1","tintindex":0.0},"west":{"uv":[0.0,5.0,9.0,0.0],"texture":"#1","tintindex":0.0},"down":{"uv":[16.0,5.0,7.0,14.0],"texture":"#0","tintindex":0.0}}},{"name":"cube inverted","from":[12.5,10.0,12.5],"to":[3.5,5.0,3.5],"rotation":{"angle":0.0,"axis":"y","origin":[0.5,0.0,1.5]},"faces":{"north":{"uv":[0.0,10.0,9.0,5.0],"texture":"#1"},"east":{"uv":[0.0,10.0,9.0,5.0],"texture":"#1"},"south":{"uv":[0.0,10.0,9.0,5.0],"texture":"#1"},"west":{"uv":[0.0,10.0,9.0,5.0],"texture":"#1"}}}],"gui_light":"front"}