{"textures":{"1":"mcc:island_cosmetics/general/hat/snapback/snapback"},"display":{"thirdperson_righthand":{"translation":[0.0,1.0,0.75],"rotation":[55.5,34.0,0.0],"scale":[0.52539,0.52539,0.52539]},"thirdperson_lefthand":{"translation":[0.0,1.0,0.75],"rotation":[55.5,34.0,0.0],"scale":[0.52539,0.52539,0.52539]},"firstperson_righthand":{"translation":[9.5,0.0,-5.75],"rotation":[21.0,114.5,-13.75],"scale":[0.41992,0.41992,0.41992]},"firstperson_lefthand":{"translation":[9.5,0.0,-5.75],"rotation":[21.0,114.5,-13.75],"scale":[0.41992,0.41992,0.41992]},"gui":{"translation":[1.25,-2.25,0.0],"rotation":[-149.61,-31.92,-180.0],"scale":[0.96484,0.96484,0.96484]},"head":{"translation":[0.0,0.0,-0.25],"rotation":[2.5,0.0,0.0],"scale":[1.64492,1.64492,1.64492]}},"credit":"Made with Blockbench","texture_size":[128.0,128.0],"elements":[{"from":[3.5,9.0,3.5],"to":[12.5,13.0,12.5],"rotation":{"angle":0.0,"axis":"y","origin":[0.5,0.0,17.5]},"faces":{"north":{"uv":[10.0,4.5,5.5,6.5],"texture":"#1","tintindex":0.0},"east":{"uv":[0.0,0.0,4.5,2.0],"texture":"#1","tintindex":0.0},"south":{"uv":[4.5,6.5,0.0,8.5],"texture":"#1","tintindex":0.0},"west":{"uv":[4.5,0.0,0.0,2.0],"texture":"#1","tintindex":0.0},"up":{"uv":[0.0,6.5,4.5,2.0],"texture":"#1","tintindex":0.0}}},{"from":[3.5,8.999,12.5],"to":[12.5,9.999,17.5],"rotation":{"angle":0.0,"axis":"y","origin":[8.0,8.999,15.5]},"faces":{"east":{"uv":[4.5,0.5,7.0,0.0],"rotation":180.0,"texture":"#1"},"west":{"uv":[4.5,0.5,7.0,0.0],"texture":"#1"},"up":{"uv":[7.0,0.0,4.5,4.5],"rotation":270.0,"texture":"#1"}}},{"name":"cube inverted","from":[9.0,13.25,9.0],"to":[7.0,13.25,7.0],"rotation":{"angle":0.0,"axis":"y","origin":[0.5,0.0,17.5]},"faces":{"north":{"uv":[46.5,1.5,41.5,0.0],"texture":"#1","tintindex":0.0},"east":{"uv":[46.5,1.5,41.5,0.0],"texture":"#1","tintindex":0.0},"south":{"uv":[46.5,1.5,41.5,0.0],"texture":"#1","tintindex":0.0},"west":{"uv":[46.5,1.5,41.5,0.0],"texture":"#1","tintindex":0.0},"up":{"uv":[5.5,5.5,4.5,4.5],"texture":"#1","tintindex":0.0},"down":{"uv":[5.5,5.5,4.5,4.5],"texture":"#1","tintindex":0.0}}},{"name":"cube inverted","from":[12.5,13.0,12.5],"to":[3.5,9.0,3.5],"rotation":{"angle":0.0,"axis":"y","origin":[0.5,0.0,17.5]},"faces":{"north":{"uv":[4.5,8.5,0.0,6.5],"texture":"#1","tintindex":0.0},"east":{"uv":[4.5,2.0,0.0,0.0],"texture":"#1","tintindex":0.0},"south":{"uv":[10.0,6.5,5.5,4.5],"texture":"#1","tintindex":0.0},"west":{"uv":[0.0,2.0,4.5,0.0],"texture":"#1","tintindex":0.0},"down":{"uv":[4.5,6.5,0.0,2.0],"texture":"#1","tintindex":0.0}}},{"name":"cube inverted","from":[12.5,13.0,3.5],"to":[3.5,9.0,3.5],"rotation":{"angle":0.0,"axis":"y","origin":[0.5,0.0,17.5]},"faces":{"north":{"uv":[9.0,8.5,4.5,6.5],"texture":"#1"},"south":{"uv":[9.0,8.5,4.5,6.5],"texture":"#1"}}},{"name":"cube inverted","from":[12.5,9.999,17.5],"to":[3.5,8.999,12.5],"rotation":{"angle":0.0,"axis":"y","origin":[8.0,8.999,15.5]},"faces":{"east":{"uv":[4.5,0.0,7.0,0.5],"texture":"#1"},"west":{"uv":[4.5,0.0,7.0,0.5],"rotation":180.0,"texture":"#1"},"down":{"uv":[7.0,4.5,4.5,0.0],"rotation":270.0,"texture":"#1"}}}],"gui_light":"front"}