{"textures":{"2":"mcc:island_cosmetics/general/hat/forest_witch_hat/forest_witch_hat","4":"mcc:island_cosmetics/general/hat/forest_witch_hat/forest_witch_hat_glow"},"elements":[{"from":[5.0,8.5,4.97161],"to":[11.0,13.5,10.97161],"rotation":{"angle":0.0,"axis":"y","origin":[-10.0,0.5,7.97161]},"faces":{"north":{"uv":[4.125,6.25,4.875,6.875],"texture":"#2"},"east":{"uv":[5.0,6.25,5.75,6.875],"texture":"#2"},"south":{"uv":[5.875,6.25,6.625,6.875],"texture":"#2"},"west":{"uv":[0.0,6.375,0.75,7.0],"texture":"#2"},"up":{"uv":[4.0,6.25,3.25,5.5],"texture":"#2"},"down":{"uv":[7.0,3.625,6.25,4.375],"texture":"#2"}}},{"from":[6.0,13.56569,12.32917],"to":[10.0,18.56569,16.32917],"rotation":{"angle":22.5,"axis":"x","origin":[-10.0,29.5,7.97161]},"faces":{"north":{"uv":[0.875,6.375,1.375,7.0],"texture":"#2"},"east":{"uv":[1.5,6.375,2.0,7.0],"texture":"#2"},"south":{"uv":[2.125,6.375,2.625,7.0],"texture":"#2"},"west":{"uv":[2.75,6.375,3.25,7.0],"texture":"#2"},"up":{"uv":[3.875,6.875,3.375,6.375],"texture":"#2"},"down":{"uv":[7.125,4.5,6.625,5.0],"texture":"#2"}}},{"from":[7.0,17.06569,16.07917],"to":[9.0,19.06569,20.07917],"rotation":{"angle":22.5,"axis":"x","origin":[-10.0,29.5,7.97161]},"faces":{"north":{"uv":[6.25,4.5,6.5,4.75],"texture":"#2"},"east":{"uv":[6.875,1.0,7.375,1.25],"texture":"#2"},"south":{"uv":[6.875,2.375,7.125,2.625],"texture":"#2"},"west":{"uv":[6.875,1.375,7.375,1.625],"texture":"#2"},"up":{"uv":[7.125,2.25,6.875,1.75],"texture":"#2"},"down":{"uv":[3.625,7.0,3.375,7.5],"texture":"#2"}}},{"from":[6.5,14.73044,7.81309],"to":[9.5,17.73044,11.81309],"rotation":{"angle":0.0,"axis":"y","origin":[-10.5,30.23044,9.81309]},"faces":{"north":{"uv":[6.875,0.0,7.25,0.375],"texture":"#2"},"east":{"uv":[6.625,5.125,7.125,5.5],"texture":"#2"},"south":{"uv":[6.875,0.5,7.25,0.875],"texture":"#2"},"west":{"uv":[6.625,5.625,7.125,6.0],"texture":"#2"},"up":{"uv":[7.125,6.625,6.75,6.125],"texture":"#2"},"down":{"uv":[7.125,6.75,6.75,7.25],"texture":"#2"}}},{"from":[-2.5,10.56569,-10.32449],"to":[18.5,10.56569,-0.32449],"rotation":{"angle":-22.5,"axis":"x","origin":[-10.0,23.5,4.97161]},"faces":{"north":{"uv":[0.0,7.125,2.625,7.125],"texture":"#2"},"east":{"uv":[7.125,3.625,8.375,3.625],"texture":"#2"},"south":{"uv":[7.125,3.75,9.75,3.75],"texture":"#2"},"west":{"uv":[7.125,3.875,8.375,3.875],"texture":"#2"},"up":{"uv":[2.625,1.25,0.0,0.0],"texture":"#2"},"down":{"uv":[2.625,1.375,0.0,2.625],"texture":"#2"}}},{"from":[-2.5,10.56569,16.32917],"to":[18.5,10.56569,26.32917],"rotation":{"angle":22.5,"axis":"x","origin":[-10.0,23.5,10.97161]},"faces":{"north":{"uv":[7.25,2.0,9.875,2.0],"texture":"#2"},"east":{"uv":[7.25,2.125,8.5,2.125],"texture":"#2"},"south":{"uv":[7.25,2.25,9.875,2.25],"texture":"#2"},"west":{"uv":[7.25,2.375,8.5,2.375],"texture":"#2"},"up":{"uv":[6.75,1.25,4.125,0.0],"texture":"#2"},"down":{"uv":[6.75,1.375,4.125,2.625],"texture":"#2"}}},{"from":[-11.72774,3.67738,-2.52839],"to":[-1.72774,3.67738,18.47161],"rotation":{"angle":22.5,"axis":"z","origin":[-13.0,23.5,7.97161]},"faces":{"north":{"uv":[7.125,4.0,8.375,4.0],"texture":"#2"},"east":{"uv":[7.125,4.125,9.75,4.125],"texture":"#2"},"south":{"uv":[7.125,4.25,8.375,4.25],"texture":"#2"},"west":{"uv":[7.125,4.375,9.75,4.375],"texture":"#2"},"up":{"uv":[1.25,5.375,0.0,2.75],"texture":"#2"},"down":{"uv":[4.0,0.0,2.75,2.625],"texture":"#2"}}},{"from":[14.9874,17.45399,-2.52839],"to":[24.9874,17.45399,18.47161],"rotation":{"angle":-22.5,"axis":"z","origin":[-7.0,23.5,7.97161]},"faces":{"north":{"uv":[0.0,7.25,1.25,7.25],"texture":"#2"},"east":{"uv":[7.25,1.75,9.875,1.75],"texture":"#2"},"south":{"uv":[1.375,7.25,2.625,7.25],"texture":"#2"},"west":{"uv":[7.25,1.875,9.875,1.875],"texture":"#2"},"up":{"uv":[2.625,5.375,1.375,2.75],"texture":"#2"},"down":{"uv":[4.0,2.75,2.75,5.375],"texture":"#2"}}},{"from":[3.0,9.5,8.97161],"to":[5.0,11.5,10.97161],"rotation":{"angle":0.0,"axis":"y","origin":[-10.0,23.5,8.97161]},"faces":{"north":{"uv":[3.75,7.0,4.0,7.25],"texture":"#2"},"east":{"uv":[4.125,7.0,4.375,7.25],"texture":"#2"},"south":{"uv":[4.5,7.0,4.75,7.25],"texture":"#2"},"west":{"uv":[4.875,7.0,5.125,7.25],"texture":"#2"},"up":{"uv":[5.5,7.25,5.25,7.0],"texture":"#2"},"down":{"uv":[5.875,7.0,5.625,7.25],"texture":"#2"}}},{"from":[11.5,13.75,11.5],"to":[4.5,9.0,4.5],"rotation":{"angle":0.0,"axis":"y","origin":[7.0,0.0,7.0]},"faces":{"north":{"uv":[2.0,0.0,3.75,1.25],"texture":"#4"},"east":{"uv":[2.0,1.5,3.75,2.75],"texture":"#4"},"south":{"uv":[2.0,3.0,3.75,4.25],"texture":"#4"},"west":{"uv":[0.0,4.0,1.75,5.25],"texture":"#4"},"up":{"uv":[1.75,1.75,0.0,0.0],"texture":"#4"},"down":{"uv":[1.75,2.0,0.0,3.75],"texture":"#4"}}},{"from":[10.25,17.90536,13.44055],"to":[5.75,12.65536,8.94055],"rotation":{"angle":22.5,"axis":"x","origin":[7.5,21.15536,8.69055]},"faces":{"north":{"uv":[4.0,0.0,5.25,1.25],"texture":"#4"},"east":{"uv":[4.0,1.5,5.25,2.75],"texture":"#4"},"south":{"uv":[4.0,3.0,5.25,4.25],"texture":"#4"},"west":{"uv":[2.0,4.5,3.25,5.75],"texture":"#4"},"up":{"uv":[4.75,5.75,3.5,4.5],"texture":"#4"},"down":{"uv":[6.25,4.5,5.0,5.75],"texture":"#4"}}},{"from":[9.75,17.98044,12.06309],"to":[6.25,14.48044,7.81309],"rotation":{"angle":0.0,"axis":"y","origin":[-7.0,30.23044,9.81309]},"faces":{"north":{"uv":[0.0,5.5,1.0,6.5],"texture":"#4"},"east":{"uv":[5.5,0.0,6.5,1.0],"texture":"#4"},"south":{"uv":[5.5,1.25,6.5,2.25],"texture":"#4"},"west":{"uv":[5.5,2.5,6.5,3.5],"texture":"#4"},"up":{"uv":[2.25,7.0,1.25,6.0],"texture":"#4"},"down":{"uv":[3.5,6.0,2.5,7.0],"texture":"#4"}}},{"from":[9.25,19.31569,20.32917],"to":[6.75,16.81569,16.07917],"rotation":{"angle":22.5,"axis":"x","origin":[-7.5,29.5,7.97161]},"faces":{"north":{"uv":[4.75,7.0,5.5,7.75],"texture":"#4"},"east":{"uv":[0.0,6.75,1.0,7.5],"texture":"#4"},"south":{"uv":[5.75,7.0,6.5,7.75],"texture":"#4"},"west":{"uv":[6.75,1.0,7.75,1.75],"texture":"#4"},"up":{"uv":[7.5,3.0,6.75,2.0],"texture":"#4"},"down":{"uv":[4.5,7.0,3.75,8.0],"texture":"#4"}}},{"from":[4.0,9.0,2.0],"to":[4.0,17.0,18.0],"rotation":{"angle":22.5,"axis":"y","origin":[4.0,13.0,10.0]},"faces":{"north":{"uv":[6.0,7.0,6.0,8.0],"texture":"#2"},"east":{"uv":[6.125,3.875,4.125,4.875],"texture":"#2"},"south":{"uv":[6.125,7.0,6.125,8.0],"texture":"#2"},"west":{"uv":[4.125,3.875,6.125,4.875],"texture":"#2"},"up":{"uv":[6.25,9.0,6.25,7.0],"texture":"#2"},"down":{"uv":[6.375,7.0,6.375,9.0],"texture":"#2"}}},{"from":[5.56703,7.5,15.07366],"to":[13.56703,13.5,15.07366],"rotation":{"angle":22.5,"axis":"y","origin":[13.47168,10.0,14.59534]},"faces":{"north":{"uv":[2.125,5.5,1.125,6.25],"texture":"#2"},"east":{"uv":[6.5,7.0,6.5,7.75],"texture":"#2"},"south":{"uv":[1.125,5.5,2.125,6.25],"texture":"#2"},"west":{"uv":[6.625,7.0,6.625,7.75],"texture":"#2"},"up":{"uv":[8.25,2.5,7.25,2.5],"texture":"#2"},"down":{"uv":[8.25,2.625,7.25,2.625],"texture":"#2"}}},{"from":[13.95,7.5,7.69068],"to":[13.95,13.5,14.69068],"rotation":{"angle":-45.0,"axis":"y","origin":[13.47168,10.0,14.59534]},"faces":{"north":{"uv":[2.75,7.125,2.75,7.875],"texture":"#2"},"east":{"uv":[2.25,5.5,3.125,6.25],"texture":"#2"},"south":{"uv":[2.875,7.125,2.875,7.875],"texture":"#2"},"west":{"uv":[3.125,5.5,2.25,6.25],"texture":"#2"},"up":{"uv":[3.0,8.0,3.0,7.125],"texture":"#2"},"down":{"uv":[3.125,7.125,3.125,8.0],"texture":"#2"}}},{"from":[8.0,10.0,13.0],"to":[8.0,19.0,22.0],"rotation":{"angle":0.0,"axis":"y","origin":[7.0,0.0,7.0]},"faces":{"north":{"uv":[3.25,7.125,3.25,8.25],"texture":"#2"},"east":{"uv":[4.125,5.0,5.25,6.125],"texture":"#2"},"south":{"uv":[7.25,4.5,7.25,5.625],"texture":"#2"},"west":{"uv":[5.375,5.0,6.5,6.125],"texture":"#2"},"up":{"uv":[7.25,6.875,7.25,5.75],"texture":"#2"},"down":{"uv":[7.25,7.0,7.25,8.125],"texture":"#2"}}},{"from":[13.75,6.15437,-3.78652],"to":[2.25,6.00437,-4.78652],"rotation":{"angle":-22.5,"axis":"x","origin":[19.25,6.07937,-3.28652]},"faces":{"north":{"uv":[5.5,3.75,8.5,4.0],"texture":"#4"},"east":{"uv":[1.25,5.5,1.5,5.75],"texture":"#4"},"south":{"uv":[3.75,6.0,6.75,6.25],"texture":"#4"},"west":{"uv":[3.0,8.25,3.25,8.5],"texture":"#4"},"up":{"uv":[6.75,6.75,3.75,6.5],"texture":"#4"},"down":{"uv":[9.5,4.25,6.5,4.5],"texture":"#4"}}},{"from":[16.75,6.15437,-2.53652],"to":[13.25,6.00437,-3.78652],"rotation":{"angle":-22.5,"axis":"x","origin":[13.75,6.07937,-3.28652]},"faces":{"north":{"uv":[6.75,3.25,7.75,3.5],"texture":"#4"},"east":{"uv":[3.5,8.25,3.75,8.5],"texture":"#4"},"south":{"uv":[7.0,5.75,8.0,6.0],"texture":"#4"},"west":{"uv":[4.0,8.25,4.25,8.5],"texture":"#4"},"up":{"uv":[8.0,6.5,7.0,6.25],"texture":"#4"},"down":{"uv":[7.75,7.0,6.75,7.25],"texture":"#4"}}},{"from":[2.75,6.15437,-2.53652],"to":[-0.75,6.00437,-3.78652],"rotation":{"angle":-22.5,"axis":"x","origin":[2.25,6.07937,-3.28652]},"faces":{"north":{"uv":[1.25,7.25,2.25,7.5],"texture":"#4"},"east":{"uv":[8.25,5.75,8.5,6.0],"texture":"#4"},"south":{"uv":[2.5,7.25,3.5,7.5],"texture":"#4"},"west":{"uv":[8.25,6.25,8.5,6.5],"texture":"#4"},"up":{"uv":[7.75,7.75,6.75,7.5],"texture":"#4"},"down":{"uv":[1.0,7.75,0.0,8.0],"texture":"#4"}}},{"from":[19.0,6.34571,-1.57458],"to":[16.25,6.19571,-2.82458],"rotation":{"angle":-22.5,"axis":"x","origin":[13.25,6.27071,-2.82458]},"faces":{"north":{"uv":[8.0,1.0,8.75,1.25],"texture":"#4"},"east":{"uv":[4.5,8.5,4.75,8.75],"texture":"#4"},"south":{"uv":[8.0,1.5,8.75,1.75],"texture":"#4"},"west":{"uv":[5.0,8.5,5.25,8.75],"texture":"#4"},"up":{"uv":[8.75,3.25,8.0,3.0],"texture":"#4"},"down":{"uv":[5.5,8.0,4.75,8.25],"texture":"#4"}}},{"from":[-0.25,6.34571,-1.57458],"to":[-3.0,6.19571,-2.82458],"rotation":{"angle":-22.5,"axis":"x","origin":[2.75,6.27071,-2.82458]},"faces":{"north":{"uv":[5.75,8.0,6.5,8.25],"texture":"#4"},"east":{"uv":[5.5,8.5,5.75,8.75],"texture":"#4"},"south":{"uv":[6.75,8.0,7.5,8.25],"texture":"#4"},"west":{"uv":[6.0,8.5,6.25,8.75],"texture":"#4"},"up":{"uv":[8.75,7.0,8.0,6.75],"texture":"#4"},"down":{"uv":[8.75,7.25,8.0,7.5],"texture":"#4"}}},{"from":[13.75,6.15437,20.78652],"to":[2.25,6.00437,19.78652],"rotation":{"angle":22.5,"axis":"x","origin":[19.25,6.07937,19.28652]},"faces":{"north":{"uv":[6.5,4.75,9.5,5.0],"texture":"#4"},"east":{"uv":[6.5,8.5,6.75,8.75],"texture":"#4"},"south":{"uv":[6.5,5.25,9.5,5.5],"texture":"#4"},"west":{"uv":[7.0,8.5,7.25,8.75],"texture":"#4"},"up":{"uv":[9.75,0.25,6.75,0.0],"texture":"#4"},"down":{"uv":[9.75,0.5,6.75,0.75],"texture":"#4"}}},{"from":[16.75,6.15437,19.78652],"to":[13.25,6.00437,18.53652],"rotation":{"angle":22.5,"axis":"x","origin":[13.75,6.07937,19.28652]},"faces":{"north":{"uv":[2.5,7.25,3.5,7.5],"texture":"#4"},"east":{"uv":[8.25,6.25,8.5,6.5],"texture":"#4"},"south":{"uv":[1.25,7.25,2.25,7.5],"texture":"#4"},"west":{"uv":[8.25,5.75,8.5,6.0],"texture":"#4"},"up":{"uv":[2.25,8.0,1.25,7.75],"texture":"#4"},"down":{"uv":[8.75,2.0,7.75,2.25],"texture":"#4"}}},{"from":[2.75,6.15437,19.78652],"to":[-0.75,6.00437,18.53652],"rotation":{"angle":22.5,"axis":"x","origin":[2.25,6.07937,19.28652]},"faces":{"north":{"uv":[7.0,5.75,8.0,6.0],"texture":"#4"},"east":{"uv":[4.0,8.25,4.25,8.5],"texture":"#4"},"south":{"uv":[6.75,3.25,7.75,3.5],"texture":"#4"},"west":{"uv":[3.5,8.25,3.75,8.5],"texture":"#4"},"up":{"uv":[3.5,8.0,2.5,7.75],"texture":"#4"},"down":{"uv":[8.75,2.5,7.75,2.75],"texture":"#4"}}},{"from":[19.0,6.34571,18.82458],"to":[16.25,6.19571,17.57458],"rotation":{"angle":22.5,"axis":"x","origin":[13.25,6.27071,18.82458]},"faces":{"north":{"uv":[6.75,8.0,7.5,8.25],"texture":"#4"},"east":{"uv":[6.0,8.5,6.25,8.75],"texture":"#4"},"south":{"uv":[5.75,8.0,6.5,8.25],"texture":"#4"},"west":{"uv":[5.5,8.5,5.75,8.75],"texture":"#4"},"up":{"uv":[8.5,8.25,7.75,8.0],"texture":"#4"},"down":{"uv":[0.75,8.25,0.0,8.5],"texture":"#4"}}},{"from":[-0.25,6.34571,18.82458],"to":[-3.0,6.19571,17.57458],"rotation":{"angle":22.5,"axis":"x","origin":[2.75,6.27071,18.82458]},"faces":{"north":{"uv":[8.0,1.5,8.75,1.75],"texture":"#4"},"east":{"uv":[5.0,8.5,5.25,8.75],"texture":"#4"},"south":{"uv":[8.0,1.0,8.75,1.25],"texture":"#4"},"west":{"uv":[4.5,8.5,4.75,8.75],"texture":"#4"},"up":{"uv":[1.75,8.5,1.0,8.25],"texture":"#4"},"down":{"uv":[2.75,8.25,2.0,8.5],"texture":"#4"}}},{"from":[20.0625,10.47829,13.77122],"to":[19.0625,10.32829,2.27122],"rotation":{"angle":-22.5,"axis":"z","origin":[8.0,6.10329,-3.22878]},"faces":{"north":{"uv":[3.0,8.25,3.25,8.5],"texture":"#4"},"east":{"uv":[5.5,3.75,8.5,4.0],"texture":"#4"},"south":{"uv":[1.25,5.5,1.5,5.75],"texture":"#4"},"west":{"uv":[3.75,6.0,6.75,6.25],"texture":"#4"},"up":{"uv":[6.75,6.75,3.75,6.5],"texture":"#4"},"down":{"uv":[9.5,4.25,6.5,4.5],"texture":"#4"}}},{"from":[19.0625,10.47829,16.77122],"to":[17.8125,10.32829,13.27122],"rotation":{"angle":-22.5,"axis":"z","origin":[8.0,6.10329,-3.22878]},"faces":{"north":{"uv":[4.0,8.25,4.25,8.5],"texture":"#4"},"east":{"uv":[6.75,3.25,7.75,3.5],"texture":"#4"},"south":{"uv":[3.5,8.25,3.75,8.5],"texture":"#4"},"west":{"uv":[7.0,5.75,8.0,6.0],"texture":"#4"},"up":{"uv":[8.0,6.5,7.0,6.25],"texture":"#4"},"down":{"uv":[7.75,7.0,6.75,7.25],"texture":"#4"}}},{"from":[19.0625,10.47829,2.77122],"to":[17.8125,10.32829,-0.72878],"rotation":{"angle":-22.5,"axis":"z","origin":[8.0,6.10329,-3.22878]},"faces":{"north":{"uv":[8.25,6.25,8.5,6.5],"texture":"#4"},"east":{"uv":[1.25,7.25,2.25,7.5],"texture":"#4"},"south":{"uv":[8.25,5.75,8.5,6.0],"texture":"#4"},"west":{"uv":[2.5,7.25,3.5,7.5],"texture":"#4"},"up":{"uv":[7.75,7.75,6.75,7.5],"texture":"#4"},"down":{"uv":[1.0,7.75,0.0,8.0],"texture":"#4"}}},{"from":[18.0625,10.47829,19.02122],"to":[16.8125,10.32829,16.27122],"rotation":{"angle":-22.5,"axis":"z","origin":[8.0,6.10329,-3.22878]},"faces":{"north":{"uv":[5.0,8.5,5.25,8.75],"texture":"#4"},"east":{"uv":[8.0,1.0,8.75,1.25],"texture":"#4"},"south":{"uv":[4.5,8.5,4.75,8.75],"texture":"#4"},"west":{"uv":[8.0,1.5,8.75,1.75],"texture":"#4"},"up":{"uv":[8.75,3.25,8.0,3.0],"texture":"#4"},"down":{"uv":[5.5,8.0,4.75,8.25],"texture":"#4"}}},{"from":[18.0625,10.47829,-0.22878],"to":[16.8125,10.32829,-2.97878],"rotation":{"angle":-22.5,"axis":"z","origin":[8.0,6.10329,-3.22878]},"faces":{"north":{"uv":[6.0,8.5,6.25,8.75],"texture":"#4"},"east":{"uv":[5.75,8.0,6.5,8.25],"texture":"#4"},"south":{"uv":[5.5,8.5,5.75,8.75],"texture":"#4"},"west":{"uv":[6.75,8.0,7.5,8.25],"texture":"#4"},"up":{"uv":[8.75,7.0,8.0,6.75],"texture":"#4"},"down":{"uv":[8.75,7.25,8.0,7.5],"texture":"#4"}}},{"from":[-3.0625,10.47829,13.77122],"to":[-4.0625,10.32829,2.27122],"rotation":{"angle":22.5,"axis":"z","origin":[8.0,6.10329,-3.22878]},"faces":{"north":{"uv":[7.0,8.5,7.25,8.75],"texture":"#4"},"east":{"uv":[6.5,4.75,9.5,5.0],"texture":"#4"},"south":{"uv":[6.5,8.5,6.75,8.75],"texture":"#4"},"west":{"uv":[6.5,5.25,9.5,5.5],"texture":"#4"},"up":{"uv":[9.75,0.25,6.75,0.0],"texture":"#4"},"down":{"uv":[9.75,0.5,6.75,0.75],"texture":"#4"}}},{"from":[-1.8125,10.47829,16.77122],"to":[-3.0625,10.32829,13.27122],"rotation":{"angle":22.5,"axis":"z","origin":[8.0,6.10329,-3.22878]},"faces":{"north":{"uv":[8.25,5.75,8.5,6.0],"texture":"#4"},"east":{"uv":[2.5,7.25,3.5,7.5],"texture":"#4"},"south":{"uv":[8.25,6.25,8.5,6.5],"texture":"#4"},"west":{"uv":[1.25,7.25,2.25,7.5],"texture":"#4"},"up":{"uv":[2.25,8.0,1.25,7.75],"texture":"#4"},"down":{"uv":[8.75,2.0,7.75,2.25],"texture":"#4"}}},{"from":[-1.8125,10.47829,2.77122],"to":[-3.0625,10.32829,-0.72878],"rotation":{"angle":22.5,"axis":"z","origin":[8.0,6.10329,-3.22878]},"faces":{"north":{"uv":[3.5,8.25,3.75,8.5],"texture":"#4"},"east":{"uv":[7.0,5.75,8.0,6.0],"texture":"#4"},"south":{"uv":[4.0,8.25,4.25,8.5],"texture":"#4"},"west":{"uv":[6.75,3.25,7.75,3.5],"texture":"#4"},"up":{"uv":[3.5,8.0,2.5,7.75],"texture":"#4"},"down":{"uv":[8.75,2.5,7.75,2.75],"texture":"#4"}}},{"from":[-0.8125,10.47829,19.02122],"to":[-2.0625,10.32829,16.27122],"rotation":{"angle":22.5,"axis":"z","origin":[8.0,6.10329,-3.22878]},"faces":{"north":{"uv":[5.5,8.5,5.75,8.75],"texture":"#4"},"east":{"uv":[6.75,8.0,7.5,8.25],"texture":"#4"},"south":{"uv":[6.0,8.5,6.25,8.75],"texture":"#4"},"west":{"uv":[5.75,8.0,6.5,8.25],"texture":"#4"},"up":{"uv":[8.5,8.25,7.75,8.0],"texture":"#4"},"down":{"uv":[0.75,8.25,0.0,8.5],"texture":"#4"}}},{"from":[-0.8125,10.47829,-0.22878],"to":[-2.0625,10.32829,-2.97878],"rotation":{"angle":22.5,"axis":"z","origin":[8.0,6.10329,-3.22878]},"faces":{"north":{"uv":[4.5,8.5,4.75,8.75],"texture":"#4"},"east":{"uv":[8.0,1.5,8.75,1.75],"texture":"#4"},"south":{"uv":[5.0,8.5,5.25,8.75],"texture":"#4"},"west":{"uv":[8.0,1.0,8.75,1.25],"texture":"#4"},"up":{"uv":[1.75,8.5,1.0,8.25],"texture":"#4"},"down":{"uv":[2.75,8.25,2.0,8.5],"texture":"#4"}}}],"display":{"thirdperson_righthand":{"rotation":[-10.14,-22.25,-1.82],"scale":[0.5,0.5,0.5]},"thirdperson_lefthand":{"rotation":[-10.14,-22.25,-1.82],"scale":[0.5,0.5,0.5]},"firstperson_righthand":{"rotation":[-180.0,54.0,-180.0],"scale":[0.5,0.5,0.5]},"firstperson_lefthand":{"rotation":[-180.0,54.0,-180.0],"scale":[0.5,0.5,0.5]},"ground":{"rotation":[16.0,0.0,0.0],"scale":[0.5,0.5,0.5]},"gui":{"rotation":[-169.22,42.42,-174.08],"scale":[0.5,0.5,0.5]},"head":{"translation":[-1.25,6.25,0.0],"rotation":[0.0,-9.5,4.5],"scale":[1.6,1.6,1.6]},"fixed":{"translation":[0.0,0.0,-2.25],"rotation":[-18.34,-9.87,5.15],"scale":[0.5,0.5,0.5]}},"credit":"Made with Blockbench","gui_light":"front"}