{"textures":{"1":"mcc:island_cosmetics/general/hat/propeller_hat/propeller_anim","2":"mcc:island_cosmetics/general/hat/propeller_hat/propeller_hat","particle":"mcc:island_cosmetics/general/hat/propeller_hat/propeller_anim"},"elements":[{"from":[3.5,9.0,3.5],"to":[12.5,13.0,12.5],"rotation":{"angle":0.0,"axis":"y","origin":[15.5,0.0,-1.5]},"faces":{"north":{"uv":[7.5,5.5,3.0,7.5],"texture":"#2"},"east":{"uv":[12.5,4.5,8.0,6.5],"texture":"#2"},"south":{"uv":[7.5,1.5,3.0,3.5],"texture":"#2"},"west":{"uv":[7.5,3.5,3.0,5.5],"texture":"#2"},"up":{"uv":[12.5,0.0,8.0,4.5],"texture":"#2"}}},{"from":[2.5,16.0,6.5],"to":[13.5,16.0,9.5],"rotation":{"angle":0.0,"axis":"y","origin":[8.0,16.0,8.5]},"faces":{"up":{"uv":[0.0,6.0,11.0,9.0],"texture":"#1"},"down":{"uv":[0.0,6.0,11.0,9.0],"texture":"#1"}}},{"from":[6.5,16.0,2.5],"to":[9.5,16.0,13.5],"rotation":{"angle":0.0,"axis":"y","origin":[8.0,16.0,8.0]},"faces":{"up":{"uv":[0.0,0.0,11.0,3.0],"texture":"#1","rotation":90},"down":{"uv":[0.0,0.0,11.0,3.0],"texture":"#1","rotation":90}}},{"from":[2.5,16.0,6.5],"to":[13.5,16.0,9.5],"rotation":{"angle":-45.0,"axis":"y","origin":[8.0,16.0,8.0]},"faces":{"up":{"uv":[0.0,9.0,11.0,12.0],"texture":"#1"},"down":{"uv":[0.0,9.0,11.0,12.0],"texture":"#1"}}},{"from":[6.5,16.0,2.5],"to":[9.5,16.0,13.5],"rotation":{"angle":-45.0,"axis":"y","origin":[8.0,16.0,8.0]},"faces":{"up":{"uv":[0.0,3.0,11.0,6.0],"texture":"#1","rotation":90},"down":{"uv":[0.0,3.0,11.0,6.0],"texture":"#1","rotation":90}}},{"from":[7.49,12.99,7.49],"to":[8.51,17.01,8.51],"rotation":{"angle":0.0,"axis":"y","origin":[0.5,0.0,-1.5]},"faces":{"north":{"uv":[13.0,0.0,13.5,2.0],"texture":"#2"},"east":{"uv":[13.0,0.0,13.5,2.0],"texture":"#2"},"south":{"uv":[13.0,0.0,13.5,2.0],"texture":"#2"},"west":{"uv":[13.0,0.0,13.5,2.0],"texture":"#2"},"up":{"uv":[13.0,0.0,13.5,0.5],"texture":"#2"},"down":{"uv":[13.0,1.5,13.5,2.0],"texture":"#2"}}},{"from":[3.5,8.999,-1.5],"to":[12.5,9.999,3.5],"rotation":{"angle":0.0,"axis":"y","origin":[8.0,8.999,0.5]},"faces":{"east":{"uv":[0.0,4.5,2.5,4.0],"texture":"#2"},"west":{"uv":[0.0,4.5,2.5,4.0],"texture":"#2"},"up":{"uv":[2.5,0.0,0.0,4.5],"texture":"#2","rotation":90}}},{"from":[12.5,13.0,12.5],"to":[3.5,9.0,3.5],"rotation":{"angle":0.0,"axis":"y","origin":[15.5,0.0,-1.5]},"faces":{"north":{"uv":[7.5,3.5,3.0,1.5],"texture":"#2"},"east":{"uv":[7.5,5.5,3.0,3.5],"texture":"#2"},"south":{"uv":[7.5,7.5,3.0,5.5],"texture":"#2"},"west":{"uv":[12.5,6.5,8.0,4.5],"texture":"#2"},"down":{"uv":[8.0,0.0,12.5,4.5],"texture":"#2"}}},{"from":[12.5,9.999,3.5],"to":[3.5,8.999,-1.5],"rotation":{"angle":0.0,"axis":"y","origin":[8.0,8.999,0.5]},"faces":{"east":{"uv":[0.0,4.0,2.5,4.5],"texture":"#2"},"west":{"uv":[0.0,4.0,2.5,4.5],"texture":"#2"},"down":{"uv":[2.5,4.5,0.0,0.0],"texture":"#2","rotation":90}}}],"display":{"thirdperson_righthand":{"translation":[0.0,1.0,0.75],"rotation":[55.5,34.0,0.0],"scale":[0.52539,0.52539,0.52539]},"thirdperson_lefthand":{"translation":[0.0,1.0,0.75],"rotation":[55.5,34.0,0.0],"scale":[0.52539,0.52539,0.52539]},"firstperson_righthand":{"translation":[9.5,0.0,-5.75],"rotation":[21.0,114.5,-13.75],"scale":[0.41992,0.41992,0.41992]},"firstperson_lefthand":{"translation":[9.5,0.0,-5.75],"rotation":[21.0,114.5,-13.75],"scale":[0.41992,0.41992,0.41992]},"gui":{"translation":[-1.25,-2.25,0.0],"rotation":[-149.61,-31.92,-180.0],"scale":[0.92577,0.92577,0.92577]},"head":{"translation":[0.0,0.0,-0.25],"rotation":[2.5,0.0,0.0],"scale":[1.64492,1.64492,1.64492]}},"credit":"Made with Blockbench","gui_light":"front"}