{"textures":{"0":"mcc:island_cosmetics/general/hat/tester_cap/tester_cap","1":"mcc:island_cosmetics/general/hat/tester_cap/tester_anim","particle":"mcc:island_cosmetics/general/hat/tester_cap/tester_cap"},"elements":[{"from":[3.5,9.0,3.5],"to":[12.5,13.0,12.5],"rotation":{"angle":0.0,"axis":"y","origin":[15.5,0.0,-1.5]},"faces":{"north":{"uv":[3.875,3.125,2.75,3.625],"texture":"#0"},"east":{"uv":[3.875,2.5,2.75,3.0],"texture":"#0"},"south":{"uv":[3.875,2.5,2.75,3.0],"texture":"#0"},"west":{"uv":[3.875,2.5,2.75,3.0],"texture":"#0"},"up":{"uv":[5.125,1.75,4.0,2.875],"texture":"#0"}}},{"from":[13.0,8.0,6.5],"to":[13.0,14.0,17.5],"rotation":{"angle":0.0,"axis":"y","origin":[13.5,11.0,12.0]},"faces":{"north":{"uv":[3.875,3.125,2.75,3.625],"texture":"#0"},"east":{"uv":[0.0,4.0,12.0,10.0],"texture":"#1"},"south":{"uv":[3.875,2.5,2.75,3.0],"texture":"#0"},"west":{"uv":[12.0,4.0,0.0,10.0],"texture":"#1"},"up":{"uv":[5.125,1.75,4.0,2.875],"texture":"#0"}}},{"from":[3.0,8.0,6.5],"to":[3.0,14.0,17.5],"rotation":{"angle":0.0,"axis":"y","origin":[13.5,11.0,12.0]},"faces":{"north":{"uv":[3.875,3.125,2.75,3.625],"texture":"#0"},"east":{"uv":[0.0,10.0,12.0,16.0],"texture":"#1"},"south":{"uv":[3.875,2.5,2.75,3.0],"texture":"#0"},"west":{"uv":[12.0,10.0,0.0,16.0],"texture":"#1"},"up":{"uv":[5.125,1.75,4.0,2.875],"texture":"#0"}}},{"from":[4.0,10.5,12.25],"to":[4.0,12.5,22.25],"rotation":{"angle":0.0,"axis":"y","origin":[15.5,0.0,-1.5]},"faces":{"north":{"uv":[3.875,5.25,2.75,5.75],"texture":"#0"},"east":{"uv":[0.0,1.0,10.0,3.0],"texture":"#1"},"south":{"uv":[3.875,4.625,2.75,5.125],"texture":"#0"},"west":{"uv":[10.0,1.0,0.0,3.0],"texture":"#1"},"up":{"uv":[5.125,3.875,4.0,5.0],"texture":"#0"}}},{"from":[12.0,10.5,12.25],"to":[12.0,12.5,22.25],"rotation":{"angle":0.0,"axis":"y","origin":[0.5,0.0,-1.5]},"faces":{"north":{"uv":[2.75,5.25,3.875,5.75],"texture":"#0"},"east":{"uv":[0.0,1.0,10.0,3.0],"texture":"#1"},"south":{"uv":[2.75,4.625,3.875,5.125],"texture":"#0"},"west":{"uv":[10.0,1.0,0.0,3.0],"texture":"#1"},"up":{"uv":[4.0,3.875,5.125,5.0],"texture":"#0"}}},{"from":[7.0,13.25,7.0],"to":[9.0,13.25,9.0],"rotation":{"angle":0.0,"axis":"y","origin":[19.0,0.0,2.0]},"faces":{"north":{"uv":[3.875,3.125,2.75,3.625],"texture":"#0"},"east":{"uv":[3.875,2.5,2.75,3.0],"texture":"#0"},"south":{"uv":[3.875,2.5,2.75,3.0],"texture":"#0"},"west":{"uv":[3.875,2.5,2.75,3.0],"texture":"#0"},"up":{"uv":[3.0,2.125,2.75,2.375],"texture":"#0"}}},{"from":[3.5,8.999,-1.5],"to":[12.5,9.999,3.5],"rotation":{"angle":0.0,"axis":"y","origin":[8.0,8.999,0.5]},"faces":{"east":{"uv":[2.625,2.75,2.0,2.875],"texture":"#0","rotation":180},"south":{"uv":[0.625,2.5,0.75,2.375],"texture":"#0","rotation":270},"west":{"uv":[2.0,1.75,2.625,1.875],"texture":"#0","rotation":180},"up":{"uv":[2.0,1.75,2.625,2.875],"texture":"#0","rotation":270}}},{"from":[12.5,13.0,12.5],"to":[3.5,9.0,3.5],"rotation":{"angle":0.0,"axis":"y","origin":[15.5,0.0,-1.5]},"faces":{"north":{"uv":[3.875,3.0,2.75,2.5],"texture":"#0"},"east":{"uv":[3.875,3.0,2.75,2.5],"texture":"#0"},"south":{"uv":[3.875,3.625,2.75,3.125],"texture":"#0"},"west":{"uv":[3.875,3.0,2.75,2.5],"texture":"#0"},"down":{"uv":[4.0,1.75,5.125,2.875],"texture":"#0"}}},{"from":[12.5,9.999,3.5],"to":[3.5,8.999,-1.5],"rotation":{"angle":0.0,"axis":"y","origin":[8.0,8.999,0.5]},"faces":{"north":{"uv":[0.75,2.5,0.625,2.375],"texture":"#0","rotation":270},"east":{"uv":[2.0,1.875,2.625,1.75],"texture":"#0","rotation":180},"west":{"uv":[2.625,2.875,2.0,2.75],"texture":"#0","rotation":180},"down":{"uv":[2.0,2.875,2.625,1.75],"texture":"#0","rotation":270}}}],"display":{"thirdperson_righthand":{"translation":[0.0,1.0,0.75],"rotation":[55.5,34.0,0.0],"scale":[0.52539,0.52539,0.52539]},"thirdperson_lefthand":{"translation":[0.0,1.0,0.75],"rotation":[55.5,34.0,0.0],"scale":[0.52539,0.52539,0.52539]},"firstperson_righthand":{"translation":[9.5,0.0,-5.75],"rotation":[21.0,114.5,-13.75],"scale":[0.41992,0.41992,0.41992]},"firstperson_lefthand":{"translation":[9.5,0.0,-5.75],"rotation":[21.0,114.5,-13.75],"scale":[0.41992,0.41992,0.41992]},"gui":{"translation":[0.0,-2.0,0.0],"rotation":[-149.61,-31.92,-180.0],"scale":[0.88475,0.88475,0.88475]},"head":{"translation":[0.0,0.0,-0.25],"rotation":[2.5,0.0,0.0],"scale":[1.67226,1.67226,1.67226]}},"credit":"Made with Blockbench","gui_light":"front"}