{"textures":{"0":"mcc:island_cosmetics/general/hat/sandcastle_crown/sandcastle_crown","2":"mcc:island_cosmetics/general/hat/sandcastle_crown/sandcastle_anim","particle":"mcc:island_cosmetics/general/hat/sandcastle_crown/sandcastle_crown"},"display":{"thirdperson_righthand":{"translation":[0.0,1.0,-1.0],"rotation":[63.0,34.0,0.0],"scale":[0.37891,0.37891,0.37891]},"thirdperson_lefthand":{"translation":[0.0,1.0,-1.0],"rotation":[63.0,34.0,0.0],"scale":[0.37891,0.37891,0.37891]},"firstperson_righthand":{"translation":[9.5,0.0,-5.75],"rotation":[3.0,112.0,-13.0],"scale":[0.35547,0.35547,0.35547]},"firstperson_lefthand":{"translation":[9.5,0.0,-5.75],"rotation":[3.0,112.0,-13.0],"scale":[0.35547,0.35547,0.35547]},"ground":{"translation":[0.0,4.25,0.0],"scale":[0.28906,0.28906,0.28906]},"gui":{"translation":[-0.25,0.75,0.0],"rotation":[-163.82,-35.44,169.76],"scale":[0.77539,0.77539,0.77539]},"head":{"translation":[0.75,12.75,0.25],"rotation":[4.0,-0.32,-4.75],"scale":[1.6918,1.6918,1.6918]},"fixed":{"translation":[0.0,-3.25,-7.5]}},"credit":"Made with Blockbench","texture_size":[128.0,128.0],"elements":[{"from":[5.5,6.0,5.5],"to":[10.5,11.0,10.5],"rotation":{"angle":0.0,"axis":"y","origin":[3.0,3.5,16.0]},"faces":{"north":{"uv":[7.5,0.0,5.0,2.5],"texture":"#0"},"east":{"uv":[7.5,0.0,5.0,2.5],"texture":"#0"},"south":{"uv":[7.5,0.0,5.0,2.5],"texture":"#0"},"west":{"uv":[7.5,0.0,5.0,2.5],"texture":"#0"},"up":{"uv":[32.0,13.33332,45.33332,0.0],"texture":"#0"},"down":{"uv":[0.0,32.0,1.33332,30.66668],"texture":"#0"}}},{"from":[4.5,10.0,4.5],"to":[11.5,13.0,11.5],"rotation":{"angle":0.0,"axis":"y","origin":[3.0,3.5,16.0]},"faces":{"north":{"uv":[11.0,0.0,7.5,1.5],"texture":"#0"},"east":{"uv":[11.0,0.0,7.5,1.5],"texture":"#0"},"south":{"uv":[11.0,0.0,7.5,1.5],"texture":"#0"},"west":{"uv":[11.0,0.0,7.5,1.5],"texture":"#0"},"down":{"uv":[7.5,5.0,11.0,1.5],"texture":"#0"}}},{"from":[3.0,1.0,3.0],"to":[13.0,6.0,13.0],"rotation":{"angle":0.0,"axis":"y","origin":[3.5,3.5,12.5]},"faces":{"north":{"uv":[11.0,5.5,6.0,8.0],"texture":"#0"},"east":{"uv":[5.0,0.0,0.0,2.5],"texture":"#0"},"south":{"uv":[5.0,0.0,0.0,2.5],"texture":"#0"},"west":{"uv":[5.0,0.0,0.0,2.5],"texture":"#0"},"up":{"uv":[0.0,9.0,5.0,4.0],"texture":"#0"},"down":{"uv":[0.0,9.0,5.0,4.0],"texture":"#0"}}},{"from":[9.0,-3.0,13.0],"to":[11.0,1.0,13.0],"rotation":{"angle":0.0,"axis":"y","origin":[3.5,3.5,12.5]},"faces":{"north":{"uv":[2.0,1.0,4.0,5.0],"texture":"#2"},"east":{"uv":[5.0,0.0,0.0,2.5],"texture":"#0"},"south":{"uv":[4.0,1.0,2.0,5.0],"texture":"#2"},"west":{"uv":[5.0,0.0,0.0,2.5],"texture":"#0"},"up":{"uv":[0.0,9.0,5.0,4.0],"texture":"#0"},"down":{"uv":[0.0,9.0,5.0,4.0],"texture":"#0"}}},{"from":[5.0,-2.0,13.0],"to":[7.0,1.0,13.0],"rotation":{"angle":0.0,"axis":"y","origin":[3.5,3.5,12.5]},"faces":{"north":{"uv":[7.0,3.0,9.0,6.0],"texture":"#2"},"east":{"uv":[5.0,0.0,0.0,2.5],"texture":"#0"},"south":{"uv":[9.0,3.0,7.0,6.0],"texture":"#2"},"west":{"uv":[5.0,0.0,0.0,2.5],"texture":"#0"},"up":{"uv":[0.0,9.0,5.0,4.0],"texture":"#0"},"down":{"uv":[0.0,9.0,5.0,4.0],"texture":"#0"}}},{"from":[9.0,-2.0,3.0],"to":[11.0,1.0,3.0],"rotation":{"angle":0.0,"axis":"y","origin":[12.5,3.5,3.5]},"faces":{"north":{"uv":[9.0,3.0,7.0,6.0],"texture":"#2"},"east":{"uv":[5.0,0.0,0.0,2.5],"texture":"#0"},"south":{"uv":[7.0,3.0,9.0,6.0],"texture":"#2"},"west":{"uv":[5.0,0.0,0.0,2.5],"texture":"#0"},"up":{"uv":[5.0,4.0,0.0,9.0],"texture":"#0"},"down":{"uv":[5.0,4.0,0.0,9.0],"texture":"#0"}}},{"from":[5.0,-3.0,3.0],"to":[7.0,1.0,3.0],"rotation":{"angle":0.0,"axis":"y","origin":[12.5,3.5,3.5]},"faces":{"north":{"uv":[4.0,1.0,2.0,5.0],"texture":"#2"},"east":{"uv":[5.0,0.0,0.0,2.5],"texture":"#0"},"south":{"uv":[2.0,1.0,4.0,5.0],"texture":"#2"},"west":{"uv":[5.0,0.0,0.0,2.5],"texture":"#0"},"up":{"uv":[5.0,4.0,0.0,9.0],"texture":"#0"},"down":{"uv":[5.0,4.0,0.0,9.0],"texture":"#0"}}},{"from":[3.0,6.0,3.0],"to":[13.0,9.0,13.0],"rotation":{"angle":0.0,"axis":"y","origin":[3.5,3.5,12.5]},"faces":{"north":{"uv":[5.0,2.5,0.0,4.0],"texture":"#0"},"east":{"uv":[5.0,2.5,0.0,4.0],"texture":"#0"},"south":{"uv":[5.0,2.5,0.0,4.0],"texture":"#0"},"west":{"uv":[5.0,2.5,0.0,4.0],"texture":"#0"}}},{"from":[1.97,0.97,11.97],"to":[4.03,9.03,14.03],"rotation":{"angle":0.0,"axis":"y","origin":[0.0,0.0,16.0]},"faces":{"north":{"uv":[6.0,4.0,5.0,8.0],"texture":"#0"},"east":{"uv":[6.0,4.0,5.0,8.0],"texture":"#0"},"south":{"uv":[6.0,4.0,5.0,8.0],"texture":"#0"},"west":{"uv":[6.0,4.0,5.0,8.0],"texture":"#0"},"down":{"uv":[4.5,4.5,5.0,4.0],"texture":"#0"}}},{"from":[1.5,8.0,11.5],"to":[4.5,10.0,14.5],"rotation":{"angle":0.0,"axis":"y","origin":[0.0,0.0,16.0]},"faces":{"north":{"uv":[6.5,3.0,5.0,4.0],"texture":"#0"},"east":{"uv":[6.5,3.0,5.0,4.0],"texture":"#0"},"south":{"uv":[6.5,3.0,5.0,4.0],"texture":"#0"},"west":{"uv":[6.5,3.0,5.0,4.0],"texture":"#0"},"down":{"uv":[6.0,5.5,7.5,4.0],"texture":"#0"}}},{"from":[11.97,0.97,11.97],"to":[14.03,9.03,14.03],"rotation":{"angle":0.0,"axis":"y","origin":[16.0,0.0,16.0]},"faces":{"north":{"uv":[5.0,4.0,6.0,8.0],"texture":"#0"},"east":{"uv":[5.0,4.0,6.0,8.0],"texture":"#0"},"south":{"uv":[5.0,4.0,6.0,8.0],"texture":"#0"},"west":{"uv":[5.0,4.0,6.0,8.0],"texture":"#0"},"down":{"uv":[5.0,4.5,4.5,4.0],"texture":"#0"}}},{"from":[11.5,8.0,11.5],"to":[14.5,10.0,14.5],"rotation":{"angle":0.0,"axis":"y","origin":[16.0,0.0,16.0]},"faces":{"north":{"uv":[5.0,3.0,6.5,4.0],"texture":"#0"},"east":{"uv":[5.0,3.0,6.5,4.0],"texture":"#0"},"south":{"uv":[5.0,3.0,6.5,4.0],"texture":"#0"},"west":{"uv":[5.0,3.0,6.5,4.0],"texture":"#0"},"down":{"uv":[7.5,5.5,6.0,4.0],"texture":"#0"}}},{"from":[11.97,0.97,1.97],"to":[14.03,9.03,4.03],"rotation":{"angle":0.0,"axis":"y","origin":[16.0,0.0,0.0]},"faces":{"north":{"uv":[6.0,4.0,5.0,8.0],"texture":"#0"},"east":{"uv":[6.0,4.0,5.0,8.0],"texture":"#0"},"south":{"uv":[6.0,4.0,5.0,8.0],"texture":"#0"},"west":{"uv":[6.0,4.0,5.0,8.0],"texture":"#0"},"down":{"uv":[5.0,4.0,4.5,4.5],"texture":"#0"}}},{"from":[11.5,8.0,1.5],"to":[14.5,10.0,4.5],"rotation":{"angle":0.0,"axis":"y","origin":[16.0,0.0,0.0]},"faces":{"north":{"uv":[6.5,3.0,5.0,4.0],"texture":"#0"},"east":{"uv":[6.5,3.0,5.0,4.0],"texture":"#0"},"south":{"uv":[6.5,3.0,5.0,4.0],"texture":"#0"},"west":{"uv":[6.5,3.0,5.0,4.0],"texture":"#0"},"down":{"uv":[7.5,4.0,6.0,5.5],"texture":"#0"}}},{"from":[1.5,8.0,1.5],"to":[4.5,10.0,4.5],"faces":{"north":{"uv":[5.0,3.0,6.5,4.0],"texture":"#0"},"east":{"uv":[5.0,3.0,6.5,4.0],"texture":"#0"},"south":{"uv":[5.0,3.0,6.5,4.0],"texture":"#0"},"west":{"uv":[5.0,3.0,6.5,4.0],"texture":"#0"},"down":{"uv":[6.0,4.0,7.5,5.5],"texture":"#0"}}},{"from":[1.97,0.97,1.97],"to":[4.03,9.03,4.03],"faces":{"north":{"uv":[5.0,4.0,6.0,8.0],"texture":"#0"},"east":{"uv":[5.0,4.0,6.0,8.0],"texture":"#0"},"south":{"uv":[5.0,4.0,6.0,8.0],"texture":"#0"},"west":{"uv":[5.0,4.0,6.0,8.0],"texture":"#0"},"down":{"uv":[4.5,4.0,5.0,4.5],"texture":"#0"}}},{"from":[7.5,10.0,8.0],"to":[8.5,16.0,8.0],"rotation":{"angle":0.0,"axis":"y","origin":[6.5,0.0,9.0]},"faces":{"north":{"uv":[11.5,0.0,11.0,3.0],"texture":"#0"},"east":{"uv":[1.0,0.0,0.0,1.0],"texture":"#missing"},"south":{"uv":[11.5,0.0,11.0,3.0],"texture":"#0"},"west":{"uv":[1.0,0.0,0.0,1.0],"texture":"#missing"},"up":{"uv":[0.0,1.0,1.0,0.0],"texture":"#missing"},"down":{"uv":[0.0,1.0,1.0,0.0],"texture":"#missing"}}},{"from":[4.5,14.0,8.0],"to":[7.5,16.0,8.0],"rotation":{"angle":0.0,"axis":"y","origin":[6.5,0.0,9.0]},"faces":{"north":{"uv":[13.0,0.0,11.5,1.0],"texture":"#0","tintindex":0.0},"east":{"uv":[1.0,0.0,0.0,1.0],"texture":"#missing"},"south":{"uv":[11.5,0.0,13.0,1.0],"texture":"#0","tintindex":0.0},"west":{"uv":[1.0,0.0,0.0,1.0],"texture":"#missing"},"up":{"uv":[0.0,1.0,1.0,0.0],"texture":"#missing"},"down":{"uv":[0.0,1.0,1.0,0.0],"texture":"#missing"}}},{"name":"cube inverted","from":[14.5,10.0,4.5],"to":[11.5,8.0,1.5],"rotation":{"angle":0.0,"axis":"y","origin":[16.0,0.0,0.0]},"faces":{"north":{"uv":[6.5,4.0,5.0,3.0],"texture":"#0"},"east":{"uv":[6.5,4.0,5.0,3.0],"texture":"#0"},"south":{"uv":[6.5,4.0,5.0,3.0],"texture":"#0"},"west":{"uv":[6.5,4.0,5.0,3.0],"texture":"#0"},"up":{"uv":[6.0,4.0,7.5,5.5],"texture":"#0"}}},{"name":"cube inverted","from":[14.5,10.0,14.5],"to":[11.5,8.0,11.5],"rotation":{"angle":0.0,"axis":"y","origin":[16.0,0.0,16.0]},"faces":{"north":{"uv":[5.0,4.0,6.5,3.0],"texture":"#0"},"east":{"uv":[5.0,4.0,6.5,3.0],"texture":"#0"},"south":{"uv":[5.0,4.0,6.5,3.0],"texture":"#0"},"west":{"uv":[5.0,4.0,6.5,3.0],"texture":"#0"},"up":{"uv":[6.0,5.5,7.5,4.0],"texture":"#0"}}},{"name":"cube inverted","from":[13.0,9.0,13.0],"to":[3.0,6.0,3.0],"rotation":{"angle":0.0,"axis":"y","origin":[3.5,3.5,12.5]},"faces":{"north":{"uv":[5.0,4.0,0.0,2.5],"texture":"#0"},"east":{"uv":[5.0,4.0,0.0,2.5],"texture":"#0"},"south":{"uv":[5.0,4.0,0.0,2.5],"texture":"#0"},"west":{"uv":[5.0,4.0,0.0,2.5],"texture":"#0"}}},{"name":"cube inverted","from":[11.5,13.0,11.5],"to":[4.5,10.0,4.5],"rotation":{"angle":0.0,"axis":"y","origin":[3.0,3.5,16.0]},"faces":{"north":{"uv":[11.0,1.5,7.5,0.0],"texture":"#0"},"east":{"uv":[11.0,1.5,7.5,0.0],"texture":"#0"},"south":{"uv":[11.0,1.5,7.5,0.0],"texture":"#0"},"west":{"uv":[11.0,1.5,7.5,0.0],"texture":"#0"},"up":{"uv":[11.0,5.0,7.5,1.5],"texture":"#0"}}},{"name":"cube inverted","from":[4.5,10.0,4.5],"to":[1.5,8.0,1.5],"faces":{"north":{"uv":[5.0,4.0,6.5,3.0],"texture":"#0"},"east":{"uv":[5.0,4.0,6.5,3.0],"texture":"#0"},"south":{"uv":[5.0,4.0,6.5,3.0],"texture":"#0"},"west":{"uv":[5.0,4.0,6.5,3.0],"texture":"#0"},"up":{"uv":[7.5,4.0,6.0,5.5],"texture":"#0"}}},{"name":"cube inverted","from":[4.5,10.0,14.5],"to":[1.5,8.0,11.5],"rotation":{"angle":0.0,"axis":"y","origin":[0.0,0.0,16.0]},"faces":{"north":{"uv":[6.5,4.0,5.0,3.0],"texture":"#0"},"east":{"uv":[6.5,4.0,5.0,3.0],"texture":"#0"},"south":{"uv":[6.5,4.0,5.0,3.0],"texture":"#0"},"west":{"uv":[6.5,4.0,5.0,3.0],"texture":"#0"},"up":{"uv":[7.5,5.5,6.0,4.0],"texture":"#0"}}}],"gui_light":"front"}