{"textures":{"2":"mcc:island_cosmetics/general/hat/gas_mask/toxic_smoke","3":"mcc:island_cosmetics/general/hat/gas_mask/toxic","4":"mcc:island_cosmetics/general/hat/gas_mask/gas_mask"},"display":{"thirdperson_righthand":{"translation":[0.0,1.0,0.75],"rotation":[55.5,34.0,0.0],"scale":[0.52539,0.52539,0.52539]},"thirdperson_lefthand":{"translation":[0.0,1.0,0.75],"rotation":[55.5,34.0,0.0],"scale":[0.52539,0.52539,0.52539]},"firstperson_righthand":{"translation":[9.5,0.0,-5.75],"rotation":[21.0,114.5,-13.75],"scale":[0.41992,0.41992,0.41992]},"firstperson_lefthand":{"translation":[9.5,0.0,-5.75],"rotation":[21.0,114.5,-13.75],"scale":[0.41992,0.41992,0.41992]},"gui":{"translation":[-2.5,3.25,0.0],"rotation":[-149.61,-31.92,-180.0],"scale":[0.71093,0.71093,0.71093]},"head":{"translation":[0.0,5.75,0.0],"scale":[1.63126,1.63126,1.63126]}},"credit":"Made with Blockbench","texture_size":[32.0,32.0],"elements":[{"from":[3.5,0.0,3.5],"to":[12.5,9.0,8.5],"rotation":{"angle":0.0,"axis":"x","origin":[7.5,9.5,7.5]},"faces":{"north":{"uv":[5.0,1.0,9.5,5.5],"texture":"#3"},"east":{"uv":[10.0,5.5,12.5,10.0],"texture":"#3"},"south":{"uv":[15.0,2.0,15.5,2.5],"texture":"#3"},"west":{"uv":[12.5,5.5,10.0,10.0],"texture":"#3"},"up":{"uv":[3.5,5.5,8.0,8.0],"texture":"#3"},"down":{"uv":[4.5,11.0,0.0,13.5],"texture":"#3"}}},{"from":[5.5,-3.0,-1.5],"to":[10.5,2.0,3.5],"rotation":{"angle":-22.5,"axis":"x","origin":[8.5,4.5,-1.0]},"faces":{"north":{"uv":[2.5,1.0,5.0,3.5],"texture":"#3"},"east":{"uv":[1.0,3.5,3.5,6.0],"texture":"#3"},"west":{"uv":[1.0,3.5,3.5,6.0],"rotation":180.0,"texture":"#3"},"up":{"uv":[1.0,3.5,3.5,6.0],"rotation":270.0,"texture":"#3"},"down":{"uv":[1.0,3.5,3.5,6.0],"rotation":90.0,"texture":"#3"}}},{"from":[5.47,-3.03,-1.53],"to":[10.53,2.03,-0.47],"rotation":{"angle":-22.5,"axis":"x","origin":[8.5,4.5,-1.0]},"faces":{"east":{"uv":[0.5,3.5,1.0,6.0],"texture":"#3","tintindex":0.0},"west":{"uv":[0.5,3.5,1.0,6.0],"texture":"#3","tintindex":0.0},"up":{"uv":[0.5,3.5,1.0,6.0],"rotation":90.0,"texture":"#3","tintindex":0.0},"down":{"uv":[0.5,3.5,1.0,6.0],"rotation":90.0,"texture":"#3","tintindex":0.0}}},{"from":[12.9,-1.80075,4.43177],"to":[14.1,2.39925,8.63177],"rotation":{"angle":22.5,"axis":"y","origin":[8.0,1.29925,3.03177]},"faces":{"north":{"uv":[0.0,13.5,2.0,14.0],"rotation":90.0,"texture":"#3","tintindex":0.0},"east":{"uv":[1.0,11.0,0.5,11.5],"texture":"#3","tintindex":0.0},"south":{"uv":[0.0,13.5,2.0,14.0],"rotation":90.0,"texture":"#3","tintindex":0.0},"west":{"uv":[1.0,11.0,0.5,11.5],"texture":"#3","tintindex":0.0},"up":{"uv":[0.0,13.5,2.0,14.0],"rotation":270.0,"texture":"#3","tintindex":0.0},"down":{"uv":[0.0,13.5,2.0,14.0],"rotation":90.0,"texture":"#3","tintindex":0.0}}},{"from":[13.0,-2.0,6.5],"to":[22.0,14.0,6.5],"rotation":{"angle":22.5,"axis":"y","origin":[8.0,1.29925,3.03177]},"faces":{"north":{"uv":[2.0,0.0,11.0,16.0],"texture":"#2","tintindex":0.0},"east":{"uv":[3.625,0.75,3.5,0.875],"texture":"#missing","tintindex":0.0},"south":{"uv":[11.0,0.0,2.0,16.0],"texture":"#2","tintindex":0.0},"west":{"uv":[3.625,0.75,3.5,0.875],"texture":"#missing","tintindex":0.0},"up":{"uv":[3.375,1.375,3.875,1.5],"rotation":270.0,"texture":"#missing","tintindex":0.0},"down":{"uv":[3.375,1.375,3.875,1.5],"rotation":90.0,"texture":"#missing","tintindex":0.0}}},{"from":[-6.0,-2.0,6.5],"to":[3.0,14.0,6.5],"rotation":{"angle":-22.5,"axis":"y","origin":[8.0,1.29925,3.03177]},"faces":{"north":{"uv":[11.0,0.0,2.0,16.0],"texture":"#2","tintindex":0.0},"east":{"uv":[3.5,0.75,3.625,0.875],"texture":"#missing","tintindex":0.0},"south":{"uv":[2.0,0.0,11.0,16.0],"texture":"#2","tintindex":0.0},"west":{"uv":[3.5,0.75,3.625,0.875],"texture":"#missing","tintindex":0.0},"up":{"uv":[3.375,1.5,3.875,1.375],"rotation":270.0,"texture":"#missing","tintindex":0.0},"down":{"uv":[3.375,1.5,3.875,1.375],"rotation":90.0,"texture":"#missing","tintindex":0.0}}},{"from":[3.61209,3.0,3.57716],"to":[7.61209,7.0,5.57716],"rotation":{"angle":22.5,"axis":"y","origin":[5.61209,5.0,4.57716]},"faces":{"north":{"uv":[11.0,3.0,11.5,3.5],"rotation":90.0,"texture":"#3"},"east":{"uv":[11.0,3.0,11.5,3.5],"rotation":90.0,"texture":"#3"},"south":{"uv":[11.0,3.0,11.5,3.5],"rotation":90.0,"texture":"#3"},"west":{"uv":[11.0,3.0,11.5,3.5],"rotation":90.0,"texture":"#3"},"up":{"uv":[11.0,3.0,11.5,3.5],"rotation":90.0,"texture":"#3"},"down":{"uv":[11.0,3.0,11.5,3.5],"rotation":90.0,"texture":"#3"}}},{"from":[8.38791,3.0,3.57716],"to":[12.38791,7.0,5.57716],"rotation":{"angle":-22.5,"axis":"y","origin":[10.38791,5.0,4.57716]},"faces":{"north":{"uv":[11.0,3.0,11.5,3.5],"rotation":90.0,"texture":"#3"},"east":{"uv":[11.0,3.0,11.5,3.5],"rotation":90.0,"texture":"#3"},"south":{"uv":[11.0,3.0,11.5,3.5],"rotation":90.0,"texture":"#3"},"west":{"uv":[11.0,3.0,11.5,3.5],"rotation":90.0,"texture":"#3"},"up":{"uv":[11.0,3.0,11.5,3.5],"rotation":90.0,"texture":"#3"},"down":{"uv":[11.0,3.0,11.5,3.5],"rotation":90.0,"texture":"#3"}}},{"from":[11.0,-1.70075,4.53177],"to":[13.0,2.29925,8.53177],"rotation":{"angle":22.5,"axis":"y","origin":[8.0,1.29925,3.03177]},"faces":{"north":{"uv":[13.5,1.0,11.5,0.0],"rotation":90.0,"texture":"#3"},"east":{"uv":[12.5,0.0,13.0,0.5],"texture":"#3"},"south":{"uv":[11.5,0.0,13.5,1.0],"rotation":90.0,"texture":"#3"},"west":{"uv":[13.0,0.5,13.5,1.0],"texture":"#3"},"up":{"uv":[13.5,0.0,11.5,1.0],"rotation":90.0,"texture":"#3"},"down":{"uv":[13.5,0.0,11.5,1.0],"rotation":90.0,"texture":"#3"}}},{"from":[13.0,-1.70075,4.53177],"to":[15.0,2.29925,8.53177],"rotation":{"angle":22.5,"axis":"y","origin":[8.0,1.29925,3.03177]},"faces":{"north":{"uv":[7.5,1.0,9.5,0.0],"rotation":90.0,"texture":"#3"},"east":{"uv":[5.0,11.5,7.0,13.5],"texture":"#3"},"south":{"uv":[9.5,0.0,7.5,1.0],"rotation":90.0,"texture":"#3"},"west":{"uv":[2.0,9.0,0.0,11.0],"texture":"#3"},"up":{"uv":[9.5,0.0,7.5,1.0],"rotation":90.0,"texture":"#3"},"down":{"uv":[9.5,0.0,7.5,1.0],"rotation":90.0,"texture":"#3"}}},{"from":[1.0,-1.70075,4.53177],"to":[3.0,2.29925,8.53177],"rotation":{"angle":-22.5,"axis":"y","origin":[8.0,1.29925,3.03177]},"faces":{"north":{"uv":[7.5,0.0,9.5,1.0],"rotation":90.0,"texture":"#3"},"east":{"uv":[0.0,9.0,2.0,11.0],"texture":"#3"},"south":{"uv":[9.5,1.0,7.5,0.0],"rotation":90.0,"texture":"#3"},"west":{"uv":[5.0,11.5,7.0,13.5],"texture":"#3"},"up":{"uv":[9.5,1.0,7.5,0.0],"rotation":90.0,"texture":"#3"},"down":{"uv":[9.5,1.0,7.5,0.0],"rotation":90.0,"texture":"#3"}}},{"from":[1.9,-1.80075,4.43177],"to":[3.1,2.39925,8.63177],"rotation":{"angle":-22.5,"axis":"y","origin":[8.0,1.29925,3.03177]},"faces":{"north":{"uv":[0.0,14.0,2.0,13.5],"rotation":90.0,"texture":"#3","tintindex":0.0},"east":{"uv":[0.5,11.0,1.0,11.5],"texture":"#3","tintindex":0.0},"south":{"uv":[0.0,14.0,2.0,13.5],"rotation":90.0,"texture":"#3","tintindex":0.0},"west":{"uv":[0.5,11.0,1.0,11.5],"texture":"#3","tintindex":0.0},"up":{"uv":[0.0,14.0,2.0,13.5],"rotation":270.0,"texture":"#3","tintindex":0.0},"down":{"uv":[0.0,14.0,2.0,13.5],"rotation":90.0,"texture":"#3","tintindex":0.0}}},{"from":[3.0,-1.70075,4.53177],"to":[5.0,2.29925,8.53177],"rotation":{"angle":-22.5,"axis":"y","origin":[8.0,1.29925,3.03177]},"faces":{"north":{"uv":[13.5,0.0,11.5,1.0],"rotation":90.0,"texture":"#3"},"east":{"uv":[13.5,0.5,13.0,1.0],"texture":"#3"},"south":{"uv":[11.5,1.0,13.5,0.0],"rotation":90.0,"texture":"#3"},"west":{"uv":[13.0,0.0,12.5,0.5],"texture":"#3"},"up":{"uv":[13.5,1.0,11.5,0.0],"rotation":90.0,"texture":"#3"},"down":{"uv":[13.5,1.0,11.5,0.0],"rotation":90.0,"texture":"#3"}}},{"from":[9.0,3.0,2.5],"to":[13.0,7.0,3.5],"rotation":{"angle":-22.5,"axis":"y","origin":[10.5,7.0,3.0]},"faces":{"north":{"uv":[0.0,1.0,2.0,3.0],"texture":"#3"},"east":{"uv":[11.0,1.0,11.5,3.0],"texture":"#3"},"south":{"uv":[0.0,9.0,2.0,11.0],"texture":"#3"},"west":{"uv":[11.0,1.0,11.5,3.0],"texture":"#3"},"up":{"uv":[9.5,1.0,11.5,1.5],"texture":"#3"},"down":{"uv":[9.5,1.0,11.5,1.5],"texture":"#3"}}},{"from":[3.0,3.0,2.5],"to":[7.0,7.0,3.5],"rotation":{"angle":22.5,"axis":"y","origin":[5.5,7.0,3.0]},"faces":{"north":{"uv":[0.0,1.0,2.0,3.0],"texture":"#3"},"east":{"uv":[11.0,1.0,11.5,3.0],"texture":"#3"},"south":{"uv":[0.0,9.0,2.0,11.0],"texture":"#3"},"west":{"uv":[11.0,1.0,11.5,3.0],"texture":"#3"},"up":{"uv":[9.5,1.0,11.5,1.5],"texture":"#3"},"down":{"uv":[9.5,1.0,11.5,1.5],"texture":"#3"}}},{"from":[3.0,3.0,2.5],"to":[7.0,7.0,3.5],"rotation":{"angle":22.5,"axis":"y","origin":[5.5,7.0,3.0]},"faces":{"north":{"uv":[13.5,0.0,15.5,2.0],"texture":"#3","tintindex":0.0}}},{"from":[9.0,3.0,2.5],"to":[13.0,7.0,3.5],"rotation":{"angle":-22.5,"axis":"y","origin":[10.5,7.0,3.0]},"faces":{"north":{"uv":[15.5,0.0,13.5,2.0],"texture":"#3","tintindex":0.0}}},{"from":[9.5,9.0,8.5],"to":[11.5,9.0,10.5],"rotation":{"angle":-22.5,"axis":"x","origin":[10.5,9.0,8.5]},"faces":{"north":{"uv":[5.875,3.25,4.75,3.875],"rotation":180.0,"texture":"#4"},"east":{"uv":[3.875,3.875,4.5,5.0],"rotation":270.0,"texture":"#4"},"south":{"uv":[2.25,3.875,2.5,3.875],"texture":"#4"},"west":{"uv":[4.5,3.875,3.875,5.0],"rotation":90.0,"texture":"#4"},"up":{"uv":[9.0,10.0,10.0,11.0],"rotation":180.0,"texture":"#4"},"down":{"uv":[10.0,10.0,9.0,11.0],"texture":"#4"}}},{"from":[4.5,9.0,8.5],"to":[6.5,9.0,10.5],"rotation":{"angle":-22.5,"axis":"x","origin":[5.5,9.0,8.5]},"faces":{"north":{"uv":[4.75,3.25,5.875,3.875],"rotation":180.0,"texture":"#4"},"east":{"uv":[15.5,13.0,18.0,17.5],"rotation":270.0,"texture":"#4"},"south":{"uv":[2.5,3.875,2.25,3.875],"texture":"#4"},"west":{"uv":[18.0,13.0,15.5,17.5],"rotation":90.0,"texture":"#4"},"up":{"uv":[10.0,10.0,9.0,11.0],"rotation":180.0,"texture":"#4"},"down":{"uv":[9.0,10.0,10.0,11.0],"texture":"#4"}}},{"from":[12.34056,6.0,8.53191],"to":[12.34056,8.0,10.53191],"rotation":{"angle":22.5,"axis":"y","origin":[12.34056,5.5,8.1177]},"faces":{"north":{"uv":[0.0,0.0,0.0,0.0],"texture":"#4"},"east":{"uv":[9.0,11.0,10.0,10.0],"rotation":90.0,"texture":"#4"},"south":{"uv":[0.0,0.0,0.0,0.0],"texture":"#4"},"west":{"uv":[10.0,11.0,9.0,10.0],"rotation":270.0,"texture":"#4"},"up":{"uv":[0.0,0.0,0.0,0.0],"texture":"#4"},"down":{"uv":[0.0,0.0,0.0,0.0],"texture":"#4"}}},{"from":[12.34056,1.0,8.53191],"to":[12.34056,3.0,10.53191],"rotation":{"angle":22.5,"axis":"y","origin":[12.34056,5.5,8.1177]},"faces":{"north":{"uv":[0.0,0.0,0.0,0.0],"texture":"#4"},"east":{"uv":[10.0,11.0,9.0,10.0],"rotation":90.0,"texture":"#4"},"south":{"uv":[0.0,0.0,0.0,0.0],"texture":"#4"},"west":{"uv":[9.0,11.0,10.0,10.0],"rotation":270.0,"texture":"#4"},"up":{"uv":[0.0,0.0,0.0,0.0],"texture":"#4"},"down":{"uv":[0.0,0.0,0.0,0.0],"texture":"#4"}}},{"from":[3.65944,6.0,8.53191],"to":[3.65944,8.0,10.53191],"rotation":{"angle":-22.5,"axis":"y","origin":[3.65944,5.5,8.1177]},"faces":{"north":{"uv":[0.0,0.0,0.0,0.0],"texture":"#4"},"east":{"uv":[10.0,10.0,9.0,11.0],"rotation":270.0,"texture":"#4"},"south":{"uv":[0.0,0.0,0.0,0.0],"texture":"#4"},"west":{"uv":[9.0,10.0,10.0,11.0],"rotation":90.0,"texture":"#4"},"up":{"uv":[0.0,0.0,0.0,0.0],"texture":"#4"},"down":{"uv":[0.0,0.0,0.0,0.0],"texture":"#4"}}},{"from":[3.65944,1.0,8.53191],"to":[3.65944,3.0,10.53191],"rotation":{"angle":-22.5,"axis":"y","origin":[3.65944,5.5,8.1177]},"faces":{"north":{"uv":[0.0,0.0,0.0,0.0],"texture":"#4"},"east":{"uv":[9.0,10.0,10.0,11.0],"rotation":270.0,"texture":"#4"},"south":{"uv":[0.0,0.0,0.0,0.0],"texture":"#4"},"west":{"uv":[10.0,10.0,9.0,11.0],"rotation":90.0,"texture":"#4"},"up":{"uv":[0.0,0.0,0.0,0.0],"texture":"#4"},"down":{"uv":[0.0,0.0,0.0,0.0],"texture":"#4"}}},{"from":[3.5,0.0,8.5],"to":[12.5,9.0,12.5],"rotation":{"angle":0.0,"axis":"y","origin":[7.5,9.5,7.5]},"faces":{"north":{"uv":[11.5,2.0,12.0,2.5],"texture":"#4"},"east":{"uv":[4.5,5.5,6.5,10.0],"texture":"#4"},"south":{"uv":[9.0,5.5,13.5,10.0],"texture":"#4"},"west":{"uv":[6.5,5.5,4.5,10.0],"texture":"#4"},"up":{"uv":[0.0,8.0,4.5,10.0],"texture":"#4"},"down":{"uv":[14.5,1.0,10.0,3.0],"texture":"#4"}}},{"name":"cube inverted","from":[12.5,9.0,12.5],"to":[3.5,0.0,8.5],"rotation":{"angle":0.0,"axis":"y","origin":[7.5,9.5,7.5]},"faces":{"north":{"uv":[9.0,10.0,13.5,5.5],"texture":"#4"},"east":{"uv":[6.5,10.0,4.5,5.5],"texture":"#4"},"south":{"uv":[11.5,2.5,12.0,2.0],"texture":"#4"},"west":{"uv":[4.5,10.0,6.5,5.5],"texture":"#4"},"up":{"uv":[10.0,1.0,14.5,3.0],"texture":"#4"},"down":{"uv":[4.5,8.0,0.0,10.0],"texture":"#4"}}}],"gui_light":"front"}