{"textures":{"0":"mcc:island_cosmetics/general/hat/scuba_mask/scuba_mask","1":"mcc:island_cosmetics/general/accessory/bubble_fist/bubble_fist_anim","particle":"mcc:island_cosmetics/general/hat/scuba_mask/scuba_mask"},"display":{"thirdperson_righthand":{"translation":[0.0,1.0,-1.0],"rotation":[63.0,34.0,0.0],"scale":[0.52539,0.52539,0.52539]},"thirdperson_lefthand":{"translation":[0.0,1.0,-1.0],"rotation":[63.0,34.0,0.0],"scale":[0.52539,0.52539,0.52539]},"firstperson_righthand":{"translation":[9.5,0.0,-5.75],"rotation":[3.0,112.0,-13.0],"scale":[0.41992,0.41992,0.41992]},"firstperson_lefthand":{"translation":[9.5,0.0,-5.75],"rotation":[3.0,112.0,-13.0],"scale":[0.41992,0.41992,0.41992]},"ground":{"translation":[0.0,4.25,0.0],"scale":[0.28906,0.28906,0.28906]},"gui":{"translation":[-2.0,2.75,0.0],"rotation":[-149.61,-31.92,-180.0],"scale":[0.91405,0.91405,0.91405]},"head":{"translation":[0.0,3.25,0.0],"scale":[1.61172,1.61172,1.61172]},"fixed":{"translation":[0.0,-3.25,-7.5]}},"credit":"Made with Blockbench","elements":[{"from":[3.0,6.5,3.0],"to":[13.0,8.5,6.0],"rotation":{"angle":0.0,"axis":"y","origin":[0.0,-22.0,0.0]},"faces":{"north":{"uv":[0.0,3.0,5.0,4.0],"texture":"#0","tintindex":0.0},"east":{"uv":[0.0,4.0,1.5,5.0],"texture":"#0","tintindex":0.0},"south":{"uv":[0.0,6.5,5.0,7.5],"texture":"#0","tintindex":0.0},"west":{"uv":[1.5,4.0,0.0,5.0],"texture":"#0","tintindex":0.0},"up":{"uv":[0.0,5.0,5.0,6.5],"texture":"#0","tintindex":0.0},"down":{"uv":[0.0,7.5,5.0,9.0],"texture":"#0","tintindex":0.0}}},{"from":[3.0,2.5,3.0],"to":[13.0,6.5,5.0],"rotation":{"angle":0.0,"axis":"y","origin":[0.0,-22.0,0.0]},"faces":{"north":{"uv":[0.0,0.0,5.0,2.0],"texture":"#0"},"east":{"uv":[5.0,0.0,6.0,2.0],"texture":"#0"},"west":{"uv":[6.0,0.0,5.0,2.0],"texture":"#0"},"down":{"uv":[0.0,2.0,5.0,3.0],"texture":"#0"}}},{"from":[11.9,3.9,4.9],"to":[14.1,8.1,9.1],"rotation":{"angle":0.0,"axis":"y","origin":[8.0,6.5,6.5]},"faces":{"north":{"uv":[5.0,2.0,6.0,4.0],"texture":"#0","tintindex":0.0},"east":{"uv":[6.0,0.0,8.0,2.0],"texture":"#0","tintindex":0.0},"south":{"uv":[6.0,2.0,5.0,4.0],"texture":"#0","tintindex":0.0},"west":{"uv":[4.0,5.5,4.5,6.0],"texture":"#0","tintindex":0.0},"up":{"uv":[6.0,2.0,5.0,4.0],"texture":"#0","tintindex":0.0},"down":{"uv":[6.0,2.0,5.0,4.0],"texture":"#0","tintindex":0.0}}},{"from":[3.5,5.0,6.5],"to":[12.5,7.0,12.5],"rotation":{"angle":0.0,"axis":"y","origin":[0.0,-22.0,0.0]},"faces":{"east":{"uv":[5.5,4.5,8.5,5.5],"texture":"#0"},"south":{"uv":[5.5,5.5,10.0,6.5],"texture":"#0"},"west":{"uv":[8.5,4.5,5.5,5.5],"texture":"#0"},"up":{"uv":[5.5,6.5,10.0,9.5],"texture":"#0"},"down":{"uv":[5.5,9.5,10.0,6.5],"texture":"#0"}}},{"from":[3.0,8.5,2.5],"to":[5.0,10.5,5.5],"rotation":{"angle":22.5,"axis":"y","origin":[4.0,10.0,4.5]},"faces":{"north":{"uv":[8.0,1.0,9.0,2.0],"texture":"#0"},"east":{"uv":[9.5,0.0,8.0,1.0],"texture":"#0","tintindex":0.0},"south":{"uv":[10.5,0.0,11.5,1.0],"texture":"#0","tintindex":0.0},"west":{"uv":[8.0,0.0,9.5,1.0],"texture":"#0","tintindex":0.0},"up":{"uv":[10.5,0.0,9.5,1.5],"texture":"#0","tintindex":0.0},"down":{"uv":[11.5,0.0,12.5,1.5],"texture":"#0","tintindex":0.0}}},{"from":[1.9,3.9,4.9],"to":[4.1,8.1,9.1],"rotation":{"angle":0.0,"axis":"y","origin":[8.0,6.5,6.5]},"faces":{"north":{"uv":[6.0,2.0,5.0,4.0],"texture":"#0","tintindex":0.0},"east":{"uv":[4.0,5.5,4.5,6.0],"texture":"#0","tintindex":0.0},"south":{"uv":[5.0,2.0,6.0,4.0],"texture":"#0","tintindex":0.0},"west":{"uv":[8.0,0.0,6.0,2.0],"texture":"#0","tintindex":0.0},"up":{"uv":[5.0,2.0,6.0,4.0],"texture":"#0","tintindex":0.0},"down":{"uv":[5.0,2.0,6.0,4.0],"texture":"#0","tintindex":0.0}}},{"from":[3.5,5.0,10.5],"to":[12.5,7.0,12.5],"rotation":{"angle":0.0,"axis":"y","origin":[0.0,-22.0,0.0]},"faces":{"south":{"uv":[6.0,3.5,10.5,4.5],"texture":"#0","tintindex":0.0},"up":{"uv":[6.0,2.5,10.5,3.5],"texture":"#0","tintindex":0.0},"down":{"uv":[0.0,10.0,4.5,9.0],"texture":"#0","tintindex":0.0}}},{"name":"cube inverted","from":[6.0,11.5,2.5],"to":[2.0,7.5,-0.5],"rotation":{"angle":22.5,"axis":"y","origin":[4.0,10.0,4.5]},"faces":{"north":{"uv":[0.0,10.5,2.0,12.5],"texture":"#0"},"east":{"uv":[2.0,10.5,3.5,12.5],"texture":"#0"},"west":{"uv":[3.5,10.5,2.0,12.5],"texture":"#0"},"up":{"uv":[3.5,12.5,2.0,10.5],"rotation":90.0,"texture":"#0"},"down":{"uv":[2.0,10.5,3.5,12.5],"rotation":90.0,"texture":"#0"}}},{"name":"cube inverted inverted","from":[2.0,7.5,-0.5],"to":[6.0,11.5,2.5],"rotation":{"angle":22.5,"axis":"y","origin":[4.0,10.0,4.5]},"faces":{"east":{"uv":[3.5,12.5,2.0,10.5],"texture":"#0"},"south":{"uv":[0.0,12.5,2.0,10.5],"texture":"#0"},"west":{"uv":[2.0,12.5,3.5,10.5],"texture":"#0"},"up":{"uv":[2.0,12.5,3.5,10.5],"rotation":90.0,"texture":"#0"},"down":{"uv":[3.5,10.5,2.0,12.5],"rotation":90.0,"texture":"#0"}}},{"from":[3.98,0.73,4.98],"to":[12.02,2.77,7.02],"rotation":{"angle":45.0,"axis":"x","origin":[8.0,5.0,4.0]},"faces":{"north":{"uv":[4.0,10.5,9.0,11.5],"texture":"#0"},"east":{"uv":[6.0,11.5,7.0,12.5],"rotation":90.0,"texture":"#0"},"south":{"uv":[9.0,11.5,4.0,10.5],"texture":"#0"},"west":{"uv":[6.0,11.5,7.0,12.5],"texture":"#0"},"up":{"uv":[4.0,10.5,9.0,11.5],"texture":"#0"},"down":{"uv":[4.0,10.5,9.0,11.5],"texture":"#0"}}},{"from":[5.9,0.65,4.9],"to":[10.1,2.85,7.1],"rotation":{"angle":45.0,"axis":"x","origin":[8.0,5.0,4.0]},"faces":{"north":{"uv":[4.0,11.5,6.0,12.5],"texture":"#0","tintindex":0.0},"south":{"uv":[6.0,12.5,4.0,11.5],"texture":"#0","tintindex":0.0},"up":{"uv":[4.0,11.5,6.0,12.5],"texture":"#0","tintindex":0.0},"down":{"uv":[4.0,11.5,6.0,12.5],"texture":"#0","tintindex":0.0}}},{"from":[1.0,0.75,5.0],"to":[4.0,2.75,7.0],"rotation":{"angle":45.0,"axis":"x","origin":[8.0,5.0,4.0]},"faces":{"north":{"uv":[7.0,11.5,8.5,12.5],"texture":"#0"},"east":{"uv":[0.0,0.0,0.125,0.125],"rotation":90.0,"texture":"#0"},"south":{"uv":[8.5,11.5,7.0,12.5],"texture":"#0"},"west":{"uv":[7.0,12.5,8.0,13.5],"texture":"#0"},"up":{"uv":[5.5,12.5,4.0,13.5],"texture":"#0"},"down":{"uv":[5.5,12.5,7.0,13.5],"texture":"#0"}}},{"from":[1.0,2.75,5.0],"to":[3.0,6.75,7.0],"rotation":{"angle":45.0,"axis":"x","origin":[8.0,5.0,4.0]},"faces":{"north":{"uv":[0.0,13.0,1.0,15.0],"texture":"#0"},"east":{"uv":[0.0,13.0,1.0,15.0],"texture":"#0"},"south":{"uv":[0.0,13.0,1.0,15.0],"texture":"#0"},"west":{"uv":[0.0,13.0,1.0,15.0],"texture":"#0"},"up":{"uv":[1.0,13.0,2.0,14.0],"texture":"#0"},"down":{"uv":[0.0,0.0,0.125,0.125],"rotation":180.0,"texture":"#0"}}},{"from":[10.9,0.65,4.9],"to":[12.1,2.85,7.1],"rotation":{"angle":45.0,"axis":"x","origin":[8.0,5.0,4.0]},"faces":{"north":{"uv":[2.5,13.0,3.0,14.0],"texture":"#0"},"south":{"uv":[2.5,13.0,3.0,14.0],"texture":"#0"},"up":{"uv":[2.5,13.0,3.0,14.0],"texture":"#0"},"down":{"uv":[2.5,13.0,3.0,14.0],"texture":"#0"}}},{"name":"cube inverted","from":[12.5,7.0,12.5],"to":[3.5,5.0,6.5],"rotation":{"angle":0.0,"axis":"y","origin":[0.0,-22.0,0.0]},"faces":{"north":{"uv":[5.5,6.5,10.0,5.5],"texture":"#0"},"east":{"uv":[8.5,5.5,5.5,4.5],"texture":"#0"},"west":{"uv":[5.5,5.5,8.5,4.5],"texture":"#0"},"up":{"uv":[10.0,9.5,5.5,6.5],"texture":"#0"},"down":{"uv":[10.0,6.5,5.5,9.5],"texture":"#0"}}},{"name":"cube inverted","from":[12.5,7.0,12.5],"to":[3.5,5.0,10.5],"rotation":{"angle":0.0,"axis":"y","origin":[0.0,-22.0,0.0]},"faces":{"north":{"uv":[6.0,4.5,10.5,3.5],"texture":"#0","tintindex":0.0},"up":{"uv":[4.5,10.0,0.0,9.0],"texture":"#0","tintindex":0.0},"down":{"uv":[10.5,2.5,6.0,3.5],"texture":"#0","tintindex":0.0}}},{"name":"cube inverted","from":[13.0,8.5,6.0],"to":[3.0,6.5,3.0],"rotation":{"angle":0.0,"axis":"y","origin":[0.0,-22.0,0.0]},"faces":{"north":{"uv":[0.0,7.5,5.0,6.5],"texture":"#0","tintindex":0.0},"east":{"uv":[1.5,5.0,0.0,4.0],"texture":"#0","tintindex":0.0},"south":{"uv":[0.0,4.0,5.0,3.0],"texture":"#0","tintindex":0.0},"west":{"uv":[0.0,5.0,1.5,4.0],"texture":"#0","tintindex":0.0},"up":{"uv":[5.0,7.5,0.0,9.0],"texture":"#0","tintindex":0.0},"down":{"uv":[5.0,5.0,0.0,6.5],"texture":"#0","tintindex":0.0}}},{"name":"cube inverted","from":[13.0,6.5,5.0],"to":[3.0,2.5,3.0],"rotation":{"angle":0.0,"axis":"y","origin":[0.0,-22.0,0.0]},"faces":{"east":{"uv":[6.0,2.0,5.0,0.0],"texture":"#0"},"south":{"uv":[0.0,2.0,5.0,0.0],"texture":"#0"},"west":{"uv":[5.0,2.0,6.0,0.0],"texture":"#0"},"up":{"uv":[5.0,2.0,0.0,3.0],"texture":"#0"}}},{"from":[13.0,3.5,9.0],"to":[13.0,8.5,19.0],"rotation":{"angle":0.0,"axis":"x","origin":[14.0,6.5,2.5]},"faces":{"north":{"uv":[0.0,0.0,0.5,0.5],"rotation":180.0,"texture":"#missing"},"east":{"uv":[1.0,2.0,6.0,12.0],"rotation":270.0,"texture":"#1"},"south":{"uv":[0.0,0.0,0.5,0.5],"texture":"#missing"},"west":{"uv":[1.0,12.0,6.0,2.0],"rotation":270.0,"texture":"#1"},"up":{"uv":[0.0,0.0,0.5,0.5],"rotation":180.0,"texture":"#missing"},"down":{"uv":[0.0,0.0,0.5,0.5],"texture":"#missing"}}},{"from":[3.0,3.5,9.0],"to":[3.0,8.5,19.0],"rotation":{"angle":0.0,"axis":"x","origin":[2.0,6.5,2.5]},"faces":{"north":{"uv":[0.5,0.0,0.0,0.5],"rotation":180.0,"texture":"#missing"},"east":{"uv":[1.0,2.0,6.0,12.0],"rotation":270.0,"texture":"#1"},"south":{"uv":[0.5,0.0,0.0,0.5],"texture":"#missing"},"west":{"uv":[1.0,12.0,6.0,2.0],"rotation":270.0,"texture":"#1"},"up":{"uv":[0.5,0.0,0.0,0.5],"rotation":180.0,"texture":"#missing"},"down":{"uv":[0.5,0.0,0.0,0.5],"texture":"#missing"}}},{"name":"cube inverted","from":[13.55,8.7751,6.41188],"to":[2.45,5.7751,2.78187],"rotation":{"angle":0.0,"axis":"y","origin":[-2.18,-30.4799,-0.84813]},"faces":{"east":{"uv":[7.0,14.0,8.0,15.0],"rotation":270.0,"texture":"#1"},"south":{"uv":[7.0,14.0,8.0,15.0],"rotation":270.0,"texture":"#1"},"west":{"uv":[7.0,14.0,8.0,15.0],"rotation":270.0,"texture":"#1"},"down":{"uv":[7.0,14.0,8.0,15.0],"rotation":270.0,"texture":"#1"}}},{"name":"cube inverted","from":[14.281,8.381,9.551],"to":[11.619,3.299,4.469],"rotation":{"angle":0.0,"axis":"y","origin":[6.9,4.345,6.405]},"faces":{"north":{"uv":[7.0,14.0,8.0,15.0],"rotation":270.0,"texture":"#1"},"east":{"uv":[7.0,14.0,8.0,15.0],"rotation":270.0,"texture":"#1"},"south":{"uv":[7.0,14.0,8.0,15.0],"rotation":270.0,"texture":"#1"},"west":{"uv":[7.0,14.0,8.0,15.0],"rotation":270.0,"texture":"#1"},"up":{"uv":[7.0,14.0,8.0,15.0],"rotation":270.0,"texture":"#1"},"down":{"uv":[7.0,14.0,8.0,15.0],"rotation":270.0,"texture":"#1"}}},{"name":"cube inverted","from":[4.381,8.381,9.551],"to":[1.719,3.299,4.469],"rotation":{"angle":0.0,"axis":"y","origin":[9.1,4.345,6.405]},"faces":{"north":{"uv":[7.0,15.0,8.0,14.0],"rotation":270.0,"texture":"#1"},"east":{"uv":[7.0,15.0,8.0,14.0],"rotation":270.0,"texture":"#1"},"south":{"uv":[7.0,15.0,8.0,14.0],"rotation":270.0,"texture":"#1"},"west":{"uv":[7.0,15.0,8.0,14.0],"rotation":270.0,"texture":"#1"},"up":{"uv":[7.0,15.0,8.0,14.0],"rotation":270.0,"texture":"#1"},"down":{"uv":[7.0,15.0,8.0,14.0],"rotation":270.0,"texture":"#1"}}}],"gui_light":"front"}