{"textures":{"1":"mcc:island_cosmetics/general/hat/samurai_helmet/samurai_helmet"},"elements":[{"from":[2.9,4.65,2.9],"to":[13.1,9.85,13.1],"faces":{"north":{"uv":[0.0,0.0,3.33333,1.66667],"texture":"#1","tintindex":0},"east":{"uv":[0.0,0.0,3.33333,1.66667],"texture":"#1","tintindex":0},"south":{"uv":[0.0,0.0,3.33333,1.66667],"texture":"#1","tintindex":0},"west":{"uv":[0.0,0.0,3.33333,1.66667],"texture":"#1","tintindex":0},"up":{"uv":[3.33333,0.0,6.66667,3.33333],"texture":"#1","tintindex":0},"down":{"uv":[8.33333,15.66667,8.66667,16.0],"texture":"#1","tintindex":0}}},{"from":[2.0,-1.5,4.75],"to":[14.0,8.5,4.75],"rotation":{"angle":22.5,"axis":"x","origin":[0.0,-0.5,0.75]},"faces":{"north":{"uv":[1.33333,3.33333,5.33333,6.66667],"texture":"#1"},"east":{"uv":[0.0,17.0,3.33333,18.66667],"texture":"#1"},"south":{"uv":[1.33333,3.33333,5.33333,6.66667],"texture":"#1"},"west":{"uv":[0.0,17.0,3.33333,18.66667],"texture":"#1"},"up":{"uv":[3.33333,17.0,6.66667,20.33333],"texture":"#1"},"down":{"uv":[10.0,0.0,13.33333,3.33333],"texture":"#1"}}},{"from":[2.0,-8.95461,4.06283],"to":[14.0,-2.95461,4.06283],"rotation":{"angle":0.0,"axis":"x","origin":[0.0,-11.95461,0.06283]},"faces":{"north":{"uv":[7.66667,8.66667,11.66667,10.66667],"texture":"#1"},"east":{"uv":[0.0,17.0,3.33333,18.66667],"texture":"#1"},"south":{"uv":[7.66667,8.66667,11.66667,10.66667],"texture":"#1"},"west":{"uv":[0.0,17.0,3.33333,18.66667],"texture":"#1"},"up":{"uv":[3.33333,17.0,6.66667,20.33333],"texture":"#1"},"down":{"uv":[10.0,0.0,13.33333,3.33333],"texture":"#1"}}},{"from":[3.0,-5.72312,13.58731],"to":[13.0,4.27688,13.58731],"rotation":{"angle":-22.5,"axis":"x","origin":[8.0,2.77688,9.33731]},"faces":{"north":{"uv":[13.66667,4.0,10.33333,7.33333],"texture":"#1"},"east":{"uv":[0.66667,21.33333,0.0,24.33333],"texture":"#1"},"south":{"uv":[13.66667,4.0,10.33333,7.33333],"texture":"#1"},"west":{"uv":[0.0,21.33333,0.66667,24.33333],"texture":"#1"},"up":{"uv":[8.33333,15.66667,8.66667,16.0],"texture":"#1"},"down":{"uv":[8.33333,15.66667,8.66667,16.0],"texture":"#1"}}},{"from":[3.0,-5.72312,13.58731],"to":[13.0,4.27688,13.58731],"rotation":{"angle":-22.5,"axis":"x","origin":[8.0,2.77688,9.33731]},"faces":{"north":{"uv":[5.0,3.66667,8.33333,7.0],"texture":"#1","tintindex":0},"east":{"uv":[0.66667,21.33333,0.0,24.33333],"texture":"#1","tintindex":0},"south":{"uv":[5.0,3.66667,8.33333,7.0],"texture":"#1","tintindex":0},"west":{"uv":[0.0,21.33333,0.66667,24.33333],"texture":"#1","tintindex":0},"up":{"uv":[8.33333,15.66667,8.66667,16.0],"texture":"#1","tintindex":0},"down":{"uv":[8.33333,15.66667,8.66667,16.0],"texture":"#1","tintindex":0}}},{"from":[1.0,6.0,2.5],"to":[15.0,16.0,2.5],"faces":{"north":{"uv":[6.66667,0.0,11.33333,3.33333],"texture":"#1"},"east":{"uv":[3.33333,1.33333,6.66667,5.33333],"texture":"#1"},"south":{"uv":[6.66667,0.0,11.33333,3.33333],"texture":"#1"},"west":{"uv":[3.33333,1.33333,6.66667,5.33333],"texture":"#1"},"up":{"uv":[6.66667,3.33333,10.0,0.0],"texture":"#1"},"down":{"uv":[10.0,0.0,13.33333,3.33333],"texture":"#1"}}},{"from":[-1.0,7.0,2.75],"to":[3.0,12.0,2.75],"rotation":{"angle":22.5,"axis":"z","origin":[8.0,9.5,8.0]},"faces":{"north":{"uv":[1.33333,4.66667,0.0,3.0],"texture":"#1","tintindex":0},"east":{"uv":[3.33333,1.33333,6.66667,5.33333],"texture":"#1","tintindex":0},"south":{"uv":[1.33333,4.66667,0.0,3.0],"texture":"#1","tintindex":0},"west":{"uv":[3.33333,1.33333,6.66667,5.33333],"texture":"#1","tintindex":0},"up":{"uv":[6.66667,3.33333,10.0,0.0],"texture":"#1","tintindex":0},"down":{"uv":[10.0,0.0,13.33333,3.33333],"texture":"#1","tintindex":0}}},{"from":[13.0,7.0,2.75],"to":[17.0,12.0,2.75],"rotation":{"angle":-22.5,"axis":"z","origin":[8.0,9.5,8.0]},"faces":{"north":{"uv":[0.0,4.66667,1.33333,3.0],"texture":"#1","tintindex":0},"east":{"uv":[6.66667,1.33333,3.33333,5.33333],"texture":"#1","tintindex":0},"south":{"uv":[0.0,4.66667,1.33333,3.0],"texture":"#1","tintindex":0},"west":{"uv":[6.66667,1.33333,3.33333,5.33333],"texture":"#1","tintindex":0},"up":{"uv":[10.0,3.33333,6.66667,0.0],"texture":"#1","tintindex":0},"down":{"uv":[13.33333,0.0,10.0,3.33333],"texture":"#1","tintindex":0}}},{"from":[3.0,5.5,-2.0],"to":[13.0,5.5,2.0],"rotation":{"angle":-45.0,"axis":"x","origin":[8.0,7.0,3.0]},"faces":{"north":{"uv":[0.0,1.33333,3.33333,5.33333],"texture":"#1","tintindex":0},"east":{"uv":[3.33333,1.33333,6.66667,5.33333],"texture":"#1","tintindex":0},"south":{"uv":[3.33333,1.33333,6.66667,5.33333],"texture":"#1","tintindex":0},"west":{"uv":[3.33333,1.33333,6.66667,5.33333],"texture":"#1","tintindex":0},"up":{"uv":[0.0,1.66667,3.33333,3.0],"texture":"#1","tintindex":0},"down":{"uv":[0.0,3.0,3.33333,1.66667],"texture":"#1","tintindex":0}}},{"from":[13.58731,-5.72312,3.0],"to":[13.58731,4.27688,13.0],"rotation":{"angle":22.5,"axis":"z","origin":[9.33731,2.77688,8.0]},"faces":{"north":{"uv":[0.66667,21.33333,0.0,24.33333],"texture":"#1"},"east":{"uv":[13.66667,4.0,10.33333,7.33333],"texture":"#1"},"south":{"uv":[0.0,21.33333,0.66667,24.33333],"texture":"#1"},"west":{"uv":[13.66667,4.0,10.33333,7.33333],"texture":"#1"},"up":{"uv":[1.33333,15.66667,1.66667,16.0],"texture":"#1"},"down":{"uv":[1.33333,15.66667,1.66667,16.0],"texture":"#1"}}},{"from":[13.58731,-5.72312,3.0],"to":[13.58731,4.27688,13.0],"rotation":{"angle":22.5,"axis":"z","origin":[9.33731,2.77688,8.0]},"faces":{"north":{"uv":[0.66667,21.33333,0.0,24.33333],"texture":"#1","tintindex":0},"east":{"uv":[8.33333,3.66667,5.0,7.0],"texture":"#1","tintindex":0},"south":{"uv":[0.0,21.33333,0.66667,24.33333],"texture":"#1","tintindex":0},"west":{"uv":[8.33333,3.66667,5.0,7.0],"texture":"#1","tintindex":0},"up":{"uv":[1.33333,15.66667,1.66667,16.0],"texture":"#1","tintindex":0},"down":{"uv":[1.33333,15.66667,1.66667,16.0],"texture":"#1","tintindex":0}}},{"from":[2.41269,-5.72312,3.0],"to":[2.41269,4.27688,13.0],"rotation":{"angle":-22.5,"axis":"z","origin":[6.66269,2.77688,8.0]},"faces":{"north":{"uv":[0.0,21.33333,0.66667,24.33333],"texture":"#1"},"east":{"uv":[10.33333,4.0,13.66667,7.33333],"texture":"#1"},"south":{"uv":[0.66667,21.33333,0.0,24.33333],"texture":"#1"},"west":{"uv":[10.33333,4.0,13.66667,7.33333],"texture":"#1"},"up":{"uv":[1.66667,15.66667,1.33333,16.0],"texture":"#1"},"down":{"uv":[1.66667,15.66667,1.33333,16.0],"texture":"#1"}}},{"from":[2.41269,-5.72312,3.0],"to":[2.41269,4.27688,13.0],"rotation":{"angle":-22.5,"axis":"z","origin":[6.66269,2.77688,8.0]},"faces":{"north":{"uv":[0.0,21.33333,0.66667,24.33333],"texture":"#1","tintindex":0},"east":{"uv":[5.0,3.66667,8.33333,7.0],"texture":"#1","tintindex":0},"south":{"uv":[0.66667,21.33333,0.0,24.33333],"texture":"#1","tintindex":0},"west":{"uv":[5.0,3.66667,8.33333,7.0],"texture":"#1","tintindex":0},"up":{"uv":[1.66667,15.66667,1.33333,16.0],"texture":"#1","tintindex":0},"down":{"uv":[1.66667,15.66667,1.33333,16.0],"texture":"#1","tintindex":0}}},{"from":[-1.0,7.0,2.75],"to":[3.0,12.0,2.75],"rotation":{"angle":22.5,"axis":"z","origin":[8.0,9.5,8.0]},"faces":{"north":{"uv":[9.66667,5.33333,8.33333,3.66667],"texture":"#1"},"east":{"uv":[3.33333,1.33333,6.66667,5.33333],"texture":"#1"},"south":{"uv":[8.33333,5.33333,9.66667,3.66667],"texture":"#1"},"west":{"uv":[3.33333,1.33333,6.66667,5.33333],"texture":"#1"},"up":{"uv":[6.66667,3.33333,10.0,0.0],"texture":"#1"},"down":{"uv":[10.0,0.0,13.33333,3.33333],"texture":"#1"}}},{"from":[2.9,4.65,2.9],"to":[13.1,9.85,13.1],"faces":{"north":{"uv":[0.0,7.33333,3.33333,9.0],"texture":"#1"},"east":{"uv":[0.0,7.33333,3.33333,9.0],"texture":"#1"},"south":{"uv":[0.0,7.33333,3.33333,9.0],"texture":"#1"},"west":{"uv":[0.0,7.33333,3.33333,9.0],"texture":"#1"},"up":{"uv":[0.0,9.0,3.33333,12.33333],"texture":"#1"}}},{"from":[13.0,7.0,2.75],"to":[17.0,12.0,2.75],"rotation":{"angle":-22.5,"axis":"z","origin":[8.0,9.5,8.0]},"faces":{"north":{"uv":[8.33333,5.33333,9.66667,3.66667],"texture":"#1"},"east":{"uv":[6.66667,1.33333,3.33333,5.33333],"texture":"#1"},"south":{"uv":[9.66667,5.33333,8.33333,3.66667],"texture":"#1"},"west":{"uv":[6.66667,1.33333,3.33333,5.33333],"texture":"#1"},"up":{"uv":[10.0,3.33333,6.66667,0.0],"texture":"#1"},"down":{"uv":[13.33333,0.0,10.0,3.33333],"texture":"#1"}}},{"from":[3.0,5.5,-2.0],"to":[13.0,5.5,2.0],"rotation":{"angle":-45.0,"axis":"x","origin":[8.0,7.0,3.0]},"faces":{"north":{"uv":[0.0,1.33333,3.33333,5.33333],"texture":"#1"},"east":{"uv":[3.33333,1.33333,6.66667,5.33333],"texture":"#1"},"south":{"uv":[3.33333,1.33333,6.66667,5.33333],"texture":"#1"},"west":{"uv":[3.33333,1.33333,6.66667,5.33333],"texture":"#1"},"up":{"uv":[3.66667,9.0,7.0,10.33333],"texture":"#1"},"down":{"uv":[3.66667,10.33333,7.0,9.0],"texture":"#1"}}},{"from":[13.1,9.85,13.1],"to":[2.9,4.65,2.9],"faces":{"north":{"uv":[0.0,1.66667,3.33333,0.0],"texture":"#1","tintindex":0},"east":{"uv":[0.0,1.66667,3.33333,0.0],"texture":"#1","tintindex":0},"south":{"uv":[0.0,1.66667,3.33333,0.0],"texture":"#1","tintindex":0},"west":{"uv":[0.0,1.66667,3.33333,0.0],"texture":"#1","tintindex":0},"up":{"uv":[8.66667,15.66667,8.33333,16.0],"texture":"#1","tintindex":0},"down":{"uv":[6.66667,0.0,3.33333,3.33333],"texture":"#1","tintindex":0}}},{"from":[13.1,9.85,13.1],"to":[2.9,4.65,2.9],"faces":{"north":{"uv":[0.0,9.0,3.33333,7.33333],"texture":"#1"},"east":{"uv":[0.0,9.0,3.33333,7.33333],"texture":"#1"},"south":{"uv":[0.0,9.0,3.33333,7.33333],"texture":"#1"},"west":{"uv":[0.0,9.0,3.33333,7.33333],"texture":"#1"},"down":{"uv":[3.33333,9.0,0.0,12.33333],"texture":"#1"}}}],"display":{"thirdperson_righthand":{"translation":[0.0,1.0,-1.0],"rotation":[63.0,34.0,0.0],"scale":[0.52539,0.52539,0.52539]},"thirdperson_lefthand":{"translation":[0.0,1.0,-1.0],"rotation":[63.0,34.0,0.0],"scale":[0.52539,0.52539,0.52539]},"firstperson_righthand":{"translation":[9.5,0.0,-5.75],"rotation":[3.0,112.0,-13.0],"scale":[0.41992,0.41992,0.41992]},"firstperson_lefthand":{"translation":[9.5,0.0,-5.75],"rotation":[3.0,112.0,-13.0],"scale":[0.41992,0.41992,0.41992]},"ground":{"translation":[0.0,4.25,0.0],"scale":[0.28906,0.28906,0.28906]},"gui":{"translation":[-0.5,3.75,0.0],"rotation":[-149.61,-31.92,-180.0],"scale":[0.70116,0.70116,0.70116]},"head":{"translation":[0.0,9.25,0.0],"scale":[1.6,1.6,1.6]},"fixed":{"translation":[0.0,-3.25,-7.5]}},"credit":"Made with Blockbench","gui_light":"front"}