{"textures":{"1":"mcc:island_cosmetics/general/hat/knitted_hat/knitted_hat"},"elements":[{"from":[3.0,6.0,3.0],"to":[13.0,11.0,13.0],"rotation":{"angle":0.0,"axis":"x","origin":[8.0,9.5,7.0]},"faces":{"north":{"uv":[0.0,4.5,5.0,7.0],"texture":"#1","tintindex":0},"east":{"uv":[0.0,4.5,5.0,7.0],"texture":"#1","tintindex":0},"south":{"uv":[0.0,4.5,5.0,7.0],"texture":"#1","tintindex":0},"west":{"uv":[0.0,4.5,5.0,7.0],"texture":"#1","tintindex":0},"up":{"uv":[0.0,11.0,5.0,16.0],"texture":"#1","tintindex":0}}},{"from":[2.8,5.8,2.8],"to":[13.2,8.2,13.2],"rotation":{"angle":0.0,"axis":"x","origin":[8.0,9.5,7.0]},"faces":{"north":{"uv":[0.0,3.5,5.0,4.5],"texture":"#1"},"east":{"uv":[0.0,3.5,5.0,4.5],"texture":"#1"},"south":{"uv":[0.0,3.5,5.0,4.5],"texture":"#1"},"west":{"uv":[0.0,3.5,5.0,4.5],"texture":"#1"},"up":{"uv":[8.5,0.0,9.0,0.5],"texture":"#1"},"down":{"uv":[5.0,3.5,10.0,8.5],"texture":"#1"}}},{"from":[10.0,10.0,6.0],"to":[14.0,14.0,10.0],"rotation":{"angle":0.0,"axis":"y","origin":[8.0,12.0,8.0]},"faces":{"north":{"uv":[2.0,0.0,4.0,2.0],"texture":"#1"},"east":{"uv":[2.0,0.0,4.0,2.0],"texture":"#1"},"south":{"uv":[2.0,0.0,4.0,2.0],"texture":"#1"},"west":{"uv":[2.0,0.0,4.0,2.0],"texture":"#1"},"up":{"uv":[4.0,0.0,6.0,2.0],"texture":"#1","rotation":270},"down":{"uv":[6.0,0.0,8.0,2.0],"texture":"#1","rotation":90}}},{"from":[2.0,10.0,6.0],"to":[6.0,14.0,10.0],"rotation":{"angle":0.0,"axis":"y","origin":[8.0,12.0,8.0]},"faces":{"north":{"uv":[4.0,0.0,2.0,2.0],"texture":"#1"},"east":{"uv":[4.0,0.0,2.0,2.0],"texture":"#1"},"south":{"uv":[4.0,0.0,2.0,2.0],"texture":"#1"},"west":{"uv":[4.0,0.0,2.0,2.0],"texture":"#1"},"up":{"uv":[4.0,2.0,6.0,0.0],"texture":"#1","rotation":270},"down":{"uv":[6.0,2.0,8.0,0.0],"texture":"#1","rotation":90}}},{"from":[13.2,8.2,13.2],"to":[2.8,5.8,2.8],"rotation":{"angle":0.0,"axis":"x","origin":[8.0,9.5,7.0]},"faces":{"north":{"uv":[0.0,4.5,5.0,3.5],"texture":"#1"},"east":{"uv":[0.0,4.5,5.0,3.5],"texture":"#1"},"south":{"uv":[0.0,4.5,5.0,3.5],"texture":"#1"},"west":{"uv":[0.0,4.5,5.0,3.5],"texture":"#1"},"up":{"uv":[10.0,3.5,5.0,8.5],"texture":"#1"},"down":{"uv":[9.0,0.0,8.5,0.5],"texture":"#1"}}}],"display":{"thirdperson_righthand":{"translation":[0.0,1.0,0.75],"rotation":[55.5,34.0,0.0],"scale":[0.52539,0.52539,0.52539]},"thirdperson_lefthand":{"translation":[0.0,1.0,0.75],"rotation":[55.5,34.0,0.0],"scale":[0.52539,0.52539,0.52539]},"firstperson_righthand":{"translation":[9.5,0.0,-5.75],"rotation":[21.0,114.5,-13.75],"scale":[0.41992,0.41992,0.41992]},"firstperson_lefthand":{"translation":[9.5,0.0,-5.75],"rotation":[21.0,114.5,-13.75],"scale":[0.41992,0.41992,0.41992]},"gui":{"translation":[-0.25,-0.25,0.0],"rotation":[-162.26,-34.89,171.09],"scale":[0.97265,0.97265,0.97265]},"head":{"translation":[0.0,5.75,0.75],"rotation":[6.5,0.0,0.0],"scale":[1.64687,1.64687,1.64687]}},"credit":"Made with Blockbench","gui_light":"front"}