{"textures":{"0":"mcc:island_cosmetics/general/hat/ufo/ufo","1":"mcc:island_cosmetics/general/hat/ufo/ufo_anim","particle":"mcc:island_cosmetics/general/hat/ufo/ufo"},"display":{"thirdperson_righthand":{"translation":[0.0,1.0,0.75],"rotation":[55.5,34.0,0.0],"scale":[0.52539,0.52539,0.52539]},"thirdperson_lefthand":{"translation":[0.0,1.0,0.75],"rotation":[55.5,34.0,0.0],"scale":[0.52539,0.52539,0.52539]},"firstperson_righthand":{"translation":[9.5,0.0,-5.75],"rotation":[21.0,114.5,-13.75],"scale":[0.41992,0.41992,0.41992]},"firstperson_lefthand":{"translation":[9.5,0.0,-5.75],"rotation":[21.0,114.5,-13.75],"scale":[0.41992,0.41992,0.41992]},"gui":{"translation":[0.0,2.5,0.0],"rotation":[-149.61,-31.92,-180.0],"scale":[0.61718,0.61718,0.61718]},"head":{"translation":[0.0,5.75,0.0],"scale":[1.62539,1.62539,1.62539]}},"credit":"Made with Blockbench","texture_size":[128.0,128.0],"elements":[{"from":[3.5,1.0,3.5],"to":[12.5,9.0,12.5],"rotation":{"angle":0.0,"axis":"x","origin":[7.5,9.5,7.5]},"faces":{"north":{"uv":[8.5,3.0,13.0,7.0],"texture":"#1","tintindex":0.0},"east":{"uv":[0.0,2.66667,3.0,5.33333],"texture":"#0","tintindex":0.0},"south":{"uv":[0.0,2.66667,3.0,5.33333],"texture":"#0","tintindex":0.0},"west":{"uv":[0.0,2.66667,3.0,5.33333],"texture":"#0","tintindex":0.0},"up":{"uv":[0.0,5.66667,3.0,8.66667],"texture":"#0","tintindex":0.0},"down":{"uv":[10.0,6.0,10.125,6.125],"texture":"#1","tintindex":0.0}}},{"from":[3.5,1.0,3.5],"to":[12.5,9.0,12.5],"rotation":{"angle":0.0,"axis":"x","origin":[7.5,9.5,7.5]},"faces":{"north":{"uv":[3.5,3.0,8.0,7.0],"texture":"#1"},"east":{"uv":[0.0,0.0,0.5,0.5],"texture":"#1"},"south":{"uv":[0.0,0.0,0.5,0.5],"texture":"#1"},"west":{"uv":[0.0,0.0,0.5,0.5],"texture":"#1"},"up":{"uv":[0.0,0.0,0.5,0.5],"texture":"#1"},"down":{"uv":[0.0,0.0,0.5,0.5],"texture":"#1"}}},{"from":[7.49,9.99,7.49],"to":[8.51,15.01,8.51],"rotation":{"angle":0.0,"axis":"x","origin":[7.5,9.5,7.5]},"faces":{"north":{"uv":[0.0,8.66667,0.33333,10.33333],"texture":"#0"},"east":{"uv":[0.0,8.66667,0.33333,10.33333],"texture":"#0"},"south":{"uv":[0.0,8.66667,0.33333,10.33333],"texture":"#0"},"west":{"uv":[0.0,8.66667,0.33333,10.33333],"texture":"#0"},"up":{"uv":[0.0,8.66667,0.33333,9.0],"texture":"#0"},"down":{"uv":[0.0,10.0,0.33333,10.33333],"texture":"#0"}}},{"from":[7.0,14.0,7.0],"to":[9.0,16.0,9.0],"rotation":{"angle":0.0,"axis":"x","origin":[7.0,9.5,7.5]},"faces":{"north":{"uv":[0.33333,8.66667,1.0,9.33333],"texture":"#0","tintindex":0.0},"east":{"uv":[1.0,8.66667,0.33333,9.33333],"texture":"#0","tintindex":0.0},"south":{"uv":[0.33333,8.66667,1.0,9.33333],"texture":"#0","tintindex":0.0},"west":{"uv":[1.0,8.66667,0.33333,9.33333],"texture":"#0","tintindex":0.0},"up":{"uv":[1.0,8.66667,1.66667,9.33333],"texture":"#0","tintindex":0.0},"down":{"uv":[0.66667,9.0,1.0,9.33333],"texture":"#0","tintindex":0.0}}},{"from":[-1.0,-2.0,-1.0],"to":[17.0,4.0,17.0],"rotation":{"angle":0.0,"axis":"x","origin":[7.0,9.5,8.0]},"faces":{"north":{"uv":[0.0,0.0,6.0,2.0],"texture":"#0"},"east":{"uv":[0.0,0.0,6.0,2.0],"texture":"#0"},"south":{"uv":[0.0,0.0,6.0,2.0],"texture":"#0"},"west":{"uv":[0.0,0.0,6.0,2.0],"texture":"#0"},"up":{"uv":[6.66667,1.33333,12.66667,7.33333],"texture":"#0"},"down":{"uv":[0.33333,9.33333,6.33333,15.33333],"texture":"#0"}}},{"from":[1.5,-4.0,1.5],"to":[14.5,-2.0,14.5],"rotation":{"angle":0.0,"axis":"x","origin":[7.5,9.5,7.5]},"faces":{"north":{"uv":[0.0,2.0,4.33333,2.66667],"texture":"#0","tintindex":0.0},"east":{"uv":[0.0,2.0,4.33333,2.66667],"texture":"#0","tintindex":0.0},"south":{"uv":[0.0,2.0,4.33333,2.66667],"texture":"#0","tintindex":0.0},"west":{"uv":[0.0,2.0,4.33333,2.66667],"texture":"#0","tintindex":0.0},"down":{"uv":[6.66667,11.66667,11.0,16.0],"texture":"#0","tintindex":0.0}}},{"name":"cube inverted","from":[13.5,10.0,13.5],"to":[2.5,3.0,2.5],"rotation":{"angle":0.0,"axis":"x","origin":[7.5,9.5,7.5]},"faces":{"north":{"uv":[3.0,8.0,6.66667,5.66667],"texture":"#0"},"east":{"uv":[3.0,8.0,6.66667,5.66667],"texture":"#0"},"south":{"uv":[3.0,8.0,6.66667,5.66667],"texture":"#0"},"west":{"uv":[3.0,8.0,6.66667,5.66667],"texture":"#0"},"down":{"uv":[10.33333,7.66667,6.66667,11.33333],"texture":"#0"}}},{"from":[-1.0,-2.0,-1.0],"to":[17.0,4.0,17.0],"rotation":{"angle":0.0,"axis":"y","origin":[7.0,9.5,8.0]},"faces":{"north":{"uv":[3.5,6.5,12.5,9.5],"texture":"#1","tintindex":0.0},"east":{"uv":[3.5,6.5,12.5,9.5],"texture":"#1","tintindex":0.0},"south":{"uv":[3.5,6.5,12.5,9.5],"texture":"#1","tintindex":0.0},"west":{"uv":[3.5,6.5,12.5,9.5],"texture":"#1","tintindex":0.0}}}],"gui_light":"front"}