{"textures":{"2":"mcc:island_cosmetics/general/hat/shark/shark"},"display":{"thirdperson_righthand":{"translation":[0.0,1.0,-1.0],"rotation":[63.0,34.0,0.0],"scale":[0.52539,0.52539,0.52539]},"thirdperson_lefthand":{"translation":[0.0,1.0,-1.0],"rotation":[63.0,34.0,0.0],"scale":[0.52539,0.52539,0.52539]},"firstperson_righthand":{"translation":[9.5,0.0,-5.75],"rotation":[3.0,112.0,-13.0],"scale":[0.41992,0.41992,0.41992]},"firstperson_lefthand":{"translation":[9.5,0.0,-5.75],"rotation":[3.0,112.0,-13.0],"scale":[0.41992,0.41992,0.41992]},"ground":{"translation":[0.0,4.25,0.0],"scale":[0.28906,0.28906,0.28906]},"gui":{"translation":[0.5,-0.75,0.0],"rotation":[-142.13,-45.65,-168.14],"scale":[0.60741,0.60741,0.60741]},"head":{"translation":[0.0,2.0,-3.0],"rotation":[11.75,0.0,0.0],"scale":[1.6,1.6,1.6]},"fixed":{"translation":[0.0,-3.25,-7.5]}},"credit":"Made with Blockbench","texture_size":[48.0,48.0],"elements":[{"from":[2.0,7.0,0.5],"to":[14.0,13.0,16.5],"rotation":{"angle":0.0,"axis":"x","origin":[20.5,10.0,6.0]},"faces":{"north":{"uv":[0.0,11.66667,4.0,13.66667],"texture":"#2","tintindex":0.0},"east":{"uv":[5.33333,14.0,0.0,16.0],"texture":"#2","tintindex":0.0},"south":{"uv":[12.0,5.0,16.0,7.0],"texture":"#2","tintindex":0.0},"west":{"uv":[0.0,14.0,5.33333,16.0],"texture":"#2","tintindex":0.0},"up":{"uv":[6.0,9.66667,10.0,15.0],"texture":"#2","tintindex":0.0},"down":{"uv":[6.0,8.33333,11.33333,4.33333],"rotation":90.0,"texture":"#2"}}},{"from":[2.0,7.0,6.5],"to":[2.0,11.0,10.5],"rotation":{"angle":0.0,"axis":"x","origin":[20.5,10.0,6.0]},"faces":{"north":{"uv":[0.0,0.0,0.0,0.0],"texture":"#2"},"east":{"uv":[4.66667,12.33333,6.0,13.66667],"texture":"#2"},"south":{"uv":[0.0,0.0,0.0,0.0],"texture":"#2"},"west":{"uv":[4.66667,12.33333,6.0,13.66667],"texture":"#2"},"up":{"uv":[0.0,0.0,0.0,0.0],"texture":"#2"},"down":{"uv":[0.0,0.0,0.0,0.0],"texture":"#2"}}},{"from":[14.0,7.0,6.5],"to":[14.0,11.0,10.5],"rotation":{"angle":0.0,"axis":"x","origin":[-4.5,10.0,6.0]},"faces":{"north":{"uv":[0.0,0.0,0.0,0.0],"texture":"#2"},"east":{"uv":[6.0,12.33333,4.66667,13.66667],"texture":"#2"},"south":{"uv":[0.0,0.0,0.0,0.0],"texture":"#2"},"west":{"uv":[6.0,12.33333,4.66667,13.66667],"texture":"#2"},"up":{"uv":[0.0,0.0,0.0,0.0],"texture":"#2"},"down":{"uv":[0.0,0.0,0.0,0.0],"texture":"#2"}}},{"from":[2.0,7.0,0.5],"to":[14.0,13.0,16.5],"rotation":{"angle":0.0,"axis":"x","origin":[20.5,10.0,6.0]},"faces":{"north":{"uv":[0.0,3.66667,4.0,5.66667],"texture":"#2"},"east":{"uv":[5.33333,6.0,0.0,8.0],"texture":"#2"},"west":{"uv":[0.0,6.0,5.33333,8.0],"texture":"#2"}}},{"from":[7.0,8.37868,15.07107],"to":[9.0,18.37868,22.07107],"rotation":{"angle":45.0,"axis":"x","origin":[8.0,14.87868,17.57107]},"faces":{"north":{"uv":[12.0,11.66667,12.66667,15.0],"texture":"#2","tintindex":0.0},"east":{"uv":[15.66667,11.66667,13.33333,15.0],"texture":"#2","tintindex":0.0},"south":{"uv":[11.33333,11.66667,12.0,15.0],"texture":"#2","tintindex":0.0},"west":{"uv":[13.33333,11.66667,15.66667,15.0],"texture":"#2","tintindex":0.0},"up":{"uv":[12.66667,11.66667,13.33333,14.0],"texture":"#2","tintindex":0.0}}},{"from":[2.0,4.0,0.5],"to":[14.0,7.0,11.5],"rotation":{"angle":0.0,"axis":"x","origin":[-4.5,10.0,6.0]},"faces":{"north":{"uv":[0.0,9.66667,4.0,10.66667],"texture":"#2"},"east":{"uv":[3.66667,10.66667,0.0,11.66667],"texture":"#2"},"west":{"uv":[0.0,10.66667,3.66667,11.66667],"texture":"#2"}}},{"from":[2.0,4.0,11.5],"to":[14.0,7.0,16.5],"rotation":{"angle":0.0,"axis":"x","origin":[-4.5,10.0,6.0]},"faces":{"east":{"uv":[5.33333,10.66667,3.66667,11.66667],"texture":"#2","tintindex":0.0},"south":{"uv":[12.0,4.0,16.0,5.0],"texture":"#2","tintindex":0.0},"west":{"uv":[3.66667,10.66667,5.33333,11.66667],"texture":"#2","tintindex":0.0}}},{"from":[1.95,-1.05,0.95],"to":[14.05,2.05,14.05],"rotation":{"angle":-22.5,"axis":"x","origin":[20.5,10.0,6.0]},"faces":{"north":{"uv":[10.33333,15.0,14.33333,16.0],"texture":"#2"},"east":{"uv":[10.33333,15.0,6.0,16.0],"texture":"#2"},"south":{"uv":[6.0,8.66667,10.0,9.66667],"texture":"#2"},"west":{"uv":[6.0,15.0,10.33333,16.0],"texture":"#2"},"up":{"uv":[6.0,4.33333,10.33333,8.33333],"rotation":90.0,"texture":"#2"},"down":{"uv":[12.0,7.33333,16.0,11.66667],"texture":"#2"}}},{"from":[2.01,2.01,1.01],"to":[13.99,3.99,13.99],"rotation":{"angle":-22.5,"axis":"x","origin":[7.5,10.0,6.0]},"faces":{"north":{"uv":[0.0,8.0,4.0,8.66667],"texture":"#2"},"east":{"uv":[4.33333,9.0,0.0,9.66667],"texture":"#2"},"west":{"uv":[0.0,9.0,4.33333,9.66667],"texture":"#2"}}},{"name":"cube inverted","from":[14.0,7.0,16.5],"to":[2.0,4.0,11.5],"rotation":{"angle":0.0,"axis":"x","origin":[-4.5,10.0,6.0]},"faces":{"north":{"uv":[12.0,5.0,16.0,4.0],"texture":"#2","tintindex":0.0},"east":{"uv":[3.66667,11.66667,5.33333,10.66667],"texture":"#2","tintindex":0.0},"west":{"uv":[5.33333,11.66667,3.66667,10.66667],"texture":"#2","tintindex":0.0}}},{"name":"cube inverted","from":[14.0,7.0,11.5],"to":[2.0,4.0,0.5],"rotation":{"angle":0.0,"axis":"x","origin":[-4.5,10.0,6.0]},"faces":{"east":{"uv":[0.0,11.66667,3.66667,10.66667],"texture":"#2"},"south":{"uv":[0.0,10.66667,4.0,9.66667],"texture":"#2"},"west":{"uv":[3.66667,11.66667,0.0,10.66667],"texture":"#2"}}},{"name":"cube inverted","from":[13.99,3.99,13.99],"to":[2.01,2.01,1.01],"rotation":{"angle":-22.5,"axis":"x","origin":[7.5,10.0,6.0]},"faces":{"east":{"uv":[0.0,9.66667,4.33333,9.0],"texture":"#2"},"south":{"uv":[0.0,8.66667,4.0,8.0],"texture":"#2"},"west":{"uv":[4.33333,9.66667,0.0,9.0],"texture":"#2"}}}],"gui_light":"front"}