{"textures":{"1":"mcc:island_cosmetics/general/hat/pirate_hat/pirate_hat","2":"mcc:island_cosmetics/general/hat/pirate_hat/feathered","particle":"mcc:island_cosmetics/general/hat/pirate_hat/feathered"},"elements":[{"from":[3.5,-0.26,3.5],"to":[12.5,5.74,12.5],"rotation":{"angle":0.0,"axis":"y","origin":[8.0,3.40667,8.0]},"faces":{"north":{"uv":[7.0,11.5,11.5,14.5],"texture":"#2"},"east":{"uv":[7.0,11.5,11.5,14.5],"texture":"#2"},"south":{"uv":[7.0,11.5,11.5,14.5],"texture":"#2"},"west":{"uv":[7.0,11.5,11.5,14.5],"texture":"#2"},"up":{"uv":[11.5,11.5,16.0,16.0],"texture":"#2"}}},{"from":[0.0,-0.27,3.0],"to":[16.0,7.73,13.0],"rotation":{"angle":0.0,"axis":"y","origin":[8.01,3.40667,8.01]},"faces":{"north":{"uv":[5.0,0.0,13.0,4.0],"texture":"#2"},"east":{"uv":[0.0,0.0,5.0,4.0],"texture":"#2"},"south":{"uv":[8.0,7.5,16.0,11.5],"texture":"#2"},"west":{"uv":[0.0,0.0,5.0,4.0],"texture":"#2"},"down":{"uv":[0.0,4.5,8.0,9.5],"texture":"#2"}}},{"from":[3.0,-2.27,3.5],"to":[13.0,-0.27,12.5],"rotation":{"angle":0.0,"axis":"y","origin":[8.0,-1.27,8.0]},"faces":{"north":{"uv":[0.0,9.5,5.0,10.5],"texture":"#1","tintindex":0},"east":{"uv":[0.0,10.5,4.5,11.5],"texture":"#1","tintindex":0},"south":{"uv":[0.0,9.5,5.0,10.5],"texture":"#1","tintindex":0},"west":{"uv":[0.0,10.5,4.5,11.5],"texture":"#1","tintindex":0},"down":{"uv":[0.0,11.5,5.0,16.0],"texture":"#1","tintindex":0}}},{"from":[12.5,-8.26,5.5],"to":[12.5,-2.26,10.5],"rotation":{"angle":0.0,"axis":"y","origin":[12.5,-5.26,8.0]},"faces":{"east":{"uv":[8.0,4.5,10.5,7.5],"texture":"#1","tintindex":0},"west":{"uv":[10.5,4.5,8.0,7.5],"texture":"#1","tintindex":0}}},{"from":[16.0,7.73,13.0],"to":[0.0,-0.27,3.0],"rotation":{"angle":0.0,"axis":"y","origin":[8.01,3.40667,8.01]},"faces":{"north":{"uv":[8.0,11.5,16.0,7.5],"texture":"#2"},"east":{"uv":[0.0,4.0,5.0,0.0],"texture":"#2"},"south":{"uv":[5.0,4.0,13.0,0.0],"texture":"#2"},"west":{"uv":[0.0,4.0,5.0,0.0],"texture":"#2"},"up":{"uv":[8.0,4.5,0.0,9.5],"texture":"#2"}}},{"from":[14.01,4.73,4.99],"to":[19.01,17.73,4.99],"rotation":{"angle":-22.5,"axis":"z","origin":[13.51,20.23,2.99]},"faces":{"north":{"uv":[1.0,9.5,3.5,16.0],"texture":"#2","tintindex":0},"east":{"uv":[0.0,40.0,5.0,44.5],"texture":"#2","tintindex":0},"south":{"uv":[3.5,9.5,1.0,16.0],"texture":"#2","tintindex":0}}},{"from":[21.01,6.73,5.99],"to":[26.01,19.73,5.99],"rotation":{"angle":-45.0,"axis":"z","origin":[13.51,20.23,2.99]},"faces":{"north":{"uv":[3.5,9.5,6.0,16.0],"texture":"#2"},"east":{"uv":[0.0,40.0,5.0,44.5],"texture":"#2"},"south":{"uv":[6.0,9.5,3.5,16.0],"texture":"#2"}}}],"display":{"thirdperson_righthand":{"rotation":[64.25,0.0,0.0],"scale":[0.44336,0.44336,0.44336]},"thirdperson_lefthand":{"rotation":[64.25,0.0,0.0],"scale":[0.44336,0.44336,0.44336]},"firstperson_righthand":{"scale":[0.0,0.0,0.0]},"firstperson_lefthand":{"scale":[0.0,0.0,0.0]},"ground":{"translation":[0.0,4.25,0.0],"scale":[0.43945,0.43945,0.43945]},"gui":{"translation":[0.0,5.5,0.0],"rotation":[-149.61,-31.92,-180.0],"scale":[0.77538,0.77538,0.77538]},"head":{"translation":[0.0,18.25,0.0],"scale":[1.6957,1.6957,1.6957]}},"credit":"Made with Blockbench","gui_light":"front"}