{"textures":{"1":"mcc:island_cosmetics/general/hat/pirate_hat/pirate_hat_phantom","2":"mcc:island_cosmetics/general/hat/pirate_hat/phantom","particle":"mcc:island_cosmetics/general/hat/pirate_hat/phantom"},"elements":[{"from":[3.5,-0.26,3.5],"to":[12.5,5.74,12.5],"rotation":{"angle":0.0,"axis":"y","origin":[8.0,3.40667,8.0]},"faces":{"north":{"uv":[4.66667,7.66667,7.66667,9.66667],"texture":"#2"},"east":{"uv":[4.66667,7.66667,7.66667,9.66667],"texture":"#2"},"south":{"uv":[4.66667,7.66667,7.66667,9.66667],"texture":"#2"},"west":{"uv":[4.66667,7.66667,7.66667,9.66667],"texture":"#2"},"up":{"uv":[7.66667,7.66667,10.66667,10.66667],"texture":"#2"}}},{"from":[0.0,-0.27,3.0],"to":[16.0,7.73,13.0],"rotation":{"angle":0.0,"axis":"y","origin":[8.01,3.40667,8.01]},"faces":{"north":{"uv":[3.33333,0.0,8.66667,2.66667],"texture":"#2"},"east":{"uv":[0.0,0.0,3.33333,2.66667],"texture":"#2"},"south":{"uv":[5.33333,5.0,10.66667,7.66667],"texture":"#2"},"west":{"uv":[0.0,0.0,3.33333,2.66667],"texture":"#2"},"down":{"uv":[0.0,3.0,5.33333,6.33333],"texture":"#2"}}},{"from":[3.0,-2.27,3.5],"to":[13.0,-0.27,12.5],"rotation":{"angle":0.0,"axis":"y","origin":[8.0,-1.27,8.0]},"faces":{"north":{"uv":[5.33333,3.0,8.66667,3.66667],"texture":"#2","tintindex":0},"east":{"uv":[5.33333,3.66667,8.33333,4.33333],"texture":"#2","tintindex":0},"south":{"uv":[5.33333,3.0,8.66667,3.66667],"texture":"#2","tintindex":0},"west":{"uv":[5.33333,3.66667,8.33333,4.33333],"texture":"#2","tintindex":0},"down":{"uv":[8.66667,0.0,12.0,3.0],"texture":"#2","tintindex":0}}},{"from":[12.5,-8.26,5.5],"to":[12.5,-2.26,10.5],"rotation":{"angle":0.0,"axis":"y","origin":[12.5,-5.26,8.0]},"faces":{"east":{"uv":[10.33333,3.0,12.0,5.0],"texture":"#2","tintindex":0},"west":{"uv":[12.0,3.0,10.33333,5.0],"texture":"#2","tintindex":0}}},{"from":[14.01,4.73,4.99],"to":[19.01,17.73,4.99],"rotation":{"angle":-22.5,"axis":"z","origin":[13.51,20.23,2.99]},"faces":{"north":{"uv":[0.66667,6.33333,2.33333,10.66667],"texture":"#2","tintindex":0},"east":{"uv":[0.0,17.77778,2.22222,19.77778],"texture":"#2","tintindex":0},"south":{"uv":[2.33333,6.33333,0.66667,10.66667],"texture":"#2","tintindex":0},"west":{"uv":[0.0,26.66667,3.33333,29.66667],"texture":"#2","tintindex":0},"up":{"uv":[1.66667,27.0,2.0,27.33333],"texture":"#2","tintindex":0},"down":{"uv":[0.0,29.66667,5.33333,33.0],"texture":"#2","tintindex":0}}},{"from":[21.01,6.73,5.99],"to":[26.01,19.73,5.99],"rotation":{"angle":-45.0,"axis":"z","origin":[13.51,20.23,2.99]},"faces":{"north":{"uv":[2.33333,6.33333,4.0,10.66667],"texture":"#2"},"east":{"uv":[0.0,17.77778,2.22222,19.77778],"texture":"#2"},"south":{"uv":[4.0,6.33333,2.33333,10.66667],"texture":"#2"},"west":{"uv":[0.0,26.66667,3.33333,29.66667],"texture":"#2"},"up":{"uv":[1.66667,27.0,2.0,27.33333],"texture":"#2"},"down":{"uv":[0.0,29.66667,5.33333,33.0],"texture":"#2"}}},{"from":[22.75,-0.75,2.0],"to":[29.75,2.25,2.0],"rotation":{"angle":45.0,"axis":"y","origin":[21.0,21.5,12.0]},"faces":{"north":{"uv":[9.0,5.0,16.0,8.0],"texture":"#1"},"east":{"uv":[11.625,1.625,11.75,1.75],"texture":"#1"},"south":{"uv":[16.0,5.0,9.0,8.0],"texture":"#1"},"west":{"uv":[11.625,1.625,11.75,1.75],"texture":"#1"},"up":{"uv":[11.625,1.625,11.75,1.75],"texture":"#1"},"down":{"uv":[11.625,1.625,11.75,1.75],"texture":"#1"}}},{"from":[-2.5,5.0,6.0],"to":[4.5,8.0,6.0],"rotation":{"angle":0.0,"axis":"y","origin":[3.5,-2.0,3.5]},"faces":{"north":{"uv":[8.0,5.0,1.0,8.0],"texture":"#1"},"east":{"uv":[11.75,1.625,11.625,1.75],"texture":"#1"},"south":{"uv":[1.0,5.0,8.0,8.0],"texture":"#1"},"west":{"uv":[11.75,1.625,11.625,1.75],"texture":"#1"},"up":{"uv":[11.75,1.625,11.625,1.75],"texture":"#1"},"down":{"uv":[11.75,1.625,11.625,1.75],"texture":"#1"}}},{"from":[-5.5,-1.0,4.0],"to":[1.5,2.0,4.0],"rotation":{"angle":-45.0,"axis":"y","origin":[1.0,2.5,8.0]},"faces":{"north":{"uv":[16.0,1.0,9.0,4.0],"texture":"#1"},"east":{"uv":[11.75,1.625,11.625,1.75],"texture":"#1"},"south":{"uv":[9.0,1.0,16.0,4.0],"texture":"#1"},"west":{"uv":[11.75,1.625,11.625,1.75],"texture":"#1"},"up":{"uv":[11.75,1.625,11.625,1.75],"texture":"#1"},"down":{"uv":[11.75,1.625,11.625,1.75],"texture":"#1"}}},{"from":[12.5,0.0,8.0],"to":[19.5,3.0,8.0],"rotation":{"angle":0.0,"axis":"y","origin":[17.5,9.0,7.5]},"faces":{"north":{"uv":[0.0,1.0,7.0,4.0],"texture":"#1"},"east":{"uv":[11.625,1.625,11.75,1.75],"texture":"#1"},"south":{"uv":[7.0,1.0,0.0,4.0],"texture":"#1"},"west":{"uv":[11.625,1.625,11.75,1.75],"texture":"#1"},"up":{"uv":[11.625,1.625,11.75,1.75],"texture":"#1"},"down":{"uv":[11.625,1.625,11.75,1.75],"texture":"#1"}}},{"from":[-5.5,-1.0,18.0],"to":[1.5,2.0,18.0],"rotation":{"angle":45.0,"axis":"y","origin":[-5.0,21.5,12.0]},"faces":{"north":{"uv":[16.0,5.0,9.0,8.0],"texture":"#1"},"east":{"uv":[11.75,1.625,11.625,1.75],"texture":"#1"},"south":{"uv":[9.0,5.0,16.0,8.0],"texture":"#1"},"west":{"uv":[11.75,1.625,11.625,1.75],"texture":"#1"},"up":{"uv":[11.75,1.625,11.625,1.75],"texture":"#1"},"down":{"uv":[11.75,1.625,11.625,1.75],"texture":"#1"}}},{"from":[14.5,4.0,18.0],"to":[21.5,7.0,18.0],"rotation":{"angle":-45.0,"axis":"y","origin":[21.0,21.5,12.0]},"faces":{"north":{"uv":[9.0,5.0,16.0,8.0],"texture":"#1"},"east":{"uv":[11.625,1.625,11.75,1.75],"texture":"#1"},"south":{"uv":[16.0,5.0,9.0,8.0],"texture":"#1"},"west":{"uv":[11.625,1.625,11.75,1.75],"texture":"#1"},"up":{"uv":[11.625,1.625,11.75,1.75],"texture":"#1"},"down":{"uv":[11.625,1.625,11.75,1.75],"texture":"#1"}}},{"from":[16.0,7.73,13.0],"to":[0.0,-0.27,3.0],"rotation":{"angle":0.0,"axis":"y","origin":[8.01,3.40667,8.01]},"faces":{"north":{"uv":[5.33333,7.66667,10.66667,5.0],"texture":"#2"},"east":{"uv":[0.0,2.66667,3.33333,0.0],"texture":"#2"},"south":{"uv":[3.33333,2.66667,8.66667,0.0],"texture":"#2"},"west":{"uv":[0.0,2.66667,3.33333,0.0],"texture":"#2"},"up":{"uv":[5.33333,3.0,0.0,6.33333],"texture":"#2"}}}],"display":{"thirdperson_righthand":{"rotation":[64.25,0.0,0.0],"scale":[0.44336,0.44336,0.44336]},"thirdperson_lefthand":{"rotation":[64.25,0.0,0.0],"scale":[0.44336,0.44336,0.44336]},"firstperson_righthand":{"scale":[0.0,0.0,0.0]},"firstperson_lefthand":{"scale":[0.0,0.0,0.0]},"ground":{"translation":[0.0,4.25,0.0],"scale":[0.43945,0.43945,0.43945]},"gui":{"translation":[0.0,5.5,0.0],"rotation":[-149.61,-31.92,-180.0],"scale":[0.77538,0.77538,0.77538]},"head":{"translation":[0.0,18.25,0.0],"scale":[1.6957,1.6957,1.6957]}},"credit":"Made with Blockbench","gui_light":"front"}