{"textures":{"2":"mcc:island_cosmetics/general/hat/straw_hat/straw_hat"},"display":{"thirdperson_righthand":{"translation":[0.0,1.0,0.75],"rotation":[55.5,34.0,0.0],"scale":[0.52539,0.52539,0.52539]},"thirdperson_lefthand":{"translation":[0.0,1.0,0.75],"rotation":[55.5,34.0,0.0],"scale":[0.52539,0.52539,0.52539]},"firstperson_righthand":{"translation":[9.5,0.0,-5.75],"rotation":[21.0,114.5,-13.75],"scale":[0.41992,0.41992,0.41992]},"firstperson_lefthand":{"translation":[9.5,0.0,-5.75],"rotation":[21.0,114.5,-13.75],"scale":[0.41992,0.41992,0.41992]},"gui":{"translation":[0.0,1.75,0.0],"rotation":[-149.61,-31.92,-180.0],"scale":[0.60742,0.60742,0.60742]},"head":{"translation":[0.0,8.5,0.0],"scale":[1.61953,1.61953,1.61953]}},"credit":"Made with Blockbench","texture_size":[32.0,32.0],"elements":[{"from":[-1.0,5.0,-1.0],"to":[17.0,5.0,17.0],"rotation":{"angle":0.0,"axis":"x","origin":[7.0,9.5,8.0]},"faces":{"north":{"uv":[20.5,28.0,26.0,33.5],"texture":"#missing"},"east":{"uv":[20.5,28.0,26.0,33.5],"texture":"#missing"},"south":{"uv":[20.5,28.0,26.0,33.5],"texture":"#missing"},"west":{"uv":[20.5,28.0,26.0,33.5],"texture":"#missing"},"up":{"uv":[0.0,2.5,9.0,11.5],"texture":"#2"},"down":{"uv":[0.0,2.5,9.0,11.5],"texture":"#2"}}},{"from":[-1.0,5.0,-4.0],"to":[17.0,5.0,-1.0],"rotation":{"angle":22.5,"axis":"x","origin":[8.0,5.0,-1.0]},"faces":{"north":{"uv":[20.5,28.0,26.0,33.5],"texture":"#2"},"east":{"uv":[20.5,28.0,26.0,33.5],"texture":"#2"},"south":{"uv":[20.5,28.0,26.0,33.5],"texture":"#2"},"west":{"uv":[20.5,28.0,26.0,33.5],"texture":"#2"},"up":{"uv":[0.0,11.5,9.0,13.0],"texture":"#2"},"down":{"uv":[9.0,13.0,0.0,11.5],"texture":"#2"}}},{"from":[-1.0,5.0,17.0],"to":[17.0,5.0,20.0],"rotation":{"angle":-22.5,"axis":"x","origin":[8.0,5.0,17.0]},"faces":{"north":{"uv":[26.0,28.0,20.5,33.5],"texture":"#2"},"east":{"uv":[26.0,28.0,20.5,33.5],"texture":"#2"},"south":{"uv":[26.0,28.0,20.5,33.5],"texture":"#2"},"west":{"uv":[26.0,28.0,20.5,33.5],"texture":"#2"},"up":{"uv":[0.0,13.0,9.0,11.5],"texture":"#2"},"down":{"uv":[9.0,11.5,0.0,13.0],"texture":"#2"}}},{"from":[-3.09525,1.59954,-1.0],"to":[-0.09525,1.59954,17.0],"rotation":{"angle":-22.5,"axis":"z","origin":[8.0,5.57403,8.0]},"faces":{"north":{"uv":[26.0,28.0,20.5,33.5],"texture":"#2"},"east":{"uv":[26.0,28.0,20.5,33.5],"texture":"#2"},"south":{"uv":[26.0,28.0,20.5,33.5],"texture":"#2"},"west":{"uv":[26.0,28.0,20.5,33.5],"texture":"#2"},"up":{"uv":[0.0,13.0,9.0,11.5],"rotation":90.0,"texture":"#2"},"down":{"uv":[9.0,11.5,0.0,13.0],"rotation":270.0,"texture":"#2"}}},{"from":[16.09525,1.59954,-1.0],"to":[19.09525,1.59954,17.0],"rotation":{"angle":22.5,"axis":"z","origin":[8.0,5.57403,8.0]},"faces":{"north":{"uv":[20.5,28.0,26.0,33.5],"texture":"#2"},"east":{"uv":[20.5,28.0,26.0,33.5],"texture":"#2"},"south":{"uv":[20.5,28.0,26.0,33.5],"texture":"#2"},"west":{"uv":[20.5,28.0,26.0,33.5],"texture":"#2"},"up":{"uv":[0.0,11.5,9.0,13.0],"rotation":90.0,"texture":"#2"},"down":{"uv":[9.0,13.0,0.0,11.5],"rotation":270.0,"texture":"#2"}}},{"from":[3.0,5.0,3.0],"to":[13.0,9.0,13.0],"rotation":{"angle":0.0,"axis":"x","origin":[7.0,9.5,8.0]},"faces":{"north":{"uv":[5.0,0.0,10.0,2.0],"texture":"#2"},"east":{"uv":[5.0,0.0,10.0,2.0],"texture":"#2"},"south":{"uv":[5.0,0.0,10.0,2.0],"texture":"#2"},"west":{"uv":[5.0,0.0,10.0,2.0],"texture":"#2"},"up":{"uv":[9.0,2.0,14.0,7.0],"texture":"#2"}}},{"from":[2.9,5.15,2.9],"to":[13.1,6.35,13.1],"rotation":{"angle":0.0,"axis":"x","origin":[7.0,9.5,8.0]},"faces":{"north":{"uv":[11.0,15.5,16.0,16.0],"texture":"#2","tintindex":0.0},"east":{"uv":[11.0,15.5,16.0,16.0],"texture":"#2","tintindex":0.0},"south":{"uv":[11.0,15.5,16.0,16.0],"texture":"#2","tintindex":0.0},"west":{"uv":[11.0,15.5,16.0,16.0],"texture":"#2","tintindex":0.0}}}],"gui_light":"front"}