{"textures":{"0":"mcc:island_cosmetics/head/head_5","particle":"mcc:island_cosmetics/head/head_5"},"credit":"Made with Blockbench","texture_size":[128.0,128.0],"elements":[{"from":[2.5,-1.0,2.5],"to":[13.5,10.0,13.5],"rotation":{"angle":0.0,"axis":"x","origin":[7.5,9.5,7.5]},"faces":{"north":{"uv":[5.125,7.0,6.5,8.375],"texture":"#0","tintindex":0.0},"east":{"uv":[5.125,7.0,6.5,8.375],"texture":"#0","tintindex":0.0},"south":{"uv":[5.125,7.0,6.5,8.375],"texture":"#0","tintindex":0.0},"west":{"uv":[5.125,7.0,6.5,8.375],"texture":"#0","tintindex":0.0},"up":{"uv":[6.5,7.0,7.875,8.375],"texture":"#0","tintindex":0.0},"down":{"uv":[7.875,7.0,9.25,8.375],"texture":"#0","tintindex":0.0}}},{"from":[2.5,-1.0,2.5],"to":[13.5,10.0,13.5],"rotation":{"angle":0.0,"axis":"x","origin":[7.5,9.5,7.5]},"faces":{"north":{"uv":[9.5,8.625,10.875,10.0],"texture":"#0"},"east":{"uv":[9.5,8.625,10.875,10.0],"texture":"#0"},"south":{"uv":[9.5,8.625,10.875,10.0],"texture":"#0"},"west":{"uv":[9.5,8.625,10.875,10.0],"texture":"#0"},"up":{"uv":[9.5,8.625,10.875,10.0],"texture":"#0"},"down":{"uv":[9.625,7.375,9.75,7.5],"texture":"#0"}}},{"from":[1.5,-8.25,2.5],"to":[14.5,-2.25,5.5],"rotation":{"angle":22.5,"axis":"x","origin":[8.0,-4.0,4.5]},"faces":{"north":{"uv":[9.25,7.125,10.875,7.875],"texture":"#0"},"east":{"uv":[5.875,9.25,6.25,10.0],"texture":"#0"},"south":{"uv":[9.25,6.375,10.875,7.125],"texture":"#0"},"west":{"uv":[6.25,9.25,5.875,10.0],"texture":"#0"},"up":{"uv":[5.375,8.625,5.5,8.75],"texture":"#0"},"down":{"uv":[1.25,15.625,2.875,16.0],"texture":"#0"}}},{"from":[1.5,-8.25,2.5],"to":[14.5,-2.25,5.5],"rotation":{"angle":22.5,"axis":"x","origin":[8.0,-4.0,4.5]},"faces":{"north":{"uv":[9.5,7.875,11.125,8.625],"texture":"#0","tintindex":0.0},"east":{"uv":[5.75,8.625,5.875,8.75],"texture":"#0","tintindex":0.0},"south":{"uv":[9.5,7.875,11.125,8.625],"texture":"#0","tintindex":0.0},"west":{"uv":[5.75,8.625,5.875,8.75],"texture":"#0","tintindex":0.0},"up":{"uv":[5.375,8.625,5.5,8.75],"texture":"#0","tintindex":0.0},"down":{"uv":[5.625,8.625,5.75,8.75],"texture":"#0","tintindex":0.0}}},{"from":[1.5,-8.25,10.5],"to":[14.5,-2.25,13.5],"rotation":{"angle":-22.5,"axis":"x","origin":[8.0,-4.0,11.5]},"faces":{"north":{"uv":[11.125,7.875,9.5,8.625],"texture":"#0","tintindex":0.0},"east":{"uv":[5.875,8.625,5.75,8.75],"texture":"#0","tintindex":0.0},"south":{"uv":[11.125,7.875,9.5,8.625],"texture":"#0","tintindex":0.0},"west":{"uv":[5.875,8.625,5.75,8.75],"texture":"#0","tintindex":0.0},"up":{"uv":[5.375,8.75,5.5,8.625],"texture":"#0","tintindex":0.0},"down":{"uv":[5.625,8.75,5.75,8.625],"texture":"#0","tintindex":0.0}}},{"from":[1.5,-8.25,10.5],"to":[14.5,-2.25,13.5],"rotation":{"angle":-22.5,"axis":"x","origin":[8.0,-4.0,11.5]},"faces":{"north":{"uv":[10.875,6.375,9.25,7.125],"texture":"#0"},"east":{"uv":[6.25,9.25,5.875,10.0],"texture":"#0"},"south":{"uv":[10.875,7.125,9.25,7.875],"texture":"#0"},"west":{"uv":[5.875,9.25,6.25,10.0],"texture":"#0"},"up":{"uv":[5.375,8.75,5.5,8.625],"texture":"#0"},"down":{"uv":[1.25,16.0,2.875,15.625],"texture":"#0"}}},{"from":[4.5,1.0,0.5],"to":[11.5,8.0,2.5],"rotation":{"angle":0.0,"axis":"y","origin":[8.0,4.5,1.5]},"faces":{"north":{"uv":[5.0,9.25,5.875,10.125],"texture":"#0"},"east":{"uv":[6.0,8.375,6.25,9.25],"texture":"#0"},"south":{"uv":[4.875,6.625,5.0,6.75],"texture":"#0"},"west":{"uv":[6.25,8.375,6.0,9.25],"texture":"#0"},"up":{"uv":[6.0,8.375,6.25,9.25],"rotation":270.0,"texture":"#0"},"down":{"uv":[6.25,9.25,6.0,8.375],"rotation":270.0,"texture":"#0"}}},{"from":[4.5,1.0,13.5],"to":[11.5,8.0,15.5],"rotation":{"angle":0.0,"axis":"y","origin":[8.0,4.5,8.0]},"faces":{"north":{"uv":[5.0,6.625,4.875,6.75],"texture":"#0"},"east":{"uv":[6.25,8.375,6.0,9.25],"texture":"#0"},"south":{"uv":[6.0,8.375,5.125,9.25],"texture":"#0"},"west":{"uv":[6.0,8.375,6.25,9.25],"texture":"#0"},"up":{"uv":[6.25,8.375,6.0,9.25],"rotation":270.0,"texture":"#0"},"down":{"uv":[6.0,9.25,6.25,8.375],"rotation":270.0,"texture":"#0"}}},{"from":[0.5,1.0,4.5],"to":[2.5,8.0,11.5],"rotation":{"angle":0.0,"axis":"y","origin":[8.0,4.5,8.0]},"faces":{"north":{"uv":[6.0,8.375,6.25,9.25],"texture":"#0"},"east":{"uv":[5.0,6.625,4.875,6.75],"texture":"#0"},"south":{"uv":[6.25,8.375,6.0,9.25],"texture":"#0"},"west":{"uv":[6.0,8.375,5.125,9.25],"texture":"#0"},"up":{"uv":[6.25,8.375,6.0,9.25],"texture":"#0"},"down":{"uv":[6.0,9.25,6.25,8.375],"rotation":180.0,"texture":"#0"}}},{"from":[13.5,1.0,4.5],"to":[15.5,8.0,11.5],"rotation":{"angle":0.0,"axis":"y","origin":[8.0,4.5,8.0]},"faces":{"north":{"uv":[6.25,8.375,6.0,9.25],"texture":"#0"},"east":{"uv":[5.125,8.375,6.0,9.25],"texture":"#0"},"south":{"uv":[6.0,8.375,6.25,9.25],"texture":"#0"},"west":{"uv":[4.875,6.625,5.0,6.75],"texture":"#0"},"up":{"uv":[6.0,8.375,6.25,9.25],"texture":"#0"},"down":{"uv":[6.25,9.25,6.0,8.375],"rotation":180.0,"texture":"#0"}}},{"from":[4.5,10.0,4.5],"to":[11.5,12.0,11.5],"rotation":{"angle":0.0,"axis":"z","origin":[8.0,4.5,8.0]},"faces":{"north":{"uv":[6.25,8.375,6.0,9.25],"rotation":90.0,"texture":"#0"},"east":{"uv":[6.25,9.25,6.0,8.375],"rotation":90.0,"texture":"#0"},"south":{"uv":[6.0,8.375,6.25,9.25],"rotation":270.0,"texture":"#0"},"west":{"uv":[6.0,8.375,6.25,9.25],"rotation":270.0,"texture":"#0"},"up":{"uv":[5.125,8.375,6.0,9.25],"rotation":270.0,"texture":"#0"},"down":{"uv":[4.875,6.625,5.0,6.75],"rotation":270.0,"texture":"#0"}}},{"from":[1.48,-3.02,1.48],"to":[14.52,-0.98,14.52],"rotation":{"angle":0.0,"axis":"x","origin":[8.0,4.5,8.0]},"faces":{"north":{"uv":[6.25,8.375,7.875,8.625],"texture":"#0"},"east":{"uv":[6.25,8.375,7.875,8.625],"texture":"#0"},"south":{"uv":[6.25,8.375,7.875,8.625],"texture":"#0"},"west":{"uv":[6.25,8.375,7.875,8.625],"texture":"#0"},"up":{"uv":[6.25,8.625,7.875,10.25],"texture":"#0"},"down":{"uv":[7.875,8.375,9.5,10.0],"texture":"#0"}}},{"name":"cube inverted","from":[13.5,10.0,13.5],"to":[2.5,-1.0,2.5],"rotation":{"angle":0.0,"axis":"x","origin":[7.5,9.5,7.5]},"faces":{"north":{"uv":[5.125,8.375,6.5,7.0],"texture":"#0","tintindex":0.0},"east":{"uv":[5.125,8.375,6.5,7.0],"texture":"#0","tintindex":0.0},"south":{"uv":[5.125,8.375,6.5,7.0],"texture":"#0","tintindex":0.0},"west":{"uv":[5.125,8.375,6.5,7.0],"texture":"#0","tintindex":0.0},"up":{"uv":[9.25,7.0,7.875,8.375],"texture":"#0","tintindex":0.0},"down":{"uv":[7.875,7.0,6.5,8.375],"texture":"#0","tintindex":0.0}}},{"name":"cube inverted","from":[15.5,8.0,11.5],"to":[13.5,1.0,4.5],"rotation":{"angle":0.0,"axis":"y","origin":[8.0,4.5,8.0]},"faces":{"north":{"uv":[6.0,9.25,6.25,8.375],"texture":"#0"},"east":{"uv":[4.875,6.75,5.0,6.625],"texture":"#0"},"south":{"uv":[6.25,9.25,6.0,8.375],"texture":"#0"},"west":{"uv":[5.125,9.25,6.0,8.375],"texture":"#0"},"up":{"uv":[6.0,9.25,6.25,8.375],"rotation":180.0,"texture":"#0"},"down":{"uv":[6.25,8.375,6.0,9.25],"texture":"#0"}}},{"name":"cube inverted","from":[11.5,12.0,11.5],"to":[4.5,10.0,4.5],"rotation":{"angle":0.0,"axis":"z","origin":[8.0,4.5,8.0]},"faces":{"north":{"uv":[6.25,8.375,6.0,9.25],"rotation":270.0,"texture":"#0"},"east":{"uv":[6.25,8.375,6.0,9.25],"rotation":270.0,"texture":"#0"},"south":{"uv":[6.0,8.375,6.25,9.25],"rotation":90.0,"texture":"#0"},"west":{"uv":[6.0,9.25,6.25,8.375],"rotation":90.0,"texture":"#0"},"up":{"uv":[4.875,6.75,5.0,6.625],"rotation":270.0,"texture":"#0"},"down":{"uv":[5.125,9.25,6.0,8.375],"rotation":270.0,"texture":"#0"}}},{"name":"cube inverted","from":[2.5,8.0,11.5],"to":[0.5,1.0,4.5],"rotation":{"angle":0.0,"axis":"y","origin":[8.0,4.5,8.0]},"faces":{"north":{"uv":[6.25,9.25,6.0,8.375],"texture":"#0"},"east":{"uv":[6.0,9.25,5.125,8.375],"texture":"#0"},"south":{"uv":[6.0,9.25,6.25,8.375],"texture":"#0"},"west":{"uv":[5.0,6.75,4.875,6.625],"texture":"#0"},"up":{"uv":[6.25,9.25,6.0,8.375],"rotation":180.0,"texture":"#0"},"down":{"uv":[6.0,8.375,6.25,9.25],"texture":"#0"}}},{"name":"cube inverted","from":[11.5,8.0,15.5],"to":[4.5,1.0,13.5],"rotation":{"angle":0.0,"axis":"y","origin":[8.0,4.5,8.0]},"faces":{"north":{"uv":[6.0,9.25,5.125,8.375],"texture":"#0"},"east":{"uv":[6.0,9.25,6.25,8.375],"texture":"#0"},"south":{"uv":[5.0,6.75,4.875,6.625],"texture":"#0"},"west":{"uv":[6.25,9.25,6.0,8.375],"texture":"#0"},"up":{"uv":[6.0,8.375,6.25,9.25],"rotation":270.0,"texture":"#0"},"down":{"uv":[6.25,9.25,6.0,8.375],"rotation":270.0,"texture":"#0"}}},{"name":"cube inverted","from":[11.5,8.0,2.5],"to":[4.5,1.0,0.5],"rotation":{"angle":0.0,"axis":"y","origin":[8.0,4.5,1.5]},"faces":{"north":{"uv":[4.875,6.75,5.0,6.625],"texture":"#0"},"east":{"uv":[6.25,9.25,6.0,8.375],"texture":"#0"},"south":{"uv":[5.0,10.125,5.875,9.25],"texture":"#0"},"west":{"uv":[6.0,9.25,6.25,8.375],"texture":"#0"},"up":{"uv":[6.25,8.375,6.0,9.25],"rotation":270.0,"texture":"#0"},"down":{"uv":[6.0,9.25,6.25,8.375],"rotation":270.0,"texture":"#0"}}}],"gui_light":"front","display":{"thirdperson_righthand":{"rotation":[55.5,34.0,0.0],"translation":[0.0,1.0,0.75],"scale":[0.52539,0.52539,0.52539]},"thirdperson_lefthand":{"rotation":[55.5,34.0,0.0],"translation":[0.0,1.0,0.75],"scale":[0.52539,0.52539,0.52539]},"firstperson_righthand":{"rotation":[21.0,114.5,-13.75],"translation":[9.5,0.0,-5.75],"scale":[0.41992,0.41992,0.41992]},"firstperson_lefthand":{"rotation":[21.0,114.5,-13.75],"translation":[9.5,0.0,-5.75],"scale":[0.41992,0.41992,0.41992]},"gui":{"rotation":[-149.61,-31.92,-180.0],"translation":[-0.25,3.75,0.0],"scale":[0.64843,0.64843,0.64843]},"head":{"translation":[0.0,7.5,0.0],"scale":[1.61758,1.61758,1.61758]}}}