{"textures":{"1":"mcc:island_cosmetics/general/hat/sun_hat/sun_hat","2":"mcc:island_cosmetics/general/hat/sun_hat/coastal","particle":"mcc:island_cosmetics/general/hat/sun_hat/coastal"},"elements":[{"from":[-1.0,0.75,-1.0],"to":[17.0,0.75,17.0],"faces":{"up":{"uv":[0.0,0.0,9.0,9.0],"texture":"#1"},"down":{"uv":[0.0,0.0,9.0,9.0],"texture":"#1"}}},{"from":[-1.0,1.18985,-3.78873],"to":[17.0,1.18985,-0.78873],"rotation":{"angle":-22.5,"axis":"x","origin":[0.0,0.43985,0.21127]},"faces":{"up":{"uv":[0.0,11.0,9.0,9.5],"texture":"#1"},"down":{"uv":[0.0,9.5,9.0,11.0],"texture":"#1"}}},{"from":[-1.0,1.18985,16.78873],"to":[17.0,1.18985,19.78873],"rotation":{"angle":22.5,"axis":"x","origin":[0.0,0.43985,15.78873]},"faces":{"up":{"uv":[0.0,9.5,9.0,11.0],"texture":"#1"},"down":{"uv":[0.0,11.0,9.0,9.5],"texture":"#1"}}},{"from":[-3.0949,4.15039,-1.0],"to":[-0.0949,4.15039,17.0],"rotation":{"angle":22.5,"axis":"z","origin":[8.0,0.17605,8.0]},"faces":{"up":{"uv":[0.0,9.5,9.0,11.0],"texture":"#1","rotation":90},"down":{"uv":[0.0,11.0,9.0,9.5],"texture":"#1","rotation":270}}},{"from":[16.0949,4.15039,-1.0],"to":[19.0949,4.15039,17.0],"rotation":{"angle":-22.5,"axis":"z","origin":[8.0,0.17605,8.0]},"faces":{"up":{"uv":[0.0,11.0,9.0,9.5],"texture":"#1","rotation":90},"down":{"uv":[0.0,9.5,9.0,11.0],"texture":"#1","rotation":270}}},{"from":[4.0,0.74,4.0],"to":[12.0,4.74,12.0],"rotation":{"angle":0.0,"axis":"y","origin":[0.01,0.0,0.01]},"faces":{"north":{"uv":[10.5,0.0,14.5,2.0],"texture":"#1"},"east":{"uv":[10.5,0.0,14.5,2.0],"texture":"#1"},"south":{"uv":[10.5,0.0,14.5,2.0],"texture":"#1"},"west":{"uv":[10.5,0.0,14.5,2.0],"texture":"#1"},"up":{"uv":[10.5,2.5,14.5,6.5],"texture":"#1"},"down":{"uv":[10.5,6.5,14.5,10.5],"texture":"#1"}}},{"from":[3.7,0.94,3.7],"to":[12.3,3.54,12.3],"rotation":{"angle":0.0,"axis":"y","origin":[0.01,0.0,0.01]},"faces":{"north":{"uv":[5.0,0.0,13.0,2.0],"texture":"#2"},"east":{"uv":[5.0,0.0,13.0,2.0],"texture":"#2"},"south":{"uv":[5.0,0.0,13.0,2.0],"texture":"#2"},"west":{"uv":[5.0,0.0,13.0,2.0],"texture":"#2"}}},{"from":[3.98,0.88,3.98],"to":[12.02,2.92,12.02],"faces":{"north":{"uv":[10.5,10.5,14.5,11.5],"texture":"#1","tintindex":0},"east":{"uv":[10.5,10.5,14.5,11.5],"texture":"#1","tintindex":0},"south":{"uv":[10.5,10.5,14.5,11.5],"texture":"#1","tintindex":0},"west":{"uv":[10.5,10.5,14.5,11.5],"texture":"#1","tintindex":0}}},{"from":[9.0,2.0,2.75],"to":[14.0,6.0,3.75],"rotation":{"angle":-22.5,"axis":"y","origin":[11.5,3.5,3.0]},"faces":{"north":{"uv":[0.0,0.0,5.0,4.0],"texture":"#2","tintindex":0},"east":{"uv":[0.0,0.0,1.0,4.0],"texture":"#2","tintindex":0},"south":{"uv":[0.0,0.0,5.0,4.0],"texture":"#2","tintindex":0},"west":{"uv":[0.0,0.0,1.0,4.0],"texture":"#2","tintindex":0},"up":{"uv":[0.0,0.0,5.0,1.0],"texture":"#2","tintindex":0},"down":{"uv":[0.0,3.0,5.0,4.0],"texture":"#2","tintindex":0}}},{"from":[10.0,0.0,3.25],"to":[13.0,2.0,3.25],"rotation":{"angle":-22.5,"axis":"y","origin":[11.5,3.5,3.0]},"faces":{"north":{"uv":[0.0,4.0,3.0,6.0],"texture":"#2","tintindex":0},"south":{"uv":[0.0,4.0,3.0,6.0],"texture":"#2","tintindex":0}}},{"from":[4.0,1.0,3.25],"to":[7.0,4.0,4.25],"rotation":{"angle":22.5,"axis":"y","origin":[4.5,3.5,3.0]},"faces":{"north":{"uv":[8.0,2.0,5.0,5.0],"texture":"#2"},"east":{"uv":[7.0,2.0,8.0,5.0],"texture":"#2"},"south":{"uv":[8.0,2.0,5.0,5.0],"texture":"#2"},"west":{"uv":[7.0,2.0,8.0,5.0],"texture":"#2"},"up":{"uv":[8.0,2.0,5.0,3.0],"texture":"#2"},"down":{"uv":[8.0,4.0,5.0,5.0],"texture":"#2"}}},{"from":[2.0,2.0,12.25],"to":[7.0,6.0,13.25],"rotation":{"angle":-22.5,"axis":"y","origin":[4.5,3.5,13.0]},"faces":{"north":{"uv":[0.0,0.0,5.0,4.0],"texture":"#2"},"east":{"uv":[0.0,0.0,1.0,4.0],"texture":"#2"},"south":{"uv":[0.0,0.0,5.0,4.0],"texture":"#2"},"west":{"uv":[0.0,0.0,1.0,4.0],"texture":"#2"},"up":{"uv":[5.0,1.0,0.0,0.0],"texture":"#2"},"down":{"uv":[5.0,4.0,0.0,3.0],"texture":"#2"}}},{"from":[3.0,0.0,12.75],"to":[6.0,2.0,12.75],"rotation":{"angle":-22.5,"axis":"y","origin":[4.5,3.5,13.0]},"faces":{"north":{"uv":[0.0,4.0,3.0,6.0],"texture":"#2"},"south":{"uv":[0.0,4.0,3.0,6.0],"texture":"#2"}}},{"from":[9.0,1.0,11.75],"to":[12.0,4.0,12.75],"rotation":{"angle":22.5,"axis":"y","origin":[11.5,3.5,13.0]},"faces":{"north":{"uv":[8.0,2.0,5.0,5.0],"texture":"#2","tintindex":0},"east":{"uv":[7.0,2.0,8.0,5.0],"texture":"#2","tintindex":0},"south":{"uv":[8.0,2.0,5.0,5.0],"texture":"#2","tintindex":0},"west":{"uv":[7.0,2.0,8.0,5.0],"texture":"#2","tintindex":0},"up":{"uv":[5.0,3.0,8.0,2.0],"texture":"#2","tintindex":0},"down":{"uv":[5.0,5.0,8.0,4.0],"texture":"#2","tintindex":0}}},{"from":[12.70879,1.0,6.17984],"to":[13.70879,4.0,9.17984],"rotation":{"angle":0.0,"axis":"y","origin":[8.0,2.5,8.0]},"faces":{"north":{"uv":[7.0,2.0,8.0,5.0],"texture":"#2"},"east":{"uv":[8.0,2.0,5.0,5.0],"texture":"#2"},"south":{"uv":[7.0,2.0,8.0,5.0],"texture":"#2"},"west":{"uv":[8.0,2.0,5.0,5.0],"texture":"#2"},"up":{"uv":[8.0,2.0,5.0,3.0],"texture":"#2","rotation":90},"down":{"uv":[8.0,4.0,5.0,5.0],"texture":"#2","rotation":270}}},{"from":[2.29121,1.0,6.82016],"to":[3.29121,4.0,9.82016],"rotation":{"angle":0.0,"axis":"y","origin":[8.0,2.5,8.0]},"faces":{"north":{"uv":[7.0,2.0,8.0,5.0],"texture":"#2","tintindex":0},"east":{"uv":[8.0,2.0,5.0,5.0],"texture":"#2","tintindex":0},"south":{"uv":[7.0,2.0,8.0,5.0],"texture":"#2","tintindex":0},"west":{"uv":[8.0,2.0,5.0,5.0],"texture":"#2","tintindex":0},"up":{"uv":[5.0,3.0,8.0,2.0],"texture":"#2","tintindex":0,"rotation":90},"down":{"uv":[5.0,5.0,8.0,4.0],"texture":"#2","tintindex":0,"rotation":270}}}],"display":{"thirdperson_righthand":{"rotation":[64.25,0.0,0.0],"scale":[0.44336,0.44336,0.44336]},"thirdperson_lefthand":{"rotation":[64.25,0.0,0.0],"scale":[0.44336,0.44336,0.44336]},"firstperson_righthand":{"scale":[0.0,0.0,0.0]},"firstperson_lefthand":{"scale":[0.0,0.0,0.0]},"ground":{"translation":[0.0,15.75,0.0],"scale":[0.66602,0.66602,0.66602]},"gui":{"translation":[0.0,4.5,0.0],"rotation":[-149.61,-31.92,-180.0],"scale":[0.64452,0.64452,0.64452]},"head":{"translation":[0.0,16.75,1.25],"rotation":[6.0,0.0,0.0],"scale":[1.84415,1.84415,1.84415]}},"credit":"Made with Blockbench","gui_light":"front"}