{"textures":{"0":"mcc:island_cosmetics/general/hat/gas_mask/hazmat","particle":"mcc:island_cosmetics/general/hat/gas_mask/hazmat"},"elements":[{"from":[3.0,-2.0,3.0],"to":[13.0,10.0,13.0],"rotation":{"angle":0.0,"axis":"y","origin":[-1.0,0.0,-1.0]},"faces":{"north":{"uv":[12.66667,12.0,16.0,16.0],"texture":"#0"},"east":{"uv":[9.33333,12.0,12.66667,16.0],"texture":"#0"},"south":{"uv":[0.0,0.0,3.33333,4.0],"texture":"#0"},"west":{"uv":[12.66667,12.0,9.33333,16.0],"texture":"#0"},"up":{"uv":[4.66667,2.66667,8.0,6.0],"texture":"#0"},"down":{"uv":[12.66667,8.66667,16.0,12.0],"texture":"#0"}}},{"from":[2.6,0.1,2.6],"to":[13.4,8.4,7.4],"rotation":{"angle":0.0,"axis":"y","origin":[-1.0,0.0,-1.0]},"faces":{"north":{"uv":[3.33333,0.0,6.66667,2.66667],"texture":"#0"},"east":{"uv":[6.66667,0.0,8.0,2.66667],"texture":"#0"},"west":{"uv":[8.0,0.0,6.66667,2.66667],"texture":"#0"}}},{"from":[2.2,0.8,1.8],"to":[13.8,7.4,5.4],"rotation":{"angle":0.0,"axis":"y","origin":[-0.1,0.0,0.0]},"faces":{"north":{"uv":[0.0,4.0,3.66667,6.0],"texture":"#0"},"east":{"uv":[0.0,6.0,1.0,8.0],"texture":"#0"},"west":{"uv":[1.0,6.0,0.0,8.0],"texture":"#0"},"up":{"uv":[4.66667,6.0,8.33333,7.0],"texture":"#0"},"down":{"uv":[4.66667,7.0,8.33333,8.0],"texture":"#0"}}},{"from":[2.5,1.1,2.1],"to":[13.5,7.1,5.1],"rotation":{"angle":0.0,"axis":"y","origin":[-0.1,0.0,0.0]},"faces":{"north":{"uv":[1.0,6.0,4.66667,8.0],"texture":"#0","tintindex":0},"east":{"uv":[0.0,8.0,1.0,10.0],"texture":"#0","tintindex":0},"west":{"uv":[1.0,8.0,0.0,10.0],"texture":"#0","tintindex":0}}},{"from":[5.2,-2.7,-0.2],"to":[10.8,2.9,2.4],"rotation":{"angle":-22.5,"axis":"x","origin":[8.4,-2.5,2.5]},"faces":{"north":{"uv":[1.0,9.66667,2.66667,11.33333],"texture":"#0"},"east":{"uv":[2.66667,8.0,4.33333,8.66667],"texture":"#0","rotation":90},"west":{"uv":[2.66667,8.66667,4.33333,8.0],"texture":"#0","rotation":90},"up":{"uv":[2.66667,8.0,4.33333,8.66667],"texture":"#0"},"down":{"uv":[2.66667,8.66667,4.33333,8.0],"texture":"#0"}}},{"from":[5.5,-2.4,0.1],"to":[10.5,2.6,6.1],"rotation":{"angle":-22.5,"axis":"x","origin":[8.4,-2.5,2.5]},"faces":{"north":{"uv":[1.0,8.0,2.66667,9.66667],"texture":"#0"},"east":{"uv":[2.66667,8.0,4.33333,10.0],"texture":"#0","rotation":90},"west":{"uv":[2.66667,10.0,4.33333,8.0],"texture":"#0","rotation":90},"up":{"uv":[2.66667,8.0,4.33333,10.0],"texture":"#0"},"down":{"uv":[2.66667,10.0,4.33333,8.0],"texture":"#0"}}},{"from":[9.5,-2.3683,-3.94065],"to":[12.5,0.6317,1.05935],"rotation":{"angle":-45.0,"axis":"y","origin":[8.0,0.1317,2.05935]},"faces":{"north":{"uv":[2.66667,10.0,3.66667,11.0],"texture":"#0","rotation":90},"east":{"uv":[3.66667,11.66667,4.66667,10.0],"texture":"#0","rotation":90},"west":{"uv":[3.66667,10.0,4.66667,11.66667],"texture":"#0","rotation":90},"up":{"uv":[3.66667,11.66667,4.0,10.0],"texture":"#0"},"down":{"uv":[4.33333,10.0,4.66667,11.66667],"texture":"#0"}}},{"from":[9.5,-2.3683,-3.94065],"to":[12.5,0.6317,1.05935],"rotation":{"angle":-45.0,"axis":"y","origin":[8.0,0.1317,2.05935]},"faces":{"east":{"uv":[0.0,11.66667,1.0,10.0],"texture":"#0","tintindex":0,"rotation":90},"west":{"uv":[0.0,10.0,1.0,11.66667],"texture":"#0","tintindex":0,"rotation":90},"up":{"uv":[0.0,11.66667,0.33333,10.0],"texture":"#0","tintindex":0},"down":{"uv":[0.66667,10.0,1.0,11.66667],"texture":"#0","tintindex":0}}},{"from":[9.3,-2.5683,-4.14065],"to":[12.7,0.8317,-0.74065],"rotation":{"angle":-45.0,"axis":"y","origin":[8.0,0.1317,2.05935]},"faces":{"east":{"uv":[2.66667,11.0,3.66667,12.0],"texture":"#0","rotation":90},"west":{"uv":[2.66667,12.0,3.66667,11.0],"texture":"#0","rotation":90},"up":{"uv":[2.66667,11.0,3.0,12.0],"texture":"#0"},"down":{"uv":[3.33333,12.0,3.66667,11.0],"texture":"#0"}}},{"from":[12.7,0.8317,-0.74065],"to":[9.3,-2.5683,-4.14065],"rotation":{"angle":-45.0,"axis":"y","origin":[8.0,0.1317,2.05935]},"faces":{"east":{"uv":[3.66667,12.0,2.66667,11.0],"texture":"#0","rotation":90},"west":{"uv":[3.66667,11.0,2.66667,12.0],"texture":"#0","rotation":90},"up":{"uv":[3.66667,12.0,3.33333,11.0],"texture":"#0"},"down":{"uv":[3.0,11.0,2.66667,12.0],"texture":"#0"}}},{"from":[3.5,-2.3683,-3.94065],"to":[6.5,0.6317,1.05935],"rotation":{"angle":45.0,"axis":"y","origin":[8.0,0.1317,2.05935]},"faces":{"north":{"uv":[2.66667,11.0,3.66667,10.0],"texture":"#0","rotation":90},"east":{"uv":[3.66667,11.66667,4.66667,10.0],"texture":"#0","rotation":90},"west":{"uv":[3.66667,10.0,4.66667,11.66667],"texture":"#0","rotation":90},"up":{"uv":[4.0,11.66667,3.66667,10.0],"texture":"#0"},"down":{"uv":[4.66667,10.0,4.33333,11.66667],"texture":"#0"}}},{"from":[3.5,-2.3683,-3.94065],"to":[6.5,0.6317,1.05935],"rotation":{"angle":45.0,"axis":"y","origin":[8.0,0.1317,2.05935]},"faces":{"east":{"uv":[0.0,11.66667,1.0,10.0],"texture":"#0","tintindex":0,"rotation":90},"west":{"uv":[0.0,10.0,1.0,11.66667],"texture":"#0","tintindex":0,"rotation":90},"up":{"uv":[0.33333,11.66667,0.0,10.0],"texture":"#0","tintindex":0},"down":{"uv":[1.0,10.0,0.66667,11.66667],"texture":"#0","tintindex":0}}},{"from":[3.3,-2.5683,-4.14065],"to":[6.7,0.8317,-0.74065],"rotation":{"angle":45.0,"axis":"y","origin":[8.0,0.1317,2.05935]},"faces":{"east":{"uv":[2.66667,11.0,3.66667,12.0],"texture":"#0","rotation":90},"west":{"uv":[2.66667,12.0,3.66667,11.0],"texture":"#0","rotation":90},"up":{"uv":[3.0,11.0,2.66667,12.0],"texture":"#0"},"down":{"uv":[3.66667,12.0,3.33333,11.0],"texture":"#0"}}},{"from":[6.7,0.8317,-0.74065],"to":[3.3,-2.5683,-4.14065],"rotation":{"angle":45.0,"axis":"y","origin":[8.0,0.1317,2.05935]},"faces":{"east":{"uv":[3.66667,12.0,2.66667,11.0],"texture":"#0","rotation":90},"west":{"uv":[3.66667,11.0,2.66667,12.0],"texture":"#0","rotation":90},"up":{"uv":[3.33333,12.0,3.66667,11.0],"texture":"#0"},"down":{"uv":[2.66667,11.0,3.0,12.0],"texture":"#0"}}}],"display":{"thirdperson_righthand":{"translation":[0.0,1.0,-1.0],"rotation":[63.0,34.0,0.0],"scale":[0.37891,0.37891,0.37891]},"thirdperson_lefthand":{"translation":[0.0,1.0,-1.0],"rotation":[63.0,34.0,0.0],"scale":[0.37891,0.37891,0.37891]},"firstperson_righthand":{"translation":[9.5,0.0,-5.75],"rotation":[3.0,112.0,-13.0],"scale":[0.35547,0.35547,0.35547]},"firstperson_lefthand":{"translation":[9.5,0.0,-5.75],"rotation":[3.0,112.0,-13.0],"scale":[0.35547,0.35547,0.35547]},"ground":{"translation":[0.0,4.25,0.0],"scale":[0.28906,0.28906,0.28906]},"gui":{"translation":[-1.0,3.75,0.0],"rotation":[-149.61,-31.92,-180.0],"scale":[0.7578,0.7578,0.7578]},"head":{"translation":[0.0,8.25,1.0],"rotation":[3.75,0.0,0.0],"scale":[1.61953,1.61953,1.61953]},"fixed":{"translation":[0.0,-3.25,-7.5]}},"credit":"Made with Blockbench","gui_light":"front"}