{"textures":{"2":"mcc:island_cosmetics/general/hat/hothead/cherry_bomb_anim","3":"mcc:island_cosmetics/general/hat/hothead/cheri","4":"mcc:island_cosmetics/general/hat/hothead/cheri_anim","particle":"mcc:island_cosmetics/general/hat/hothead/cheri_anim"},"elements":[{"from":[2.5,0.0,2.5],"to":[13.5,11.0,13.5],"rotation":{"angle":0.0,"axis":"x","origin":[7.5,12.0,8.5]},"faces":{"north":{"uv":[0.0,0.0,11.0,11.0],"texture":"#4"},"east":{"uv":[10.5,0.0,5.0,5.5],"texture":"#3"},"south":{"uv":[5.0,0.0,10.5,5.5],"texture":"#3"},"west":{"uv":[10.5,0.0,5.0,5.5],"texture":"#3"},"up":{"uv":[10.5,5.5,16.0,0.0],"texture":"#3","rotation":90},"down":{"uv":[10.5,11.0,16.0,5.5],"texture":"#3","rotation":90}}},{"from":[2.3,-0.2,2.3],"to":[13.7,4.2,4.7],"rotation":{"angle":0.0,"axis":"x","origin":[7.5,12.0,8.5]},"faces":{"north":{"uv":[0.0,8.5,5.5,10.5],"texture":"#3"},"east":{"uv":[6.0,8.5,5.0,10.5],"texture":"#3"},"west":{"uv":[5.0,8.5,6.0,10.5],"texture":"#3"}}},{"from":[9.5,5.0,1.5],"to":[14.5,5.0,2.5],"rotation":{"angle":0.0,"axis":"x","origin":[7.5,12.0,8.5]},"faces":{"north":{"uv":[0.0,10.0,2.5,10.0],"texture":"#3"},"east":{"uv":[10.5,0.0,5.0,5.5],"texture":"#3"},"south":{"uv":[5.0,0.0,10.5,5.5],"texture":"#3"},"west":{"uv":[10.5,0.0,5.0,5.5],"texture":"#3"},"up":{"uv":[11.0,11.0,12.0,6.0],"texture":"#4","rotation":90},"down":{"uv":[11.0,11.0,12.0,6.0],"texture":"#4","rotation":90}}},{"from":[1.5,5.0,1.5],"to":[6.5,5.0,2.5],"rotation":{"angle":0.0,"axis":"x","origin":[8.5,12.0,8.5]},"faces":{"north":{"uv":[2.5,10.0,0.0,10.0],"texture":"#3"},"east":{"uv":[5.0,0.0,10.5,5.5],"texture":"#3"},"south":{"uv":[10.5,0.0,5.0,5.5],"texture":"#3"},"west":{"uv":[5.0,0.0,10.5,5.5],"texture":"#3"},"up":{"uv":[11.0,6.0,12.0,11.0],"texture":"#4","rotation":90},"down":{"uv":[11.0,6.0,12.0,11.0],"texture":"#4","rotation":90}}},{"from":[9.5,7.0,1.5],"to":[14.5,7.0,2.5],"rotation":{"angle":0.0,"axis":"x","origin":[7.5,12.0,8.5]},"faces":{"north":{"uv":[0.0,10.0,2.5,10.0],"texture":"#3"},"east":{"uv":[10.5,0.0,5.0,5.5],"texture":"#3"},"south":{"uv":[5.0,0.0,10.5,5.5],"texture":"#3"},"west":{"uv":[10.5,0.0,5.0,5.5],"texture":"#3"},"up":{"uv":[11.0,5.0,12.0,0.0],"texture":"#4","rotation":90},"down":{"uv":[11.0,5.0,12.0,0.0],"texture":"#4","rotation":90}}},{"from":[1.5,7.0,1.5],"to":[6.5,7.0,2.5],"rotation":{"angle":0.0,"axis":"x","origin":[8.5,12.0,8.5]},"faces":{"north":{"uv":[2.5,10.0,0.0,10.0],"texture":"#3"},"east":{"uv":[5.0,0.0,10.5,5.5],"texture":"#3"},"south":{"uv":[10.5,0.0,5.0,5.5],"texture":"#3"},"west":{"uv":[5.0,0.0,10.5,5.5],"texture":"#3"},"up":{"uv":[11.0,0.0,12.0,5.0],"texture":"#4","rotation":90},"down":{"uv":[11.0,0.0,12.0,5.0],"texture":"#4","rotation":90}}},{"from":[6.0,5.0,8.0],"to":[23.0,20.0,8.0],"rotation":{"angle":-45.0,"axis":"y","origin":[8.0,14.0,8.0]},"faces":{"north":{"uv":[0.0,0.0,8.5,7.5],"texture":"#2"},"south":{"uv":[8.5,0.0,0.0,7.5],"texture":"#2"}}}],"display":{"thirdperson_righthand":{"translation":[0.0,1.0,0.75],"rotation":[55.5,34.0,0.0],"scale":[0.52539,0.52539,0.52539]},"thirdperson_lefthand":{"translation":[0.0,1.0,0.75],"rotation":[55.5,34.0,0.0],"scale":[0.52539,0.52539,0.52539]},"firstperson_righthand":{"translation":[9.5,0.0,-5.75],"rotation":[21.0,114.5,-13.75],"scale":[0.41992,0.41992,0.41992]},"firstperson_lefthand":{"translation":[9.5,0.0,-5.75],"rotation":[21.0,114.5,-13.75],"scale":[0.41992,0.41992,0.41992]},"gui":{"translation":[1.5,0.25,0.0],"rotation":[-149.61,-31.92,-180.0],"scale":[0.68554,0.68554,0.68554]},"head":{"translation":[0.0,6.0,0.0],"scale":[1.65859,1.65859,1.65859]}},"credit":"Made with Blockbench","gui_light":"front"}