{"textures":{"1":"mcc:island_cosmetics/general/hat/leaf_crown/leaf_crown"},"elements":[{"from":[4.0,9.0,3.0],"to":[12.0,12.0,4.0],"rotation":{"angle":22.5,"axis":"x","origin":[8.0,10.0,8.0]},"faces":{"north":{"uv":[7.75,6.0,9.75,6.75],"texture":"#1"},"east":{"uv":[2.0,7.25,2.25,8.0],"texture":"#1"},"south":{"uv":[7.75,7.0,9.75,7.75],"texture":"#1"},"west":{"uv":[2.5,7.25,2.75,8.0],"texture":"#1"},"up":{"uv":[8.25,9.25,6.25,9.0],"texture":"#1"},"down":{"uv":[10.5,9.0,8.5,9.25],"texture":"#1"}}},{"from":[3.0,9.0,3.0],"to":[4.0,12.0,13.0],"rotation":{"angle":22.5,"axis":"x","origin":[8.0,10.0,8.0]},"faces":{"north":{"uv":[3.0,7.25,3.25,8.0],"texture":"#1"},"east":{"uv":[7.5,2.0,10.0,2.75],"texture":"#1"},"south":{"uv":[0.0,9.25,0.25,10.0],"texture":"#1"},"west":{"uv":[7.5,3.0,10.0,3.75],"texture":"#1"},"up":{"uv":[4.5,11.25,4.25,8.75],"texture":"#1"},"down":{"uv":[5.0,8.75,4.75,11.25],"texture":"#1"}}},{"from":[3.025,8.0,1.0],"to":[3.025,15.0,15.0],"rotation":{"angle":22.5,"axis":"x","origin":[8.0,10.0,8.0]},"faces":{"north":{"uv":[6.25,9.5,6.25,11.25],"texture":"#1"},"east":{"uv":[3.5,2.0,0.0,3.75],"texture":"#1"},"south":{"uv":[6.5,9.5,6.5,11.25],"texture":"#1"},"west":{"uv":[0.0,2.0,3.5,3.75],"texture":"#1"},"up":{"uv":[6.75,13.0,6.75,9.5],"texture":"#1"},"down":{"uv":[7.0,9.5,7.0,13.0],"texture":"#1"}}},{"from":[12.975,8.0,1.0],"to":[12.975,15.0,15.0],"rotation":{"angle":22.5,"axis":"x","origin":[8.0,10.0,8.0]},"faces":{"north":{"uv":[6.5,9.5,6.5,11.25],"texture":"#1"},"east":{"uv":[0.0,2.0,3.5,3.75],"texture":"#1"},"south":{"uv":[6.25,9.5,6.25,11.25],"texture":"#1"},"west":{"uv":[3.5,2.0,0.0,3.75],"texture":"#1"},"up":{"uv":[7.25,13.0,7.25,9.5],"texture":"#1"},"down":{"uv":[7.5,9.5,7.5,13.0],"texture":"#1"}}},{"from":[12.0,9.0,3.0],"to":[13.0,12.0,13.0],"rotation":{"angle":22.5,"axis":"x","origin":[8.0,10.0,8.0]},"faces":{"north":{"uv":[0.5,9.25,0.75,10.0],"texture":"#1"},"east":{"uv":[7.5,4.0,10.0,4.75],"texture":"#1"},"south":{"uv":[1.0,9.25,1.25,10.0],"texture":"#1"},"west":{"uv":[7.5,5.0,10.0,5.75],"texture":"#1"},"up":{"uv":[5.5,11.25,5.25,8.75],"texture":"#1"},"down":{"uv":[6.0,8.75,5.75,11.25],"texture":"#1"}}},{"from":[1.0,8.8097,8.95671],"to":[15.0,13.8097,8.95671],"rotation":{"angle":45.0,"axis":"x","origin":[3.5,12.3097,8.95671]},"faces":{"north":{"uv":[3.75,5.25,7.25,6.5],"texture":"#1"},"east":{"uv":[3.5,7.25,3.5,8.5],"texture":"#1"},"south":{"uv":[0.0,5.75,3.5,7.0],"texture":"#1"},"west":{"uv":[7.75,9.5,7.75,10.75],"texture":"#1"},"up":{"uv":[11.5,9.5,8.0,9.5],"texture":"#1"},"down":{"uv":[11.5,9.75,8.0,9.75],"texture":"#1"}}},{"from":[1.0,11.8097,3.63171],"to":[15.0,17.8097,3.63171],"rotation":{"angle":-22.5,"axis":"x","origin":[3.5,12.3097,8.95671]},"faces":{"north":{"uv":[3.75,0.0,7.25,1.5],"texture":"#1"},"east":{"uv":[2.0,9.75,2.0,11.25],"texture":"#1"},"south":{"uv":[7.25,0.0,3.75,1.5],"texture":"#1"},"west":{"uv":[2.25,9.75,2.25,11.25],"texture":"#1"},"up":{"uv":[13.5,1.0,10.0,1.0],"texture":"#1"},"down":{"uv":[13.5,1.25,10.0,1.25],"texture":"#1"}}},{"from":[1.0,5.12966,12.86491],"to":[15.0,11.12966,12.86491],"rotation":{"angle":-22.5,"axis":"x","origin":[8.0,9.42966,13.11491]},"faces":{"north":{"uv":[3.75,0.0,7.25,1.5],"texture":"#1","rotation":180},"east":{"uv":[2.5,9.75,4.0,9.75],"texture":"#1","rotation":270},"south":{"uv":[3.75,1.5,7.25,0.0],"texture":"#1"},"west":{"uv":[2.5,10.0,4.0,10.0],"texture":"#1","rotation":90},"up":{"uv":[10.0,1.5,13.5,1.5],"texture":"#1","rotation":180},"down":{"uv":[10.0,1.75,13.5,1.75],"texture":"#1"}}},{"from":[4.0,9.0,12.0],"to":[12.0,12.0,13.0],"rotation":{"angle":22.5,"axis":"x","origin":[8.0,10.0,8.0]},"faces":{"north":{"uv":[7.75,8.0,9.75,8.75],"texture":"#1"},"east":{"uv":[1.5,9.25,1.75,10.0],"texture":"#1"},"south":{"uv":[2.0,8.75,4.0,9.5],"texture":"#1"},"west":{"uv":[9.5,1.0,9.75,1.75],"texture":"#1"},"up":{"uv":[11.5,0.25,9.5,0.0],"texture":"#1"},"down":{"uv":[11.5,0.5,9.5,0.75],"texture":"#1"}}},{"from":[-3.64645,6.61091,10.5],"to":[3.35355,13.61091,10.5],"rotation":{"angle":22.5,"axis":"y","origin":[1.85355,9.11091,9.5]},"faces":{"north":{"uv":[3.75,6.75,5.5,8.5],"texture":"#1"},"east":{"uv":[10.0,6.0,10.0,7.75],"texture":"#1"},"south":{"uv":[5.5,6.75,3.75,8.5],"texture":"#1"},"west":{"uv":[8.0,10.0,8.0,11.75],"texture":"#1"},"up":{"uv":[11.75,8.0,10.0,8.0],"texture":"#1"},"down":{"uv":[10.0,10.0,8.25,10.0],"texture":"#1"}}},{"from":[10.64645,9.38909,7.5],"to":[17.64645,16.38909,7.5],"rotation":{"angle":22.5,"axis":"y","origin":[14.14645,6.88909,6.5]},"faces":{"north":{"uv":[5.5,8.5,3.75,6.75],"texture":"#1"},"east":{"uv":[8.0,11.75,8.0,10.0],"texture":"#1"},"south":{"uv":[3.75,8.5,5.5,6.75],"texture":"#1"},"west":{"uv":[10.0,7.75,10.0,6.0],"texture":"#1"},"up":{"uv":[8.25,10.0,10.0,10.0],"texture":"#1"},"down":{"uv":[10.0,8.0,11.75,8.0],"texture":"#1"}}},{"from":[1.85355,9.61091,-2.0],"to":[1.85355,16.61091,5.0],"rotation":{"angle":45.0,"axis":"y","origin":[1.85355,9.11091,1.5]},"faces":{"north":{"uv":[0.0,10.25,0.0,12.0],"texture":"#1"},"east":{"uv":[0.0,7.25,1.75,9.0],"texture":"#1"},"south":{"uv":[0.25,10.25,0.25,12.0],"texture":"#1"},"west":{"uv":[1.75,7.25,0.0,9.0],"texture":"#1"},"up":{"uv":[0.5,12.0,0.5,10.25],"texture":"#1"},"down":{"uv":[0.75,10.25,0.75,12.0],"texture":"#1"}}},{"from":[14.14645,5.61091,11.0],"to":[14.14645,12.61091,18.0],"rotation":{"angle":45.0,"axis":"y","origin":[14.14645,9.11091,14.5]},"faces":{"north":{"uv":[0.25,10.25,0.25,12.0],"texture":"#1"},"east":{"uv":[1.75,7.25,0.0,9.0],"texture":"#1"},"south":{"uv":[0.0,10.25,0.0,12.0],"texture":"#1"},"west":{"uv":[0.0,7.25,1.75,9.0],"texture":"#1"},"up":{"uv":[0.5,10.25,0.5,12.0],"texture":"#1"},"down":{"uv":[0.75,12.0,0.75,10.25],"texture":"#1"}}}],"display":{"thirdperson_righthand":{"translation":[0.5,-2.5,-2.0],"rotation":[-1.8,9.02,22.57],"scale":[0.7,0.7,0.7]},"thirdperson_lefthand":{"translation":[0.5,-2.5,-2.0],"rotation":[-1.8,9.02,22.57],"scale":[0.7,0.7,0.7]},"firstperson_righthand":{"rotation":[-6.04,22.51,15.45],"scale":[0.5,0.5,0.5]},"firstperson_lefthand":{"rotation":[-6.04,22.51,15.45],"scale":[0.5,0.5,0.5]},"ground":{"scale":[0.5,0.5,0.5]},"gui":{"translation":[-0.75,-1.5,0.0],"rotation":[-142.57,21.56,178.65],"scale":[0.8,0.8,0.8]},"head":{"translation":[0.0,0.25,0.0],"scale":[1.62,1.62,1.62]},"fixed":{"translation":[0.0,-3.5,-2.5]}},"credit":"Made with Blockbench","gui_light":"front"}