{"textures":{"0":"mcc:island_cosmetics/general/hat/cheese_hat/cheese_hat","particle":"mcc:island_cosmetics/general/hat/cheese_hat/cheese_hat"},"elements":[{"from":[2.0,0.0,2.0],"to":[14.0,5.0,14.0],"rotation":{"angle":-45.0,"axis":"y","origin":[8.0,31.5,8.0]},"faces":{"north":{"uv":[0.0,0.0,6.0,2.5],"texture":"#0"},"east":{"uv":[0.0,2.5,6.0,5.0],"texture":"#0"},"south":{"uv":[0.0,0.0,6.0,2.5],"texture":"#0"},"west":{"uv":[0.0,2.5,6.0,5.0],"texture":"#0"},"up":{"uv":[0.0,5.0,6.0,11.0],"texture":"#0"},"down":{"uv":[6.0,0.0,12.0,6.0],"texture":"#0"}}}],"display":{"thirdperson_righthand":{"translation":[0.0,1.0,-1.0],"rotation":[63.0,34.0,0.0],"scale":[0.37891,0.37891,0.37891]},"thirdperson_lefthand":{"translation":[0.0,1.0,-1.0],"rotation":[63.0,34.0,0.0],"scale":[0.37891,0.37891,0.37891]},"firstperson_righthand":{"translation":[9.5,0.0,-5.75],"rotation":[3.0,112.0,-13.0],"scale":[0.35547,0.35547,0.35547]},"firstperson_lefthand":{"translation":[9.5,0.0,-5.75],"rotation":[3.0,112.0,-13.0],"scale":[0.35547,0.35547,0.35547]},"ground":{"translation":[0.0,4.25,0.0],"scale":[0.28906,0.28906,0.28906]},"gui":{"translation":[-2.0,5.75,0.0],"rotation":[175.36,-32.49,155.19],"scale":[1.05039,1.05039,1.05039]},"head":{"translation":[1.0,16.0,3.75],"rotation":[19.88,-2.25,-6.11],"scale":[1.725,1.725,1.725]},"fixed":{"translation":[0.0,-3.25,-7.5]}},"credit":"Made with Blockbench","gui_light":"front"}