{"textures":{"0":"mcc:island_cosmetics/general/hat/insectface/insectface","particle":"mcc:island_cosmetics/general/hat/insectface/insectface"},"elements":[{"from":[3.5,6.5,3.0],"to":[12.5,11.5,13.0],"rotation":{"angle":0.0,"axis":"x","origin":[8.0,9.687,6.78544]},"faces":{"north":{"uv":[2.0,3.33333,5.0,5.0],"texture":"#0"},"east":{"uv":[5.33333,1.66667,2.0,3.33333],"texture":"#0"},"south":{"uv":[0.0,5.0,3.0,6.66667],"texture":"#0"},"west":{"uv":[2.0,1.66667,5.33333,3.33333],"texture":"#0"},"up":{"uv":[5.33333,0.0,8.33333,3.33333],"texture":"#0"},"down":{"uv":[8.33333,0.0,11.33333,3.33333],"texture":"#0"}}},{"from":[5.0,5.5,0.0],"to":[11.0,10.5,4.0],"rotation":{"angle":0.0,"axis":"x","origin":[8.0,9.687,6.78544]},"faces":{"north":{"uv":[0.0,0.0,2.0,1.66667],"texture":"#0"},"east":{"uv":[3.33333,0.0,2.0,1.66667],"texture":"#0"},"south":{"uv":[9.33333,3.33333,11.33333,5.0],"texture":"#0"},"west":{"uv":[2.0,0.0,3.33333,1.66667],"texture":"#0"},"up":{"uv":[0.0,3.0,2.0,4.33333],"texture":"#0"},"down":{"uv":[0.0,1.66667,2.0,3.0],"texture":"#0"}}},{"from":[-1.98578,6.70122,5.0],"to":[5.01422,13.70122,5.0],"rotation":{"angle":45.0,"axis":"z","origin":[8.0,9.687,6.78544]},"faces":{"north":{"uv":[5.0,3.33333,7.33333,5.66667],"texture":"#0"},"south":{"uv":[7.33333,3.33333,5.0,5.66667],"texture":"#0"}}},{"from":[-3.78199,9.36898,4.0],"to":[6.21801,9.36898,14.0],"rotation":{"angle":-45.0,"axis":"z","origin":[8.0,9.687,6.78544]},"faces":{"up":{"uv":[8.0,5.66667,11.33333,9.0],"texture":"#0"},"down":{"uv":[8.0,9.0,11.33333,5.66667],"texture":"#0"}}},{"from":[-4.48422,11.72189,4.0],"to":[5.51578,11.72189,14.0],"rotation":{"angle":0.0,"axis":"x","origin":[8.0,9.687,6.78544]},"faces":{"up":{"uv":[4.33333,5.66667,7.66667,9.0],"texture":"#0"},"down":{"uv":[4.33333,9.0,7.66667,5.66667],"texture":"#0"}}},{"from":[2.0,8.41643,-7.09101],"to":[14.0,8.41643,2.90899],"rotation":{"angle":-22.5,"axis":"x","origin":[8.0,9.687,6.78544]},"faces":{"up":{"uv":[0.0,6.66667,4.0,10.0],"texture":"#0"},"down":{"uv":[0.0,10.0,4.0,6.66667],"texture":"#0"}}},{"from":[8.0,7.5,12.0],"to":[8.0,9.5,17.0],"rotation":{"angle":0.0,"axis":"x","origin":[8.0,9.687,6.78544]},"faces":{"east":{"uv":[4.66667,0.0,3.0,0.66667],"texture":"#0"},"west":{"uv":[3.0,0.0,4.66667,0.66667],"texture":"#0"}}},{"from":[-1.98578,6.70122,11.0],"to":[5.01422,13.70122,11.0],"rotation":{"angle":45.0,"axis":"z","origin":[8.0,9.687,6.78544]},"faces":{"north":{"uv":[5.0,3.33333,7.33333,5.66667],"texture":"#0"},"south":{"uv":[7.33333,3.33333,5.0,5.66667],"texture":"#0"}}},{"from":[10.98578,6.70122,5.0],"to":[17.98578,13.70122,5.0],"rotation":{"angle":-45.0,"axis":"z","origin":[8.0,9.687,6.78544]},"faces":{"north":{"uv":[7.33333,3.33333,5.0,5.66667],"texture":"#0"},"south":{"uv":[5.0,3.33333,7.33333,5.66667],"texture":"#0"}}},{"from":[10.98578,6.70122,11.0],"to":[17.98578,13.70122,11.0],"rotation":{"angle":-45.0,"axis":"z","origin":[8.0,9.687,6.78544]},"faces":{"north":{"uv":[7.33333,3.33333,5.0,5.66667],"texture":"#0"},"south":{"uv":[5.0,3.33333,7.33333,5.66667],"texture":"#0"}}},{"from":[-3.78199,9.36898,4.0],"to":[6.21801,9.36898,14.0],"rotation":{"angle":-45.0,"axis":"z","origin":[8.0,9.687,6.78544]},"faces":{"up":{"uv":[8.0,9.0,11.33333,12.33333],"texture":"#0"},"down":{"uv":[8.0,12.33333,11.33333,9.0],"texture":"#0"}}},{"from":[-4.96461,10.53139,4.0],"to":[5.03539,10.53139,14.0],"rotation":{"angle":-22.5,"axis":"z","origin":[8.0,9.687,6.78544]},"faces":{"up":{"uv":[4.33333,9.0,7.66667,12.33333],"texture":"#0"},"down":{"uv":[4.33333,12.33333,7.66667,9.0],"texture":"#0"}}},{"from":[-3.60521,9.54576,4.0],"to":[6.39479,9.54576,14.0],"rotation":{"angle":-45.0,"axis":"z","origin":[8.0,9.687,6.78544]},"faces":{"up":{"uv":[8.0,12.33333,11.33333,15.66667],"texture":"#0"},"down":{"uv":[8.0,15.66667,11.33333,12.33333],"texture":"#0"}}},{"from":[-3.35383,12.54226,4.0],"to":[6.64617,12.54226,14.0],"rotation":{"angle":22.5,"axis":"z","origin":[8.0,9.687,6.78544]},"faces":{"up":{"uv":[4.33333,12.33333,7.66667,15.66667],"texture":"#0"},"down":{"uv":[4.33333,15.66667,7.66667,12.33333],"texture":"#0"}}},{"from":[9.35383,12.54226,4.0],"to":[19.35383,12.54226,14.0],"rotation":{"angle":-22.5,"axis":"z","origin":[8.0,9.687,6.78544]},"faces":{"up":{"uv":[7.66667,12.33333,4.33333,15.66667],"texture":"#0"},"down":{"uv":[7.66667,15.66667,4.33333,12.33333],"texture":"#0"}}},{"from":[9.60521,9.54576,4.0],"to":[19.60521,9.54576,14.0],"rotation":{"angle":45.0,"axis":"z","origin":[8.0,9.687,6.78544]},"faces":{"up":{"uv":[11.33333,12.33333,8.0,15.66667],"texture":"#0"},"down":{"uv":[11.33333,15.66667,8.0,12.33333],"texture":"#0"}}},{"from":[10.96461,10.53139,4.0],"to":[20.96461,10.53139,14.0],"rotation":{"angle":22.5,"axis":"z","origin":[8.0,9.687,6.78544]},"faces":{"up":{"uv":[7.66667,9.0,4.33333,12.33333],"texture":"#0"},"down":{"uv":[7.66667,12.33333,4.33333,9.0],"texture":"#0"}}},{"from":[9.78199,9.36898,4.0],"to":[19.78199,9.36898,14.0],"rotation":{"angle":45.0,"axis":"z","origin":[8.0,9.687,6.78544]},"faces":{"up":{"uv":[11.33333,9.0,8.0,12.33333],"texture":"#0"},"down":{"uv":[11.33333,12.33333,8.0,9.0],"texture":"#0"}}},{"from":[10.48422,11.72189,4.0],"to":[20.48422,11.72189,14.0],"rotation":{"angle":0.0,"axis":"x","origin":[8.0,9.687,6.78544]},"faces":{"up":{"uv":[7.66667,5.66667,4.33333,9.0],"texture":"#0"},"down":{"uv":[7.66667,9.0,4.33333,5.66667],"texture":"#0"}}},{"from":[9.78199,9.36898,4.0],"to":[19.78199,9.36898,14.0],"rotation":{"angle":45.0,"axis":"z","origin":[8.0,9.687,6.78544]},"faces":{"up":{"uv":[11.33333,5.66667,8.0,9.0],"texture":"#0"},"down":{"uv":[11.33333,9.0,8.0,5.66667],"texture":"#0"}}}],"display":{"ground":{"scale":[0.5,0.5,0.5]},"gui":{"translation":[0.5,-0.5,0.0],"rotation":[-149.61,-31.92,-180.0],"scale":[0.68,0.68,0.68]},"head":{"translation":[0.0,1.75,0.0],"scale":[1.62148,1.62148,1.62148]}},"credit":"Made with Blockbench","gui_light":"front"}