{"textures":{"0":"mcc:island_cosmetics/general/hat/ski_helmet/ski_helmet","particle":"mcc:island_cosmetics/general/hat/ski_helmet/ski_helmet"},"elements":[{"from":[3.0,6.0,3.0],"to":[13.0,9.0,13.0],"rotation":{"angle":0.0,"axis":"y","origin":[4.0,0.0,3.0]},"faces":{"north":{"uv":[0.0,7.0,2.5,7.75],"texture":"#0"},"east":{"uv":[7.5,4.0,10.0,4.75],"texture":"#0"},"south":{"uv":[4.5,7.5,7.0,8.25],"texture":"#0"},"west":{"uv":[7.5,4.75,10.0,5.5],"texture":"#0"},"up":{"uv":[2.5,2.5,0.0,0.0],"texture":"#0"},"down":{"uv":[2.5,2.5,0.0,5.0],"texture":"#0"}}},{"from":[3.0,0.0,5.0],"to":[13.0,6.0,13.0],"rotation":{"angle":0.0,"axis":"y","origin":[4.0,0.0,3.0]},"faces":{"north":{"uv":[5.0,4.5,7.5,6.0],"texture":"#0"},"east":{"uv":[5.0,6.0,7.0,7.5],"texture":"#0"},"south":{"uv":[5.25,0.0,7.75,1.5],"texture":"#0"},"west":{"uv":[2.5,6.5,4.5,8.0],"texture":"#0"},"up":{"uv":[5.0,6.5,2.5,4.5],"texture":"#0"},"down":{"uv":[2.5,5.0,0.0,7.0],"texture":"#0"}}},{"from":[2.5,2.0,5.0],"to":[13.5,5.0,13.5],"rotation":{"angle":0.0,"axis":"y","origin":[4.5,0.0,3.0]},"faces":{"north":{"uv":[7.0,6.0,9.75,6.75],"texture":"#0"},"east":{"uv":[7.0,7.5,9.25,8.25],"texture":"#0"},"south":{"uv":[7.0,6.75,9.75,7.5],"texture":"#0"},"west":{"uv":[0.0,7.75,2.25,8.5],"texture":"#0"},"up":{"uv":[5.25,2.25,2.5,0.0],"texture":"#0"},"down":{"uv":[5.25,2.25,2.5,4.5],"texture":"#0"}}},{"from":[13.5,5.0,13.5],"to":[2.5,2.0,5.0],"rotation":{"angle":0.0,"axis":"y","origin":[4.5,0.0,3.0]},"faces":{"north":{"uv":[7.0,7.5,9.75,6.75],"texture":"#0"},"east":{"uv":[0.0,8.5,2.25,7.75],"texture":"#0"},"south":{"uv":[7.0,6.75,9.75,6.0],"texture":"#0"},"west":{"uv":[7.0,8.25,9.25,7.5],"texture":"#0"},"up":{"uv":[2.5,2.25,5.25,4.5],"texture":"#0"},"down":{"uv":[2.5,2.25,5.25,0.0],"texture":"#0"}}},{"from":[3.0,1.0,4.0],"to":[13.0,6.0,5.0],"rotation":{"angle":0.0,"axis":"y","origin":[11.0,0.0,4.0]},"faces":{"north":{"uv":[5.25,1.5,7.75,2.75],"texture":"#0","tintindex":0},"east":{"uv":[7.75,0.5,8.0,1.75],"texture":"#0","tintindex":0},"south":{"uv":[5.25,2.75,7.75,4.0],"texture":"#0","tintindex":0},"west":{"uv":[7.75,1.75,8.0,3.0],"texture":"#0","tintindex":0},"up":{"uv":[10.0,5.75,7.5,5.5],"texture":"#0","tintindex":0},"down":{"uv":[10.25,0.0,7.75,0.25],"texture":"#0","tintindex":0}}}],"display":{"thirdperson_righthand":{"translation":[0.0,3.0,1.0],"scale":[0.55,0.55,0.55]},"thirdperson_lefthand":{"translation":[0.0,3.0,1.0],"scale":[0.55,0.55,0.55]},"firstperson_righthand":{"translation":[3.25,0.0,-2.75],"rotation":[0.0,-8.25,0.0],"scale":[0.43945,0.43945,0.43945]},"firstperson_lefthand":{"translation":[3.25,0.0,-2.75],"rotation":[0.0,-8.25,0.0],"scale":[0.43945,0.43945,0.43945]},"ground":{"translation":[0.0,5.25,0.0],"scale":[0.75391,0.75391,0.75391]},"gui":{"translation":[0.0,1.5,0.0],"rotation":[30.0,225.0,0.0],"scale":[0.68555,0.68555,0.68555]},"head":{"translation":[0.0,6.25,-0.75],"scale":[1.62,1.62,1.62]}},"gui_light":"front"}