{"textures":{"0":"mcc:island_cosmetics/general/hat/sun_visor/variant_sun_visor","particle":"mcc:island_cosmetics/general/hat/sun_visor/variant_sun_visor"},"elements":[{"from":[4.0,0.0,4.0],"to":[12.0,4.0,12.0],"rotation":{"angle":0.0,"axis":"y","origin":[8.0,3.5,8.0]},"faces":{"north":{"uv":[0.5,2.0,4.5,4.0],"texture":"#0"},"east":{"uv":[0.5,4.0,4.5,6.0],"texture":"#0"},"south":{"uv":[8.5,0.0,4.5,2.0],"texture":"#0"},"west":{"uv":[4.5,4.0,0.5,6.0],"texture":"#0"}}},{"from":[4.0,0.0,12.0],"to":[12.0,2.0,12.0],"rotation":{"angle":0.0,"axis":"y","origin":[8.0,3.5,8.0]},"faces":{"north":{"uv":[12.5,0.0,8.5,1.0],"texture":"#0","tintindex":0},"south":{"uv":[12.5,0.0,8.5,1.0],"texture":"#0","tintindex":0}}},{"from":[4.0,0.0,0.0],"to":[12.0,1.0,4.0],"rotation":{"angle":0.0,"axis":"y","origin":[8.0,3.5,8.0]},"faces":{"north":{"uv":[4.5,4.0,8.5,5.0],"texture":"#0","tintindex":0},"east":{"uv":[4.5,5.0,6.5,5.5],"texture":"#0","tintindex":0},"south":{"uv":[2.5,4.5,3.0,5.0],"texture":"#0","tintindex":0},"west":{"uv":[6.5,5.0,4.5,5.5],"texture":"#0","tintindex":0},"up":{"uv":[4.5,2.0,8.5,4.0],"texture":"#0","tintindex":0},"down":{"uv":[4.5,4.5,5.0,5.0],"texture":"#0","tintindex":0}}},{"from":[12.0,2.0,12.0],"to":[4.0,0.0,12.0],"rotation":{"angle":0.0,"axis":"y","origin":[8.0,3.5,8.0]},"faces":{"north":{"uv":[12.5,1.0,8.5,0.0],"texture":"#0","tintindex":0},"south":{"uv":[12.5,1.0,8.5,0.0],"texture":"#0","tintindex":0}}},{"from":[12.0,1.0,4.0],"to":[4.0,0.0,0.0],"rotation":{"angle":0.0,"axis":"y","origin":[8.0,3.5,8.0]},"faces":{"north":{"uv":[2.5,5.0,3.0,4.5],"texture":"#0","tintindex":0},"east":{"uv":[6.5,5.5,4.5,5.0],"texture":"#0","tintindex":0},"south":{"uv":[4.5,5.0,8.5,4.0],"texture":"#0","tintindex":0},"west":{"uv":[4.5,5.5,6.5,5.0],"texture":"#0","tintindex":0},"up":{"uv":[5.0,4.5,4.5,5.0],"texture":"#0","tintindex":0},"down":{"uv":[8.5,2.0,4.5,4.0],"texture":"#0","tintindex":0}}},{"from":[12.0,4.0,12.0],"to":[4.0,0.0,4.0],"rotation":{"angle":0.0,"axis":"y","origin":[8.0,3.5,8.0]},"faces":{"north":{"uv":[8.5,2.0,4.5,0.0],"texture":"#0"},"east":{"uv":[4.5,6.0,0.5,4.0],"texture":"#0"},"south":{"uv":[0.5,4.0,4.5,2.0],"texture":"#0"},"west":{"uv":[0.5,6.0,4.5,4.0],"texture":"#0"}}}],"display":{"thirdperson_righthand":{"rotation":[64.25,0.0,0.0],"scale":[0.44336,0.44336,0.44336]},"thirdperson_lefthand":{"rotation":[64.25,0.0,0.0],"scale":[0.44336,0.44336,0.44336]},"firstperson_righthand":{"scale":[0.0,0.0,0.0]},"firstperson_lefthand":{"scale":[0.0,0.0,0.0]},"ground":{"translation":[0.0,4.25,0.0],"scale":[0.43945,0.43945,0.43945]},"gui":{"translation":[-0.75,7.75,0.0],"rotation":[-151.14,-30.13,-178.48],"scale":[1.10742,1.10742,1.10742]},"head":{"translation":[0.0,15.0,1.0],"rotation":[4.75,0.0,0.0],"scale":[1.89688,1.89688,1.89688]}},"credit":"Made with Blockbench","gui_light":"front"}