{"textures":{"0":"item/custom/offhand_3","particle":"item/custom/offhand_3"},"credit":"Made with Blockbench","texture_size":[128.0,128.0],"elements":[{"from":[7.0,-7.0,7.0],"to":[9.0,31.0,9.0],"rotation":{"angle":0.0,"axis":"y","origin":[8.0,-0.5,8.0]},"faces":{"north":{"uv":[14.625,0.0,14.875,4.75],"texture":"#0"},"east":{"uv":[14.875,0.0,14.625,4.75],"texture":"#0"},"south":{"uv":[14.625,0.0,14.875,4.75],"texture":"#0"},"west":{"uv":[14.875,0.0,14.625,4.75],"texture":"#0"},"up":{"uv":[15.125,0.0,14.875,0.25],"texture":"#0"},"down":{"uv":[15.125,0.0,14.875,0.25],"texture":"#0"}}},{"from":[6.9,-7.1,6.9],"to":[9.1,31.1,9.1],"rotation":{"angle":0.0,"axis":"y","origin":[8.0,-0.5,8.0]},"faces":{"north":{"uv":[14.875,0.25,15.125,5.0],"texture":"#0"},"east":{"uv":[15.125,0.25,14.875,5.0],"texture":"#0"},"south":{"uv":[14.875,0.25,15.125,5.0],"texture":"#0"},"west":{"uv":[15.125,0.25,14.875,5.0],"texture":"#0"},"up":{"uv":[14.125,2.0,14.25,2.125],"texture":"#0"},"down":{"uv":[14.125,2.0,14.25,2.125],"texture":"#0"}}},{"name":"cube inverted","from":[9.1,31.1,9.1],"to":[6.9,-7.1,6.9],"rotation":{"angle":0.0,"axis":"y","origin":[8.0,-0.5,8.0]},"faces":{"north":{"uv":[14.875,5.0,15.125,0.25],"texture":"#0"},"east":{"uv":[15.125,5.0,14.875,0.25],"texture":"#0"},"south":{"uv":[14.875,5.0,15.125,0.25],"texture":"#0"},"west":{"uv":[15.125,5.0,14.875,0.25],"texture":"#0"},"up":{"uv":[14.25,2.0,14.125,2.125],"texture":"#0"},"down":{"uv":[14.25,2.0,14.125,2.125],"texture":"#0"}}}],"gui_light":"front","display":{"thirdperson_righthand":{"rotation":[67.39,62.7,-2.54],"translation":[1.25,0.0,0.25],"scale":[0.99063,0.99063,0.99063]},"thirdperson_lefthand":{"rotation":[67.39,62.7,-2.54],"translation":[1.25,0.0,0.25],"scale":[0.99063,0.99063,0.99063]},"firstperson_righthand":{"rotation":[174.14,68.55,172.1],"translation":[13.5,-1.0,-7.25],"scale":[0.77539,0.77539,0.77539]},"firstperson_lefthand":{"rotation":[174.14,68.55,172.1],"translation":[13.5,-1.0,-7.25],"scale":[0.77539,0.77539,0.77539]},"ground":{"translation":[0.0,4.25,0.0],"scale":[0.43945,0.43945,0.43945]},"gui":{"rotation":[-156.08,-6.57,-137.01],"translation":[-1.75,-1.75,0.0],"scale":[0.51329,0.51329,0.51329]},"head":{"rotation":[0.0,3.25,0.0],"translation":[0.0,4.25,0.0],"scale":[1.6,1.6,1.6]}}}