{"textures":{"1":"mcc:island_cosmetics/general/hat/goggles/goggles"},"display":{"thirdperson_righthand":{"translation":[0.0,1.0,0.75],"rotation":[55.5,34.0,0.0],"scale":[0.52539,0.52539,0.52539]},"thirdperson_lefthand":{"translation":[0.0,1.0,0.75],"rotation":[55.5,34.0,0.0],"scale":[0.52539,0.52539,0.52539]},"firstperson_righthand":{"translation":[9.5,0.0,-5.75],"rotation":[21.0,114.5,-13.75],"scale":[0.41992,0.41992,0.41992]},"firstperson_lefthand":{"translation":[9.5,0.0,-5.75],"rotation":[21.0,114.5,-13.75],"scale":[0.41992,0.41992,0.41992]},"gui":{"translation":[-1.0,0.75,0.0],"rotation":[157.8,-27.9,160.15],"scale":[1.0703,1.0703,1.0703]},"head":{"translation":[0.0,6.0,0.5],"rotation":[7.0,0.0,0.0],"scale":[1.65859,1.65859,1.65859]}},"credit":"Made with Blockbench","texture_size":[128.0,128.0],"elements":[{"from":[3.5,5.5,3.5],"to":[12.5,8.5,12.5],"rotation":{"angle":0.0,"axis":"x","origin":[7.48,5.48,7.48]},"faces":{"north":{"uv":[0.0,4.0,9.0,7.0],"texture":"#1"},"east":{"uv":[0.0,10.0,9.0,13.0],"texture":"#1"},"south":{"uv":[0.0,13.0,9.0,16.0],"texture":"#1"},"west":{"uv":[9.0,10.0,0.0,13.0],"texture":"#1"}}},{"from":[3.5,5.5,3.5],"to":[12.5,8.5,3.5],"rotation":{"angle":0.0,"axis":"x","origin":[7.48,10.48,11.98]},"faces":{"north":{"uv":[7.0,13.0,16.0,16.0],"texture":"#1","tintindex":0.0},"south":{"uv":[7.0,13.0,16.0,16.0],"texture":"#1","tintindex":0.0}}},{"from":[3.5,5.5,6.5],"to":[12.5,8.5,12.5],"rotation":{"angle":0.0,"axis":"x","origin":[7.48,9.48,5.98]},"faces":{"east":{"uv":[10.0,6.0,16.0,9.0],"texture":"#1","tintindex":0.0},"south":{"uv":[1.0,7.0,10.0,10.0],"texture":"#1","tintindex":0.0},"west":{"uv":[16.0,6.0,10.0,9.0],"texture":"#1","tintindex":0.0}}},{"from":[6.33748,4.9,1.26733],"to":[10.53748,9.1,3.46733],"rotation":{"angle":-22.5,"axis":"y","origin":[8.0,7.0,9.25]},"faces":{"north":{"uv":[0.0,0.0,4.0,4.0],"texture":"#1"},"east":{"uv":[4.0,0.0,6.0,4.0],"texture":"#1"},"south":{"uv":[6.0,0.0,10.0,4.0],"rotation":90.0,"texture":"#1"},"west":{"uv":[6.0,0.0,4.0,4.0],"texture":"#1"},"up":{"uv":[6.0,4.0,4.0,0.0],"rotation":90.0,"texture":"#1"},"down":{"uv":[4.0,0.0,6.0,4.0],"rotation":90.0,"texture":"#1"}}},{"from":[6.43748,5.0,1.36733],"to":[10.43748,9.0,3.36733],"rotation":{"angle":-22.5,"axis":"y","origin":[8.0,7.0,9.25]},"faces":{"north":{"uv":[12.0,0.0,16.0,4.0],"texture":"#1"}}},{"from":[5.56252,5.0,1.36733],"to":[9.56252,9.0,3.36733],"rotation":{"angle":22.5,"axis":"y","origin":[8.0,7.0,9.25]},"faces":{"north":{"uv":[16.0,0.0,12.0,4.0],"texture":"#1"}}},{"from":[5.46252,4.9,1.26733],"to":[9.66252,9.1,3.46733],"rotation":{"angle":22.5,"axis":"y","origin":[8.0,7.0,9.25]},"faces":{"north":{"uv":[4.0,0.0,0.0,4.0],"texture":"#1"},"east":{"uv":[4.0,0.0,6.0,4.0],"texture":"#1"},"south":{"uv":[6.0,4.0,10.0,0.0],"rotation":90.0,"texture":"#1"},"west":{"uv":[6.0,0.0,4.0,4.0],"texture":"#1"},"up":{"uv":[6.0,0.0,4.0,4.0],"rotation":90.0,"texture":"#1"},"down":{"uv":[4.0,4.0,6.0,0.0],"rotation":90.0,"texture":"#1"}}},{"name":"cube inverted","from":[12.5,8.5,12.5],"to":[3.5,5.5,3.5],"rotation":{"angle":0.0,"axis":"x","origin":[7.48,5.48,7.48]},"faces":{"north":{"uv":[0.0,16.0,9.0,13.0],"texture":"#1"},"east":{"uv":[9.0,13.0,0.0,10.0],"texture":"#1"},"south":{"uv":[0.0,7.0,9.0,4.0],"texture":"#1"},"west":{"uv":[0.0,13.0,9.0,10.0],"texture":"#1"}}},{"name":"cube inverted","from":[12.5,8.5,12.5],"to":[3.5,5.5,6.5],"rotation":{"angle":0.0,"axis":"x","origin":[7.48,9.48,5.98]},"faces":{"north":{"uv":[1.0,10.0,10.0,7.0],"texture":"#1","tintindex":0.0},"east":{"uv":[15.96,8.96,10.0,6.0],"texture":"#1","tintindex":0.0},"west":{"uv":[10.0,8.96,15.96,6.0],"texture":"#1","tintindex":0.0}}}],"gui_light":"front"}