{"textures":{"4":"mcc:island_cosmetics/general/hat/elfs_hat/elfs_hat"},"elements":[{"from":[2.50092,-2.46452,2.5],"to":[13.50092,3.53548,13.5],"rotation":{"angle":0.0,"axis":"y","origin":[5.02275,5.08495,7.88608]},"faces":{"north":{"uv":[0.0,3.0,5.5,6.0],"texture":"#4","tintindex":0},"east":{"uv":[0.0,3.0,5.5,6.0],"texture":"#4","tintindex":0},"south":{"uv":[0.0,3.0,5.5,6.0],"texture":"#4","tintindex":0},"west":{"uv":[0.0,3.0,5.5,6.0],"texture":"#4","tintindex":0},"up":{"uv":[0.0,6.0,5.5,11.5],"texture":"#4","tintindex":0}}},{"from":[4.63106,2.11856,4.82799],"to":[10.63106,8.11856,10.82799],"rotation":{"angle":22.5,"axis":"z","origin":[7.63106,5.11856,7.82799]},"faces":{"north":{"uv":[0.0,11.5,3.0,14.5],"texture":"#4","tintindex":0},"east":{"uv":[0.0,11.5,3.0,14.5],"texture":"#4","tintindex":0},"south":{"uv":[0.0,11.5,3.0,14.5],"texture":"#4","tintindex":0},"west":{"uv":[0.0,11.5,3.0,14.5],"texture":"#4","tintindex":0},"up":{"uv":[3.0,11.5,6.0,14.5],"texture":"#4","tintindex":0}}},{"from":[1.52894,7.05218,6.80043],"to":[7.52894,9.05218,8.80043],"rotation":{"angle":0.0,"axis":"z","origin":[4.52894,8.05218,7.80043]},"faces":{"north":{"uv":[0.0,14.5,3.0,15.5],"texture":"#4","tintindex":0},"east":{"uv":[5.5,11.5,6.0,12.0],"texture":"#4","tintindex":0},"south":{"uv":[0.0,14.5,3.0,15.5],"texture":"#4","tintindex":0},"west":{"uv":[5.5,11.5,6.0,12.0],"texture":"#4","tintindex":0},"up":{"uv":[0.0,14.5,3.0,15.0],"texture":"#4","tintindex":0},"down":{"uv":[0.0,15.0,3.0,15.5],"texture":"#4","tintindex":0}}},{"from":[-0.39162,5.1841,6.21623],"to":[2.60838,8.1841,9.21623],"rotation":{"angle":-22.5,"axis":"z","origin":[1.10838,6.6841,7.71623]},"faces":{"north":{"uv":[5.5,0.0,7.0,1.5],"texture":"#4"},"east":{"uv":[5.5,0.0,7.0,1.5],"texture":"#4"},"south":{"uv":[5.5,0.0,7.0,1.5],"texture":"#4"},"west":{"uv":[5.5,0.0,7.0,1.5],"texture":"#4"},"up":{"uv":[5.5,1.5,7.0,3.0],"texture":"#4"},"down":{"uv":[5.5,3.0,7.0,4.5],"texture":"#4"}}},{"from":[2.50092,0.93539,-1.17965],"to":[13.50092,6.93539,-1.17965],"rotation":{"angle":-22.5,"axis":"x","origin":[5.02275,8.48487,9.20643]},"faces":{"north":{"uv":[0.0,0.0,5.5,3.0],"texture":"#4"},"east":{"uv":[0.0,0.0,5.5,3.0],"texture":"#4"},"south":{"uv":[0.0,0.0,5.5,3.0],"texture":"#4"},"west":{"uv":[0.0,0.0,5.5,3.0],"texture":"#4"}}},{"from":[2.50092,0.93539,17.17965],"to":[13.50092,6.93539,17.17965],"rotation":{"angle":22.5,"axis":"x","origin":[5.02275,8.48487,6.79357]},"faces":{"north":{"uv":[0.0,0.0,5.5,3.0],"texture":"#4"},"east":{"uv":[0.0,0.0,5.5,3.0],"texture":"#4"},"south":{"uv":[0.0,0.0,5.5,3.0],"texture":"#4"},"west":{"uv":[0.0,0.0,5.5,3.0],"texture":"#4"}}},{"from":[17.17965,0.93577,2.5],"to":[17.17965,6.93577,13.5],"rotation":{"angle":-22.5,"axis":"z","origin":[6.79357,8.48525,5.02182]},"faces":{"east":{"uv":[0.0,0.0,5.5,3.0],"texture":"#4"},"west":{"uv":[0.0,0.0,5.5,3.0],"texture":"#4"}}},{"from":[-1.17965,0.93577,2.5],"to":[-1.17965,6.93577,13.5],"rotation":{"angle":22.5,"axis":"z","origin":[9.20643,8.48525,5.02182]},"faces":{"east":{"uv":[0.0,0.0,5.5,3.0],"texture":"#4"},"west":{"uv":[0.0,0.0,5.5,3.0],"texture":"#4"}}},{"from":[2.30092,-2.66452,2.3],"to":[13.70092,3.73548,13.7],"rotation":{"angle":0.0,"axis":"y","origin":[8.00092,0.53548,8.0]},"faces":{"north":{"uv":[6.0,13.0,11.5,16.0],"texture":"#4"},"east":{"uv":[6.0,13.0,11.5,16.0],"texture":"#4"},"south":{"uv":[6.0,13.0,11.5,16.0],"texture":"#4"},"west":{"uv":[6.0,13.0,11.5,16.0],"texture":"#4"},"down":{"uv":[6.0,7.5,11.5,13.0],"texture":"#4"}}},{"from":[13.70092,3.73548,13.7],"to":[2.30092,-2.66452,2.3],"rotation":{"angle":0.0,"axis":"y","origin":[8.00092,0.53548,8.0]},"faces":{"north":{"uv":[6.0,16.0,11.5,13.0],"texture":"#4"},"east":{"uv":[6.0,16.0,11.5,13.0],"texture":"#4"},"south":{"uv":[6.0,16.0,11.5,13.0],"texture":"#4"},"west":{"uv":[6.0,16.0,11.5,13.0],"texture":"#4"}}},{"from":[13.50092,3.53548,13.5],"to":[2.50092,-2.46452,2.5],"rotation":{"angle":0.0,"axis":"y","origin":[5.02275,5.08495,7.88608]},"faces":{"north":{"uv":[0.0,6.0,5.5,3.0],"texture":"#4","tintindex":0},"east":{"uv":[0.0,6.0,5.5,3.0],"texture":"#4","tintindex":0},"south":{"uv":[0.0,6.0,5.5,3.0],"texture":"#4","tintindex":0},"west":{"uv":[0.0,6.0,5.5,3.0],"texture":"#4","tintindex":0},"down":{"uv":[5.5,6.0,0.0,11.5],"texture":"#4","tintindex":0}}}],"display":{"thirdperson_righthand":{"translation":[0.0,1.0,-1.0],"rotation":[63.0,34.0,0.0],"scale":[0.37891,0.37891,0.37891]},"thirdperson_lefthand":{"translation":[0.0,1.0,-1.0],"rotation":[63.0,34.0,0.0],"scale":[0.37891,0.37891,0.37891]},"firstperson_righthand":{"translation":[9.5,0.0,-5.75],"rotation":[3.0,112.0,-13.0],"scale":[0.35547,0.35547,0.35547]},"firstperson_lefthand":{"translation":[9.5,0.0,-5.75],"rotation":[3.0,112.0,-13.0],"scale":[0.35547,0.35547,0.35547]},"ground":{"translation":[0.0,4.25,0.0],"scale":[0.28906,0.28906,0.28906]},"gui":{"translation":[-1.25,3.5,0.0],"rotation":[-162.64,-35.29,165.99],"scale":[0.77305,0.77305,0.77305]},"head":{"translation":[-2.75,20.0,1.75],"rotation":[7.75,0.0,9.5],"scale":[1.6,1.6,1.6]},"fixed":{"translation":[0.0,-3.25,-7.5]}},"credit":"Made with Blockbench","gui_light":"front"}