{"textures":{"2":"mcc:island_cosmetics/general/hat/sprouted/sprouted","3":"mcc:island_cosmetics/general/hat/sprouted/bloomed","particle":"mcc:island_cosmetics/general/hat/sprouted/bloomed"},"elements":[{"from":[7.0,7.0,7.0],"to":[9.0,18.0,9.0],"rotation":{"angle":0.0,"axis":"x","origin":[7.82761,12.64282,8.32819]},"faces":{"north":{"uv":[2.0,4.0,4.0,15.0],"texture":"#3"},"east":{"uv":[4.0,4.0,2.0,15.0],"texture":"#3"},"south":{"uv":[2.0,4.0,4.0,15.0],"texture":"#3"},"west":{"uv":[4.0,4.0,2.0,15.0],"texture":"#3"},"up":{"uv":[6.0,4.0,8.0,6.0],"texture":"#3"},"down":{"uv":[4.0,4.0,6.0,6.0],"texture":"#3"}}},{"from":[6.0,17.0,3.5],"to":[10.0,20.0,7.5],"rotation":{"angle":-22.5,"axis":"x","origin":[8.0,23.5,8.0]},"faces":{"north":{"uv":[4.0,0.0,8.0,3.0],"texture":"#3"},"east":{"uv":[4.0,0.0,8.0,3.0],"texture":"#3"},"south":{"uv":[4.0,0.0,8.0,3.0],"texture":"#3"},"west":{"uv":[4.0,0.0,8.0,3.0],"texture":"#3"},"up":{"uv":[0.0,0.0,4.0,4.0],"texture":"#3"},"down":{"uv":[4.0,3.0,8.0,7.0],"texture":"#3"}}},{"from":[10.0,18.38583,4.91238],"to":[15.0,18.38583,10.91238],"rotation":{"angle":-22.5,"axis":"x","origin":[10.0,18.38583,7.41238]},"faces":{"up":{"uv":[8.0,0.0,13.0,6.0],"texture":"#3","tintindex":0},"down":{"uv":[8.0,6.0,13.0,0.0],"texture":"#3","tintindex":0}}},{"from":[1.0,18.38583,4.91238],"to":[6.0,18.38583,10.91238],"rotation":{"angle":-22.5,"axis":"x","origin":[6.0,18.38583,7.41238]},"faces":{"up":{"uv":[13.0,0.0,8.0,6.0],"texture":"#3","tintindex":0},"down":{"uv":[13.0,6.0,8.0,0.0],"texture":"#3","tintindex":0}}},{"from":[4.5,18.38583,0.41238],"to":[10.5,18.38583,5.41238],"rotation":{"angle":-22.5,"axis":"x","origin":[8.0,18.38583,7.41238]},"faces":{"up":{"uv":[13.0,0.0,8.0,6.0],"texture":"#3","tintindex":0,"rotation":90},"down":{"uv":[13.0,6.0,8.0,0.0],"texture":"#3","tintindex":0,"rotation":270}}},{"from":[4.5,18.38583,9.41238],"to":[10.5,18.38583,14.41238],"rotation":{"angle":-22.5,"axis":"x","origin":[8.0,18.38583,7.41238]},"faces":{"up":{"uv":[8.0,0.0,13.0,6.0],"texture":"#3","tintindex":0,"rotation":90},"down":{"uv":[8.0,6.0,13.0,0.0],"texture":"#3","tintindex":0,"rotation":270}}},{"from":[7.48054,8.33151,8.65638],"to":[14.48054,13.33151,8.65638],"rotation":{"angle":22.5,"axis":"z","origin":[7.82761,12.64282,8.32819]},"faces":{"north":{"uv":[11.0,6.0,4.0,11.0],"texture":"#2","rotation":180},"south":{"uv":[4.0,6.0,11.0,11.0],"texture":"#2","rotation":180}}},{"from":[2.4476,7.92305,8.5],"to":[9.4476,12.92305,8.5],"rotation":{"angle":-45.0,"axis":"z","origin":[7.82761,12.64282,8.32819]},"faces":{"north":{"uv":[4.0,5.0,11.0,0.0],"texture":"#2","rotation":180},"south":{"uv":[11.0,5.0,4.0,0.0],"texture":"#2","rotation":180}}}],"display":{"thirdperson_righthand":{"translation":[0.0,1.0,0.75],"rotation":[55.5,34.0,0.0],"scale":[0.52539,0.52539,0.52539]},"thirdperson_lefthand":{"translation":[0.0,1.0,0.75],"rotation":[55.5,34.0,0.0],"scale":[0.52539,0.52539,0.52539]},"firstperson_righthand":{"translation":[9.5,0.0,-5.75],"rotation":[21.0,114.5,-13.75],"scale":[0.41992,0.41992,0.41992]},"firstperson_lefthand":{"translation":[9.5,0.0,-5.75],"rotation":[21.0,114.5,-13.75],"scale":[0.41992,0.41992,0.41992]},"gui":{"translation":[0.0,-5.5,0.0],"rotation":[-149.61,-31.92,-180.0],"scale":[0.9082,0.9082,0.9082]},"head":{"translation":[-0.25,5.75,-0.5],"rotation":[-17.64,9.02,-4.2],"scale":[1.6,1.6,1.6]}},"credit":"Made with Blockbench","gui_light":"front"}