{"textures":{"0":"mcc:island_cosmetics/general/hat/munchflower_sprout/munchflower_sprout","3":"mcc:island_cosmetics/general/hat/munchflower_sprout/munchflower_pollen","4":"mcc:island_cosmetics/general/accessory/munchflower_arm/munchflower_pollen_arm","particle":"mcc:island_cosmetics/general/hat/munchflower_sprout/munchflower_sprout"},"elements":[{"from":[5.0,5.0,5.0],"to":[11.0,7.0,11.0],"rotation":{"angle":0.0,"axis":"y","origin":[8.0,5.92127,8.0]},"faces":{"north":{"uv":[3.0,0.0,5.0,0.66667],"texture":"#0"},"east":{"uv":[3.0,0.0,5.0,0.66667],"texture":"#0"},"south":{"uv":[3.0,0.0,5.0,0.66667],"texture":"#0"},"west":{"uv":[3.0,0.0,5.0,0.66667],"texture":"#0"},"up":{"uv":[3.0,0.66667,5.0,2.66667],"texture":"#0"}}},{"from":[3.5,2.0,3.5],"to":[12.5,5.0,12.5],"rotation":{"angle":0.0,"axis":"y","origin":[8.0,5.92127,8.0]},"faces":{"north":{"uv":[0.0,3.0,3.0,4.0],"texture":"#0"},"east":{"uv":[0.0,3.0,3.0,4.0],"texture":"#0"},"south":{"uv":[0.0,3.0,3.0,4.0],"texture":"#0"},"west":{"uv":[0.0,3.0,3.0,4.0],"texture":"#0"},"up":{"uv":[0.0,0.0,3.0,3.0],"texture":"#0"}}},{"from":[2.5,-5.65195,4.1951],"to":[13.5,3.34805,4.1951],"rotation":{"angle":22.5,"axis":"x","origin":[8.0,5.92127,8.0]},"faces":{"north":{"uv":[0.0,4.0,3.66667,7.0],"texture":"#0"},"south":{"uv":[0.0,4.0,3.66667,7.0],"texture":"#0"}}},{"from":[2.5,-5.65195,11.8049],"to":[13.5,3.34805,11.8049],"rotation":{"angle":-22.5,"axis":"x","origin":[8.0,5.92127,8.0]},"faces":{"north":{"uv":[3.66667,4.0,0.0,7.0],"texture":"#0"},"south":{"uv":[3.66667,4.0,0.0,7.0],"texture":"#0"}}},{"from":[4.1951,-5.65195,2.5],"to":[4.1951,3.34805,13.5],"rotation":{"angle":-22.5,"axis":"z","origin":[8.0,5.92127,8.0]},"faces":{"east":{"uv":[3.66667,4.0,0.0,7.0],"texture":"#0"},"west":{"uv":[3.66667,4.0,0.0,7.0],"texture":"#0"}}},{"from":[11.8049,-5.65195,2.5],"to":[11.8049,3.34805,13.5],"rotation":{"angle":22.5,"axis":"z","origin":[8.0,5.92127,8.0]},"faces":{"east":{"uv":[0.0,4.0,3.66667,7.0],"texture":"#0"},"west":{"uv":[0.0,4.0,3.66667,7.0],"texture":"#0"}}},{"from":[9.46988,0.14851,3.0],"to":[16.46988,3.14851,13.0],"rotation":{"angle":45.0,"axis":"z","origin":[8.0,5.92127,8.0]},"faces":{"east":{"uv":[5.0,2.66667,8.33333,3.66667],"texture":"#0","tintindex":0},"up":{"uv":[5.0,0.0,8.33333,2.33333],"texture":"#0","tintindex":0,"rotation":90}}},{"from":[16.46988,3.14851,13.0],"to":[9.46988,0.14851,3.0],"rotation":{"angle":45.0,"axis":"z","origin":[8.0,5.92127,8.0]},"faces":{"west":{"uv":[5.0,3.66667,8.33333,2.66667],"texture":"#0","tintindex":0},"down":{"uv":[5.0,2.33333,8.33333,0.0],"texture":"#0","tintindex":0,"rotation":90}}},{"from":[6.53012,3.14851,13.0],"to":[-0.46988,0.14851,3.0],"rotation":{"angle":-45.0,"axis":"z","origin":[8.0,5.92127,8.0]},"faces":{"east":{"uv":[8.33333,3.66667,5.0,2.66667],"texture":"#0","tintindex":0},"down":{"uv":[5.0,0.0,8.33333,2.33333],"texture":"#0","tintindex":0,"rotation":90}}},{"from":[-0.46988,0.14851,3.0],"to":[6.53012,3.14851,13.0],"rotation":{"angle":-45.0,"axis":"z","origin":[8.0,5.92127,8.0]},"faces":{"west":{"uv":[8.33333,2.66667,5.0,3.66667],"texture":"#0","tintindex":0},"up":{"uv":[5.0,2.33333,8.33333,0.0],"texture":"#0","tintindex":0,"rotation":90}}},{"from":[3.0,0.14851,-0.46988],"to":[13.0,3.14851,6.53012],"rotation":{"angle":45.0,"axis":"x","origin":[8.0,5.92127,8.0]},"faces":{"north":{"uv":[8.33333,2.66667,5.0,3.66667],"texture":"#0","tintindex":0},"up":{"uv":[5.0,2.33333,8.33333,0.0],"texture":"#0","tintindex":0,"rotation":180}}},{"from":[13.0,3.14851,6.53012],"to":[3.0,0.14851,-0.46988],"rotation":{"angle":45.0,"axis":"x","origin":[8.0,5.92127,8.0]},"faces":{"south":{"uv":[8.33333,3.66667,5.0,2.66667],"texture":"#0","tintindex":0},"down":{"uv":[5.0,0.0,8.33333,2.33333],"texture":"#0","tintindex":0}}},{"from":[13.0,3.14851,16.46988],"to":[3.0,0.14851,9.46988],"rotation":{"angle":-45.0,"axis":"x","origin":[8.0,5.92127,8.0]},"faces":{"north":{"uv":[5.0,3.66667,8.33333,2.66667],"texture":"#0","tintindex":0},"down":{"uv":[5.0,2.33333,8.33333,0.0],"texture":"#0","tintindex":0}}},{"from":[3.0,0.14851,9.46988],"to":[13.0,3.14851,16.46988],"rotation":{"angle":-45.0,"axis":"x","origin":[8.0,5.92127,8.0]},"faces":{"south":{"uv":[5.0,2.66667,8.33333,3.66667],"texture":"#0","tintindex":0},"up":{"uv":[5.0,0.0,8.33333,2.33333],"texture":"#0","tintindex":0,"rotation":180}}},{"from":[4.94355,5.6134,6.0],"to":[8.94355,13.6134,6.0],"rotation":{"angle":22.5,"axis":"z","origin":[8.0,5.92127,8.0]},"faces":{"north":{"uv":[8.33333,0.0,9.66667,2.66667],"texture":"#0"},"south":{"uv":[9.66667,0.0,8.33333,2.66667],"texture":"#0"}}},{"from":[7.05645,5.6134,9.0],"to":[11.05645,13.6134,9.0],"rotation":{"angle":-22.5,"axis":"z","origin":[8.0,5.92127,8.0]},"faces":{"north":{"uv":[9.66667,0.0,8.33333,2.66667],"texture":"#0"},"south":{"uv":[8.33333,0.0,9.66667,2.66667],"texture":"#0"}}},{"from":[5.0,7.0,8.0],"to":[9.0,15.0,8.0],"rotation":{"angle":0.0,"axis":"y","origin":[8.0,5.92127,8.0]},"faces":{"north":{"uv":[8.33333,0.0,9.66667,2.66667],"texture":"#0"},"south":{"uv":[9.66667,0.0,8.33333,2.66667],"texture":"#0"}}},{"from":[-3.12132,2.25,3.12132],"to":[3.87868,5.25,13.12132],"rotation":{"angle":45.0,"axis":"y","origin":[8.0,5.92127,8.0]},"faces":{"west":{"uv":[5.0,2.66667,8.33333,3.66667],"texture":"#0","tintindex":0},"up":{"uv":[3.66667,3.66667,7.0,6.0],"texture":"#0","tintindex":0,"rotation":270}}},{"from":[3.87868,5.25,13.12132],"to":[-3.12132,2.25,3.12132],"rotation":{"angle":45.0,"axis":"y","origin":[8.0,5.92127,8.0]},"faces":{"east":{"uv":[5.0,3.66667,8.33333,2.66667],"texture":"#0","tintindex":0},"down":{"uv":[3.66667,6.0,7.0,3.66667],"texture":"#0","tintindex":0,"rotation":270}}},{"from":[19.12132,5.25,13.12132],"to":[12.12132,2.25,3.12132],"rotation":{"angle":-45.0,"axis":"y","origin":[8.0,5.92127,8.0]},"faces":{"west":{"uv":[8.33333,3.66667,5.0,2.66667],"texture":"#0","tintindex":0},"down":{"uv":[3.66667,3.66667,7.0,6.0],"texture":"#0","tintindex":0,"rotation":270}}},{"from":[12.12132,2.25,3.12132],"to":[19.12132,5.25,13.12132],"rotation":{"angle":-45.0,"axis":"y","origin":[8.0,5.92127,8.0]},"faces":{"east":{"uv":[8.33333,2.66667,5.0,3.66667],"texture":"#0","tintindex":0},"up":{"uv":[3.66667,6.0,7.0,3.66667],"texture":"#0","tintindex":0,"rotation":270}}},{"from":[3.87868,5.25,12.87868],"to":[-3.12132,2.25,2.87868],"rotation":{"angle":-45.0,"axis":"y","origin":[8.0,5.92127,8.0]},"faces":{"east":{"uv":[8.33333,3.66667,5.0,2.66667],"texture":"#0","tintindex":0},"down":{"uv":[7.0,6.0,3.66667,3.66667],"texture":"#0","tintindex":0,"rotation":270}}},{"from":[-3.12132,2.25,2.87868],"to":[3.87868,5.25,12.87868],"rotation":{"angle":-45.0,"axis":"y","origin":[8.0,5.92127,8.0]},"faces":{"west":{"uv":[8.33333,2.66667,5.0,3.66667],"texture":"#0","tintindex":0},"up":{"uv":[7.0,3.66667,3.66667,6.0],"texture":"#0","tintindex":0,"rotation":270}}},{"from":[19.12132,5.25,12.87868],"to":[12.12132,2.25,2.87868],"rotation":{"angle":45.0,"axis":"y","origin":[8.0,5.92127,8.0]},"faces":{"west":{"uv":[5.0,3.66667,8.33333,2.66667],"texture":"#0","tintindex":0},"down":{"uv":[7.0,3.66667,3.66667,6.0],"texture":"#0","tintindex":0,"rotation":270}}},{"from":[12.12132,2.25,2.87868],"to":[19.12132,5.25,12.87868],"rotation":{"angle":45.0,"axis":"y","origin":[8.0,5.92127,8.0]},"faces":{"east":{"uv":[5.0,2.66667,8.33333,3.66667],"texture":"#0","tintindex":0},"up":{"uv":[7.0,6.0,3.66667,3.66667],"texture":"#0","tintindex":0,"rotation":270}}},{"from":[1.34,10.38,8.0],"to":[14.66,29.62,8.0],"rotation":{"angle":0.0,"axis":"y","origin":[2.08,-14.78,2.08]},"faces":{"north":{"uv":[2.0,0.5,12.0,16.0],"texture":"#3"},"east":{"uv":[0.0,0.0,0.0,6.0],"texture":"#3"},"south":{"uv":[2.0,0.5,12.0,16.0],"texture":"#3"},"west":{"uv":[0.0,0.0,0.0,6.0],"texture":"#3"},"up":{"uv":[0.0,0.0,4.66667,0.0],"texture":"#3"},"down":{"uv":[0.0,0.0,4.66667,0.0],"texture":"#3"}}},{"from":[2.25,0.38,2.09],"to":[2.25,11.62,13.41],"rotation":{"angle":-45.0,"axis":"y","origin":[2.0,8.0,8.0]},"faces":{"north":{"uv":[0.0,0.0,0.0,6.0],"texture":"#4","rotation":180},"east":{"uv":[2.5,3.88,12.0,13.5],"texture":"#4","rotation":180},"south":{"uv":[0.0,0.0,0.0,6.0],"texture":"#4","rotation":180},"west":{"uv":[2.5,3.88,12.0,13.5],"texture":"#4","rotation":180},"up":{"uv":[0.0,0.0,4.66667,0.0],"texture":"#4","rotation":90},"down":{"uv":[0.0,0.0,4.66667,0.0],"texture":"#4","rotation":270}}},{"from":[-3.41,0.38,7.75],"to":[7.91,11.62,7.75],"rotation":{"angle":-45.0,"axis":"y","origin":[2.0,8.0,8.0]},"faces":{"north":{"uv":[2.5,3.88,12.0,13.5],"texture":"#4","rotation":180},"east":{"uv":[0.0,0.0,0.0,6.0],"texture":"#4","rotation":180},"south":{"uv":[2.5,3.88,12.0,13.5],"texture":"#4","rotation":180},"west":{"uv":[0.0,0.0,0.0,6.0],"texture":"#4","rotation":180},"up":{"uv":[0.0,0.0,4.66667,0.0],"texture":"#4"},"down":{"uv":[0.0,0.0,4.66667,0.0],"texture":"#4"}}}],"display":{"gui":{"translation":[0.0,1.5,0.0],"rotation":[-149.61,-31.92,-180.0],"scale":[0.67969,0.67969,0.67969]},"head":{"translation":[0.0,12.25,0.0],"scale":[1.62148,1.62148,1.62148]}},"credit":"Made with Blockbench","gui_light":"front"}