{"textures":{"1":"mcc:island_cosmetics/general/hat/sombrero/sombrero"},"display":{"thirdperson_righthand":{"rotation":[64.25,0.0,0.0],"scale":[0.44336,0.44336,0.44336]},"thirdperson_lefthand":{"rotation":[64.25,0.0,0.0],"scale":[0.44336,0.44336,0.44336]},"firstperson_righthand":{"scale":[0.0,0.0,0.0]},"firstperson_lefthand":{"scale":[0.0,0.0,0.0]},"ground":{"translation":[0.0,4.25,0.0],"scale":[0.43945,0.43945,0.43945]},"gui":{"translation":[0.0,2.75,0.0],"rotation":[-149.61,-31.92,-180.0],"scale":[0.50195,0.50195,0.50195]},"head":{"translation":[0.0,14.5,1.0],"rotation":[3.75,0.0,0.0],"scale":[1.6,1.6,1.6]}},"credit":"Made with Blockbench","texture_size":[48.0,48.0],"elements":[{"from":[-3.0,2.0,-3.0],"to":[19.0,5.0,19.0],"faces":{"north":{"uv":[0.0,13.33333,7.33333,14.33333],"texture":"#1","tintindex":0.0},"east":{"uv":[0.0,13.33333,7.33333,14.33333],"texture":"#1","tintindex":0.0},"south":{"uv":[0.0,13.33333,7.33333,14.33333],"texture":"#1","tintindex":0.0},"west":{"uv":[0.0,13.33333,7.33333,14.33333],"texture":"#1","tintindex":0.0}}},{"from":[-3.0,2.0,-3.0],"to":[19.0,5.0,19.0],"faces":{"north":{"uv":[0.0,12.33333,7.33333,13.33333],"texture":"#1"},"east":{"uv":[0.0,12.33333,7.33333,13.33333],"texture":"#1"},"south":{"uv":[0.0,12.33333,7.33333,13.33333],"texture":"#1"},"west":{"uv":[0.0,12.33333,7.33333,13.33333],"texture":"#1"}}},{"from":[3.5,0.0,3.5],"to":[12.5,10.0,12.5],"rotation":{"angle":0.0,"axis":"y","origin":[-0.5,0.0,-0.5]},"faces":{"north":{"uv":[0.0,1.33333,3.0,4.66667],"texture":"#1","tintindex":0.0},"east":{"uv":[0.0,1.33333,3.0,4.66667],"texture":"#1","tintindex":0.0},"south":{"uv":[0.0,1.33333,3.0,4.66667],"texture":"#1","tintindex":0.0},"west":{"uv":[0.0,1.33333,3.0,4.66667],"texture":"#1","tintindex":0.0},"up":{"uv":[3.0,1.33333,6.0,4.33333],"texture":"#1","tintindex":0.0}}},{"from":[3.5,0.0,3.5],"to":[12.5,10.0,12.5],"rotation":{"angle":0.0,"axis":"y","origin":[-0.5,0.0,-0.5]},"faces":{"north":{"uv":[7.66667,7.66667,10.66667,11.0],"texture":"#1"},"east":{"uv":[7.66667,7.66667,10.66667,11.0],"texture":"#1"},"south":{"uv":[7.66667,7.66667,10.66667,11.0],"texture":"#1"},"west":{"uv":[7.66667,7.66667,10.66667,11.0],"texture":"#1"}}},{"from":[-3.0,0.0,-3.0],"to":[19.0,2.0,19.0],"faces":{"north":{"uv":[0.0,0.0,7.33333,0.66667],"texture":"#1","tintindex":0.0},"east":{"uv":[0.0,0.0,7.33333,0.66667],"texture":"#1","tintindex":0.0},"south":{"uv":[0.0,0.0,7.33333,0.66667],"texture":"#1","tintindex":0.0},"west":{"uv":[0.0,0.0,7.33333,0.66667],"texture":"#1","tintindex":0.0},"up":{"uv":[7.33333,0.0,14.66667,7.33333],"texture":"#1","tintindex":0.0},"down":{"uv":[0.0,4.66667,7.33333,12.0],"texture":"#1","tintindex":0.0}}},{"from":[18.74478,-3.12503,-2.5],"to":[18.74478,-0.12503,18.5],"rotation":{"angle":22.5,"axis":"z","origin":[8.0,2.8256,8.0]},"faces":{"east":{"uv":[0.33333,14.66667,7.33333,15.66667],"texture":"#1"},"west":{"uv":[0.33333,14.66667,7.33333,15.66667],"texture":"#1"}}},{"from":[-2.74478,-3.12503,-2.5],"to":[-2.74478,-0.12503,18.5],"rotation":{"angle":-22.5,"axis":"z","origin":[8.0,2.8256,8.0]},"faces":{"east":{"uv":[0.33333,14.66667,7.33333,15.66667],"texture":"#1"},"west":{"uv":[0.33333,14.66667,7.33333,15.66667],"texture":"#1"}}},{"from":[-2.5,-3.12503,-2.74478],"to":[18.5,-0.12503,-2.74478],"rotation":{"angle":22.5,"axis":"x","origin":[8.0,2.8256,8.0]},"faces":{"north":{"uv":[0.33333,14.66667,7.33333,15.66667],"texture":"#1"},"south":{"uv":[0.33333,14.66667,7.33333,15.66667],"texture":"#1"}}},{"from":[-2.5,-3.12503,18.74478],"to":[18.5,-0.12503,18.74478],"rotation":{"angle":-22.5,"axis":"x","origin":[8.0,2.8256,8.0]},"faces":{"north":{"uv":[0.33333,14.66667,7.33333,15.66667],"texture":"#1"},"south":{"uv":[0.33333,14.66667,7.33333,15.66667],"texture":"#1"}}},{"name":"cube inverted","from":[19.0,5.0,19.0],"to":[-3.0,2.0,-3.0],"faces":{"north":{"uv":[0.0,13.33333,7.33333,12.33333],"texture":"#1"},"east":{"uv":[0.0,13.33333,7.33333,12.33333],"texture":"#1"},"south":{"uv":[0.0,13.33333,7.33333,12.33333],"texture":"#1"},"west":{"uv":[0.0,13.33333,7.33333,12.33333],"texture":"#1"}}},{"name":"cube inverted","from":[19.0,5.0,19.0],"to":[-3.0,2.0,-3.0],"faces":{"north":{"uv":[0.0,14.33333,7.33333,13.33333],"texture":"#1","tintindex":0.0},"east":{"uv":[0.0,14.33333,7.33333,13.33333],"texture":"#1","tintindex":0.0},"south":{"uv":[0.0,14.33333,7.33333,13.33333],"texture":"#1","tintindex":0.0},"west":{"uv":[0.0,14.33333,7.33333,13.33333],"texture":"#1","tintindex":0.0}}}],"gui_light":"front"}