{"textures":{"0":"mcc:island_cosmetics/head/head_2","1":"mcc:island_cosmetics/head_variant/head_2_extra","particle":"mcc:island_cosmetics/head/head_2"},"credit":"Made with Blockbench","texture_size":[128.0,128.0],"elements":[{"from":[7.0,7.0,7.0],"to":[9.0,18.0,9.0],"rotation":{"angle":0.0,"axis":"x","origin":[7.82761,12.64282,8.32819]},"faces":{"north":{"uv":[4.625,6.0,4.875,7.375],"texture":"#1"},"east":{"uv":[4.875,6.0,4.625,7.375],"texture":"#1"},"south":{"uv":[4.625,6.0,4.875,7.375],"texture":"#1"},"west":{"uv":[4.875,6.0,4.625,7.375],"texture":"#1"},"up":{"uv":[10.25,1.875,10.5,2.125],"texture":"#0"},"down":{"uv":[10.0,1.875,10.25,2.125],"texture":"#0"}}},{"from":[6.0,17.0,3.5],"to":[10.0,20.0,7.5],"rotation":{"angle":-22.5,"axis":"x","origin":[8.0,23.5,8.0]},"faces":{"north":{"uv":[4.875,5.5,5.375,5.875],"texture":"#1"},"east":{"uv":[4.875,5.5,5.375,5.875],"texture":"#1"},"south":{"uv":[4.875,5.5,5.375,5.875],"texture":"#1"},"west":{"uv":[4.875,5.5,5.375,5.875],"texture":"#1"},"up":{"uv":[4.375,5.5,4.875,6.0],"texture":"#1"},"down":{"uv":[4.875,5.875,5.375,6.375],"texture":"#1"}}},{"from":[10.0,18.38583,4.91238],"to":[15.0,18.38583,10.91238],"rotation":{"angle":-22.5,"axis":"x","origin":[10.0,18.38583,7.41238]},"faces":{"north":{"uv":[4.875,5.5,5.375,5.875],"texture":"#1"},"east":{"uv":[4.875,5.5,5.375,5.875],"texture":"#1"},"south":{"uv":[4.875,5.5,5.375,5.875],"texture":"#1"},"west":{"uv":[4.875,5.5,5.375,5.875],"texture":"#1"},"up":{"uv":[5.375,5.5,6.0,6.25],"texture":"#1","tintindex":0.0},"down":{"uv":[5.375,6.25,6.0,5.5],"texture":"#1","tintindex":0.0}}},{"from":[1.0,18.38583,4.91238],"to":[6.0,18.38583,10.91238],"rotation":{"angle":-22.5,"axis":"x","origin":[6.0,18.38583,7.41238]},"faces":{"north":{"uv":[5.375,5.5,4.875,5.875],"texture":"#1"},"east":{"uv":[5.375,5.5,4.875,5.875],"texture":"#1"},"south":{"uv":[5.375,5.5,4.875,5.875],"texture":"#1"},"west":{"uv":[5.375,5.5,4.875,5.875],"texture":"#1"},"up":{"uv":[6.0,5.5,5.375,6.25],"texture":"#1","tintindex":0.0},"down":{"uv":[6.0,6.25,5.375,5.5],"texture":"#1","tintindex":0.0}}},{"from":[4.5,18.38583,0.41238],"to":[10.5,18.38583,5.41238],"rotation":{"angle":-22.5,"axis":"x","origin":[8.0,18.38583,7.41238]},"faces":{"north":{"uv":[5.375,5.5,4.875,5.875],"texture":"#1"},"east":{"uv":[5.375,5.5,4.875,5.875],"texture":"#1"},"south":{"uv":[5.375,5.5,4.875,5.875],"texture":"#1"},"west":{"uv":[5.375,5.5,4.875,5.875],"texture":"#1"},"up":{"uv":[6.0,5.5,5.375,6.25],"rotation":90.0,"texture":"#1","tintindex":0.0},"down":{"uv":[6.0,6.25,5.375,5.5],"rotation":270.0,"texture":"#1","tintindex":0.0}}},{"from":[4.5,18.38583,9.41238],"to":[10.5,18.38583,14.41238],"rotation":{"angle":-22.5,"axis":"x","origin":[8.0,18.38583,7.41238]},"faces":{"north":{"uv":[4.875,5.5,5.375,5.875],"texture":"#1"},"east":{"uv":[4.875,5.5,5.375,5.875],"texture":"#1"},"south":{"uv":[4.875,5.5,5.375,5.875],"texture":"#1"},"west":{"uv":[4.875,5.5,5.375,5.875],"texture":"#1"},"up":{"uv":[5.375,5.5,6.0,6.25],"rotation":90.0,"texture":"#1","tintindex":0.0},"down":{"uv":[5.375,6.25,6.0,5.5],"rotation":270.0,"texture":"#1","tintindex":0.0}}},{"from":[7.48054,8.33151,8.65638],"to":[14.48054,13.33151,8.65638],"rotation":{"angle":22.5,"axis":"z","origin":[7.82761,12.64282,8.32819]},"faces":{"north":{"uv":[11.375,1.875,10.5,2.5],"rotation":180.0,"texture":"#0"},"east":{"uv":[6.125,2.875,5.375,4.0],"rotation":90.0,"texture":"#missing"},"south":{"uv":[10.5,1.875,11.375,2.5],"rotation":180.0,"texture":"#0"},"west":{"uv":[5.375,2.875,6.125,4.0],"rotation":270.0,"texture":"#missing"},"up":{"uv":[7.25,2.875,6.125,4.0],"texture":"#missing"},"down":{"uv":[5.75,1.5,5.625,1.625],"rotation":180.0,"texture":"#missing"}}},{"from":[2.4476,7.92305,8.5],"to":[9.4476,12.92305,8.5],"rotation":{"angle":-45.0,"axis":"z","origin":[7.82761,12.64282,8.32819]},"faces":{"north":{"uv":[10.5,1.125,11.375,1.75],"rotation":180.0,"texture":"#0"},"east":{"uv":[6.125,2.875,5.375,4.0],"rotation":90.0,"texture":"#missing"},"south":{"uv":[11.375,1.125,10.5,1.75],"rotation":180.0,"texture":"#0"},"west":{"uv":[5.375,2.875,6.125,4.0],"rotation":270.0,"texture":"#missing"},"up":{"uv":[6.125,2.875,7.25,4.0],"texture":"#missing"},"down":{"uv":[5.625,1.5,5.75,1.625],"rotation":180.0,"texture":"#missing"}}}],"gui_light":"front","display":{"thirdperson_righthand":{"rotation":[55.5,34.0,0.0],"translation":[0.0,1.0,0.75],"scale":[0.52539,0.52539,0.52539]},"thirdperson_lefthand":{"rotation":[55.5,34.0,0.0],"translation":[0.0,1.0,0.75],"scale":[0.52539,0.52539,0.52539]},"firstperson_righthand":{"rotation":[21.0,114.5,-13.75],"translation":[9.5,0.0,-5.75],"scale":[0.41992,0.41992,0.41992]},"firstperson_lefthand":{"rotation":[21.0,114.5,-13.75],"translation":[9.5,0.0,-5.75],"scale":[0.41992,0.41992,0.41992]},"gui":{"rotation":[-149.61,-31.92,-180.0],"translation":[0.0,-5.5,0.0],"scale":[0.9082,0.9082,0.9082]},"head":{"rotation":[-17.64,9.02,-4.2],"translation":[-0.25,5.75,-0.5],"scale":[1.6,1.6,1.6]}}}