{"textures":{"0":"mcc:island_cosmetics/general/hat/mellowhead/mellowhead","1":"mcc:island_cosmetics/general/hat/mellowhead/mellowhead_anim","particle":"mcc:island_cosmetics/general/hat/mellowhead/mellowhead"},"display":{"thirdperson_righthand":{"translation":[0.0,1.0,-1.0],"rotation":[63.0,34.0,0.0],"scale":[0.52539,0.52539,0.52539]},"thirdperson_lefthand":{"translation":[0.0,1.0,-1.0],"rotation":[63.0,34.0,0.0],"scale":[0.52539,0.52539,0.52539]},"firstperson_righthand":{"translation":[9.5,0.0,-5.75],"rotation":[3.0,112.0,-13.0],"scale":[0.41992,0.41992,0.41992]},"firstperson_lefthand":{"translation":[9.5,0.0,-5.75],"rotation":[3.0,112.0,-13.0],"scale":[0.41992,0.41992,0.41992]},"ground":{"translation":[0.0,4.25,0.0],"scale":[0.28906,0.28906,0.28906]},"gui":{"translation":[0.0,1.5,0.0],"rotation":[-149.61,-31.92,-180.0],"scale":[0.71679,0.71679,0.71679]},"head":{"translation":[0.0,5.75,0.0],"scale":[1.6,1.6,1.6]},"fixed":{"translation":[0.0,-3.25,-7.5]}},"credit":"Made with Blockbench","texture_size":[32.0,32.0],"elements":[{"from":[2.0,0.0,2.0],"to":[14.0,13.0,14.0],"rotation":{"angle":0.0,"axis":"y","origin":[0.0,0.0,-1.0]},"faces":{"north":{"uv":[0.0,0.0,6.0,6.5],"texture":"#0"},"east":{"uv":[0.0,0.0,6.0,6.5],"texture":"#0"},"south":{"uv":[0.0,0.0,6.0,6.5],"texture":"#0"},"west":{"uv":[0.0,0.0,6.0,6.5],"texture":"#0"},"up":{"uv":[0.0,6.5,6.0,12.5],"texture":"#0"},"down":{"uv":[6.0,0.0,12.0,6.0],"texture":"#0"}}},{"from":[2.0,-5.0,2.0],"to":[14.0,0.0,14.0],"rotation":{"angle":0.0,"axis":"y","origin":[1.0,0.0,0.0]},"faces":{"north":{"uv":[5.5,0.0,11.5,2.5],"texture":"#1"},"east":{"uv":[5.5,5.0,11.5,7.5],"texture":"#1"},"south":{"uv":[5.5,5.0,11.5,7.5],"texture":"#1"},"west":{"uv":[11.5,5.0,5.5,7.5],"texture":"#1"},"up":{"uv":[2.375,8.5,2.5,8.625],"texture":"#0"}}},{"from":[2.0,1.0,1.5],"to":[14.0,12.0,1.5],"rotation":{"angle":0.0,"axis":"y","origin":[0.0,0.0,-0.5]},"faces":{"north":{"uv":[0.0,0.0,5.5,5.5],"texture":"#1"},"east":{"uv":[2.875,6.75,4.25,8.125],"texture":"#0"},"south":{"uv":[0.0,0.0,5.5,5.5],"texture":"#1"},"west":{"uv":[2.875,6.75,4.25,8.125],"texture":"#0"},"up":{"uv":[2.875,8.125,4.25,9.5],"texture":"#0"},"down":{"uv":[1.5,8.875,2.875,10.25],"texture":"#0"}}}],"gui_light":"front"}