{"textures":{"0":"mcc:island_cosmetics/general/hat/potted_tree/potted_tree","particle":"mcc:island_cosmetics/general/hat/potted_tree/potted_tree"},"elements":[{"from":[6.0,0.0,6.0],"to":[10.0,4.0,10.0],"rotation":{"angle":0.0,"axis":"y","origin":[7.0,0.0,7.0]},"faces":{"north":{"uv":[3.5,6.0,5.5,8.0],"texture":"#0"},"east":{"uv":[6.0,6.0,8.0,8.0],"texture":"#0"},"south":{"uv":[6.5,0.0,8.5,2.0],"texture":"#0"},"west":{"uv":[6.5,2.5,8.5,4.5],"texture":"#0"},"up":{"uv":[2.0,9.0,0.0,7.0],"texture":"#0"},"down":{"uv":[4.5,8.5,2.5,10.5],"texture":"#0"}}},{"from":[5.0,4.0,5.0],"to":[11.0,4.025,11.0],"rotation":{"angle":0.0,"axis":"y","origin":[7.0,0.0,7.0]},"faces":{"north":{"uv":[8.5,8.0,11.5,8.0],"texture":"#0"},"east":{"uv":[9.0,4.0,12.0,4.0],"texture":"#0"},"south":{"uv":[9.0,4.5,12.0,4.5],"texture":"#0"},"west":{"uv":[11.0,1.5,14.0,1.5],"texture":"#0"},"up":{"uv":[3.0,3.0,0.0,0.0],"texture":"#0"},"down":{"uv":[3.0,3.5,0.0,6.5],"texture":"#0"}}},{"from":[7.5,4.0,7.5],"to":[8.5,6.0,8.5],"rotation":{"angle":0.0,"axis":"y","origin":[7.0,0.0,7.0]},"faces":{"north":{"uv":[2.5,7.0,3.0,8.0],"texture":"#0"},"east":{"uv":[0.0,11.0,0.5,12.0],"texture":"#0"},"south":{"uv":[11.0,0.0,11.5,1.0],"texture":"#0"},"west":{"uv":[1.0,11.0,1.5,12.0],"texture":"#0"},"up":{"uv":[7.0,5.5,6.5,5.0],"texture":"#0"},"down":{"uv":[8.0,5.0,7.5,5.5],"texture":"#0"}}},{"from":[5.5,6.0,5.5],"to":[10.5,8.0,10.5],"rotation":{"angle":0.0,"axis":"y","origin":[7.0,0.0,7.0]},"faces":{"north":{"uv":[5.0,8.5,7.5,9.5],"texture":"#0"},"east":{"uv":[8.5,5.0,11.0,6.0],"texture":"#0"},"south":{"uv":[8.5,6.5,11.0,7.5],"texture":"#0"},"west":{"uv":[8.0,8.5,10.5,9.5],"texture":"#0"},"up":{"uv":[6.0,2.5,3.5,0.0],"texture":"#0"},"down":{"uv":[6.0,3.0,3.5,5.5],"texture":"#0"}}},{"from":[6.5,8.0,6.5],"to":[9.5,10.0,9.5],"rotation":{"angle":0.0,"axis":"y","origin":[7.0,0.0,7.0]},"faces":{"north":{"uv":[0.0,9.5,1.5,10.5],"texture":"#0"},"east":{"uv":[5.0,10.0,6.5,11.0],"texture":"#0"},"south":{"uv":[7.0,10.0,8.5,11.0],"texture":"#0"},"west":{"uv":[9.0,10.0,10.5,11.0],"texture":"#0"},"up":{"uv":[10.5,1.5,9.0,0.0],"texture":"#0"},"down":{"uv":[10.5,2.0,9.0,3.5],"texture":"#0"}}}],"display":{"thirdperson_righthand":{"translation":[-1.0,5.5,2.5],"rotation":[27.0,0.0,0.0]},"thirdperson_lefthand":{"translation":[-1.0,5.5,2.5],"rotation":[27.0,0.0,0.0]},"firstperson_righthand":{"translation":[0.0,3.75,0.0],"rotation":[0.47,31.99,1.47]},"firstperson_lefthand":{"translation":[0.0,3.75,0.0],"rotation":[0.47,31.99,1.47]},"ground":{"translation":[0.0,5.5,0.0],"scale":[0.9,0.9,0.9]},"gui":{"translation":[0.0,2.5,0.0],"rotation":[16.35,60.36,-0.97]},"head":{"translation":[0.0,18.25,0.0],"scale":[1.6,1.6,1.6]},"fixed":{"translation":[0.0,3.0,-1.0],"scale":[1.1,1.1,1.1]}},"credit":"Made with Blockbench","gui_light":"front"}