{"textures":{"2":"mcc:island_cosmetics/head_variant/head_3_extra_2","3":"mcc:island_cosmetics/head_variant/game_guy_anim"},"credit":"Made with Blockbench","elements":[{"from":[1.0,-1.0,0.5],"to":[15.0,12.0,6.5],"rotation":{"angle":0.0,"axis":"x","origin":[5.0,9.5,7.5]},"faces":{"north":{"uv":[0.375,8.25,2.125,9.875],"texture":"#2","tintindex":0.0},"east":{"uv":[2.125,8.25,2.875,9.875],"texture":"#2","tintindex":0.0},"south":{"uv":[0.125,6.625,1.875,8.25],"texture":"#2","tintindex":0.0},"west":{"uv":[2.875,8.25,2.125,9.875],"texture":"#2","tintindex":0.0},"up":{"uv":[1.875,7.5,3.625,8.25],"texture":"#2","tintindex":0.0},"down":{"uv":[1.875,6.0,3.625,6.75],"texture":"#2","tintindex":0.0}}},{"from":[1.01,-3.58323,0.43085],"to":[14.99,1.39677,5.41085],"rotation":{"angle":-22.5,"axis":"x","origin":[8.0,-1.84323,0.29585]},"faces":{"north":{"uv":[0.0,5.75,1.75,6.375],"texture":"#2","tintindex":0.0},"east":{"uv":[1.75,5.25,2.375,5.875],"texture":"#2","tintindex":0.0},"south":{"uv":[0.0,3.5,1.75,3.625],"texture":"#2","tintindex":0.0},"west":{"uv":[2.375,5.25,1.75,5.875],"texture":"#2","tintindex":0.0},"up":{"uv":[0.0,4.25,1.75,4.875],"texture":"#2","tintindex":0.0},"down":{"uv":[0.0,3.5,1.75,4.125],"texture":"#2","tintindex":0.0}}},{"from":[1.0,-3.59323,0.17085],"to":[15.0,1.40677,0.17085],"rotation":{"angle":-22.5,"axis":"x","origin":[8.0,-1.84323,0.29585]},"faces":{"north":{"uv":[0.0,5.0,1.75,5.625],"texture":"#2"},"east":{"uv":[2.125,8.25,2.875,9.875],"texture":"#2","tintindex":0.0},"south":{"uv":[1.75,5.0,0.0,5.625],"texture":"#2"},"west":{"uv":[2.875,8.25,2.125,9.875],"texture":"#2","tintindex":0.0},"up":{"uv":[1.875,7.5,3.625,8.25],"texture":"#2","tintindex":0.0},"down":{"uv":[1.875,6.0,3.625,6.75],"texture":"#2","tintindex":0.0}}},{"from":[2.0,0.0,6.5],"to":[14.0,11.0,12.5],"rotation":{"angle":0.0,"axis":"x","origin":[6.0,9.5,7.5]},"faces":{"east":{"uv":[2.875,8.5,3.625,9.875],"texture":"#2","tintindex":0.0},"south":{"uv":[5.125,8.5,3.625,9.875],"texture":"#2","tintindex":0.0},"west":{"uv":[3.625,8.5,2.875,9.875],"texture":"#2","tintindex":0.0},"up":{"uv":[3.625,7.75,5.125,8.5],"texture":"#2","tintindex":0.0},"down":{"uv":[3.375,6.75,1.875,7.5],"texture":"#2","tintindex":0.0}}},{"from":[2.0,0.0,6.5],"to":[14.0,11.0,12.5],"rotation":{"angle":0.0,"axis":"x","origin":[6.0,9.5,7.5]},"faces":{"south":{"uv":[1.5,1.375,0.0,2.75],"texture":"#2"},"down":{"uv":[1.5,2.75,0.0,3.5],"texture":"#2"}}},{"from":[14.0,2.0,3.5],"to":[16.0,9.0,10.5],"rotation":{"angle":0.0,"axis":"x","origin":[6.0,9.5,7.5]},"faces":{"north":{"uv":[4.625,6.75,4.875,7.625],"texture":"#2","tintindex":0.0},"east":{"uv":[3.75,6.75,4.625,7.625],"texture":"#2","tintindex":0.0},"south":{"uv":[4.875,6.75,4.625,7.625],"texture":"#2","tintindex":0.0},"west":{"uv":[3.625,8.5,2.875,9.875],"texture":"#2","tintindex":0.0},"up":{"uv":[4.625,6.75,4.875,7.625],"rotation":180.0,"texture":"#2","tintindex":0.0},"down":{"uv":[4.875,6.75,4.625,7.625],"texture":"#2","tintindex":0.0}}},{"from":[16.25,2.0,3.5],"to":[16.25,9.0,10.5],"rotation":{"angle":0.0,"axis":"x","origin":[6.0,9.5,7.5]},"faces":{"north":{"uv":[4.625,6.75,4.875,7.625],"texture":"#2"},"east":{"uv":[4.375,10.125,5.25,11.0],"texture":"#2"},"south":{"uv":[4.875,6.75,4.625,7.625],"texture":"#2"},"west":{"uv":[4.375,10.125,5.25,11.0],"texture":"#2"},"up":{"uv":[4.625,6.75,4.875,7.625],"rotation":180.0,"texture":"#2"},"down":{"uv":[4.875,6.75,4.625,7.625],"texture":"#2"}}},{"from":[-0.25,2.0,3.5],"to":[-0.25,9.0,10.5],"rotation":{"angle":0.0,"axis":"x","origin":[10.0,9.5,7.5]},"faces":{"north":{"uv":[4.875,6.75,4.625,7.625],"texture":"#2"},"east":{"uv":[5.25,10.125,4.375,11.0],"texture":"#2"},"south":{"uv":[4.625,6.75,4.875,7.625],"texture":"#2"},"west":{"uv":[5.25,10.125,4.375,11.0],"texture":"#2"},"up":{"uv":[4.875,6.75,4.625,7.625],"rotation":180.0,"texture":"#2"},"down":{"uv":[4.625,6.75,4.875,7.625],"texture":"#2"}}},{"from":[0.0,2.0,3.5],"to":[2.0,9.0,10.5],"rotation":{"angle":0.0,"axis":"x","origin":[10.0,9.5,7.5]},"faces":{"north":{"uv":[4.875,6.75,4.625,7.625],"texture":"#2","tintindex":0.0},"east":{"uv":[2.875,8.5,3.625,9.875],"texture":"#2","tintindex":0.0},"south":{"uv":[4.625,6.75,4.875,7.625],"texture":"#2","tintindex":0.0},"west":{"uv":[4.625,6.75,3.75,7.625],"texture":"#2","tintindex":0.0},"up":{"uv":[4.875,6.75,4.625,7.625],"rotation":180.0,"texture":"#2","tintindex":0.0},"down":{"uv":[4.625,6.75,4.875,7.625],"texture":"#2","tintindex":0.0}}},{"name":"cube inverted","from":[14.0,11.0,1.5],"to":[2.0,1.0,0.5],"rotation":{"angle":0.0,"axis":"x","origin":[-6.0,9.5,7.5]},"faces":{"north":{"uv":[3.75,12.375,5.25,11.125],"texture":"#2"},"east":{"uv":[3.75,12.375,3.875,11.125],"texture":"#2"},"west":{"uv":[3.75,12.375,3.875,11.125],"texture":"#2"},"up":{"uv":[5.25,12.25,3.75,12.375],"texture":"#2"},"down":{"uv":[5.25,11.125,3.75,11.25],"texture":"#2"}}},{"name":"cube inverted","from":[2.5,1.0,1.0],"to":[13.5,11.0,1.0],"rotation":{"angle":0.0,"axis":"x","origin":[-18.5,6.5,7.5]},"faces":{"north":{"uv":[3.0,3.0,14.0,13.0],"texture":"#3"},"east":{"uv":[3.625,12.5,3.75,13.75],"texture":"#2","tintindex":0.0},"south":{"uv":[3.0,3.0,14.0,13.0],"texture":"#3"},"west":{"uv":[3.625,12.5,3.75,13.75],"texture":"#2","tintindex":0.0},"up":{"uv":[5.125,12.625,3.625,12.5],"texture":"#2","tintindex":0.0},"down":{"uv":[5.125,13.75,3.625,13.625],"texture":"#2","tintindex":0.0}}}],"gui_light":"front","display":{"thirdperson_righthand":{"rotation":[55.5,34.0,0.0],"translation":[0.0,1.0,0.75],"scale":[0.52539,0.52539,0.52539]},"thirdperson_lefthand":{"rotation":[55.5,34.0,0.0],"translation":[0.0,1.0,0.75],"scale":[0.52539,0.52539,0.52539]},"firstperson_righthand":{"rotation":[21.0,114.5,-13.75],"translation":[9.5,0.0,-5.75],"scale":[0.41992,0.41992,0.41992]},"firstperson_lefthand":{"rotation":[21.0,114.5,-13.75],"translation":[9.5,0.0,-5.75],"scale":[0.41992,0.41992,0.41992]},"gui":{"rotation":[-149.61,-31.92,-180.0],"translation":[-1.0,2.75,0.0],"scale":[0.6914,0.6914,0.6914]},"head":{"translation":[0.0,6.25,2.0],"scale":[1.62539,1.62539,1.62539]}}}