{"textures":{"4":"mcc:island_cosmetics/general/hat/cupcake/cupcake"},"elements":[{"from":[2.5,7.0,3.25],"to":[13.5,10.0,14.25],"rotation":{"angle":22.5,"axis":"x","origin":[7.5,9.0,8.0]},"faces":{"north":{"uv":[6.0,12.0,11.5,13.5],"texture":"#4","tintindex":0},"east":{"uv":[6.0,12.0,11.5,13.5],"texture":"#4","tintindex":0},"south":{"uv":[6.0,12.0,11.5,13.5],"texture":"#4","tintindex":0},"west":{"uv":[6.0,12.0,11.5,13.5],"texture":"#4","tintindex":0},"down":{"uv":[10.5,0.0,16.0,5.5],"texture":"#4","tintindex":0}}},{"from":[1.6,9.6,2.35],"to":[14.4,15.4,15.15],"rotation":{"angle":22.5,"axis":"x","origin":[8.0,9.0,8.0]},"faces":{"north":{"uv":[0.0,11.0,6.0,13.5],"texture":"#4"},"east":{"uv":[0.0,11.0,6.0,13.5],"texture":"#4"},"south":{"uv":[0.0,11.0,6.0,13.5],"texture":"#4"},"west":{"uv":[0.0,11.0,6.0,13.5],"texture":"#4"},"up":{"uv":[4.5,0.0,10.5,6.0],"texture":"#4"}}},{"from":[3.5,14.0,4.25],"to":[12.5,18.0,13.25],"rotation":{"angle":22.5,"axis":"x","origin":[8.5,9.0,8.0]},"faces":{"north":{"uv":[0.0,4.5,4.5,6.5],"texture":"#4"},"east":{"uv":[0.0,4.5,4.5,6.5],"texture":"#4"},"south":{"uv":[0.0,4.5,4.5,6.5],"texture":"#4"},"west":{"uv":[0.0,4.5,4.5,6.5],"texture":"#4"},"up":{"uv":[0.0,6.5,4.5,11.0],"texture":"#4"}}},{"from":[6.0,18.0,6.75],"to":[10.0,22.0,10.75],"rotation":{"angle":22.5,"axis":"x","origin":[8.0,9.0,8.0]},"faces":{"north":{"uv":[0.0,2.5,2.0,0.5],"texture":"#4"},"east":{"uv":[0.0,2.5,2.0,0.5],"texture":"#4"},"south":{"uv":[0.0,2.5,2.0,0.5],"texture":"#4"},"west":{"uv":[0.0,2.5,2.0,0.5],"texture":"#4"},"up":{"uv":[0.0,4.5,2.0,2.5],"texture":"#4"},"down":{"uv":[0.0,4.5,2.0,2.5],"texture":"#4"}}},{"from":[7.57069,20.57439,14.44437],"to":[11.57069,24.57439,14.44437],"rotation":{"angle":22.5,"axis":"x","origin":[9.57069,22.57439,14.44437]},"faces":{"north":{"uv":[2.0,2.0,4.0,0.0],"texture":"#4","rotation":180},"south":{"uv":[4.0,2.0,2.0,0.0],"texture":"#4","rotation":180}}},{"from":[1.9,9.9,2.65],"to":[14.1,15.1,14.85],"rotation":{"angle":22.5,"axis":"x","origin":[-7.0,9.0,8.0]},"faces":{"north":{"uv":[0.0,13.5,6.0,16.0],"texture":"#4"},"east":{"uv":[0.0,13.5,6.0,16.0],"texture":"#4"},"south":{"uv":[0.0,13.5,6.0,16.0],"texture":"#4"},"west":{"uv":[0.0,13.5,6.0,16.0],"texture":"#4"},"up":{"uv":[6.0,6.0,12.0,12.0],"texture":"#4"},"down":{"uv":[6.0,6.0,12.0,12.0],"texture":"#4"}}}],"display":{"thirdperson_righthand":{"translation":[0.0,1.0,-1.0],"rotation":[63.0,34.0,0.0],"scale":[0.52539,0.52539,0.52539]},"thirdperson_lefthand":{"translation":[0.0,1.0,-1.0],"rotation":[63.0,34.0,0.0],"scale":[0.52539,0.52539,0.52539]},"firstperson_righthand":{"translation":[9.5,0.0,-5.75],"rotation":[3.0,112.0,-13.0],"scale":[0.41992,0.41992,0.41992]},"firstperson_lefthand":{"translation":[9.5,0.0,-5.75],"rotation":[3.0,112.0,-13.0],"scale":[0.41992,0.41992,0.41992]},"ground":{"translation":[0.0,4.25,0.0],"scale":[0.28906,0.28906,0.28906]},"gui":{"translation":[0.75,-5.0,0.0],"rotation":[-149.61,-31.92,-180.0],"scale":[0.78711,0.78711,0.78711]},"head":{"translation":[0.0,3.75,0.0],"scale":[1.6,1.6,1.6]},"fixed":{"translation":[0.0,-3.25,-7.5]}},"credit":"Made with Blockbench","gui_light":"front"}