{"textures":{"1":"mcc:island_cosmetics/general/hat/cupcake/sprinkles","4":"mcc:island_cosmetics/general/hat/cupcake/knight","particle":"mcc:island_cosmetics/general/hat/cupcake/sprinkles"},"elements":[{"from":[2.5,6.15909,5.96841],"to":[13.5,9.15909,16.96841],"rotation":{"angle":22.5,"axis":"x","origin":[8.78535,15.41272,11.47297]},"faces":{"north":{"uv":[4.0,8.0,7.66667,9.0],"texture":"#4","tintindex":0},"east":{"uv":[4.0,8.0,7.66667,9.0],"texture":"#4","tintindex":0},"south":{"uv":[4.0,8.0,7.66667,9.0],"texture":"#4","tintindex":0},"west":{"uv":[4.0,8.0,7.66667,9.0],"texture":"#4","tintindex":0},"down":{"uv":[7.0,0.0,10.66667,3.66667],"texture":"#4","tintindex":0}}},{"from":[1.6,8.75909,5.06841],"to":[14.4,14.55909,17.86841],"rotation":{"angle":22.5,"axis":"x","origin":[8.78535,15.41272,11.47297]},"faces":{"north":{"uv":[0.0,7.33333,4.0,9.0],"texture":"#4"},"east":{"uv":[0.0,7.33333,4.0,9.0],"texture":"#4"},"south":{"uv":[0.0,7.33333,4.0,9.0],"texture":"#4"},"west":{"uv":[0.0,7.33333,4.0,9.0],"texture":"#4"},"up":{"uv":[3.0,0.0,7.0,4.0],"texture":"#4"}}},{"from":[3.5,13.15909,6.96841],"to":[12.5,17.15909,15.96841],"rotation":{"angle":22.5,"axis":"x","origin":[8.78535,15.41272,11.47297]},"faces":{"north":{"uv":[0.0,3.0,3.0,4.33333],"texture":"#4"},"east":{"uv":[0.0,3.0,3.0,4.33333],"texture":"#4"},"south":{"uv":[0.0,3.0,3.0,4.33333],"texture":"#4"},"west":{"uv":[0.0,3.0,3.0,4.33333],"texture":"#4"},"up":{"uv":[0.0,4.33333,3.0,7.33333],"texture":"#4"}}},{"from":[1.9,9.05909,5.36841],"to":[14.1,14.25909,17.56841],"rotation":{"angle":22.5,"axis":"x","origin":[8.78535,15.41272,11.47297]},"faces":{"north":{"uv":[0.0,9.0,4.0,10.66667],"texture":"#4"},"east":{"uv":[0.0,9.0,4.0,10.66667],"texture":"#4"},"south":{"uv":[0.0,9.0,4.0,10.66667],"texture":"#4"},"west":{"uv":[0.0,9.0,4.0,10.66667],"texture":"#4"},"up":{"uv":[4.0,4.0,8.0,8.0],"texture":"#4"},"down":{"uv":[4.0,4.0,8.0,8.0],"texture":"#4"}}},{"from":[2.3,4.8,2.55],"to":[13.7,10.2,10.95],"rotation":{"angle":0.0,"axis":"x","origin":[-0.5,-22.0,0.0]},"faces":{"north":{"uv":[0.0,11.0,3.66667,12.66667],"texture":"#4"},"east":{"uv":[3.66667,11.0,6.33333,12.66667],"texture":"#4"},"south":{"uv":[4.33333,9.0,8.0,10.66667],"texture":"#4"},"west":{"uv":[6.33333,11.0,3.66667,12.66667],"texture":"#4"},"up":{"uv":[8.0,3.66667,11.66667,6.33333],"texture":"#4"},"down":{"uv":[8.0,6.33333,11.66667,9.0],"texture":"#4"}}},{"from":[2.9,2.9,3.65],"to":[13.1,7.1,12.85],"rotation":{"angle":0.0,"axis":"y","origin":[0.0,-22.0,0.0]},"faces":{"north":{"uv":[0.0,14.66667,3.33333,16.0],"texture":"#4","tintindex":0},"east":{"uv":[0.0,13.33333,2.66667,14.66667],"texture":"#4","tintindex":0},"south":{"uv":[0.0,14.66667,3.33333,16.0],"texture":"#4","tintindex":0},"west":{"uv":[0.0,13.33333,2.66667,14.66667],"texture":"#4","tintindex":0},"down":{"uv":[3.33333,13.33333,6.66667,16.0],"texture":"#4","tintindex":0}}},{"from":[7.0,13.15909,10.96841],"to":[9.0,22.15909,19.96841],"rotation":{"angle":22.5,"axis":"x","origin":[8.78535,15.41272,11.47297]},"faces":{"north":{"uv":[13.33333,0.0,13.66667,3.0],"texture":"#4"},"east":{"uv":[10.66667,0.0,13.66667,3.0],"texture":"#4"},"south":{"uv":[10.66667,0.0,11.0,3.0],"texture":"#4"},"west":{"uv":[13.66667,0.0,10.66667,3.0],"texture":"#4"},"up":{"uv":[10.66667,0.0,13.66667,0.33333],"texture":"#4","rotation":90},"down":{"uv":[10.66667,2.66667,13.66667,3.0],"texture":"#4","rotation":90}}},{"from":[7.75,15.15909,19.96841],"to":[7.75,20.15909,22.96841],"rotation":{"angle":22.5,"axis":"x","origin":[8.78535,15.41272,11.47297]},"faces":{"north":{"uv":[0.0,3.0,3.0,4.33333],"texture":"#4"},"east":{"uv":[11.66667,3.0,12.66667,4.66667],"texture":"#4"},"south":{"uv":[0.0,3.0,3.0,4.33333],"texture":"#4"},"west":{"uv":[12.66667,3.0,11.66667,4.66667],"texture":"#4"},"up":{"uv":[0.0,4.33333,3.0,7.33333],"texture":"#4"}}},{"from":[3.3,12.95909,6.76841],"to":[12.7,17.35909,16.16841],"rotation":{"angle":22.5,"axis":"x","origin":[8.78535,15.41272,11.47297]},"faces":{"north":{"uv":[9.0,11.66667,12.0,13.0],"texture":"#4"},"east":{"uv":[9.0,11.66667,12.0,13.0],"texture":"#4"},"south":{"uv":[9.0,11.66667,12.0,13.0],"texture":"#4"},"west":{"uv":[9.0,11.66667,12.0,13.0],"texture":"#4"},"up":{"uv":[9.0,13.0,12.0,16.0],"texture":"#4"}}},{"from":[1.4,8.55909,4.86841],"to":[14.6,14.75909,18.06841],"rotation":{"angle":22.5,"axis":"x","origin":[8.78535,15.41272,11.47297]},"faces":{"north":{"uv":[12.0,10.33333,16.0,12.0],"texture":"#4"},"east":{"uv":[12.0,10.33333,16.0,12.0],"texture":"#4"},"south":{"uv":[12.0,10.33333,16.0,12.0],"texture":"#4"},"west":{"uv":[12.0,10.33333,16.0,12.0],"texture":"#4"}}},{"from":[8.0,4.0,13.0],"to":[8.0,15.0,28.0],"rotation":{"angle":0.0,"axis":"y","origin":[8.0,-20.0,16.0]},"faces":{"east":{"uv":[15.0,2.0,0.0,13.0],"texture":"#1"},"west":{"uv":[0.0,2.0,15.0,13.0],"texture":"#1"}}}],"display":{"thirdperson_righthand":{"translation":[0.0,1.0,-1.0],"rotation":[63.0,34.0,0.0],"scale":[0.52539,0.52539,0.52539]},"thirdperson_lefthand":{"translation":[0.0,1.0,-1.0],"rotation":[63.0,34.0,0.0],"scale":[0.52539,0.52539,0.52539]},"firstperson_righthand":{"translation":[9.5,0.0,-5.75],"rotation":[3.0,112.0,-13.0],"scale":[0.41992,0.41992,0.41992]},"firstperson_lefthand":{"translation":[9.5,0.0,-5.75],"rotation":[3.0,112.0,-13.0],"scale":[0.41992,0.41992,0.41992]},"ground":{"translation":[0.0,4.25,0.0],"scale":[0.28906,0.28906,0.28906]},"gui":{"translation":[0.5,-2.5,0.0],"rotation":[-144.69,-42.04,-171.87],"scale":[0.65429,0.65429,0.65429]},"head":{"translation":[0.0,1.25,-0.5],"scale":[1.67422,1.67422,1.67422]},"fixed":{"translation":[0.0,-3.25,-7.5]}},"credit":"Made with Blockbench","gui_light":"front"}