{"textures":{"1":"mcc:island_cosmetics/general/hat/octopus/steampunk","2":"mcc:island_cosmetics/general/hat/octopus/steampunk_anim","particle":"mcc:island_cosmetics/general/hat/octopus/steampunk"},"elements":[{"from":[2.5,2.0,1.5],"to":[13.5,11.0,8.5],"rotation":{"angle":0.0,"axis":"x","origin":[8.0,6.0,8.75]},"faces":{"north":{"uv":[0.0,0.0,3.66667,3.0],"texture":"#1"},"east":{"uv":[6.0,0.0,3.66667,3.0],"texture":"#1"},"west":{"uv":[3.66667,0.0,6.0,3.0],"texture":"#1"},"up":{"uv":[0.0,3.0,3.66667,5.33333],"texture":"#1"},"down":{"uv":[10.0,0.0,13.66667,2.33333],"texture":"#1"}}},{"from":[13.5,4.0,4.5],"to":[15.5,8.0,8.5],"rotation":{"angle":0.0,"axis":"x","origin":[8.0,6.0,8.75]},"faces":{"north":{"uv":[5.66667,3.0,5.0,4.33333],"texture":"#1"},"east":{"uv":[6.0,6.0,8.0,8.0],"texture":"#2"},"south":{"uv":[5.0,4.33333,5.66667,3.0],"texture":"#1"},"west":{"uv":[6.33333,3.0,5.0,4.33333],"texture":"#1"},"up":{"uv":[6.33333,3.0,5.66667,4.33333],"texture":"#1"},"down":{"uv":[6.33333,3.0,5.66667,4.33333],"texture":"#1"}}},{"from":[0.5,4.0,4.5],"to":[2.5,8.0,8.5],"rotation":{"angle":0.0,"axis":"x","origin":[8.0,6.0,8.75]},"faces":{"north":{"uv":[5.0,3.0,5.66667,4.33333],"texture":"#1"},"east":{"uv":[5.0,3.0,6.33333,4.33333],"texture":"#1"},"south":{"uv":[5.66667,4.33333,5.0,3.0],"texture":"#1"},"west":{"uv":[8.0,6.0,6.0,8.0],"texture":"#2"},"up":{"uv":[5.66667,3.0,6.33333,4.33333],"texture":"#1"},"down":{"uv":[5.66667,3.0,6.33333,4.33333],"texture":"#1"}}},{"from":[2.5,0.0,8.5],"to":[13.5,11.0,16.5],"rotation":{"angle":0.0,"axis":"x","origin":[8.0,6.0,8.75]},"faces":{"north":{"uv":[13.33333,5.0,9.66667,8.66667],"texture":"#1"},"east":{"uv":[7.0,4.33333,4.33333,8.0],"texture":"#1"},"south":{"uv":[10.0,0.0,6.33333,3.66667],"texture":"#1"},"west":{"uv":[4.33333,4.33333,7.0,8.0],"texture":"#1"},"up":{"uv":[7.0,7.33333,9.66667,3.66667],"texture":"#1","rotation":90},"down":{"uv":[13.66667,2.33333,10.0,5.0],"texture":"#1"}}},{"from":[2.3,-0.2,1.3],"to":[13.7,11.2,16.7],"rotation":{"angle":0.0,"axis":"x","origin":[8.0,6.0,8.75]},"faces":{"north":{"uv":[7.33333,12.33333,3.66667,16.0],"texture":"#1"},"east":{"uv":[16.0,12.33333,11.0,16.0],"texture":"#1"},"south":{"uv":[7.33333,12.33333,3.66667,16.0],"texture":"#1"},"west":{"uv":[16.0,12.33333,11.0,16.0],"texture":"#1"},"up":{"uv":[11.0,11.0,7.33333,16.0],"texture":"#1"}}},{"from":[2.5,1.0,0.0],"to":[5.5,4.0,6.0],"rotation":{"angle":22.5,"axis":"y","origin":[2.0,1.5,-1.5]},"faces":{"north":{"uv":[6.0,0.0,4.5,1.5],"texture":"#2"},"east":{"uv":[3.0,0.0,0.0,1.5],"texture":"#2"},"south":{"uv":[4.5,0.0,3.0,1.5],"texture":"#2"},"west":{"uv":[0.0,0.0,3.0,1.5],"texture":"#2"},"up":{"uv":[1.5,1.5,0.0,4.5],"texture":"#2"},"down":{"uv":[3.0,1.5,1.5,4.5],"texture":"#2"}}},{"from":[4.0,-4.0,-5.0],"to":[4.0,4.0,3.0],"rotation":{"angle":22.5,"axis":"y","origin":[2.0,1.5,-1.5]},"faces":{"east":{"uv":[7.0,1.5,3.0,5.5],"texture":"#2"},"west":{"uv":[3.0,1.5,7.0,5.5],"texture":"#2"}}},{"from":[-1.12745,-1.0,8.26358],"to":[4.87255,2.0,11.26358],"rotation":{"angle":22.5,"axis":"y","origin":[1.12255,0.25,5.01358]},"faces":{"north":{"uv":[3.0,0.0,0.0,1.5],"texture":"#2"},"east":{"uv":[4.5,0.0,3.0,1.5],"texture":"#2"},"south":{"uv":[0.0,0.0,3.0,1.5],"texture":"#2"},"west":{"uv":[6.0,0.0,4.5,1.5],"texture":"#2"},"up":{"uv":[1.5,1.5,0.0,4.5],"texture":"#2","rotation":270},"down":{"uv":[3.0,1.5,1.5,4.5],"texture":"#2","rotation":90}}},{"from":[-6.12745,-6.0,9.76358],"to":[1.87255,2.0,9.76358],"rotation":{"angle":22.5,"axis":"y","origin":[1.12255,0.25,5.01358]},"faces":{"north":{"uv":[7.0,1.5,3.0,5.5],"texture":"#2"},"south":{"uv":[3.0,1.5,7.0,5.5],"texture":"#2"}}},{"from":[3.28544,0.25,8.88037],"to":[6.28544,3.25,14.88037],"rotation":{"angle":45.0,"axis":"x","origin":[1.78544,-0.75,9.88037]},"faces":{"north":{"uv":[4.5,0.0,3.0,1.5],"texture":"#2"},"east":{"uv":[0.0,0.0,3.0,1.5],"texture":"#2"},"south":{"uv":[6.0,0.0,4.5,1.5],"texture":"#2"},"west":{"uv":[3.0,0.0,0.0,1.5],"texture":"#2"},"up":{"uv":[1.5,1.5,0.0,4.5],"texture":"#2","rotation":180},"down":{"uv":[3.0,1.5,1.5,4.5],"texture":"#2","rotation":180}}},{"from":[4.78544,-4.75,11.88037],"to":[4.78544,3.25,19.88037],"rotation":{"angle":45.0,"axis":"x","origin":[1.78544,-0.75,9.88037]},"faces":{"east":{"uv":[3.0,1.5,7.0,5.5],"texture":"#2"},"west":{"uv":[7.0,1.5,3.0,5.5],"texture":"#2"}}},{"from":[2.30447,0.0,4.54433],"to":[8.30447,3.0,7.54433],"rotation":{"angle":-22.5,"axis":"y","origin":[4.80447,1.25,0.04433]},"faces":{"north":{"uv":[3.0,0.0,0.0,1.5],"texture":"#2"},"east":{"uv":[4.5,0.0,3.0,1.5],"texture":"#2"},"south":{"uv":[0.0,0.0,3.0,1.5],"texture":"#2"},"west":{"uv":[6.0,0.0,4.5,1.5],"texture":"#2"},"up":{"uv":[1.5,1.5,0.0,4.5],"texture":"#2","rotation":270},"down":{"uv":[3.0,1.5,1.5,4.5],"texture":"#2","rotation":90}}},{"from":[-2.69553,-5.0,6.04433],"to":[5.30447,3.0,6.04433],"rotation":{"angle":-22.5,"axis":"y","origin":[4.80447,1.25,0.04433]},"faces":{"north":{"uv":[7.0,1.5,3.0,5.5],"texture":"#2"},"south":{"uv":[3.0,1.5,7.0,5.5],"texture":"#2"}}},{"from":[-6.12745,-6.7,9.76358],"to":[1.87255,1.3,9.76358],"rotation":{"angle":22.5,"axis":"y","origin":[1.12255,-0.45,5.01358]},"faces":{"north":{"uv":[14.0,1.5,10.0,5.5],"texture":"#2"},"south":{"uv":[10.0,1.5,14.0,5.5],"texture":"#2"}}},{"from":[-2.69553,-5.7,6.04433],"to":[5.30447,2.3,6.04433],"rotation":{"angle":-22.5,"axis":"y","origin":[4.80447,0.55,0.04433]},"faces":{"north":{"uv":[14.0,1.5,10.0,5.5],"texture":"#2"},"south":{"uv":[10.0,1.5,14.0,5.5],"texture":"#2"}}},{"from":[4.78544,-5.45,11.88037],"to":[4.78544,2.55,19.88037],"rotation":{"angle":45.0,"axis":"x","origin":[1.78544,-1.45,9.88037]},"faces":{"east":{"uv":[10.0,1.5,14.0,5.5],"texture":"#2"},"west":{"uv":[14.0,1.5,10.0,5.5],"texture":"#2"}}},{"from":[3.28544,-0.45,8.88037],"to":[6.28544,2.55,14.88037],"rotation":{"angle":45.0,"axis":"x","origin":[1.78544,-1.45,9.88037]},"faces":{"north":{"uv":[11.5,0.0,10.0,1.5],"texture":"#2"},"east":{"uv":[7.0,0.0,10.0,1.5],"texture":"#2"},"south":{"uv":[13.0,0.0,11.5,1.5],"texture":"#2"},"west":{"uv":[10.0,0.0,7.0,1.5],"texture":"#2"},"up":{"uv":[8.5,1.5,7.0,4.5],"texture":"#2","rotation":180},"down":{"uv":[10.0,1.5,8.5,4.5],"texture":"#2","rotation":180}}},{"from":[-1.12745,-1.7,8.26358],"to":[4.87255,1.3,11.26358],"rotation":{"angle":22.5,"axis":"y","origin":[1.12255,-0.45,5.01358]},"faces":{"north":{"uv":[10.0,0.0,7.0,1.5],"texture":"#2"},"east":{"uv":[11.5,0.0,10.0,1.5],"texture":"#2"},"south":{"uv":[7.0,0.0,10.0,1.5],"texture":"#2"},"west":{"uv":[13.0,0.0,11.5,1.5],"texture":"#2"},"up":{"uv":[8.5,1.5,7.0,4.5],"texture":"#2","rotation":270},"down":{"uv":[10.0,1.5,8.5,4.5],"texture":"#2","rotation":90}}},{"from":[2.30447,-0.7,4.54433],"to":[8.30447,2.3,7.54433],"rotation":{"angle":-22.5,"axis":"y","origin":[4.80447,0.55,0.04433]},"faces":{"north":{"uv":[10.0,0.0,7.0,1.5],"texture":"#2"},"east":{"uv":[11.5,0.0,10.0,1.5],"texture":"#2"},"south":{"uv":[7.0,0.0,10.0,1.5],"texture":"#2"},"west":{"uv":[13.0,0.0,11.5,1.5],"texture":"#2"},"up":{"uv":[8.5,1.5,7.0,4.5],"texture":"#2","rotation":270},"down":{"uv":[10.0,1.5,8.5,4.5],"texture":"#2","rotation":90}}},{"from":[4.0,-4.7,-5.0],"to":[4.0,3.3,3.0],"rotation":{"angle":22.5,"axis":"y","origin":[2.0,0.8,-1.5]},"faces":{"east":{"uv":[14.0,1.5,10.0,5.5],"texture":"#2"},"west":{"uv":[10.0,1.5,14.0,5.5],"texture":"#2"}}},{"from":[2.5,0.3,0.0],"to":[5.5,3.3,6.0],"rotation":{"angle":22.5,"axis":"y","origin":[2.0,0.8,-1.5]},"faces":{"north":{"uv":[13.0,0.0,11.5,1.5],"texture":"#2"},"east":{"uv":[10.0,0.0,7.0,1.5],"texture":"#2"},"south":{"uv":[11.5,0.0,10.0,1.5],"texture":"#2"},"west":{"uv":[7.0,0.0,10.0,1.5],"texture":"#2"},"up":{"uv":[8.5,1.5,7.0,4.5],"texture":"#2"},"down":{"uv":[10.0,1.5,8.5,4.5],"texture":"#2"}}},{"from":[12.0,-4.0,-5.0],"to":[12.0,4.0,3.0],"rotation":{"angle":-22.5,"axis":"y","origin":[14.0,1.5,-1.5]},"faces":{"east":{"uv":[7.0,1.5,3.0,5.5],"texture":"#2"},"west":{"uv":[3.0,1.5,7.0,5.5],"texture":"#2"}}},{"from":[10.5,1.0,0.0],"to":[13.5,4.0,6.0],"rotation":{"angle":-22.5,"axis":"y","origin":[14.0,1.5,-1.5]},"faces":{"north":{"uv":[4.5,0.0,6.0,1.5],"texture":"#2"},"east":{"uv":[3.0,0.0,0.0,1.5],"texture":"#2"},"south":{"uv":[3.0,0.0,4.5,1.5],"texture":"#2"},"west":{"uv":[0.0,0.0,3.0,1.5],"texture":"#2"},"up":{"uv":[0.0,1.5,1.5,4.5],"texture":"#2"},"down":{"uv":[1.5,1.5,3.0,4.5],"texture":"#2"}}},{"from":[14.12745,-6.0,9.76358],"to":[22.12745,2.0,9.76358],"rotation":{"angle":-22.5,"axis":"y","origin":[14.87745,0.25,5.01358]},"faces":{"north":{"uv":[3.0,1.5,7.0,5.5],"texture":"#2"},"south":{"uv":[7.0,1.5,3.0,5.5],"texture":"#2"}}},{"from":[11.12745,-1.0,8.26358],"to":[17.12745,2.0,11.26358],"rotation":{"angle":-22.5,"axis":"y","origin":[14.87745,0.25,5.01358]},"faces":{"north":{"uv":[0.0,0.0,3.0,1.5],"texture":"#2"},"east":{"uv":[4.5,0.0,6.0,1.5],"texture":"#2"},"south":{"uv":[3.0,0.0,0.0,1.5],"texture":"#2"},"west":{"uv":[3.0,0.0,4.5,1.5],"texture":"#2"},"up":{"uv":[1.5,4.5,0.0,1.5],"texture":"#2","rotation":270},"down":{"uv":[3.0,4.5,1.5,1.5],"texture":"#2","rotation":90}}},{"from":[10.69553,-5.0,6.04433],"to":[18.69553,3.0,6.04433],"rotation":{"angle":22.5,"axis":"y","origin":[11.19553,1.25,0.04433]},"faces":{"north":{"uv":[3.0,1.5,7.0,5.5],"texture":"#2"},"south":{"uv":[7.0,1.5,3.0,5.5],"texture":"#2"}}},{"from":[7.69553,0.0,4.54433],"to":[13.69553,3.0,7.54433],"rotation":{"angle":22.5,"axis":"y","origin":[11.19553,1.25,0.04433]},"faces":{"north":{"uv":[0.0,0.0,3.0,1.5],"texture":"#2"},"east":{"uv":[4.5,0.0,6.0,1.5],"texture":"#2"},"south":{"uv":[3.0,0.0,0.0,1.5],"texture":"#2"},"west":{"uv":[3.0,0.0,4.5,1.5],"texture":"#2"},"up":{"uv":[1.5,4.5,0.0,1.5],"texture":"#2","rotation":270},"down":{"uv":[3.0,4.5,1.5,1.5],"texture":"#2","rotation":90}}},{"from":[11.21456,-4.75,11.88037],"to":[11.21456,3.25,19.88037],"rotation":{"angle":45.0,"axis":"x","origin":[14.21456,-0.75,9.88037]},"faces":{"east":{"uv":[3.0,1.5,7.0,5.5],"texture":"#2"},"west":{"uv":[7.0,1.5,3.0,5.5],"texture":"#2"}}},{"from":[9.71456,0.25,8.88037],"to":[12.71456,3.25,14.88037],"rotation":{"angle":45.0,"axis":"x","origin":[14.21456,-0.75,9.88037]},"faces":{"north":{"uv":[3.0,0.0,4.5,1.5],"texture":"#2"},"east":{"uv":[0.0,0.0,3.0,1.5],"texture":"#2"},"south":{"uv":[4.5,0.0,6.0,1.5],"texture":"#2"},"west":{"uv":[3.0,0.0,0.0,1.5],"texture":"#2"},"up":{"uv":[0.0,1.5,1.5,4.5],"texture":"#2","rotation":180},"down":{"uv":[1.5,1.5,3.0,4.5],"texture":"#2","rotation":180}}},{"from":[10.5,0.3,0.0],"to":[13.5,3.3,6.0],"rotation":{"angle":-22.5,"axis":"y","origin":[14.0,0.8,-1.5]},"faces":{"north":{"uv":[11.5,0.0,13.0,1.5],"texture":"#2"},"east":{"uv":[10.0,0.0,7.0,1.5],"texture":"#2"},"south":{"uv":[10.0,0.0,11.5,1.5],"texture":"#2"},"west":{"uv":[7.0,0.0,10.0,1.5],"texture":"#2"},"up":{"uv":[7.0,1.5,8.5,4.5],"texture":"#2"},"down":{"uv":[8.5,1.5,10.0,4.5],"texture":"#2"}}},{"from":[12.0,-4.7,-5.0],"to":[12.0,3.3,3.0],"rotation":{"angle":-22.5,"axis":"y","origin":[14.0,0.8,-1.5]},"faces":{"east":{"uv":[14.0,1.5,10.0,5.5],"texture":"#2"},"west":{"uv":[10.0,1.5,14.0,5.5],"texture":"#2"}}},{"from":[7.69553,-0.7,4.54433],"to":[13.69553,2.3,7.54433],"rotation":{"angle":22.5,"axis":"y","origin":[11.19553,0.55,0.04433]},"faces":{"north":{"uv":[7.0,0.0,10.0,1.5],"texture":"#2"},"east":{"uv":[11.5,0.0,13.0,1.5],"texture":"#2"},"south":{"uv":[10.0,0.0,7.0,1.5],"texture":"#2"},"west":{"uv":[10.0,0.0,11.5,1.5],"texture":"#2"},"up":{"uv":[8.5,4.5,7.0,1.5],"texture":"#2","rotation":270},"down":{"uv":[10.0,4.5,8.5,1.5],"texture":"#2","rotation":90}}},{"from":[11.12745,-1.7,8.26358],"to":[17.12745,1.3,11.26358],"rotation":{"angle":-22.5,"axis":"y","origin":[14.87745,-0.45,5.01358]},"faces":{"north":{"uv":[7.0,0.0,10.0,1.5],"texture":"#2"},"east":{"uv":[11.5,0.0,13.0,1.5],"texture":"#2"},"south":{"uv":[10.0,0.0,7.0,1.5],"texture":"#2"},"west":{"uv":[10.0,0.0,11.5,1.5],"texture":"#2"},"up":{"uv":[8.5,4.5,7.0,1.5],"texture":"#2","rotation":270},"down":{"uv":[10.0,4.5,8.5,1.5],"texture":"#2","rotation":90}}},{"from":[9.71456,-0.45,8.88037],"to":[12.71456,2.55,14.88037],"rotation":{"angle":45.0,"axis":"x","origin":[14.21456,-1.45,9.88037]},"faces":{"north":{"uv":[10.0,0.0,11.5,1.5],"texture":"#2"},"east":{"uv":[7.0,0.0,10.0,1.5],"texture":"#2"},"south":{"uv":[11.5,0.0,13.0,1.5],"texture":"#2"},"west":{"uv":[10.0,0.0,7.0,1.5],"texture":"#2"},"up":{"uv":[7.0,1.5,8.5,4.5],"texture":"#2","rotation":180},"down":{"uv":[8.5,1.5,10.0,4.5],"texture":"#2","rotation":180}}},{"from":[11.21456,-5.45,11.88037],"to":[11.21456,2.55,19.88037],"rotation":{"angle":45.0,"axis":"x","origin":[14.21456,-1.45,9.88037]},"faces":{"east":{"uv":[10.0,1.5,14.0,5.5],"texture":"#2"},"west":{"uv":[14.0,1.5,10.0,5.5],"texture":"#2"}}},{"from":[10.69553,-5.7,6.04433],"to":[18.69553,2.3,6.04433],"rotation":{"angle":22.5,"axis":"y","origin":[11.19553,0.55,0.04433]},"faces":{"north":{"uv":[10.0,1.5,14.0,5.5],"texture":"#2"},"south":{"uv":[14.0,1.5,10.0,5.5],"texture":"#2"}}},{"from":[14.12745,-6.7,9.76358],"to":[22.12745,1.3,9.76358],"rotation":{"angle":-22.5,"axis":"y","origin":[14.87745,-0.45,5.01358]},"faces":{"north":{"uv":[10.0,1.5,14.0,5.5],"texture":"#2"},"south":{"uv":[14.0,1.5,10.0,5.5],"texture":"#2"}}},{"from":[6.0,11.0,8.0],"to":[10.0,16.0,12.0],"rotation":{"angle":0.0,"axis":"y","origin":[8.0,14.0,9.0]},"faces":{"north":{"uv":[5.5,10.5,3.5,13.0],"texture":"#2"},"east":{"uv":[5.5,10.5,3.5,13.0],"texture":"#2"},"south":{"uv":[5.5,10.5,3.5,13.0],"texture":"#2"},"west":{"uv":[5.5,10.5,3.5,13.0],"texture":"#2"},"up":{"uv":[5.5,8.5,3.5,10.5],"texture":"#2"},"down":{"uv":[5.5,8.5,3.5,10.5],"texture":"#2"}}},{"from":[5.8,10.8,7.8],"to":[10.2,16.2,12.2],"rotation":{"angle":0.0,"axis":"y","origin":[8.0,14.0,9.0]},"faces":{"north":{"uv":[7.5,10.5,5.5,13.0],"texture":"#2"},"east":{"uv":[7.5,10.5,5.5,13.0],"texture":"#2"},"south":{"uv":[7.5,10.5,5.5,13.0],"texture":"#2"},"west":{"uv":[7.5,10.5,5.5,13.0],"texture":"#2"},"up":{"uv":[5.5,8.5,3.5,10.5],"texture":"#2"},"down":{"uv":[5.5,8.5,3.5,10.5],"texture":"#2"}}},{"from":[5.8,10.8,7.8],"to":[10.2,15.2,12.2],"rotation":{"angle":0.0,"axis":"y","origin":[8.0,14.0,9.0]},"faces":{"north":{"uv":[12.5,11.0,10.5,13.0],"texture":"#2"},"east":{"uv":[12.5,11.0,10.5,13.0],"texture":"#2"},"south":{"uv":[12.5,11.0,10.5,13.0],"texture":"#2"},"west":{"uv":[12.5,11.0,10.5,13.0],"texture":"#2"},"up":{"uv":[10.5,8.5,8.5,10.5],"texture":"#2"},"down":{"uv":[10.5,8.5,8.5,10.5],"texture":"#2"}}},{"from":[6.0,11.0,8.0],"to":[10.0,15.0,12.0],"rotation":{"angle":0.0,"axis":"y","origin":[8.0,14.0,9.0]},"faces":{"north":{"uv":[10.5,11.0,8.5,13.0],"texture":"#2"},"east":{"uv":[10.5,11.0,8.5,13.0],"texture":"#2"},"south":{"uv":[10.5,11.0,8.5,13.0],"texture":"#2"},"west":{"uv":[10.5,11.0,8.5,13.0],"texture":"#2"},"up":{"uv":[10.5,8.5,8.5,10.5],"texture":"#2"},"down":{"uv":[10.5,8.5,8.5,10.5],"texture":"#2"}}},{"from":[10.2,16.2,12.2],"to":[5.8,10.8,7.8],"rotation":{"angle":0.0,"axis":"y","origin":[8.0,14.0,9.0]},"faces":{"north":{"uv":[7.5,13.0,5.5,10.5],"texture":"#2"},"east":{"uv":[7.5,13.0,5.5,10.5],"texture":"#2"},"south":{"uv":[7.5,13.0,5.5,10.5],"texture":"#2"},"west":{"uv":[7.5,13.0,5.5,10.5],"texture":"#2"},"up":{"uv":[3.5,8.5,5.5,10.5],"texture":"#2"},"down":{"uv":[3.5,8.5,5.5,10.5],"texture":"#2"}}},{"from":[6.0,15.5,14.5],"to":[10.0,20.5,18.5],"rotation":{"angle":45.0,"axis":"x","origin":[8.0,14.0,9.0]},"faces":{"north":{"uv":[5.5,10.5,3.5,13.0],"texture":"#2"},"east":{"uv":[5.5,10.5,3.5,13.0],"texture":"#2"},"south":{"uv":[5.5,10.5,3.5,13.0],"texture":"#2"},"west":{"uv":[5.5,10.5,3.5,13.0],"texture":"#2"},"up":{"uv":[5.5,8.5,3.5,10.5],"texture":"#2"},"down":{"uv":[5.5,8.5,3.5,10.5],"texture":"#2"}}},{"from":[5.8,15.3,14.3],"to":[10.2,20.7,18.7],"rotation":{"angle":45.0,"axis":"x","origin":[8.0,14.0,9.0]},"faces":{"north":{"uv":[7.5,10.5,5.5,13.0],"texture":"#2"},"east":{"uv":[7.5,10.5,5.5,13.0],"texture":"#2"},"south":{"uv":[7.5,10.5,5.5,13.0],"texture":"#2"},"west":{"uv":[7.5,10.5,5.5,13.0],"texture":"#2"},"up":{"uv":[5.5,8.5,3.5,10.5],"texture":"#2"},"down":{"uv":[5.5,8.5,3.5,10.5],"texture":"#2"}}},{"from":[5.8,15.3,14.3],"to":[10.2,19.7,18.7],"rotation":{"angle":45.0,"axis":"x","origin":[8.0,14.0,9.0]},"faces":{"north":{"uv":[12.5,11.0,10.5,13.0],"texture":"#2"},"east":{"uv":[12.5,11.0,10.5,13.0],"texture":"#2"},"south":{"uv":[12.5,11.0,10.5,13.0],"texture":"#2"},"west":{"uv":[12.5,11.0,10.5,13.0],"texture":"#2"},"up":{"uv":[10.5,8.5,8.5,10.5],"texture":"#2"},"down":{"uv":[10.5,8.5,8.5,10.5],"texture":"#2"}}},{"from":[6.0,15.5,14.5],"to":[10.0,19.5,18.5],"rotation":{"angle":45.0,"axis":"x","origin":[8.0,14.0,9.0]},"faces":{"north":{"uv":[10.5,11.0,8.5,13.0],"texture":"#2"},"east":{"uv":[10.5,11.0,8.5,13.0],"texture":"#2"},"south":{"uv":[10.5,11.0,8.5,13.0],"texture":"#2"},"west":{"uv":[10.5,11.0,8.5,13.0],"texture":"#2"},"up":{"uv":[10.5,8.5,8.5,10.5],"texture":"#2"},"down":{"uv":[10.5,8.5,8.5,10.5],"texture":"#2"}}},{"from":[10.2,20.7,18.7],"to":[5.8,15.3,14.3],"rotation":{"angle":45.0,"axis":"x","origin":[8.0,14.0,9.0]},"faces":{"north":{"uv":[7.5,13.0,5.5,10.5],"texture":"#2"},"east":{"uv":[7.5,13.0,5.5,10.5],"texture":"#2"},"south":{"uv":[7.5,13.0,5.5,10.5],"texture":"#2"},"west":{"uv":[7.5,13.0,5.5,10.5],"texture":"#2"},"up":{"uv":[3.5,8.5,5.5,10.5],"texture":"#2"},"down":{"uv":[3.5,8.5,5.5,10.5],"texture":"#2"}}},{"from":[6.0,2.5,16.75],"to":[10.0,6.5,21.75],"rotation":{"angle":0.0,"axis":"x","origin":[8.0,14.0,9.0]},"faces":{"north":{"uv":[5.5,8.5,3.5,10.5],"texture":"#2","rotation":180},"east":{"uv":[5.5,10.5,3.5,13.0],"texture":"#2","rotation":270},"south":{"uv":[5.5,8.5,3.5,10.5],"texture":"#2"},"west":{"uv":[5.5,10.5,3.5,13.0],"texture":"#2","rotation":90},"up":{"uv":[5.5,10.5,3.5,13.0],"texture":"#2","rotation":180},"down":{"uv":[5.5,10.5,3.5,13.0],"texture":"#2"}}},{"from":[5.8,2.3,16.55],"to":[10.2,6.7,21.95],"rotation":{"angle":0.0,"axis":"x","origin":[8.0,14.0,9.0]},"faces":{"north":{"uv":[5.5,8.5,3.5,10.5],"texture":"#2","rotation":180},"east":{"uv":[7.5,10.5,5.5,13.0],"texture":"#2","rotation":270},"south":{"uv":[5.5,8.5,3.5,10.5],"texture":"#2"},"west":{"uv":[7.5,10.5,5.5,13.0],"texture":"#2","rotation":90},"up":{"uv":[7.5,10.5,5.5,13.0],"texture":"#2","rotation":180},"down":{"uv":[7.5,10.5,5.5,13.0],"texture":"#2"}}},{"from":[5.8,2.3,16.55],"to":[10.2,6.7,20.95],"rotation":{"angle":0.0,"axis":"x","origin":[8.0,14.0,9.0]},"faces":{"north":{"uv":[10.5,8.5,8.5,10.5],"texture":"#2","rotation":180},"east":{"uv":[12.5,11.0,10.5,13.0],"texture":"#2","rotation":270},"south":{"uv":[10.5,8.5,8.5,10.5],"texture":"#2"},"west":{"uv":[12.5,11.0,10.5,13.0],"texture":"#2","rotation":90},"up":{"uv":[12.5,11.0,10.5,13.0],"texture":"#2","rotation":180},"down":{"uv":[12.5,11.0,10.5,13.0],"texture":"#2"}}},{"from":[6.0,2.5,16.75],"to":[10.0,6.5,20.75],"rotation":{"angle":0.0,"axis":"x","origin":[8.0,14.0,9.0]},"faces":{"north":{"uv":[10.5,8.5,8.5,10.5],"texture":"#2","rotation":180},"east":{"uv":[10.5,11.0,8.5,13.0],"texture":"#2","rotation":270},"south":{"uv":[10.5,8.5,8.5,10.5],"texture":"#2"},"west":{"uv":[10.5,11.0,8.5,13.0],"texture":"#2","rotation":90},"up":{"uv":[10.5,11.0,8.5,13.0],"texture":"#2","rotation":180},"down":{"uv":[10.5,11.0,8.5,13.0],"texture":"#2"}}},{"from":[10.2,6.7,21.95],"to":[5.8,2.3,16.55],"rotation":{"angle":0.0,"axis":"x","origin":[8.0,14.0,9.0]},"faces":{"north":{"uv":[3.5,8.5,5.5,10.5],"texture":"#2","rotation":180},"east":{"uv":[7.5,13.0,5.5,10.5],"texture":"#2","rotation":270},"south":{"uv":[3.5,8.5,5.5,10.5],"texture":"#2"},"west":{"uv":[7.5,13.0,5.5,10.5],"texture":"#2","rotation":90},"up":{"uv":[7.5,13.0,5.5,10.5],"texture":"#2","rotation":180},"down":{"uv":[7.5,13.0,5.5,10.5],"texture":"#2"}}}],"display":{"thirdperson_righthand":{"translation":[0.0,1.0,-1.0],"rotation":[63.0,34.0,0.0],"scale":[0.52539,0.52539,0.52539]},"thirdperson_lefthand":{"translation":[0.0,1.0,-1.0],"rotation":[63.0,34.0,0.0],"scale":[0.52539,0.52539,0.52539]},"firstperson_righthand":{"translation":[9.5,0.0,-5.75],"rotation":[3.0,112.0,-13.0],"scale":[0.41992,0.41992,0.41992]},"firstperson_lefthand":{"translation":[9.5,0.0,-5.75],"rotation":[3.0,112.0,-13.0],"scale":[0.41992,0.41992,0.41992]},"ground":{"translation":[0.0,4.25,0.0],"scale":[0.28906,0.28906,0.28906]},"gui":{"translation":[0.0,1.75,0.0],"rotation":[-136.07,-41.0,-170.77],"scale":[0.54688,0.54688,0.54688]},"head":{"translation":[0.0,5.25,0.0],"rotation":[-5.0,0.0,0.0],"scale":[1.6,1.6,1.6]},"fixed":{"translation":[0.0,-3.25,-7.5]}},"credit":"Made with Blockbench","gui_light":"front"}