{"textures":{"0":"mcc:island_cosmetics/general/hat/rainbowcorn/rainbowcorn","1":"mcc:island_cosmetics/general/hat/rainbowcorn/rainbowcorn_anim","particle":"mcc:island_cosmetics/general/hat/rainbowcorn/rainbowcorn"},"elements":[{"from":[3.0,2.0,3.0],"to":[13.0,16.0,13.0],"rotation":{"angle":0.0,"axis":"y","origin":[8.0,14.0,8.0]},"faces":{"north":{"uv":[0.0,4.66667,3.33333,9.33333],"texture":"#0"},"east":{"uv":[0.0,0.0,10.0,14.0],"texture":"#1"},"south":{"uv":[3.33333,3.0,6.66667,7.66667],"texture":"#0"},"west":{"uv":[10.0,0.0,0.0,14.0],"texture":"#1"},"up":{"uv":[10.0,2.66667,13.33333,6.0],"texture":"#0"}}},{"from":[3.0,4.0,3.0],"to":[13.0,4.0,13.0],"rotation":{"angle":0.0,"axis":"y","origin":[8.0,14.0,8.0]},"faces":{"north":{"uv":[0.0,4.66667,3.33333,9.33333],"texture":"#0"},"east":{"uv":[0.0,0.0,3.33333,4.66667],"texture":"#0"},"south":{"uv":[3.33333,3.0,6.66667,7.66667],"texture":"#0"},"west":{"uv":[3.33333,0.0,0.0,4.66667],"texture":"#0"},"up":{"uv":[12.0,2.66667,12.33333,3.0],"texture":"#0"},"down":{"uv":[12.0,2.66667,12.33333,3.0],"texture":"#0"}}},{"from":[7.0,16.0,8.5],"to":[9.0,24.0,10.5],"rotation":{"angle":-45.0,"axis":"x","origin":[7.0,9.5,8.0]},"faces":{"north":{"uv":[13.33333,3.33333,14.0,6.0],"texture":"#0"},"east":{"uv":[13.33333,3.33333,14.0,6.0],"texture":"#0"},"south":{"uv":[13.33333,3.33333,14.0,6.0],"texture":"#0"},"west":{"uv":[13.33333,3.33333,14.0,6.0],"texture":"#0"},"up":{"uv":[13.33333,3.33333,14.0,3.66667],"texture":"#0"},"down":{"uv":[13.33333,5.66667,14.0,6.0],"texture":"#0"}}},{"from":[6.0,3.0,5.0],"to":[10.0,19.0,16.0],"rotation":{"angle":0.0,"axis":"y","origin":[8.0,14.0,8.0]},"faces":{"north":{"uv":[7.66667,6.0,9.0,11.33333],"texture":"#0"},"east":{"uv":[0.0,9.33333,3.66667,14.66667],"texture":"#0"},"south":{"uv":[3.66667,7.66667,5.0,13.0],"texture":"#0"},"west":{"uv":[3.66667,9.33333,0.0,14.66667],"texture":"#0"},"up":{"uv":[5.0,7.66667,6.33333,11.33333],"texture":"#0"},"down":{"uv":[7.66667,7.66667,6.33333,11.33333],"texture":"#0"}}},{"from":[10.0,13.96402,8.81912],"to":[14.0,19.96402,10.81912],"rotation":{"angle":-22.5,"axis":"x","origin":[12.0,16.96402,9.81912]},"faces":{"north":{"uv":[12.66667,0.0,14.0,2.0],"texture":"#0"},"east":{"uv":[14.0,0.66667,14.66667,2.66667],"texture":"#0"},"south":{"uv":[14.66667,0.66667,16.0,2.66667],"texture":"#0"},"west":{"uv":[14.66667,0.66667,14.0,2.66667],"texture":"#0"},"up":{"uv":[14.0,0.0,15.33333,0.66667],"texture":"#0"},"down":{"uv":[14.66667,2.66667,16.0,3.33333],"texture":"#0"}}},{"from":[2.0,14.0,11.0],"to":[6.0,20.0,13.0],"rotation":{"angle":-22.5,"axis":"x","origin":[8.0,11.5,11.0]},"faces":{"north":{"uv":[14.0,0.0,12.66667,2.0],"texture":"#0"},"east":{"uv":[14.0,0.66667,14.66667,2.66667],"texture":"#0"},"south":{"uv":[16.0,0.66667,14.66667,2.66667],"texture":"#0"},"west":{"uv":[14.66667,0.66667,14.0,2.66667],"texture":"#0"},"up":{"uv":[15.33333,0.0,14.0,0.66667],"texture":"#0"},"down":{"uv":[16.0,2.66667,14.66667,3.33333],"texture":"#0"}}},{"from":[3.0,5.0,-5.0],"to":[13.0,14.0,3.0],"rotation":{"angle":0.0,"axis":"y","origin":[8.0,14.0,8.0]},"faces":{"north":{"uv":[6.0,0.0,9.33333,3.0],"texture":"#0"},"east":{"uv":[3.33333,0.0,6.0,3.0],"texture":"#0"},"west":{"uv":[6.0,0.0,3.33333,3.0],"texture":"#0"},"up":{"uv":[9.33333,0.0,12.66667,2.66667],"texture":"#0"},"down":{"uv":[6.66667,3.0,10.0,5.66667],"texture":"#0"}}},{"from":[2.9,4.9,-0.1],"to":[13.1,14.1,2.1],"rotation":{"angle":0.0,"axis":"y","origin":[8.0,14.0,8.0]},"faces":{"east":{"uv":[10.33333,6.33333,11.0,9.33333],"texture":"#0","tintindex":0},"west":{"uv":[11.0,6.33333,10.33333,9.33333],"texture":"#0","tintindex":0},"up":{"uv":[11.0,6.33333,14.33333,7.0],"texture":"#0","tintindex":0},"down":{"uv":[11.0,7.0,14.33333,7.66667],"texture":"#0","tintindex":0}}},{"from":[2.7,4.7,-0.3],"to":[13.3,7.3,13.3],"rotation":{"angle":0.0,"axis":"y","origin":[8.0,6.0,1.5]},"faces":{"north":{"uv":[11.0,8.33333,14.33333,9.0],"texture":"#0","tintindex":0},"east":{"uv":[11.0,7.66667,15.33333,8.33333],"texture":"#0","tintindex":0},"south":{"uv":[11.0,8.33333,14.33333,9.0],"texture":"#0","tintindex":0},"west":{"uv":[15.33333,7.66667,11.0,8.33333],"texture":"#0","tintindex":0}}},{"from":[2.6,4.6,-0.4],"to":[13.4,7.4,13.4],"rotation":{"angle":0.0,"axis":"y","origin":[8.0,6.0,1.5]},"faces":{"east":{"uv":[12.0,9.33333,15.33333,10.0],"texture":"#0"},"west":{"uv":[15.33333,9.33333,12.0,10.0],"texture":"#0"}}},{"from":[2.8,-5.7,0.3],"to":[13.2,7.7,2.7],"rotation":{"angle":-45.0,"axis":"x","origin":[8.0,6.0,1.5]},"faces":{"east":{"uv":[11.0,7.66667,15.33333,8.33333],"texture":"#0","tintindex":0,"rotation":270},"west":{"uv":[15.33333,7.66667,11.0,8.33333],"texture":"#0","tintindex":0,"rotation":90},"up":{"uv":[11.0,8.33333,14.33333,9.0],"texture":"#0","tintindex":0,"rotation":180},"down":{"uv":[11.0,8.33333,14.33333,9.0],"texture":"#0","tintindex":0}}},{"from":[13.3,7.3,13.3],"to":[2.7,4.7,-0.3],"rotation":{"angle":0.0,"axis":"y","origin":[8.0,6.0,1.5]},"faces":{"north":{"uv":[11.0,9.0,14.33333,8.33333],"texture":"#0","tintindex":0},"east":{"uv":[15.33333,8.33333,11.0,7.66667],"texture":"#0","tintindex":0},"south":{"uv":[11.0,9.0,14.33333,8.33333],"texture":"#0","tintindex":0},"west":{"uv":[11.0,8.33333,15.33333,7.66667],"texture":"#0","tintindex":0}}},{"from":[13.2,7.7,2.7],"to":[2.8,-5.7,0.3],"rotation":{"angle":-45.0,"axis":"x","origin":[8.0,6.0,1.5]},"faces":{"east":{"uv":[11.0,7.66667,15.33333,8.33333],"texture":"#0","tintindex":0,"rotation":90},"west":{"uv":[15.33333,7.66667,11.0,8.33333],"texture":"#0","tintindex":0,"rotation":270},"up":{"uv":[14.33333,8.33333,11.0,9.0],"texture":"#0","tintindex":0},"down":{"uv":[14.33333,8.33333,11.0,9.0],"texture":"#0","tintindex":0,"rotation":180}}},{"from":[13.1,14.1,2.1],"to":[2.9,4.9,-0.1],"rotation":{"angle":0.0,"axis":"y","origin":[8.0,14.0,8.0]},"faces":{"east":{"uv":[11.0,9.33333,10.33333,6.33333],"texture":"#0","tintindex":0},"west":{"uv":[10.33333,9.33333,11.0,6.33333],"texture":"#0","tintindex":0},"up":{"uv":[14.33333,7.0,11.0,7.66667],"texture":"#0","tintindex":0},"down":{"uv":[14.33333,6.33333,11.0,7.0],"texture":"#0","tintindex":0}}},{"from":[13.0,16.0,13.0],"to":[3.0,2.0,3.0],"rotation":{"angle":0.0,"axis":"y","origin":[8.0,14.0,8.0]},"faces":{"north":{"uv":[3.33333,7.66667,6.66667,3.0],"texture":"#0"},"east":{"uv":[3.33333,4.66667,0.0,0.0],"texture":"#0"},"south":{"uv":[0.0,9.33333,3.33333,4.66667],"texture":"#0"},"west":{"uv":[0.0,4.66667,3.33333,0.0],"texture":"#0"},"down":{"uv":[13.33333,2.66667,10.0,6.0],"texture":"#0"}}}],"display":{"thirdperson_righthand":{"translation":[0.0,1.0,-1.0],"rotation":[63.0,34.0,0.0],"scale":[0.37891,0.37891,0.37891]},"thirdperson_lefthand":{"translation":[0.0,1.0,-1.0],"rotation":[63.0,34.0,0.0],"scale":[0.37891,0.37891,0.37891]},"firstperson_righthand":{"translation":[9.5,0.0,-5.75],"rotation":[3.0,112.0,-13.0],"scale":[0.35547,0.35547,0.35547]},"firstperson_lefthand":{"translation":[9.5,0.0,-5.75],"rotation":[3.0,112.0,-13.0],"scale":[0.35547,0.35547,0.35547]},"ground":{"translation":[0.0,4.25,0.0],"scale":[0.28906,0.28906,0.28906]},"gui":{"translation":[-1.5,-0.75,0.0],"rotation":[-144.03,-43.04,-170.86],"scale":[0.58788,0.58788,0.58788]},"head":{"translation":[0.0,-1.0,0.0],"scale":[1.51016,1.51016,1.51016]},"fixed":{"translation":[0.0,-3.25,-7.5]}},"credit":"Made with Blockbench","gui_light":"front"}