{
 "parent": "item/generated",
 "textures": {
  "layer0": "item/clay_ball"
 },
 
 "overrides": [
  {"predicate": {"custom_model_data":1}, "model": "item/custom/stellarstudios1"},
  {"predicate": {"custom_model_data":2}, "model": "item/custom/stellarstudios2"},
  {"predicate": {"custom_model_data":3}, "model": "item/custom/stellarstudios3"},
  {"predicate": {"custom_model_data":4}, "model": "item/custom/stellarstudios4"},
  {"predicate": {"custom_model_data":5}, "model": "item/custom/stellarstudios5"},
  {"predicate": {"custom_model_data":6}, "model": "item/custom/stellarstudios6"},
  {"predicate": {"custom_model_data":7}, "model": "item/custom/stellarstudios7"},
  {"predicate": {"custom_model_data":8}, "model": "item/custom/stellarstudios8"},
  {"predicate": {"custom_model_data":9}, "model": "item/custom/stellarstudios9"},
  {"predicate": {"custom_model_data":10}, "model": "item/custom/stellarstudios10"},
  {"predicate": {"custom_model_data":11}, "model": "item/custom/stellarstudios11"},
  {"predicate": {"custom_model_data":12}, "model": "item/custom/stellarstudios12"},
  {"predicate": {"custom_model_data":13}, "model": "item/custom/stellarstudios13"},
  {"predicate": {"custom_model_data":14}, "model": "item/custom/stellarstudios14"},
  {"predicate": {"custom_model_data":15}, "model": "item/custom/stellarstudios15"},
  {"predicate": {"custom_model_data":16}, "model": "item/custom/stellarstudios16"},
  {"predicate": {"custom_model_data":17}, "model": "item/custom/stellarstudios17"},
  {"predicate": {"custom_model_data":18}, "model": "item/custom/stellarstudios18"},
  {"predicate": {"custom_model_data":19}, "model": "item/custom/stellarstudios19"},
  {"predicate": {"custom_model_data":20}, "model": "item/custom/stellarstudios20"},
  {"predicate": {"custom_model_data":21}, "model": "item/custom/stellarstudios21"},
  {"predicate": {"custom_model_data":22}, "model": "item/custom/stellarstudios22"},
  {"predicate": {"custom_model_data":23}, "model": "item/custom/stellarstudios23"},
  {"predicate": {"custom_model_data":24}, "model": "item/custom/stellarstudios24"},
  {"predicate": {"custom_model_data":25}, "model": "item/custom/stellarstudios25"},
  {"predicate": {"custom_model_data":26}, "model": "item/custom/stellarstudios26"},
  {"predicate": {"custom_model_data":27}, "model": "item/custom/stellarstudios27"},
  {"predicate": {"custom_model_data":28}, "model": "item/custom/stellarstudios28"},
  {"predicate": {"custom_model_data":29}, "model": "item/custom/stellarstudios29"},
  {"predicate": {"custom_model_data":30}, "model": "item/custom/stellarstudios30"},
  {"predicate": {"custom_model_data":31}, "model": "item/custom/stellarstudios31"},
  {"predicate": {"custom_model_data":32}, "model": "item/custom/stellarstudios32"},
  {"predicate": {"custom_model_data":33}, "model": "item/custom/stellarstudios33"},
  {"predicate": {"custom_model_data":34}, "model": "item/custom/stellarstudios34"},
  {"predicate": {"custom_model_data":35}, "model": "item/custom/stellarstudios35"},
  {"predicate": {"custom_model_data":36}, "model": "item/custom/stellarstudios36"},
  {"predicate": {"custom_model_data":37}, "model": "item/custom/stellarstudios37"},
  {"predicate": {"custom_model_data":38}, "model": "item/custom/stellarstudios38"},
  {"predicate": {"custom_model_data":39}, "model": "item/custom/stellarstudios39"},
  {"predicate": {"custom_model_data":40}, "model": "item/custom/stellarstudios40"},
  {"predicate": {"custom_model_data":41}, "model": "item/custom/stellarstudios41"},
  {"predicate": {"custom_model_data":42}, "model": "item/custom/stellarstudios42"},
  {"predicate": {"custom_model_data":43}, "model": "item/custom/stellarstudios43"},
  {"predicate": {"custom_model_data":44}, "model": "item/custom/stellarstudios44"},
  {"predicate": {"custom_model_data":45}, "model": "item/custom/stellarstudios45"},
  {"predicate": {"custom_model_data":46}, "model": "item/custom/stellarstudios46"},
  {"predicate": {"custom_model_data":47}, "model": "item/custom/stellarstudios47"},
  {"predicate": {"custom_model_data":48}, "model": "item/custom/stellarstudios48"},
  {"predicate": {"custom_model_data":49}, "model": "item/custom/stellarstudios49"},
  {"predicate": {"custom_model_data":50}, "model": "item/custom/stellarstudios50"},
  {"predicate": {"custom_model_data":51}, "model": "item/custom/stellarstudios51"},
  {"predicate": {"custom_model_data":52}, "model": "item/custom/stellarstudios52"},
  {"predicate": {"custom_model_data":53}, "model": "item/custom/stellarstudios53"},
  {"predicate": {"custom_model_data":54}, "model": "item/custom/stellarstudios54"},
  {"predicate": {"custom_model_data":55}, "model": "item/custom/stellarstudios55"},
  {"predicate": {"custom_model_data":56}, "model": "item/custom/stellarstudios56"},
  {"predicate": {"custom_model_data":57}, "model": "item/custom/stellarstudios57"},
  {"predicate": {"custom_model_data":58}, "model": "item/custom/stellarstudios58"},
  {"predicate": {"custom_model_data":59}, "model": "item/custom/stellarstudios59"}
 ]
}