{"textures":{"1":"mcc:island_cosmetics/general/hat/direwolf_cap/direwolf_cap"},"elements":[{"from":[3.5,8.0,3.5],"to":[12.5,13.0,13.5],"rotation":{"angle":0.0,"axis":"y","origin":[-0.5,0.0,0.0]},"faces":{"north":{"uv":[0.0,6.5,4.5,9.0],"texture":"#1"},"east":{"uv":[0.0,4.0,5.0,6.5],"texture":"#1"},"south":{"uv":[10.5,0.0,15.0,2.5],"texture":"#1"},"west":{"uv":[5.0,4.0,0.0,6.5],"texture":"#1"},"up":{"uv":[6.0,1.0,10.5,6.0],"texture":"#1"},"down":{"uv":[4.5,9.0,9.0,14.0],"texture":"#1"}}},{"from":[3.5,6.0,5.5],"to":[12.5,8.0,10.5],"rotation":{"angle":0.0,"axis":"y","origin":[-0.5,0.0,0.0]},"faces":{"east":{"uv":[0.0,14.5,2.5,15.5],"texture":"#1"},"west":{"uv":[2.5,14.5,0.0,15.5],"texture":"#1"}}},{"from":[3.5,0.0,10.5],"to":[12.5,8.0,13.5],"rotation":{"angle":0.0,"axis":"y","origin":[-0.5,0.0,0.0]},"faces":{"north":{"uv":[0.0,10.5,4.5,14.5],"texture":"#1"},"east":{"uv":[0.0,0.0,1.5,4.0],"texture":"#1"},"south":{"uv":[1.5,0.0,6.0,4.0],"texture":"#1"},"west":{"uv":[0.0,0.0,1.5,4.0],"texture":"#1"}}},{"from":[10.6,4.35,3.6],"to":[12.4,8.15,5.4],"rotation":{"angle":0.0,"axis":"y","origin":[-0.5,0.0,0.0]},"faces":{"north":{"uv":[8.0,7.0,9.0,9.0],"texture":"#1"},"east":{"uv":[9.0,7.0,8.0,9.0],"texture":"#1"}}},{"from":[4.5,8.0,0.5],"to":[11.5,11.0,3.5],"rotation":{"angle":0.0,"axis":"y","origin":[-0.5,0.0,0.0]},"faces":{"north":{"uv":[0.0,9.0,3.5,10.5],"texture":"#1"},"east":{"uv":[3.5,9.0,4.5,10.5],"texture":"#1"},"west":{"uv":[4.5,9.0,3.5,10.5],"texture":"#1"},"up":{"uv":[6.0,0.0,9.5,1.0],"texture":"#1"},"down":{"uv":[6.0,6.0,9.5,7.0],"texture":"#1"}}},{"from":[4.5,5.0,0.5],"to":[11.5,8.0,3.5],"rotation":{"angle":0.0,"axis":"y","origin":[-0.5,0.0,0.0]},"faces":{"north":{"uv":[11.0,3.0,14.5,4.5],"texture":"#1"},"east":{"uv":[11.0,4.5,12.5,6.0],"texture":"#1"},"west":{"uv":[12.5,4.5,11.0,6.0],"texture":"#1"}}},{"from":[12.5,13.0,8.5],"to":[12.5,17.0,13.5],"rotation":{"angle":0.0,"axis":"y","origin":[-0.5,0.0,0.0]},"faces":{"east":{"uv":[5.0,7.0,7.5,9.0],"texture":"#1"},"west":{"uv":[7.5,7.0,5.0,9.0],"texture":"#1"}}},{"from":[3.5,13.0,8.5],"to":[3.5,17.0,13.5],"rotation":{"angle":0.0,"axis":"y","origin":[16.5,0.0,0.0]},"faces":{"east":{"uv":[5.0,7.0,7.5,9.0],"texture":"#1"},"west":{"uv":[7.5,7.0,5.0,9.0],"texture":"#1"}}},{"from":[3.6,4.35,3.6],"to":[5.4,8.15,5.4],"rotation":{"angle":0.0,"axis":"y","origin":[16.5,0.0,0.0]},"faces":{"north":{"uv":[9.0,7.0,8.0,9.0],"texture":"#1"},"west":{"uv":[8.0,7.0,9.0,9.0],"texture":"#1"}}},{"from":[12.4,8.15,5.4],"to":[10.6,4.35,3.6],"rotation":{"angle":0.0,"axis":"y","origin":[-0.5,0.0,0.0]},"faces":{"south":{"uv":[8.0,9.0,9.0,7.0],"texture":"#1"},"west":{"uv":[9.0,9.0,8.0,7.0],"texture":"#1"}}},{"from":[5.4,8.15,5.4],"to":[3.6,4.35,3.6],"rotation":{"angle":0.0,"axis":"y","origin":[16.5,0.0,0.0]},"faces":{"east":{"uv":[8.0,9.0,9.0,7.0],"texture":"#1"},"south":{"uv":[9.0,9.0,8.0,7.0],"texture":"#1"}}},{"from":[12.5,8.0,10.5],"to":[3.5,6.0,5.5],"rotation":{"angle":0.0,"axis":"y","origin":[-0.5,0.0,0.0]},"faces":{"east":{"uv":[2.5,15.5,0.0,14.5],"texture":"#1"},"west":{"uv":[0.0,15.5,2.5,14.5],"texture":"#1"}}},{"from":[12.5,13.0,13.5],"to":[3.5,8.0,3.5],"rotation":{"angle":0.0,"axis":"y","origin":[-0.5,0.0,0.0]},"faces":{"north":{"uv":[10.5,2.5,15.0,0.0],"texture":"#1"},"east":{"uv":[5.0,6.5,0.0,4.0],"texture":"#1"},"south":{"uv":[0.0,9.0,4.5,6.5],"texture":"#1"},"west":{"uv":[0.0,6.5,5.0,4.0],"texture":"#1"},"up":{"uv":[9.0,9.0,4.5,14.0],"texture":"#1"},"down":{"uv":[10.5,1.0,6.0,6.0],"texture":"#1"}}},{"from":[12.5,8.0,13.5],"to":[3.5,0.0,10.5],"rotation":{"angle":0.0,"axis":"y","origin":[-0.5,0.0,0.0]},"faces":{"north":{"uv":[1.5,4.0,6.0,0.0],"texture":"#1"},"east":{"uv":[0.0,4.0,1.5,0.0],"texture":"#1"},"south":{"uv":[0.0,14.5,4.5,10.5],"texture":"#1"},"west":{"uv":[0.0,4.0,1.5,0.0],"texture":"#1"}}}],"display":{"gui":{"translation":[1.0,-1.25,0.0],"rotation":[-149.61,-31.92,-180.0],"scale":[0.9,0.9,0.9]},"head":{"translation":[0.0,0.5,0.0],"scale":[1.6,1.6,1.6]}},"credit":"Made with Blockbench","gui_light":"front"}