{"textures":{"3":"mcc:island_cosmetics/general/hat/diving_helmet/sunken","4":"mcc:island_cosmetics/general/hat/diving_helmet/diving_helmet"},"elements":[{"from":[2.5,-1.0,2.5],"to":[13.5,10.0,13.5],"rotation":{"angle":0.0,"axis":"x","origin":[7.5,9.5,7.5]},"faces":{"north":{"uv":[1.0,1.25,3.75,4.0],"texture":"#3","tintindex":0},"east":{"uv":[1.0,1.25,3.75,4.0],"texture":"#3","tintindex":0},"south":{"uv":[1.0,1.25,3.75,4.0],"texture":"#3","tintindex":0},"west":{"uv":[1.0,1.25,3.75,4.0],"texture":"#3","tintindex":0},"up":{"uv":[3.75,1.25,6.5,4.0],"texture":"#3","tintindex":0},"down":{"uv":[6.5,1.25,9.25,4.0],"texture":"#3","tintindex":0}}},{"from":[7.5,0.0,-1.5],"to":[9.5,2.0,2.5],"rotation":{"angle":-45.0,"axis":"y","origin":[8.0,4.5,8.0]},"faces":{"north":{"uv":[5.5,7.75,5.0,8.25],"texture":"#3","rotation":90},"east":{"uv":[6.5,8.25,5.5,7.75],"texture":"#3"},"south":{"uv":[5.5,7.75,5.0,8.25],"texture":"#3","rotation":90},"west":{"uv":[5.5,7.75,6.5,8.25],"texture":"#3"},"up":{"uv":[5.5,8.25,6.5,7.75],"texture":"#3","rotation":90},"down":{"uv":[6.5,7.75,5.5,8.25],"texture":"#3","rotation":90}}},{"from":[7.0,6.0,-1.5],"to":[9.0,8.0,2.5],"rotation":{"angle":45.0,"axis":"y","origin":[8.0,4.5,8.0]},"faces":{"north":{"uv":[5.5,8.25,5.0,7.75],"texture":"#3","rotation":90},"east":{"uv":[6.5,7.75,5.5,8.25],"texture":"#3"},"south":{"uv":[5.5,8.25,5.0,7.75],"texture":"#3","rotation":90},"west":{"uv":[5.5,8.25,6.5,7.75],"texture":"#3"},"up":{"uv":[5.5,7.75,6.5,8.25],"texture":"#3","rotation":90},"down":{"uv":[6.5,8.25,5.5,7.75],"texture":"#3","rotation":90}}},{"from":[7.0,3.0,13.5],"to":[9.0,5.0,17.5],"rotation":{"angle":45.0,"axis":"y","origin":[8.0,4.5,8.0]},"faces":{"north":{"uv":[5.5,8.25,5.0,7.75],"texture":"#3","rotation":90},"east":{"uv":[5.5,8.25,6.5,7.75],"texture":"#3"},"south":{"uv":[5.5,8.25,5.0,7.75],"texture":"#3","rotation":90},"west":{"uv":[6.5,7.75,5.5,8.25],"texture":"#3"},"up":{"uv":[6.5,8.25,5.5,7.75],"texture":"#3","rotation":90},"down":{"uv":[5.5,7.75,6.5,8.25],"texture":"#3","rotation":90}}},{"from":[4.5,1.0,0.5],"to":[11.5,8.0,2.5],"rotation":{"angle":0.0,"axis":"y","origin":[8.0,4.5,1.5]},"faces":{"north":{"uv":[10.0,4.0,11.75,5.75],"texture":"#3"},"east":{"uv":[2.75,4.0,3.25,5.75],"texture":"#3"},"south":{"uv":[2.25,2.5,2.0,2.75],"texture":"#3"},"west":{"uv":[3.25,4.0,2.75,5.75],"texture":"#3"},"up":{"uv":[2.75,4.0,3.25,5.75],"texture":"#3","rotation":270},"down":{"uv":[3.25,5.75,2.75,4.0],"texture":"#3","rotation":270}}},{"from":[4.5,1.0,13.5],"to":[11.5,8.0,15.5],"rotation":{"angle":0.0,"axis":"y","origin":[8.0,4.5,8.0]},"faces":{"north":{"uv":[2.25,2.5,2.0,2.75],"texture":"#3"},"east":{"uv":[3.25,4.0,2.75,5.75],"texture":"#3"},"south":{"uv":[2.75,4.0,1.0,5.75],"texture":"#3"},"west":{"uv":[2.75,4.0,3.25,5.75],"texture":"#3"},"up":{"uv":[3.25,4.0,2.75,5.75],"texture":"#3","rotation":270},"down":{"uv":[2.75,5.75,3.25,4.0],"texture":"#3","rotation":270}}},{"from":[0.5,1.0,4.5],"to":[2.5,8.0,11.5],"rotation":{"angle":0.0,"axis":"y","origin":[8.0,4.5,8.0]},"faces":{"north":{"uv":[2.75,4.0,3.25,5.75],"texture":"#3"},"east":{"uv":[2.25,2.5,2.0,2.75],"texture":"#3"},"south":{"uv":[3.25,4.0,2.75,5.75],"texture":"#3"},"west":{"uv":[2.75,4.0,1.0,5.75],"texture":"#3"},"up":{"uv":[3.25,4.0,2.75,5.75],"texture":"#3"},"down":{"uv":[2.75,5.75,3.25,4.0],"texture":"#3","rotation":180}}},{"from":[13.5,1.0,4.5],"to":[15.5,8.0,11.5],"rotation":{"angle":0.0,"axis":"y","origin":[8.0,4.5,8.0]},"faces":{"north":{"uv":[3.25,4.0,2.75,5.75],"texture":"#3"},"east":{"uv":[1.0,4.0,2.75,5.75],"texture":"#3"},"south":{"uv":[2.75,4.0,3.25,5.75],"texture":"#3"},"west":{"uv":[2.25,2.5,2.0,2.75],"texture":"#3"},"up":{"uv":[2.75,4.0,3.25,5.75],"texture":"#3"},"down":{"uv":[3.25,5.75,2.75,4.0],"texture":"#3","rotation":180}}},{"from":[4.5,10.0,4.5],"to":[11.5,12.0,11.5],"rotation":{"angle":0.0,"axis":"z","origin":[8.0,4.5,8.0]},"faces":{"north":{"uv":[3.25,4.0,2.75,5.75],"texture":"#3","rotation":90},"east":{"uv":[3.25,5.75,2.75,4.0],"texture":"#3","rotation":90},"south":{"uv":[2.75,4.0,3.25,5.75],"texture":"#3","rotation":270},"west":{"uv":[2.75,4.0,3.25,5.75],"texture":"#3","rotation":270},"up":{"uv":[1.0,4.0,2.75,5.75],"texture":"#3","rotation":270},"down":{"uv":[2.25,2.5,2.0,2.75],"texture":"#3"}}},{"from":[1.48,-3.02,1.48],"to":[14.52,-0.98,14.52],"rotation":{"angle":0.0,"axis":"x","origin":[8.0,4.5,8.0]},"faces":{"north":{"uv":[3.25,4.0,6.5,4.5],"texture":"#3"},"east":{"uv":[3.25,4.0,6.5,4.5],"texture":"#3"},"south":{"uv":[3.25,4.0,6.5,4.5],"texture":"#3"},"west":{"uv":[3.25,4.0,6.5,4.5],"texture":"#3"},"up":{"uv":[3.25,4.5,6.5,7.75],"texture":"#3"},"down":{"uv":[6.5,4.0,9.75,7.25],"texture":"#3"}}},{"from":[1.28,-7.22,1.28],"to":[14.72,-0.78,14.72],"rotation":{"angle":0.0,"axis":"x","origin":[8.0,4.5,8.0]},"faces":{"north":{"uv":[3.25,8.5,6.5,10.0],"texture":"#3"},"east":{"uv":[6.5,8.5,3.25,10.0],"texture":"#3"},"south":{"uv":[3.25,8.5,6.5,10.0],"texture":"#3"},"west":{"uv":[3.25,8.5,6.5,10.0],"texture":"#3"},"up":{"uv":[0.0,7.25,3.25,10.5],"texture":"#3"}}},{"from":[2.28,3.78,2.28],"to":[13.72,10.22,13.72],"rotation":{"angle":0.0,"axis":"x","origin":[8.0,4.5,8.0]},"faces":{"north":{"uv":[0.0,10.75,2.75,12.25],"texture":"#3"},"east":{"uv":[2.75,10.75,0.0,12.25],"texture":"#3"},"south":{"uv":[0.0,10.75,2.75,12.25],"texture":"#3"},"west":{"uv":[2.75,10.75,0.0,12.25],"texture":"#3"},"up":{"uv":[0.0,12.25,2.75,15.0],"texture":"#3"},"down":{"uv":[10.75,5.0,11.0,5.25],"texture":"#3"}}},{"from":[2.5,-1.0,2.5],"to":[13.5,10.0,13.5],"rotation":{"angle":0.0,"axis":"y","origin":[7.5,9.5,7.5]},"faces":{"north":{"uv":[0.0,10.66667,3.66667,14.33333],"texture":"#4"},"east":{"uv":[0.0,10.66667,3.66667,14.33333],"texture":"#4"},"south":{"uv":[0.0,10.66667,3.66667,14.33333],"texture":"#4"},"west":{"uv":[0.0,10.66667,3.66667,14.33333],"texture":"#4"},"up":{"uv":[0.0,10.66667,3.66667,14.33333],"texture":"#4"}}},{"from":[1.5,-8.25,2.5],"to":[14.5,-2.25,4.5],"rotation":{"angle":22.5,"axis":"x","origin":[8.0,-4.0,4.5]},"faces":{"north":{"uv":[6.75,8.75,10.0,10.25],"texture":"#3","tintindex":0},"south":{"uv":[6.75,8.75,10.0,10.25],"texture":"#3","tintindex":0}}},{"from":[1.5,-8.25,2.5],"to":[14.5,-2.25,4.5],"rotation":{"angle":22.5,"axis":"x","origin":[8.0,-4.0,4.5]},"faces":{"north":{"uv":[9.25,1.5,12.5,3.0],"texture":"#3"},"east":{"uv":[2.75,5.75,3.25,7.25],"texture":"#3"},"south":{"uv":[9.25,0.0,12.5,1.5],"texture":"#3"},"west":{"uv":[2.75,5.75,3.25,7.25],"texture":"#3"},"down":{"uv":[6.75,7.5,10.0,8.0],"texture":"#3"}}},{"from":[1.5,-8.25,11.5],"to":[14.5,-2.25,13.5],"rotation":{"angle":-22.5,"axis":"x","origin":[8.0,-4.0,11.5]},"faces":{"north":{"uv":[10.0,8.75,6.75,10.25],"texture":"#3","tintindex":0},"south":{"uv":[10.0,8.75,6.75,10.25],"texture":"#3","tintindex":0}}},{"from":[1.5,-8.25,11.5],"to":[14.5,-2.25,13.5],"rotation":{"angle":-22.5,"axis":"x","origin":[8.0,-4.0,11.5]},"faces":{"north":{"uv":[12.5,0.0,9.25,1.5],"texture":"#3"},"east":{"uv":[3.25,5.75,2.75,7.25],"texture":"#3"},"south":{"uv":[12.5,1.5,9.25,3.0],"texture":"#3"},"west":{"uv":[3.25,5.75,2.75,7.25],"texture":"#3"},"down":{"uv":[6.75,8.0,10.0,7.5],"texture":"#3"}}},{"from":[11.5,12.0,11.5],"to":[4.5,10.0,4.5],"rotation":{"angle":0.0,"axis":"z","origin":[8.0,4.5,8.0]},"faces":{"north":{"uv":[3.25,4.0,2.75,5.75],"texture":"#3","rotation":270},"east":{"uv":[3.25,4.0,2.75,5.75],"texture":"#3","rotation":270},"south":{"uv":[2.75,4.0,3.25,5.75],"texture":"#3","rotation":90},"west":{"uv":[2.75,5.75,3.25,4.0],"texture":"#3","rotation":90},"up":{"uv":[2.0,2.5,2.25,2.75],"texture":"#3"},"down":{"uv":[1.0,5.75,2.75,4.0],"texture":"#3","rotation":270}}},{"from":[15.5,8.0,11.5],"to":[13.5,1.0,4.5],"rotation":{"angle":0.0,"axis":"y","origin":[8.0,4.5,8.0]},"faces":{"north":{"uv":[2.75,5.75,3.25,4.0],"texture":"#3"},"east":{"uv":[2.25,2.75,2.0,2.5],"texture":"#3"},"south":{"uv":[3.25,5.75,2.75,4.0],"texture":"#3"},"west":{"uv":[1.0,5.75,2.75,4.0],"texture":"#3"},"up":{"uv":[2.75,5.75,3.25,4.0],"texture":"#3","rotation":180},"down":{"uv":[3.25,4.0,2.75,5.75],"texture":"#3"}}},{"from":[11.5,8.0,2.5],"to":[4.5,1.0,0.5],"rotation":{"angle":0.0,"axis":"y","origin":[8.0,4.5,1.5]},"faces":{"north":{"uv":[2.25,2.75,2.0,2.5],"texture":"#3"},"east":{"uv":[3.25,5.75,2.75,4.0],"texture":"#3"},"south":{"uv":[10.0,5.75,11.75,4.0],"texture":"#3"},"west":{"uv":[2.75,5.75,3.25,4.0],"texture":"#3"},"up":{"uv":[3.25,4.0,2.75,5.75],"texture":"#3","rotation":270},"down":{"uv":[2.75,5.75,3.25,4.0],"texture":"#3","rotation":270}}},{"from":[2.5,8.0,11.5],"to":[0.5,1.0,4.5],"rotation":{"angle":0.0,"axis":"y","origin":[8.0,4.5,8.0]},"faces":{"north":{"uv":[3.25,5.75,2.75,4.0],"texture":"#3"},"east":{"uv":[2.75,5.75,1.0,4.0],"texture":"#3"},"south":{"uv":[2.75,5.75,3.25,4.0],"texture":"#3"},"west":{"uv":[2.25,2.75,2.0,2.5],"texture":"#3"},"up":{"uv":[3.25,5.75,2.75,4.0],"texture":"#3","rotation":180},"down":{"uv":[2.75,4.0,3.25,5.75],"texture":"#3"}}},{"from":[11.5,8.0,15.5],"to":[4.5,1.0,13.5],"rotation":{"angle":0.0,"axis":"y","origin":[8.0,4.5,8.0]},"faces":{"north":{"uv":[2.75,5.75,1.0,4.0],"texture":"#3"},"east":{"uv":[2.75,5.75,3.25,4.0],"texture":"#3"},"south":{"uv":[2.25,2.75,2.0,2.5],"texture":"#3"},"west":{"uv":[3.25,5.75,2.75,4.0],"texture":"#3"},"up":{"uv":[2.75,4.0,3.25,5.75],"texture":"#3","rotation":270},"down":{"uv":[3.25,5.75,2.75,4.0],"texture":"#3","rotation":270}}},{"from":[13.5,10.0,13.5],"to":[2.5,-1.0,2.5],"rotation":{"angle":0.0,"axis":"x","origin":[7.5,9.5,7.5]},"faces":{"north":{"uv":[1.0,4.0,3.75,1.25],"texture":"#3","tintindex":0},"east":{"uv":[1.0,4.0,3.75,1.25],"texture":"#3","tintindex":0},"south":{"uv":[1.0,4.0,3.75,1.25],"texture":"#3","tintindex":0},"west":{"uv":[1.0,4.0,3.75,1.25],"texture":"#3","tintindex":0},"up":{"uv":[9.25,1.25,6.5,4.0],"texture":"#3","tintindex":0},"down":{"uv":[6.5,1.25,3.75,4.0],"texture":"#3","tintindex":0}}}],"display":{"thirdperson_righthand":{"translation":[0.0,1.0,0.75],"rotation":[55.5,34.0,0.0],"scale":[0.52539,0.52539,0.52539]},"thirdperson_lefthand":{"translation":[0.0,1.0,0.75],"rotation":[55.5,34.0,0.0],"scale":[0.52539,0.52539,0.52539]},"firstperson_righthand":{"translation":[9.5,0.0,-5.75],"rotation":[21.0,114.5,-13.75],"scale":[0.41992,0.41992,0.41992]},"firstperson_lefthand":{"translation":[9.5,0.0,-5.75],"rotation":[21.0,114.5,-13.75],"scale":[0.41992,0.41992,0.41992]},"ground":{"translation":[0.0,19.0,0.0],"scale":[0.64844,0.64844,0.64844]},"gui":{"translation":[-0.25,4.0,0.0],"rotation":[-149.61,-31.92,-180.0],"scale":[0.64843,0.64843,0.64843]},"head":{"translation":[0.0,7.5,0.0],"scale":[1.61758,1.61758,1.61758]}},"credit":"Made with Blockbench","gui_light":"front"}