{"textures":{"1":"mcc:island_cosmetics/general/hat/pirate_hat/pirate_hat"},"display":{"thirdperson_righthand":{"rotation":[64.25,0.0,0.0],"scale":[0.44336,0.44336,0.44336]},"thirdperson_lefthand":{"rotation":[64.25,0.0,0.0],"scale":[0.44336,0.44336,0.44336]},"firstperson_righthand":{"scale":[0.0,0.0,0.0]},"firstperson_lefthand":{"scale":[0.0,0.0,0.0]},"ground":{"translation":[0.0,4.25,0.0],"scale":[0.43945,0.43945,0.43945]},"gui":{"translation":[0.0,5.5,0.0],"rotation":[-149.61,-31.92,-180.0],"scale":[0.77538,0.77538,0.77538]},"head":{"translation":[0.0,18.25,0.0],"scale":[1.6957,1.6957,1.6957]}},"credit":"Made with Blockbench","texture_size":[32.0,32.0],"elements":[{"from":[3.5,-0.26,3.5],"to":[12.5,5.74,12.5],"rotation":{"angle":0.0,"axis":"y","origin":[8.0,3.40667,8.0]},"faces":{"north":{"uv":[7.0,11.5,11.5,14.5],"texture":"#1"},"east":{"uv":[7.0,11.5,11.5,14.5],"texture":"#1"},"south":{"uv":[7.0,11.5,11.5,14.5],"texture":"#1"},"west":{"uv":[7.0,11.5,11.5,14.5],"texture":"#1"},"up":{"uv":[11.5,11.5,16.0,16.0],"texture":"#1"}}},{"from":[0.0,-0.27,3.0],"to":[16.0,7.73,13.0],"rotation":{"angle":0.0,"axis":"y","origin":[8.01,3.40667,8.01]},"faces":{"north":{"uv":[5.0,0.0,13.0,4.0],"texture":"#1"},"east":{"uv":[0.0,0.0,5.0,4.0],"texture":"#1"},"south":{"uv":[8.0,7.5,16.0,11.5],"texture":"#1"},"west":{"uv":[0.0,0.0,5.0,4.0],"texture":"#1"},"down":{"uv":[0.0,4.5,8.0,9.5],"texture":"#1"}}},{"from":[3.0,-2.27,3.5],"to":[13.0,-0.27,12.5],"rotation":{"angle":0.0,"axis":"y","origin":[8.0,-1.27,8.0]},"faces":{"north":{"uv":[0.0,9.5,5.0,10.5],"texture":"#1","tintindex":0.0},"east":{"uv":[0.0,10.5,4.5,11.5],"texture":"#1","tintindex":0.0},"south":{"uv":[0.0,9.5,5.0,10.5],"texture":"#1","tintindex":0.0},"west":{"uv":[0.0,10.5,4.5,11.5],"texture":"#1","tintindex":0.0},"down":{"uv":[0.0,11.5,5.0,16.0],"texture":"#1","tintindex":0.0}}},{"from":[12.5,-8.26,5.5],"to":[12.5,-2.26,10.5],"rotation":{"angle":0.0,"axis":"y","origin":[12.5,-5.26,8.0]},"faces":{"north":{"uv":[13.5,15.25,14.75,16.0],"texture":"#missing","tintindex":0.0},"east":{"uv":[8.0,4.5,10.5,7.5],"texture":"#1","tintindex":0.0},"south":{"uv":[13.125,15.625,13.25,15.75],"texture":"#missing","tintindex":0.0},"west":{"uv":[10.5,4.5,8.0,7.5],"texture":"#1","tintindex":0.0},"up":{"uv":[13.25,15.75,13.125,15.625],"texture":"#missing","tintindex":0.0},"down":{"uv":[13.25,15.75,13.125,15.625],"texture":"#missing","tintindex":0.0}}},{"name":"cube inverted","from":[16.0,7.73,13.0],"to":[0.0,-0.27,3.0],"rotation":{"angle":0.0,"axis":"y","origin":[8.01,3.40667,8.01]},"faces":{"north":{"uv":[8.0,11.5,16.0,7.5],"texture":"#1"},"east":{"uv":[0.0,4.0,5.0,0.0],"texture":"#1"},"south":{"uv":[5.0,4.0,13.0,0.0],"texture":"#1"},"west":{"uv":[0.0,4.0,5.0,0.0],"texture":"#1"},"up":{"uv":[8.0,4.5,0.0,9.5],"texture":"#1"}}}],"gui_light":"front"}