{"textures":{"0":"mcc:island_cosmetics/general/hat/fenrir/fenrir","1":"mcc:island_cosmetics/general/hat/fenrir/fire","particle":"mcc:island_cosmetics/general/hat/fenrir/fenrir"},"elements":[{"from":[5.0,-3.0,0.0],"to":[11.0,0.0,6.0],"rotation":{"angle":-22.5,"axis":"x","origin":[8.0,-0.5,0.5]},"faces":{"north":{"uv":[6.66667,8.0,8.66667,9.5],"texture":"#0"},"east":{"uv":[8.66667,9.5,6.66667,11.0],"texture":"#0"},"west":{"uv":[6.66667,9.5,8.66667,11.0],"texture":"#0"},"down":{"uv":[6.66667,11.0,8.66667,14.0],"texture":"#0"}}},{"from":[5.0,-1.0,0.0],"to":[11.0,-1.0,6.0],"rotation":{"angle":-22.5,"axis":"x","origin":[8.0,-0.5,0.5]},"faces":{"up":{"uv":[8.0,0.0,11.0,3.0],"texture":"#1","tintindex":0},"down":{"uv":[8.0,3.0,11.0,0.0],"texture":"#1","tintindex":0}}},{"from":[4.5,0.0,-2.0],"to":[11.5,5.0,3.0],"rotation":{"angle":0.0,"axis":"y","origin":[8.0,4.0,0.5]},"faces":{"north":{"uv":[4.33333,5.0,6.66667,7.5],"texture":"#0"},"east":{"uv":[8.33333,5.0,6.66667,7.5],"texture":"#0"},"west":{"uv":[6.66667,5.0,8.33333,7.5],"texture":"#0"},"up":{"uv":[7.33333,0.0,9.66667,2.5],"texture":"#0"}}},{"from":[12.0,5.5,2.5],"to":[4.0,0.5,-2.5],"rotation":{"angle":0.0,"axis":"y","origin":[15.5,18.0,0.5]},"faces":{"east":{"uv":[5.33333,5.5,4.83333,6.0],"texture":"#1","tintindex":0},"south":{"uv":[5.33333,5.5,4.83333,6.0],"texture":"#1","tintindex":0},"west":{"uv":[5.33333,5.5,4.83333,6.0],"texture":"#1","tintindex":0},"down":{"uv":[5.33333,5.5,4.83333,6.0],"texture":"#1","tintindex":0}}},{"from":[11.5,1.5,1.0],"to":[4.5,-2.5,-6.0],"rotation":{"angle":-22.5,"axis":"x","origin":[14.5,13.5,0.5]},"faces":{"north":{"uv":[5.33333,5.5,4.83333,6.0],"texture":"#1","tintindex":0},"east":{"uv":[5.33333,5.5,4.83333,6.0],"texture":"#1","tintindex":0},"south":{"uv":[5.33333,5.5,4.83333,6.0],"texture":"#1","tintindex":0},"west":{"uv":[5.33333,5.5,4.83333,6.0],"texture":"#1","tintindex":0},"up":{"uv":[5.33333,5.5,4.83333,6.0],"texture":"#1","tintindex":0},"down":{"uv":[5.33333,5.5,4.83333,6.0],"texture":"#1","tintindex":0}}},{"from":[4.5,2.0,-2.0],"to":[11.5,2.0,3.0],"rotation":{"angle":0.0,"axis":"y","origin":[8.0,4.0,0.5]},"faces":{"up":{"uv":[4.5,0.5,8.0,3.0],"texture":"#1","tintindex":0},"down":{"uv":[8.0,3.0,4.5,0.5],"texture":"#1","tintindex":0}}},{"from":[3.0,0.0,3.0],"to":[13.0,10.0,15.0],"rotation":{"angle":0.0,"axis":"y","origin":[9.5,6.24,8.0]},"faces":{"north":{"uv":[11.0,3.5,16.0,8.5],"texture":"#1"},"east":{"uv":[7.33333,0.0,3.33333,5.0],"texture":"#0"},"west":{"uv":[3.33333,0.0,7.33333,5.0],"texture":"#0"},"up":{"uv":[0.0,8.0,3.33333,14.0],"texture":"#0"},"down":{"uv":[3.33333,8.0,6.66667,14.0],"texture":"#0"}}},{"from":[13.5,10.5,15.5],"to":[2.5,-0.5,2.5],"rotation":{"angle":0.0,"axis":"y","origin":[20.0,6.24,8.0]},"faces":{"east":{"uv":[4.83333,5.5,5.33333,6.0],"texture":"#1","tintindex":0},"south":{"uv":[4.83333,5.5,5.33333,6.0],"texture":"#1","tintindex":0},"west":{"uv":[4.83333,5.5,5.33333,6.0],"texture":"#1","tintindex":0},"up":{"uv":[4.83333,5.5,5.33333,6.0],"texture":"#1","tintindex":0},"down":{"uv":[4.83333,5.5,5.33333,6.0],"texture":"#1","tintindex":0}}},{"from":[3.0,0.0,3.0],"to":[13.0,10.0,3.0],"rotation":{"angle":0.0,"axis":"y","origin":[9.5,6.24,8.0]},"faces":{"north":{"uv":[11.0,9.0,16.0,14.0],"texture":"#1","tintindex":0},"east":{"uv":[7.33333,0.0,3.33333,5.0],"texture":"#0"},"south":{"uv":[11.0,9.0,16.0,14.0],"texture":"#1","tintindex":0},"west":{"uv":[3.33333,0.0,7.33333,5.0],"texture":"#0"},"up":{"uv":[0.0,8.0,3.33333,14.0],"texture":"#0"},"down":{"uv":[3.33333,8.0,6.66667,14.0],"texture":"#0"}}},{"from":[3.0,4.0,3.0],"to":[13.0,7.0,10.0],"rotation":{"angle":0.0,"axis":"y","origin":[9.5,6.24,8.0]},"faces":{"north":{"uv":[5.66667,14.0,9.0,15.5],"texture":"#0","tintindex":0},"east":{"uv":[11.33333,14.0,9.0,15.5],"texture":"#0","tintindex":0},"west":{"uv":[9.0,14.0,11.33333,15.5],"texture":"#0","tintindex":0}}},{"from":[2.8,5.8,2.8],"to":[13.2,8.2,8.2],"rotation":{"angle":0.0,"axis":"y","origin":[9.5,6.24,8.0]},"faces":{"north":{"uv":[0.0,14.5,3.33333,15.5],"texture":"#0"},"east":{"uv":[5.0,14.5,3.33333,15.5],"texture":"#0"},"west":{"uv":[3.33333,14.5,5.0,15.5],"texture":"#0"}}},{"from":[3.0,0.0,12.0],"to":[13.0,10.0,12.0],"rotation":{"angle":0.0,"axis":"y","origin":[9.5,6.24,8.0]},"faces":{"south":{"uv":[4.5,3.5,9.5,8.5],"texture":"#1","tintindex":0}}},{"from":[1.96,-0.04,7.96],"to":[6.04,6.04,13.04],"rotation":{"angle":-22.5,"axis":"y","origin":[8.0,5.0,8.0]},"faces":{"north":{"uv":[3.0,5.0,4.33333,8.0],"texture":"#0"},"west":{"uv":[0.0,5.0,1.66667,8.0],"texture":"#0"},"up":{"uv":[1.66667,5.0,3.0,7.5],"texture":"#0"},"down":{"uv":[1.66667,7.5,3.0,5.0],"texture":"#0"}}},{"from":[6.46,6.46,13.46],"to":[1.54,-0.46,7.54],"rotation":{"angle":-22.5,"axis":"y","origin":[8.0,5.0,8.0]},"faces":{"north":{"uv":[5.33333,5.5,4.83333,6.0],"texture":"#1","tintindex":0},"east":{"uv":[5.33333,5.5,4.83333,6.0],"texture":"#1","tintindex":0},"south":{"uv":[5.33333,5.5,4.83333,6.0],"texture":"#1","tintindex":0},"west":{"uv":[5.33333,5.5,4.83333,6.0],"texture":"#1","tintindex":0},"up":{"uv":[5.33333,5.5,4.83333,6.0],"texture":"#1","tintindex":0},"down":{"uv":[5.33333,5.5,4.83333,6.0],"texture":"#1","tintindex":0}}},{"from":[14.46,6.46,13.46],"to":[9.54,-0.46,7.54],"rotation":{"angle":22.5,"axis":"y","origin":[8.0,5.0,8.0]},"faces":{"north":{"uv":[4.83333,5.5,5.33333,6.0],"texture":"#1","tintindex":0},"east":{"uv":[4.83333,5.5,5.33333,6.0],"texture":"#1","tintindex":0},"south":{"uv":[4.83333,5.5,5.33333,6.0],"texture":"#1","tintindex":0},"west":{"uv":[4.83333,5.5,5.33333,6.0],"texture":"#1","tintindex":0},"up":{"uv":[4.83333,5.5,5.33333,6.0],"texture":"#1","tintindex":0},"down":{"uv":[4.83333,5.5,5.33333,6.0],"texture":"#1","tintindex":0}}},{"from":[9.96,-0.04,7.96],"to":[14.04,6.04,13.04],"rotation":{"angle":22.5,"axis":"y","origin":[8.0,5.0,8.0]},"faces":{"north":{"uv":[4.33333,5.0,3.0,8.0],"texture":"#0"},"east":{"uv":[1.66667,5.0,0.0,8.0],"texture":"#0"},"up":{"uv":[3.0,5.0,1.66667,7.5],"texture":"#0"},"down":{"uv":[3.0,7.5,1.66667,5.0],"texture":"#0"}}},{"from":[5.5,8.0,9.0],"to":[9.5,14.0,11.0],"rotation":{"angle":45.0,"axis":"z","origin":[8.0,5.0,8.0]},"faces":{"north":{"uv":[2.0,0.0,4.0,3.0],"texture":"#1"},"east":{"uv":[9.66667,3.0,10.33333,6.0],"texture":"#0"},"south":{"uv":[11.0,0.0,12.33333,3.0],"texture":"#0"},"west":{"uv":[9.0,2.5,9.66667,5.5],"texture":"#0"},"up":{"uv":[10.33333,3.0,11.66667,4.0],"texture":"#0"}}},{"from":[5.5,8.0,9.0],"to":[9.5,14.0,11.0],"rotation":{"angle":45.0,"axis":"z","origin":[8.0,5.0,8.0]},"faces":{"north":{"uv":[0.0,0.0,2.0,3.0],"texture":"#1","tintindex":0}}},{"from":[6.5,8.0,9.0],"to":[10.5,14.0,11.0],"rotation":{"angle":-45.0,"axis":"z","origin":[8.0,5.0,8.0]},"faces":{"north":{"uv":[4.0,0.0,2.0,3.0],"texture":"#1"},"east":{"uv":[9.66667,2.5,9.0,5.5],"texture":"#0"},"south":{"uv":[12.33333,0.0,11.0,3.0],"texture":"#0"},"west":{"uv":[10.33333,3.0,9.66667,6.0],"texture":"#0"},"up":{"uv":[11.66667,3.0,10.33333,4.0],"texture":"#0"}}},{"from":[18.0,17.5,11.5],"to":[13.0,10.5,8.5],"rotation":{"angle":-45.0,"axis":"z","origin":[8.0,15.0,8.0]},"faces":{"north":{"uv":[4.83333,5.5,5.33333,6.0],"texture":"#1","tintindex":0},"east":{"uv":[4.83333,5.5,5.33333,6.0],"texture":"#1","tintindex":0},"south":{"uv":[4.83333,5.5,5.33333,6.0],"texture":"#1","tintindex":0},"west":{"uv":[4.83333,5.5,5.33333,6.0],"texture":"#1","tintindex":0},"up":{"uv":[4.83333,5.5,5.33333,6.0],"texture":"#1","tintindex":0},"down":{"uv":[4.83333,5.5,5.33333,6.0],"texture":"#1","tintindex":0}}},{"from":[3.0,17.5,11.5],"to":[-2.0,10.5,8.5],"rotation":{"angle":45.0,"axis":"z","origin":[8.0,15.0,8.0]},"faces":{"north":{"uv":[5.33333,5.5,4.83333,6.0],"texture":"#1","tintindex":0},"east":{"uv":[5.33333,5.5,4.83333,6.0],"texture":"#1","tintindex":0},"south":{"uv":[5.33333,5.5,4.83333,6.0],"texture":"#1","tintindex":0},"west":{"uv":[5.33333,5.5,4.83333,6.0],"texture":"#1","tintindex":0},"up":{"uv":[5.33333,5.5,4.83333,6.0],"texture":"#1","tintindex":0},"down":{"uv":[5.33333,5.5,4.83333,6.0],"texture":"#1","tintindex":0}}},{"from":[6.5,8.0,9.0],"to":[10.5,14.0,11.0],"rotation":{"angle":-45.0,"axis":"z","origin":[8.0,5.0,8.0]},"faces":{"north":{"uv":[2.0,0.0,0.0,3.0],"texture":"#1","tintindex":0}}},{"from":[13.0,10.0,15.0],"to":[3.0,0.0,3.0],"rotation":{"angle":0.0,"axis":"y","origin":[9.5,6.24,8.0]},"faces":{"east":{"uv":[3.33333,5.0,7.33333,0.0],"texture":"#0"},"south":{"uv":[0.0,5.0,3.33333,0.0],"texture":"#0"},"west":{"uv":[7.33333,5.0,3.33333,0.0],"texture":"#0"},"up":{"uv":[6.66667,8.0,3.33333,14.0],"texture":"#0"},"down":{"uv":[3.33333,8.0,0.0,14.0],"texture":"#0"}}},{"from":[11.0,0.0,6.0],"to":[5.0,-3.0,0.0],"rotation":{"angle":-22.5,"axis":"x","origin":[8.0,-0.5,0.5]},"faces":{"east":{"uv":[6.66667,11.0,8.66667,9.5],"texture":"#0"},"south":{"uv":[6.66667,9.5,8.66667,8.0],"texture":"#0"},"west":{"uv":[8.66667,11.0,6.66667,9.5],"texture":"#0"},"up":{"uv":[8.66667,11.0,6.66667,14.0],"texture":"#0"}}},{"from":[11.5,5.0,3.0],"to":[4.5,0.0,-2.0],"rotation":{"angle":0.0,"axis":"y","origin":[8.0,4.0,0.5]},"faces":{"east":{"uv":[6.66667,7.5,8.33333,5.0],"texture":"#0"},"south":{"uv":[4.33333,7.5,6.66667,5.0],"texture":"#0"},"west":{"uv":[8.33333,7.5,6.66667,5.0],"texture":"#0"},"down":{"uv":[9.66667,0.0,7.33333,2.5],"texture":"#0"}}},{"from":[14.04,6.04,13.04],"to":[9.96,-0.04,7.96],"rotation":{"angle":22.5,"axis":"y","origin":[8.0,5.0,8.0]},"faces":{"south":{"uv":[4.33333,8.0,3.0,5.0],"texture":"#0"},"west":{"uv":[1.66667,8.0,0.0,5.0],"texture":"#0"},"up":{"uv":[1.66667,7.5,3.0,5.0],"texture":"#0"},"down":{"uv":[1.66667,5.0,3.0,7.5],"texture":"#0"}}},{"from":[6.04,6.04,13.04],"to":[1.96,-0.04,7.96],"rotation":{"angle":-22.5,"axis":"y","origin":[8.0,5.0,8.0]},"faces":{"east":{"uv":[0.0,8.0,1.66667,5.0],"texture":"#0"},"south":{"uv":[3.0,8.0,4.33333,5.0],"texture":"#0"},"up":{"uv":[3.0,7.5,1.66667,5.0],"texture":"#0"},"down":{"uv":[3.0,5.0,1.66667,7.5],"texture":"#0"}}},{"from":[3.5,0.5,11.0],"to":[12.5,9.5,19.0],"rotation":{"angle":0.0,"axis":"y","origin":[0.5,0.0,0.0]},"faces":{"east":{"uv":[4.0,3.5,0.0,8.0],"texture":"#1","tintindex":0},"west":{"uv":[0.0,3.5,4.0,8.0],"texture":"#1","tintindex":0},"up":{"uv":[0.0,3.5,4.0,8.0],"texture":"#1","tintindex":0,"rotation":90},"down":{"uv":[4.0,8.0,0.0,3.5],"texture":"#1","tintindex":0,"rotation":90}}},{"from":[12.5,9.5,19.0],"to":[3.5,0.5,11.0],"rotation":{"angle":0.0,"axis":"y","origin":[0.5,0.0,0.0]},"faces":{"east":{"uv":[0.0,8.0,4.0,3.5],"texture":"#1","tintindex":0},"west":{"uv":[4.0,8.0,0.0,3.5],"texture":"#1","tintindex":0},"up":{"uv":[4.0,3.5,0.0,8.0],"texture":"#1","tintindex":0,"rotation":90},"down":{"uv":[0.0,8.0,4.0,3.5],"texture":"#1","tintindex":0,"rotation":90}}}],"display":{"thirdperson_righthand":{"rotation":[64.25,0.0,0.0],"scale":[0.44336,0.44336,0.44336]},"thirdperson_lefthand":{"rotation":[64.25,0.0,0.0],"scale":[0.44336,0.44336,0.44336]},"firstperson_righthand":{"scale":[0.0,0.0,0.0]},"firstperson_lefthand":{"scale":[0.0,0.0,0.0]},"ground":{"translation":[0.0,4.25,0.0],"scale":[0.43945,0.43945,0.43945]},"gui":{"translation":[0.0,2.5,0.0],"rotation":[-154.25,-38.49,-179.01],"scale":[0.72421,0.72421,0.72421]},"head":{"translation":[0.0,5.75,0.5],"rotation":[-3.25,0.0,0.0],"scale":[1.71133,1.71133,1.71133]}},"credit":"Made with Blockbench","gui_light":"front"}