{"textures":{"0":"mcc:island_cosmetics/general/hat/bucket_hat/variant_bucket_hat","particle":"mcc:island_cosmetics/general/hat/bucket_hat/variant_bucket_hat"},"display":{"thirdperson_righthand":{"rotation":[64.25,0.0,0.0],"scale":[0.44336,0.44336,0.44336]},"thirdperson_lefthand":{"rotation":[64.25,0.0,0.0],"scale":[0.44336,0.44336,0.44336]},"firstperson_righthand":{"scale":[0.0,0.0,0.0]},"firstperson_lefthand":{"scale":[0.0,0.0,0.0]},"ground":{"translation":[0.0,4.25,0.0],"scale":[0.43945,0.43945,0.43945]},"gui":{"translation":[0.0,7.0,0.0],"rotation":[-149.61,-31.92,-180.0],"scale":[0.91601,0.91601,0.91601]},"head":{"translation":[0.0,20.5,1.75],"rotation":[5.75,0.0,0.0],"scale":[1.68789,1.68789,1.68789]}},"credit":"Made with Blockbench","texture_size":[128.0,128.0],"elements":[{"from":[3.5,-2.26,3.5],"to":[12.5,2.74,12.5],"rotation":{"angle":0.0,"axis":"y","origin":[-0.49,0.0,-0.49]},"faces":{"north":{"uv":[0.125,5.5,1.25,6.125],"texture":"#0","tintindex":0.0},"east":{"uv":[0.125,5.5,1.25,6.125],"texture":"#0","tintindex":0.0},"south":{"uv":[0.125,5.5,1.25,6.125],"texture":"#0","tintindex":0.0},"west":{"uv":[0.125,5.5,1.25,6.125],"texture":"#0","tintindex":0.0},"up":{"uv":[1.25,5.5,2.375,6.625],"texture":"#0","tintindex":0.0},"down":{"uv":[2.0,5.375,2.125,5.5],"texture":"#0","tintindex":0.0}}},{"from":[3.5,-2.26,3.5],"to":[12.5,2.74,12.5],"rotation":{"angle":0.0,"axis":"y","origin":[-0.49,0.0,-0.49]},"faces":{"north":{"uv":[0.125,6.125,1.25,6.75],"texture":"#0"},"east":{"uv":[0.125,6.125,1.25,6.75],"texture":"#0"},"south":{"uv":[0.125,6.125,1.25,6.75],"texture":"#0"},"west":{"uv":[0.125,6.125,1.25,6.75],"texture":"#0"}}},{"from":[1.5,-5.26,12.5],"to":[14.5,-2.26,12.5],"rotation":{"angle":-45.0,"axis":"x","origin":[8.0,-2.26,12.5]},"faces":{"north":{"uv":[0.125,7.25,1.75,6.875],"rotation":180.0,"texture":"#0","tintindex":0.0},"east":{"uv":[0.25,5.5,1.375,6.125],"rotation":270.0,"texture":"#0","tintindex":0.0},"south":{"uv":[0.125,6.875,1.75,7.25],"texture":"#0","tintindex":0.0},"west":{"uv":[0.25,5.5,1.375,6.125],"rotation":90.0,"texture":"#0","tintindex":0.0},"up":{"uv":[0.25,5.5,1.375,6.125],"rotation":180.0,"texture":"#0","tintindex":0.0},"down":{"uv":[0.25,5.5,1.375,6.125],"texture":"#0","tintindex":0.0}}},{"from":[1.5,-5.26,3.5],"to":[14.5,-2.26,3.5],"rotation":{"angle":45.0,"axis":"x","origin":[8.0,-2.26,3.5]},"faces":{"north":{"uv":[1.75,6.875,0.125,7.25],"texture":"#0","tintindex":0.0},"east":{"uv":[0.25,6.125,1.375,5.5],"rotation":270.0,"texture":"#0","tintindex":0.0},"south":{"uv":[1.75,7.25,0.125,6.875],"rotation":180.0,"texture":"#0","tintindex":0.0},"west":{"uv":[0.25,6.125,1.375,5.5],"rotation":90.0,"texture":"#0","tintindex":0.0},"up":{"uv":[0.25,6.125,1.375,5.5],"rotation":180.0,"texture":"#0","tintindex":0.0},"down":{"uv":[0.25,6.125,1.375,5.5],"texture":"#0","tintindex":0.0}}},{"from":[11.93198,-8.75264,1.5],"to":[11.93198,-5.75264,14.5],"rotation":{"angle":45.0,"axis":"z","origin":[8.0,-3.32066,8.0]},"faces":{"north":{"uv":[0.25,6.125,1.375,5.5],"rotation":90.0,"texture":"#0","tintindex":0.0},"east":{"uv":[1.75,6.875,0.125,7.25],"texture":"#0","tintindex":0.0},"south":{"uv":[0.25,6.125,1.375,5.5],"rotation":270.0,"texture":"#0","tintindex":0.0},"west":{"uv":[1.75,7.25,0.125,6.875],"rotation":180.0,"texture":"#0","tintindex":0.0},"up":{"uv":[0.25,6.125,1.375,5.5],"rotation":270.0,"texture":"#0","tintindex":0.0},"down":{"uv":[0.25,6.125,1.375,5.5],"rotation":270.0,"texture":"#0","tintindex":0.0}}},{"from":[4.06802,-8.75264,1.5],"to":[4.06802,-5.75264,14.5],"rotation":{"angle":-45.0,"axis":"z","origin":[8.0,-3.32066,8.0]},"faces":{"north":{"uv":[0.25,5.5,1.375,6.125],"rotation":90.0,"texture":"#0","tintindex":0.0},"east":{"uv":[0.125,7.25,1.75,6.875],"rotation":180.0,"texture":"#0","tintindex":0.0},"south":{"uv":[0.25,5.5,1.375,6.125],"rotation":270.0,"texture":"#0","tintindex":0.0},"west":{"uv":[0.125,6.875,1.75,7.25],"texture":"#0","tintindex":0.0},"up":{"uv":[0.25,5.5,1.375,6.125],"rotation":270.0,"texture":"#0","tintindex":0.0},"down":{"uv":[0.25,5.5,1.375,6.125],"rotation":270.0,"texture":"#0","tintindex":0.0}}},{"name":"cube inverted","from":[12.5,2.74,12.5],"to":[3.5,-2.26,3.5],"rotation":{"angle":0.0,"axis":"y","origin":[-0.49,0.0,-0.49]},"faces":{"north":{"uv":[0.125,6.125,1.25,5.5],"texture":"#0","tintindex":0.0},"east":{"uv":[0.125,6.125,1.25,5.5],"texture":"#0","tintindex":0.0},"south":{"uv":[0.125,6.125,1.25,5.5],"texture":"#0","tintindex":0.0},"west":{"uv":[0.125,6.125,1.25,5.5],"texture":"#0","tintindex":0.0},"up":{"uv":[2.125,5.375,2.0,5.5],"texture":"#0","tintindex":0.0},"down":{"uv":[2.375,5.5,1.25,6.625],"texture":"#0","tintindex":0.0}}},{"name":"cube inverted","from":[12.5,2.74,12.5],"to":[3.5,-2.26,3.5],"rotation":{"angle":0.0,"axis":"y","origin":[-0.49,0.0,-0.49]},"faces":{"north":{"uv":[0.125,6.75,1.25,6.125],"texture":"#0"},"east":{"uv":[0.125,6.75,1.25,6.125],"texture":"#0"},"south":{"uv":[0.125,6.75,1.25,6.125],"texture":"#0"},"west":{"uv":[0.125,6.75,1.25,6.125],"texture":"#0"}}}],"gui_light":"front"}