{"textures":{"1":"mcc:island_cosmetics/general/hat/flight_helmet/flight_helmet"},"display":{"thirdperson_righthand":{"translation":[0.0,1.0,0.75],"rotation":[55.5,34.0,0.0],"scale":[0.52539,0.52539,0.52539]},"thirdperson_lefthand":{"translation":[0.0,1.0,0.75],"rotation":[55.5,34.0,0.0],"scale":[0.52539,0.52539,0.52539]},"firstperson_righthand":{"translation":[9.5,0.0,-5.75],"rotation":[21.0,114.5,-13.75],"scale":[0.41992,0.41992,0.41992]},"firstperson_lefthand":{"translation":[9.5,0.0,-5.75],"rotation":[21.0,114.5,-13.75],"scale":[0.41992,0.41992,0.41992]},"gui":{"translation":[-0.25,1.5,0.0],"rotation":[-149.61,-31.92,-180.0],"scale":[0.97851,0.97851,0.97851]},"head":{"translation":[0.0,5.25,0.0],"scale":[1.60781,1.60781,1.60781]}},"credit":"Made with Blockbench","texture_size":[32.0,32.0],"elements":[{"from":[3.5,6.0,3.5],"to":[12.5,11.0,12.5],"rotation":{"angle":0.0,"axis":"x","origin":[7.5,9.5,7.5]},"faces":{"north":{"uv":[5.5,3.0,10.0,5.5],"texture":"#1","tintindex":0.0},"east":{"uv":[0.0,3.0,4.5,5.5],"texture":"#1","tintindex":0.0},"south":{"uv":[0.5,5.5,5.0,8.0],"texture":"#1","tintindex":0.0},"west":{"uv":[4.5,3.0,0.0,5.5],"texture":"#1","tintindex":0.0},"up":{"uv":[5.5,6.0,10.0,10.5],"texture":"#1","tintindex":0.0}}},{"from":[2.9,6.4,2.9],"to":[13.1,9.6,13.1],"rotation":{"angle":0.0,"axis":"x","origin":[8.0,9.5,7.0]},"faces":{"north":{"uv":[0.0,9.5,5.0,11.0],"texture":"#1"},"east":{"uv":[0.0,8.0,5.0,9.5],"texture":"#1"},"south":{"uv":[0.0,11.0,5.0,12.5],"texture":"#1"},"west":{"uv":[0.0,8.0,5.0,9.5],"texture":"#1"}}},{"from":[9.17477,6.4,1.79595],"to":[13.37477,10.6,3.99595],"rotation":{"angle":-22.5,"axis":"y","origin":[11.77477,7.5,2.89595]},"faces":{"north":{"uv":[0.0,12.5,2.0,14.5],"texture":"#1"},"east":{"uv":[2.0,12.5,3.0,14.5],"texture":"#1"},"south":{"uv":[2.0,12.5,2.5,14.5],"texture":"#1"},"west":{"uv":[3.0,12.5,2.0,14.5],"texture":"#1"},"up":{"uv":[3.0,12.5,5.0,13.5],"texture":"#1"},"down":{"uv":[3.5,13.5,5.5,14.5],"texture":"#1"}}},{"from":[9.27477,6.5,1.89595],"to":[13.27477,10.5,3.89595],"rotation":{"angle":-22.5,"axis":"y","origin":[11.77477,7.5,2.89595]},"faces":{"north":{"uv":[5.5,13.0,7.5,15.0],"texture":"#1"}}},{"from":[2.62523,6.4,1.79595],"to":[6.82523,10.6,3.99595],"rotation":{"angle":22.5,"axis":"y","origin":[4.22523,7.5,2.89595]},"faces":{"north":{"uv":[2.0,12.5,0.0,14.5],"texture":"#1"},"east":{"uv":[2.0,12.5,3.0,14.5],"texture":"#1"},"south":{"uv":[2.5,12.5,2.0,14.5],"texture":"#1"},"west":{"uv":[3.0,12.5,2.0,14.5],"texture":"#1"},"up":{"uv":[5.0,12.5,3.0,13.5],"texture":"#1"},"down":{"uv":[5.5,13.5,3.5,14.5],"texture":"#1"}}},{"from":[2.72523,6.5,1.89595],"to":[6.72523,10.5,3.89595],"rotation":{"angle":22.5,"axis":"y","origin":[4.22523,7.5,2.89595]},"faces":{"north":{"uv":[7.5,13.0,5.5,15.0],"texture":"#1"}}},{"from":[12.5,3.0,5.5],"to":[14.5,8.0,10.5],"rotation":{"angle":0.0,"axis":"x","origin":[8.0,9.5,7.0]},"faces":{"north":{"uv":[7.5,10.5,8.5,13.0],"texture":"#1"},"east":{"uv":[5.0,10.5,7.5,13.0],"texture":"#1"},"south":{"uv":[8.5,10.5,7.5,13.0],"texture":"#1"},"up":{"uv":[8.5,10.5,9.5,13.0],"texture":"#1"},"down":{"uv":[8.5,10.5,9.5,13.0],"texture":"#1"}}},{"from":[1.5,3.0,5.5],"to":[3.5,8.0,10.5],"rotation":{"angle":0.0,"axis":"x","origin":[8.0,9.5,7.0]},"faces":{"north":{"uv":[8.5,10.5,7.5,13.0],"texture":"#1"},"south":{"uv":[7.5,10.5,8.5,13.0],"texture":"#1"},"west":{"uv":[7.5,10.5,5.0,13.0],"texture":"#1"},"up":{"uv":[9.5,10.5,8.5,13.0],"texture":"#1"},"down":{"uv":[9.5,10.5,8.5,13.0],"texture":"#1"}}},{"from":[3.5,1.0,3.5],"to":[12.5,6.0,12.5],"rotation":{"angle":0.0,"axis":"x","origin":[7.5,9.5,7.5]},"faces":{"east":{"uv":[0.5,0.5,5.0,3.0],"texture":"#1","tintindex":0.0},"south":{"uv":[5.5,0.5,10.0,3.0],"texture":"#1","tintindex":0.0},"west":{"uv":[5.0,0.5,0.5,3.0],"texture":"#1","tintindex":0.0},"up":{"uv":[24.0,18.0,24.5,18.5],"texture":"#missing","tintindex":0.0}}},{"name":"cube inverted","from":[13.1,9.6,13.1],"to":[2.9,6.4,2.9],"rotation":{"angle":0.0,"axis":"x","origin":[8.0,9.5,7.0]},"faces":{"north":{"uv":[0.0,12.5,5.0,11.0],"texture":"#1"},"east":{"uv":[0.0,9.5,5.0,8.0],"texture":"#1"},"south":{"uv":[0.0,11.0,5.0,9.5],"texture":"#1"},"west":{"uv":[0.0,9.5,5.0,8.0],"texture":"#1"}}},{"name":"cube inverted","from":[12.5,6.0,12.5],"to":[3.5,1.0,3.5],"rotation":{"angle":0.0,"axis":"x","origin":[7.5,9.5,7.5]},"faces":{"north":{"uv":[5.5,3.0,10.0,0.5],"texture":"#1","tintindex":0.0},"east":{"uv":[5.0,3.0,0.5,0.5],"texture":"#1","tintindex":0.0},"west":{"uv":[0.5,3.0,5.0,0.5],"texture":"#1","tintindex":0.0}}},{"name":"cube inverted","from":[12.5,11.0,12.5],"to":[3.5,6.0,3.5],"rotation":{"angle":0.0,"axis":"x","origin":[7.5,9.5,7.5]},"faces":{"north":{"uv":[0.5,8.0,5.0,5.5],"texture":"#1","tintindex":0.0},"east":{"uv":[4.5,5.5,0.0,3.0],"texture":"#1","tintindex":0.0},"south":{"uv":[5.5,5.5,10.0,3.0],"texture":"#1","tintindex":0.0},"west":{"uv":[0.0,5.5,4.5,3.0],"texture":"#1","tintindex":0.0},"down":{"uv":[10.0,6.0,5.5,10.5],"texture":"#1","tintindex":0.0}}}],"gui_light":"front"}