{"textures":{"2":"mcc:island_cosmetics/general/hat/hard_hat/miner","3":"mcc:island_cosmetics/general/hat/hard_hat/headlight","4":"mcc:island_cosmetics/general/hat/hard_hat/miner_anim","particle":"mcc:island_cosmetics/general/hat/hard_hat/miner_anim"},"display":{"thirdperson_righthand":{"translation":[0.0,1.0,0.75],"rotation":[55.5,34.0,0.0],"scale":[0.52539,0.52539,0.52539]},"thirdperson_lefthand":{"translation":[0.0,1.0,0.75],"rotation":[55.5,34.0,0.0],"scale":[0.52539,0.52539,0.52539]},"firstperson_righthand":{"translation":[9.5,0.0,-5.75],"rotation":[21.0,114.5,-13.75],"scale":[0.41992,0.41992,0.41992]},"firstperson_lefthand":{"translation":[9.5,0.0,-5.75],"rotation":[21.0,114.5,-13.75],"scale":[0.41992,0.41992,0.41992]},"gui":{"translation":[-0.5,1.25,0.0],"rotation":[-149.61,-31.92,-180.0],"scale":[0.94335,0.94335,0.94335]},"head":{"translation":[0.0,6.5,0.25],"rotation":[3.25,0.0,0.0],"scale":[1.70938,1.70938,1.70938]}},"credit":"Made with Blockbench","elements":[{"from":[6.0,6.0,0.5],"to":[10.0,10.0,2.5],"rotation":{"angle":0.0,"axis":"y","origin":[-1.0,0.0,-1.5]},"faces":{"north":{"uv":[0.0,4.0,4.0,0.0],"texture":"#4"},"east":{"uv":[0.0,0.0,2.0,4.0],"texture":"#3"},"south":{"uv":[1.0,3.0,2.0,4.0],"rotation":270.0,"texture":"#3"},"west":{"uv":[2.0,0.0,0.0,4.0],"texture":"#3"},"up":{"uv":[0.0,0.0,2.0,4.0],"rotation":270.0,"texture":"#3"},"down":{"uv":[2.0,4.0,0.0,0.0],"rotation":270.0,"texture":"#3"}}},{"from":[5.8,5.8,-0.7],"to":[10.2,10.2,1.7],"rotation":{"angle":0.0,"axis":"y","origin":[-1.0,0.0,-1.5]},"faces":{"east":{"uv":[16.0,2.0,15.0,0.0],"rotation":180.0,"texture":"#2","tintindex":0.0},"west":{"uv":[15.0,0.0,16.0,2.0],"rotation":180.0,"texture":"#2","tintindex":0.0},"up":{"uv":[15.0,0.0,16.0,2.0],"rotation":270.0,"texture":"#2","tintindex":0.0},"down":{"uv":[16.0,0.0,15.0,2.0],"rotation":270.0,"texture":"#2","tintindex":0.0}}},{"from":[6.4,5.9,12.4],"to":[9.6,8.1,13.6],"rotation":{"angle":0.0,"axis":"y","origin":[-0.5,0.0,-1.5]},"faces":{"east":{"uv":[0.0,6.0,1.0,8.0],"texture":"#3"},"south":{"uv":[0.0,6.0,3.0,8.0],"texture":"#3"},"west":{"uv":[0.0,6.0,1.0,8.0],"texture":"#3"}}},{"name":"cube inverted","from":[10.0,10.0,0.5],"to":[6.0,6.0,-3.5],"rotation":{"angle":0.0,"axis":"y","origin":[-1.0,0.0,-1.5]},"faces":{"east":{"uv":[4.0,4.0,8.0,0.0],"rotation":180.0,"texture":"#4"},"west":{"uv":[4.0,4.0,8.0,0.0],"texture":"#4"},"up":{"uv":[4.0,4.0,8.0,0.0],"rotation":90.0,"texture":"#4"},"down":{"uv":[4.0,4.0,8.0,0.0],"rotation":270.0,"texture":"#4"}}},{"from":[3.5,5.0,3.5],"to":[12.5,10.0,12.5],"rotation":{"angle":0.0,"axis":"y","origin":[-0.5,0.0,-1.5]},"faces":{"north":{"uv":[6.0,0.0,1.5,2.5],"texture":"#2"},"east":{"uv":[6.0,5.0,1.5,7.5],"texture":"#2"},"south":{"uv":[6.0,2.5,1.5,5.0],"texture":"#2"},"west":{"uv":[6.0,5.0,1.5,7.5],"texture":"#2"},"up":{"uv":[11.0,0.0,6.5,4.5],"texture":"#2"}}},{"from":[2.5,5.0,-1.5],"to":[13.5,5.0,14.5],"rotation":{"angle":0.0,"axis":"y","origin":[-0.5,0.0,-1.5]},"faces":{"north":{"uv":[2.125,5.25,3.25,5.875],"texture":"#2"},"east":{"uv":[2.125,7.625,3.25,8.25],"texture":"#2"},"south":{"uv":[2.125,5.25,3.25,5.875],"texture":"#2"},"west":{"uv":[2.125,7.0,3.25,7.625],"texture":"#2"},"up":{"uv":[10.0,13.5,2.0,8.0],"rotation":90.0,"texture":"#2"},"down":{"uv":[2.0,8.0,10.0,13.5],"rotation":90.0,"texture":"#2"}}},{"from":[6.5,5.0,2.5],"to":[9.5,11.0,13.5],"rotation":{"angle":0.0,"axis":"y","origin":[-0.5,0.0,-1.5]},"faces":{"north":{"uv":[1.5,0.0,0.0,3.0],"texture":"#2"},"east":{"uv":[12.0,4.5,6.5,7.5],"texture":"#2"},"south":{"uv":[1.5,0.0,0.0,3.0],"texture":"#2"},"west":{"uv":[12.0,4.5,6.5,7.5],"texture":"#2"},"up":{"uv":[1.5,3.0,0.0,8.5],"texture":"#2"}}},{"name":"cube inverted","from":[10.2,10.2,1.7],"to":[5.8,5.8,-0.7],"rotation":{"angle":0.0,"axis":"y","origin":[-1.0,0.0,-1.5]},"faces":{"east":{"uv":[15.0,2.0,16.0,0.0],"rotation":180.0,"texture":"#2","tintindex":0.0},"west":{"uv":[16.0,0.0,15.0,2.0],"rotation":180.0,"texture":"#2","tintindex":0.0},"up":{"uv":[16.0,2.0,15.0,0.0],"rotation":270.0,"texture":"#2","tintindex":0.0},"down":{"uv":[15.0,2.0,16.0,0.0],"rotation":270.0,"texture":"#2","tintindex":0.0}}},{"from":[3.4,6.9,3.4],"to":[12.6,9.1,12.6],"rotation":{"angle":0.0,"axis":"y","origin":[-0.5,0.0,-1.5]},"faces":{"north":{"uv":[0.0,8.0,9.0,10.0],"texture":"#3"},"east":{"uv":[0.0,8.0,9.0,10.0],"texture":"#3"},"south":{"uv":[0.0,8.0,9.0,10.0],"texture":"#3"},"west":{"uv":[0.0,8.0,9.0,10.0],"texture":"#3"}}}],"gui_light":"front"}