{"textures":{"0":"mcc:island_cosmetics/general/hat/army_helmet/colonel_cluck","2":"mcc:island_cosmetics/general/accessory/playing_cards/playing_cards","particle":"mcc:island_cosmetics/general/hat/army_helmet/colonel_cluck"},"elements":[{"from":[3.294,-2.09976,3.1082],"to":[12.694,5.42024,12.5082],"rotation":{"angle":0.0,"axis":"y","origin":[0.474,-22.77976,0.7582]},"faces":{"north":{"uv":[0.0,2.66667,3.33333,5.33333],"texture":"#0"},"east":{"uv":[0.0,0.0,3.33333,2.66667],"texture":"#0"},"south":{"uv":[3.33333,2.33333,6.66667,5.0],"texture":"#0"},"west":{"uv":[3.33333,0.0,0.0,2.66667],"texture":"#0"},"up":{"uv":[0.0,0.0,0.0,0.0],"texture":"#0"}}},{"from":[4.234,1.19024,-1.3568],"to":[11.754,4.01024,3.3432],"rotation":{"angle":0.0,"axis":"y","origin":[0.474,-22.77976,0.7582]},"faces":{"north":{"uv":[3.33333,1.0,6.0,2.0],"texture":"#0"},"east":{"uv":[5.0,0.0,3.33333,1.0],"texture":"#0"},"south":{"uv":[0.0,0.0,0.33333,0.33333],"texture":"#0"},"west":{"uv":[3.33333,0.0,5.0,1.0],"texture":"#0"},"up":{"uv":[6.0,0.0,8.66667,1.66667],"texture":"#0"},"down":{"uv":[6.66667,1.66667,9.33333,3.33333],"texture":"#0"}}},{"from":[6.114,-1.62976,0.7582],"to":[9.874,1.19024,3.5782],"rotation":{"angle":0.0,"axis":"y","origin":[0.474,-22.77976,0.7582]},"faces":{"north":{"uv":[2.66667,6.33333,1.33333,7.33333],"texture":"#0"},"east":{"uv":[1.33333,5.33333,2.33333,6.33333],"texture":"#0"},"south":{"uv":[0.0,5.33333,1.33333,6.33333],"texture":"#0"},"west":{"uv":[2.33333,5.33333,1.33333,6.33333],"texture":"#0"},"up":{"uv":[0.0,0.0,0.0,0.0],"texture":"#0"},"down":{"uv":[0.0,6.33333,1.33333,7.33333],"texture":"#0"}}},{"from":[12.694,5.42024,12.5082],"to":[3.294,-2.09976,3.1082],"rotation":{"angle":0.0,"axis":"y","origin":[0.474,-22.77976,0.7582]},"faces":{"north":{"uv":[3.33333,5.0,6.66667,2.33333],"texture":"#0"},"east":{"uv":[3.33333,2.66667,0.0,0.0],"texture":"#0"},"south":{"uv":[0.0,5.33333,3.33333,2.66667],"texture":"#0"},"west":{"uv":[0.0,2.66667,3.33333,0.0],"texture":"#0"},"down":{"uv":[0.0,0.0,0.0,0.0],"texture":"#0"}}},{"from":[2.354,5.42024,1.9332],"to":[13.634,10.12024,13.2132],"rotation":{"angle":0.0,"axis":"y","origin":[0.474,-21.83976,-0.1818]},"faces":{"north":{"uv":[4.0,14.33333,0.0,16.0],"texture":"#0"},"east":{"uv":[4.0,14.33333,0.0,16.0],"texture":"#0"},"south":{"uv":[4.0,14.33333,0.0,16.0],"texture":"#0"},"west":{"uv":[4.0,14.33333,0.0,16.0],"texture":"#0"},"up":{"uv":[4.0,10.33333,0.0,14.33333],"texture":"#0"}}},{"from":[1.978,5.98424,1.5572],"to":[14.01,6.97124,13.5892],"rotation":{"angle":0.0,"axis":"y","origin":[0.474,-21.83976,-0.1818]},"faces":{"north":{"uv":[0.0,8.66667,4.0,9.0],"texture":"#0"},"east":{"uv":[0.0,8.66667,4.0,9.0],"texture":"#0"},"south":{"uv":[0.0,8.66667,4.0,9.0],"texture":"#0"},"west":{"uv":[0.0,8.66667,4.0,9.0],"texture":"#0"}}},{"from":[13.634,-0.21976,6.1632],"to":[13.634,5.42024,9.4532],"rotation":{"angle":0.0,"axis":"y","origin":[7.994,-19.95976,8.2782]},"faces":{"east":{"uv":[11.33333,14.33333,10.33333,16.0],"texture":"#0"},"west":{"uv":[11.33333,14.33333,10.33333,16.0],"texture":"#0"}}},{"from":[-0.466,5.42024,-0.8868],"to":[16.454,5.42024,16.0332],"rotation":{"angle":0.0,"axis":"y","origin":[0.474,-21.83976,-0.1818]},"faces":{"up":{"uv":[10.0,9.33333,4.0,15.33333],"texture":"#0"},"down":{"uv":[10.0,9.33333,4.0,15.33333],"texture":"#0"}}},{"from":[13.834,6.17224,6.4452],"to":[13.834,11.81224,10.2052],"rotation":{"angle":22.5,"axis":"x","origin":[13.834,8.05224,7.3852]},"faces":{"east":{"uv":[10.0,0.0,5.0,8.0],"texture":"#2"},"west":{"uv":[5.0,0.0,10.0,8.0],"texture":"#2"}}},{"from":[2.354,-0.21976,6.1632],"to":[2.354,5.42024,9.4532],"rotation":{"angle":0.0,"axis":"y","origin":[7.994,-19.95976,8.2782]},"faces":{"east":{"uv":[11.33333,14.33333,10.33333,16.0],"texture":"#0"},"west":{"uv":[11.33333,14.33333,10.33333,16.0],"texture":"#0"}}}],"display":{"thirdperson_righthand":{"translation":[0.0,1.0,0.75],"rotation":[55.5,34.0,0.0],"scale":[0.52539,0.52539,0.52539]},"thirdperson_lefthand":{"translation":[0.0,1.0,0.75],"rotation":[55.5,34.0,0.0],"scale":[0.52539,0.52539,0.52539]},"firstperson_righthand":{"translation":[9.5,0.0,-5.75],"rotation":[21.0,114.5,-13.75],"scale":[0.41992,0.41992,0.41992]},"firstperson_lefthand":{"translation":[9.5,0.0,-5.75],"rotation":[21.0,114.5,-13.75],"scale":[0.41992,0.41992,0.41992]},"gui":{"translation":[-0.25,3.0,0.0],"rotation":[-154.61,-31.92,-180.0],"scale":[0.77929,0.77929,0.77929]},"head":{"translation":[0.0,8.0,0.5],"scale":[1.66055,1.66055,1.66055]}},"credit":"Made with Blockbench","gui_light":"front"}