{"textures":{"1":"mcc:island_cosmetics/general/hat/gumball_head/bowtie","3":"mcc:island_cosmetics/general/hat/gumball_head/gumball_head","particle":"mcc:island_cosmetics/general/hat/gumball_head/bowtie"},"elements":[{"from":[4.4,12.9,4.4],"to":[11.6,15.1,11.6],"rotation":{"angle":0.0,"axis":"y","origin":[6.5,-21.0,7.5]},"faces":{"north":{"uv":[0.0,8.66667,2.33333,9.33333],"texture":"#3","tintindex":0},"east":{"uv":[0.0,8.66667,2.33333,9.33333],"texture":"#3","tintindex":0},"south":{"uv":[0.0,8.66667,2.33333,9.33333],"texture":"#3","tintindex":0},"west":{"uv":[0.0,8.66667,2.33333,9.33333],"texture":"#3","tintindex":0},"up":{"uv":[0.0,9.33333,2.33333,11.66667],"texture":"#3","tintindex":0},"down":{"uv":[2.33333,8.66667,4.66667,11.0],"texture":"#3","tintindex":0}}},{"from":[3.0,2.0,3.0],"to":[13.0,11.0,13.0],"rotation":{"angle":0.0,"axis":"y","origin":[7.0,-21.0,7.0]},"faces":{"north":{"uv":[4.0,4.0,7.33333,7.0],"texture":"#3"},"east":{"uv":[4.0,4.0,7.33333,7.0],"texture":"#3"},"south":{"uv":[4.0,4.0,7.33333,7.0],"texture":"#3"},"west":{"uv":[4.0,4.0,7.33333,7.0],"texture":"#3"},"up":{"uv":[4.0,4.0,7.33333,7.0],"texture":"#3"},"down":{"uv":[4.0,4.0,7.33333,7.0],"texture":"#3"}}},{"from":[3.0,-1.0,3.0],"to":[13.0,2.0,13.0],"rotation":{"angle":0.0,"axis":"y","origin":[7.0,-21.0,7.0]},"faces":{"north":{"uv":[0.0,7.66667,3.33333,8.66667],"texture":"#3","tintindex":0},"east":{"uv":[0.0,7.66667,3.33333,8.66667],"texture":"#3","tintindex":0},"south":{"uv":[0.0,7.66667,3.33333,8.66667],"texture":"#3","tintindex":0},"west":{"uv":[0.0,7.66667,3.33333,8.66667],"texture":"#3","tintindex":0},"up":{"uv":[5.33333,9.0,5.66667,9.33333],"texture":"#3","tintindex":0},"down":{"uv":[4.66667,7.66667,8.0,11.0],"texture":"#3","tintindex":0}}},{"from":[7.0,16.0,7.0],"to":[9.0,18.0,9.0],"rotation":{"angle":0.0,"axis":"y","origin":[6.0,-21.0,7.0]},"faces":{"north":{"uv":[2.33333,8.33333,3.0,7.66667],"texture":"#3","tintindex":0},"east":{"uv":[2.33333,8.33333,3.0,7.66667],"texture":"#3","tintindex":0},"south":{"uv":[2.33333,8.33333,3.0,7.66667],"texture":"#3","tintindex":0},"west":{"uv":[2.33333,8.33333,3.0,7.66667],"texture":"#3","tintindex":0},"up":{"uv":[3.33333,7.66667,4.0,8.0],"texture":"#3","tintindex":0},"down":{"uv":[2.33333,8.0,3.0,7.66667],"texture":"#3","tintindex":0}}},{"from":[4.0,-1.0,1.75],"to":[12.0,3.0,1.75],"rotation":{"angle":0.0,"axis":"y","origin":[8.0,1.0,1.75]},"faces":{"north":{"uv":[0.0,0.0,8.0,4.0],"texture":"#1"},"south":{"uv":[0.0,0.0,8.0,4.0],"texture":"#1"}}},{"from":[14.0,13.0,14.0],"to":[2.0,2.0,2.0],"rotation":{"angle":0.0,"axis":"y","origin":[7.0,-21.0,7.0]},"faces":{"north":{"uv":[0.0,0.0,4.0,3.66667],"texture":"#3"},"east":{"uv":[0.0,0.0,4.0,3.66667],"texture":"#3"},"south":{"uv":[0.0,0.0,4.0,3.66667],"texture":"#3"},"west":{"uv":[0.0,0.0,4.0,3.66667],"texture":"#3"},"up":{"uv":[0.0,3.66667,4.0,7.66667],"texture":"#3"},"down":{"uv":[4.0,0.0,8.0,4.0],"texture":"#3"}}},{"from":[3.0,2.0,2.0],"to":[13.0,11.0,2.0],"rotation":{"angle":0.0,"axis":"y","origin":[7.0,-21.0,7.0]},"faces":{"north":{"uv":[7.33333,4.0,10.66667,7.0],"texture":"#3"}}},{"from":[6.0,-3.0,1.75],"to":[10.0,5.0,1.75],"rotation":{"angle":-45.0,"axis":"z","origin":[8.0,1.0,1.75]},"faces":{"north":{"uv":[8.0,0.0,16.0,4.0],"texture":"#1","rotation":90},"south":{"uv":[8.0,0.0,16.0,4.0],"texture":"#1","rotation":270}}},{"from":[6.0,-3.0,1.75],"to":[10.0,5.0,1.75],"rotation":{"angle":0.0,"axis":"y","origin":[8.0,1.0,1.75]},"faces":{"north":{"uv":[0.0,5.0,8.0,9.0],"texture":"#1","rotation":90},"south":{"uv":[0.0,5.0,8.0,9.0],"texture":"#1","rotation":270}}},{"from":[6.0,-3.0,1.75],"to":[10.0,5.0,1.75],"rotation":{"angle":45.0,"axis":"z","origin":[8.0,1.0,1.75]},"faces":{"north":{"uv":[8.0,5.0,16.0,9.0],"texture":"#1","rotation":90},"south":{"uv":[8.0,5.0,16.0,9.0],"texture":"#1","rotation":270}}},{"from":[7.5,14.0,8.0],"to":[8.5,16.0,8.0],"rotation":{"angle":0.0,"axis":"y","origin":[6.0,-21.0,7.0]},"faces":{"north":{"uv":[3.0,11.66667,3.33333,12.0],"texture":"#3","tintindex":0},"south":{"uv":[3.0,11.66667,3.33333,12.0],"texture":"#3","tintindex":0}}}],"display":{"thirdperson_righthand":{"translation":[0.0,1.0,-1.0],"rotation":[63.0,34.0,0.0],"scale":[0.52539,0.52539,0.52539]},"thirdperson_lefthand":{"translation":[0.0,1.0,-1.0],"rotation":[63.0,34.0,0.0],"scale":[0.52539,0.52539,0.52539]},"firstperson_righthand":{"translation":[9.5,0.0,-5.75],"rotation":[3.0,112.0,-13.0],"scale":[0.41992,0.41992,0.41992]},"firstperson_lefthand":{"translation":[9.5,0.0,-5.75],"rotation":[3.0,112.0,-13.0],"scale":[0.41992,0.41992,0.41992]},"ground":{"translation":[0.0,4.25,0.0],"scale":[0.28906,0.28906,0.28906]},"gui":{"translation":[-0.25,0.75,0.0],"rotation":[-149.61,-31.92,-180.0],"scale":[0.72461,0.72461,0.72461]},"head":{"translation":[0.0,3.25,0.0],"scale":[1.63711,1.63711,1.63711]},"fixed":{"translation":[0.0,-3.25,-7.5]}},"credit":"Made with Blockbench","gui_light":"front"}