{"textures":{"0":"mcc:island_cosmetics/general/hat/star_scouter/star_scouter","particle":"mcc:island_cosmetics/general/hat/star_scouter/star_scouter"},"elements":[{"from":[3.0,3.0,2.0],"to":[7.0,7.0,6.0],"faces":{"north":{"uv":[0.0,0.0,2.0,4.0],"texture":"#0"},"east":{"uv":[4.0,0.0,2.0,4.0],"texture":"#0"},"south":{"uv":[6.0,0.0,4.0,4.0],"texture":"#0"},"west":{"uv":[2.0,0.0,4.0,4.0],"texture":"#0"},"up":{"uv":[2.0,0.0,4.0,1.0],"texture":"#0","rotation":90},"down":{"uv":[4.0,4.0,2.0,3.0],"texture":"#0","rotation":90}}},{"from":[2.8,2.8,1.8],"to":[7.2,7.2,3.2],"faces":{"east":{"uv":[6.0,0.0,6.5,4.0],"texture":"#0"},"south":{"uv":[6.5,2.0,7.0,3.0],"texture":"#0"},"west":{"uv":[6.0,0.0,6.5,4.0],"texture":"#0"},"up":{"uv":[6.0,0.0,6.5,1.0],"texture":"#0"},"down":{"uv":[6.0,3.0,6.5,4.0],"texture":"#0"}}},{"from":[9.0,3.0,2.0],"to":[13.0,7.0,6.0],"rotation":{"angle":0.0,"axis":"y","origin":[16.0,0.0,0.0]},"faces":{"north":{"uv":[0.0,0.0,2.0,4.0],"texture":"#0"},"east":{"uv":[4.0,0.0,2.0,4.0],"texture":"#0"},"south":{"uv":[4.0,0.0,6.0,4.0],"texture":"#0"},"west":{"uv":[2.0,0.0,4.0,4.0],"texture":"#0"},"up":{"uv":[2.0,1.0,4.0,0.0],"texture":"#0","rotation":90},"down":{"uv":[4.0,3.0,2.0,4.0],"texture":"#0","rotation":90}}},{"from":[7.0,4.0,3.0],"to":[9.0,7.0,5.0],"faces":{"north":{"uv":[0.0,4.0,1.0,7.0],"texture":"#0","tintindex":0},"east":{"uv":[0.0,4.0,0.5,7.0],"texture":"#0","tintindex":0},"south":{"uv":[0.0,4.0,1.0,7.0],"texture":"#0","tintindex":0},"west":{"uv":[0.0,4.0,0.5,7.0],"texture":"#0","tintindex":0},"up":{"uv":[0.0,4.0,1.0,5.0],"texture":"#0","tintindex":0},"down":{"uv":[0.0,6.0,1.0,7.0],"texture":"#0","tintindex":0}}},{"from":[2.0,3.0,7.0],"to":[4.0,7.0,11.0],"rotation":{"angle":0.0,"axis":"y","origin":[16.0,0.0,0.0]},"faces":{"north":{"uv":[7.0,4.0,6.0,8.0],"texture":"#0"},"east":{"uv":[6.5,4.0,7.0,8.0],"texture":"#0"},"south":{"uv":[6.0,4.0,7.0,8.0],"texture":"#0"},"west":{"uv":[4.0,4.0,6.0,8.0],"texture":"#0"},"up":{"uv":[4.0,8.0,6.0,10.0],"texture":"#0","rotation":90},"down":{"uv":[6.0,8.0,8.0,10.0],"texture":"#0","rotation":90}}},{"from":[2.0,3.0,7.0],"to":[4.0,7.0,11.0],"rotation":{"angle":0.0,"axis":"y","origin":[16.0,0.0,0.0]},"faces":{"west":{"uv":[7.0,4.0,9.0,8.0],"texture":"#0","tintindex":0}}},{"from":[3.8,3.3,5.8],"to":[12.2,6.7,12.2],"rotation":{"angle":0.0,"axis":"y","origin":[16.0,0.0,0.0]},"faces":{"east":{"uv":[1.0,4.0,4.0,7.0],"texture":"#0","tintindex":0},"south":{"uv":[0.0,7.0,4.0,10.0],"texture":"#0","tintindex":0},"west":{"uv":[4.0,4.0,1.0,7.0],"texture":"#0","tintindex":0}}},{"from":[3.0,7.0,7.5],"to":[3.0,14.0,10.5],"rotation":{"angle":0.0,"axis":"y","origin":[16.0,0.0,0.0]},"faces":{"east":{"uv":[10.5,0.0,9.0,7.0],"texture":"#0"},"west":{"uv":[9.0,0.0,10.5,7.0],"texture":"#0"}}},{"from":[7.2,7.2,3.2],"to":[2.8,2.8,1.8],"faces":{"north":{"uv":[2.5,3.0,3.0,2.0],"texture":"#0"},"east":{"uv":[2.5,3.0,3.0,2.0],"texture":"#0"},"west":{"uv":[2.5,3.0,3.0,2.0],"texture":"#0"},"up":{"uv":[2.5,3.0,3.0,2.0],"texture":"#0"},"down":{"uv":[2.5,3.0,3.0,2.0],"texture":"#0"}}},{"from":[3.0,7.0,7.5],"to":[3.0,14.0,10.5],"rotation":{"angle":0.0,"axis":"y","origin":[16.0,0.0,0.0]},"faces":{"east":{"uv":[12.0,0.0,10.5,7.0],"texture":"#0","tintindex":0},"west":{"uv":[10.5,0.0,12.0,7.0],"texture":"#0","tintindex":0}}},{"from":[8.8,2.8,1.8],"to":[13.2,7.2,3.2],"faces":{"east":{"uv":[6.0,0.0,6.5,4.0],"texture":"#0"},"south":{"uv":[6.5,2.0,7.0,3.0],"texture":"#0"},"west":{"uv":[6.0,0.0,6.5,4.0],"texture":"#0"},"up":{"uv":[6.0,0.0,6.5,1.0],"texture":"#0"},"down":{"uv":[6.0,3.0,6.5,4.0],"texture":"#0"}}},{"from":[13.2,7.2,3.2],"to":[8.8,2.8,1.8],"faces":{"north":{"uv":[2.5,3.0,3.0,2.0],"texture":"#0"},"east":{"uv":[2.5,3.0,3.0,2.0],"texture":"#0"},"west":{"uv":[2.5,3.0,3.0,2.0],"texture":"#0"},"up":{"uv":[2.5,3.0,3.0,2.0],"texture":"#0"},"down":{"uv":[2.5,3.0,3.0,2.0],"texture":"#0"}}},{"from":[12.2,6.7,12.2],"to":[3.8,3.3,5.8],"rotation":{"angle":0.0,"axis":"y","origin":[16.0,0.0,0.0]},"faces":{"north":{"uv":[0.0,10.0,4.0,7.0],"texture":"#0","tintindex":0},"east":{"uv":[4.0,7.0,1.0,4.0],"texture":"#0","tintindex":0},"west":{"uv":[1.0,7.0,4.0,4.0],"texture":"#0","tintindex":0}}}],"display":{"thirdperson_righthand":{"translation":[0.0,1.0,-1.0],"rotation":[63.0,34.0,0.0],"scale":[0.52539,0.52539,0.52539]},"thirdperson_lefthand":{"translation":[0.0,1.0,-1.0],"rotation":[63.0,34.0,0.0],"scale":[0.52539,0.52539,0.52539]},"firstperson_righthand":{"translation":[9.5,0.0,-5.75],"rotation":[3.0,112.0,-13.0],"scale":[0.41992,0.41992,0.41992]},"firstperson_lefthand":{"translation":[9.5,0.0,-5.75],"rotation":[3.0,112.0,-13.0],"scale":[0.41992,0.41992,0.41992]},"ground":{"translation":[0.0,4.25,0.0],"scale":[0.28906,0.28906,0.28906]},"gui":{"translation":[-1.25,0.75,0.0],"rotation":[-149.61,-31.92,-180.0],"scale":[0.98633,0.98633,0.98633]},"head":{"translation":[0.0,4.25,0.0],"scale":[1.76993,1.76993,1.76993]},"fixed":{"translation":[0.0,-3.25,-7.5]}},"credit":"Made with Blockbench","gui_light":"front"}