{"textures":{"0":"mcc:island_cosmetics/general/hat/torchhead/torchhead","1":"mcc:island_cosmetics/general/hat/torchhead/torchhead_anim","4":"mcc:island_cosmetics/general/hat/torchhead/torchhead_embers","particle":"mcc:island_cosmetics/general/hat/torchhead/torchhead"},"elements":[{"from":[3.0,0.5,3.0],"to":[13.0,7.5,13.0],"rotation":{"angle":0.0,"axis":"y","origin":[8.0,32.75,5.75]},"faces":{"north":{"uv":[0.0,5.0,3.33333,7.33333],"texture":"#0"},"east":{"uv":[3.33333,5.0,6.66667,7.33333],"texture":"#0"},"south":{"uv":[3.33333,5.0,6.66667,7.33333],"texture":"#0"},"west":{"uv":[3.33333,5.0,6.66667,7.33333],"texture":"#0"},"down":{"uv":[0.0,7.33333,3.33333,10.66667],"texture":"#0"}}},{"from":[2.0,11.5,2.0],"to":[14.0,11.5,14.0],"rotation":{"angle":0.0,"axis":"y","origin":[8.0,32.75,5.75]},"faces":{"north":{"uv":[3.33333,7.66667,6.66667,7.66667],"texture":"#0"},"east":{"uv":[3.33333,0.0,6.66667,3.66667],"texture":"#0"},"south":{"uv":[3.33333,0.0,6.66667,3.66667],"texture":"#0"},"west":{"uv":[3.33333,0.0,6.66667,3.66667],"texture":"#0"},"up":{"uv":[8.0,0.0,12.0,4.0],"texture":"#0"}}},{"from":[3.0,1.5,3.5],"to":[13.0,11.5,3.5],"rotation":{"angle":0.0,"axis":"y","origin":[8.0,32.75,5.75]},"faces":{"north":{"uv":[6.66667,7.33333,9.66667,10.66667],"texture":"#0"},"east":{"uv":[3.33333,0.0,6.66667,3.66667],"texture":"#0"},"south":{"uv":[3.33333,0.0,6.66667,3.66667],"texture":"#0"},"west":{"uv":[3.33333,0.0,6.66667,3.66667],"texture":"#0"},"down":{"uv":[0.0,3.66667,3.33333,7.0],"texture":"#0"}}},{"from":[2.0,6.5,2.0],"to":[14.0,13.5,14.0],"rotation":{"angle":0.0,"axis":"y","origin":[8.0,32.75,5.75]},"faces":{"north":{"uv":[0.0,2.66667,4.0,5.0],"texture":"#0"},"east":{"uv":[0.0,2.66667,4.0,5.0],"texture":"#0"},"south":{"uv":[0.0,2.66667,4.0,5.0],"texture":"#0"},"west":{"uv":[0.0,2.66667,4.0,5.0],"texture":"#0"},"down":{"uv":[0.0,10.66667,4.0,14.66667],"texture":"#0"}}},{"from":[13.0,7.5,13.0],"to":[3.0,0.5,3.0],"rotation":{"angle":0.0,"axis":"y","origin":[8.0,32.75,5.75]},"faces":{"north":{"uv":[3.33333,7.33333,6.66667,5.0],"texture":"#0"},"east":{"uv":[3.33333,7.33333,6.66667,5.0],"texture":"#0"},"south":{"uv":[0.0,7.33333,3.33333,5.0],"texture":"#0"},"west":{"uv":[3.33333,7.33333,6.66667,5.0],"texture":"#0"},"up":{"uv":[3.33333,7.33333,0.0,10.66667],"texture":"#0"}}},{"from":[14.0,13.5,14.0],"to":[2.0,7.5,2.0],"rotation":{"angle":0.0,"axis":"y","origin":[8.0,32.75,5.75]},"faces":{"north":{"uv":[0.0,4.66667,4.0,2.66667],"texture":"#0"},"east":{"uv":[0.0,4.66667,4.0,2.66667],"texture":"#0"},"south":{"uv":[0.0,4.66667,4.0,2.66667],"texture":"#0"},"west":{"uv":[0.0,4.66667,4.0,2.66667],"texture":"#0"},"up":{"uv":[3.33333,3.66667,0.0,7.0],"texture":"#0"}}},{"from":[2.12,11.13,8.0],"to":[13.88,23.87,8.0],"rotation":{"angle":0.0,"axis":"y","origin":[8.0,32.75,5.75]},"faces":{"north":{"uv":[0.0,1.0,12.0,14.0],"texture":"#1"},"south":{"uv":[0.0,1.0,12.0,14.0],"texture":"#1"}}},{"from":[8.0,11.13,2.12],"to":[8.0,23.87,13.88],"rotation":{"angle":0.0,"axis":"y","origin":[8.0,32.75,5.75]},"faces":{"east":{"uv":[0.0,1.0,12.0,14.0],"texture":"#1"},"west":{"uv":[0.0,1.0,12.0,14.0],"texture":"#1"}}},{"from":[14.5,17.0,7.0],"to":[21.5,20.0,7.0],"rotation":{"angle":0.0,"axis":"y","origin":[17.5,22.0,7.5]},"faces":{"north":{"uv":[0.0,1.0,7.0,4.0],"texture":"#4"},"east":{"uv":[11.625,1.625,11.75,1.75],"texture":"#4"},"south":{"uv":[7.0,1.0,0.0,4.0],"texture":"#4"},"west":{"uv":[11.625,1.625,11.75,1.75],"texture":"#4"},"up":{"uv":[11.625,1.625,11.75,1.75],"texture":"#4"},"down":{"uv":[11.625,1.625,11.75,1.75],"texture":"#4"}}},{"from":[-7.5,18.0,6.0],"to":[-0.5,21.0,6.0],"rotation":{"angle":0.0,"axis":"y","origin":[3.5,11.0,3.5]},"faces":{"north":{"uv":[16.0,1.0,9.0,4.0],"texture":"#4"},"east":{"uv":[11.75,1.625,11.625,1.75],"texture":"#4"},"south":{"uv":[1.0,5.0,8.0,8.0],"texture":"#4"},"west":{"uv":[11.75,1.625,11.625,1.75],"texture":"#4"},"up":{"uv":[11.75,1.625,11.625,1.75],"texture":"#4"},"down":{"uv":[11.75,1.625,11.625,1.75],"texture":"#4"}}},{"from":[-8.5,12.0,4.0],"to":[-1.5,15.0,4.0],"rotation":{"angle":-45.0,"axis":"y","origin":[1.0,15.5,8.0]},"faces":{"north":{"uv":[16.0,1.0,9.0,4.0],"texture":"#4"},"east":{"uv":[11.75,1.625,11.625,1.75],"texture":"#4"},"south":{"uv":[9.0,1.0,16.0,4.0],"texture":"#4"},"west":{"uv":[11.75,1.625,11.625,1.75],"texture":"#4"},"up":{"uv":[11.75,1.625,11.625,1.75],"texture":"#4"},"down":{"uv":[11.75,1.625,11.625,1.75],"texture":"#4"}}},{"from":[17.5,12.0,18.0],"to":[24.5,15.0,18.0],"rotation":{"angle":-45.0,"axis":"y","origin":[21.0,34.5,12.0]},"faces":{"north":{"uv":[9.0,5.0,16.0,8.0],"texture":"#4"},"east":{"uv":[11.625,1.625,11.75,1.75],"texture":"#4"},"south":{"uv":[16.0,5.0,9.0,8.0],"texture":"#4"},"west":{"uv":[11.625,1.625,11.75,1.75],"texture":"#4"},"up":{"uv":[11.625,1.625,11.75,1.75],"texture":"#4"},"down":{"uv":[11.625,1.625,11.75,1.75],"texture":"#4"}}}],"display":{"gui":{"rotation":[-154.86,-32.04,175.65],"scale":[0.72265,0.72265,0.72265]},"head":{"translation":[0.0,4.75,0.0],"scale":[1.62148,1.62148,1.62148]}},"credit":"Made with Blockbench","gui_light":"front"}