{"textures":{"1":"mcc:island_cosmetics/general/hat/blowdart/blowdart"},"elements":[{"from":[9.2,5.2,14.2],"to":[6.8,2.8,11.8],"rotation":{"angle":0.0,"axis":"y","origin":[8.0,25.0,1.0]},"faces":{"east":{"uv":[2.00005,6.0,1.0,7.0],"texture":"#1","rotation":90},"west":{"uv":[2.00005,6.0,1.0,7.0],"texture":"#1","rotation":90},"up":{"uv":[1.0,7.0,2.00005,6.0],"texture":"#1","rotation":90},"down":{"uv":[1.0,7.0,2.00005,6.0],"texture":"#1","rotation":90}}},{"from":[6.8,2.8,11.8],"to":[9.2,5.2,14.2],"rotation":{"angle":0.0,"axis":"y","origin":[8.0,25.0,1.0]},"faces":{"east":{"uv":[1.0,6.0,2.00005,7.0],"texture":"#1","rotation":90},"west":{"uv":[1.0,6.0,2.00005,7.0],"texture":"#1","rotation":90},"up":{"uv":[1.0,6.0,2.00005,7.0],"texture":"#1","rotation":90},"down":{"uv":[1.0,6.0,2.00005,7.0],"texture":"#1","rotation":90}}},{"from":[7.0,3.0,9.0],"to":[9.0,5.0,17.0],"rotation":{"angle":0.0,"axis":"y","origin":[8.0,25.0,1.0]},"faces":{"north":{"uv":[0.0,6.0,1.0,7.00005],"texture":"#1"},"east":{"uv":[0.0,7.0,4.0,8.0],"texture":"#1"},"south":{"uv":[0.0,6.0,1.0,7.00005],"texture":"#1"},"west":{"uv":[0.0,7.0,4.0,8.0],"texture":"#1"},"up":{"uv":[0.0,7.0,4.0,8.0],"texture":"#1","rotation":90},"down":{"uv":[0.0,7.0,4.0,8.0],"texture":"#1","rotation":90}}},{"from":[7.3,3.3,7.3],"to":[8.7,4.7,11.7],"rotation":{"angle":0.0,"axis":"y","origin":[-1.0,15.5,8.0]},"faces":{"north":{"uv":[2.0,2.0,2.5,2.5],"texture":"#1","tintindex":0,"rotation":180},"east":{"uv":[2.0,0.0,3.0,2.5],"texture":"#1","tintindex":0,"rotation":270},"south":{"uv":[2.0,0.0,2.5,0.5],"texture":"#1","tintindex":0},"west":{"uv":[2.0,0.0,3.0,2.5],"texture":"#1","tintindex":0,"rotation":90},"up":{"uv":[2.0,0.0,3.0,2.5],"texture":"#1","tintindex":0,"rotation":180},"down":{"uv":[2.0,0.0,3.0,2.5],"texture":"#1","tintindex":0}}},{"from":[8.0,3.5,4.0],"to":[8.0,4.5,8.0],"rotation":{"angle":0.0,"axis":"y","origin":[-1.0,15.5,8.0]},"faces":{"north":{"uv":[0.0,0.0,0.0,0.5],"texture":"#1","rotation":180},"east":{"uv":[4.0,0.0,4.5,2.0],"texture":"#1","rotation":270},"south":{"uv":[0.0,0.0,0.0,0.5],"texture":"#1"},"west":{"uv":[4.0,0.0,4.5,2.0],"texture":"#1","rotation":90},"up":{"uv":[0.0,0.0,0.0,2.0],"texture":"#1","rotation":180},"down":{"uv":[0.0,0.0,0.0,2.0],"texture":"#1"}}},{"from":[9.0,5.0,12.0],"to":[7.0,3.0,7.0],"rotation":{"angle":0.0,"axis":"y","origin":[-1.0,15.5,8.0]},"faces":{"north":{"uv":[3.0,0.0,4.0,1.0],"texture":"#1","rotation":180},"east":{"uv":[3.0,0.0,4.0,2.5],"texture":"#1","rotation":270},"south":{"uv":[3.0,0.0,4.0,1.0],"texture":"#1"},"west":{"uv":[3.0,0.0,4.0,2.5],"texture":"#1","rotation":90},"up":{"uv":[3.0,0.0,4.0,2.5],"texture":"#1","rotation":180},"down":{"uv":[3.0,0.0,4.0,2.5],"texture":"#1"}}},{"from":[7.3,3.3,3.3],"to":[8.7,4.7,7.7],"rotation":{"angle":0.0,"axis":"y","origin":[-1.0,15.5,8.0]},"faces":{"north":{"uv":[7.0,0.0,8.0,0.5],"texture":"#1","tintindex":0,"rotation":180},"east":{"uv":[7.0,0.0,8.0,2.5],"texture":"#1","tintindex":0,"rotation":270},"south":{"uv":[7.0,0.0,8.0,0.5],"texture":"#1","tintindex":0,"rotation":180},"west":{"uv":[7.0,0.0,8.0,2.5],"texture":"#1","tintindex":0,"rotation":270},"up":{"uv":[7.0,0.0,8.0,2.5],"texture":"#1","tintindex":0,"rotation":180},"down":{"uv":[7.0,0.0,8.0,2.5],"texture":"#1","tintindex":0,"rotation":180}}},{"from":[6.0,4.0,6.0],"to":[10.0,4.0,10.0],"rotation":{"angle":0.0,"axis":"y","origin":[-1.0,15.5,8.0]},"faces":{"north":{"uv":[0.0,0.0,4.0,0.0],"texture":"#1","rotation":180},"east":{"uv":[5.0,0.0,5.0,4.0],"texture":"#1","rotation":270},"south":{"uv":[0.0,0.0,4.0,0.0],"texture":"#1"},"west":{"uv":[0.0,0.0,0.0,4.0],"texture":"#1","rotation":90},"up":{"uv":[5.0,2.5,7.0,4.5],"texture":"#1","rotation":180},"down":{"uv":[5.0,2.5,7.0,4.5],"texture":"#1","rotation":180}}},{"from":[8.0,2.0,6.0],"to":[8.0,6.0,10.0],"rotation":{"angle":0.0,"axis":"y","origin":[-1.0,15.5,8.0]},"faces":{"north":{"uv":[0.0,0.0,2.0,0.0],"texture":"#1","rotation":90},"east":{"uv":[5.0,2.5,7.0,4.5],"texture":"#1","rotation":270},"south":{"uv":[0.0,0.0,2.0,0.0],"texture":"#1","rotation":90},"west":{"uv":[5.0,2.5,7.0,4.5],"texture":"#1","rotation":270},"up":{"uv":[0.0,0.0,0.0,2.0],"texture":"#1","rotation":180},"down":{"uv":[0.0,0.0,0.0,2.0],"texture":"#1"}}},{"from":[8.0,3.5,0.0],"to":[8.0,4.5,4.0],"rotation":{"angle":0.0,"axis":"y","origin":[-1.0,15.5,8.0]},"faces":{"north":{"uv":[0.0,0.0,0.0,0.5],"texture":"#1","rotation":180},"east":{"uv":[9.0,0.0,9.5,2.0],"texture":"#1","rotation":270},"south":{"uv":[0.0,0.0,0.0,0.5],"texture":"#1"},"west":{"uv":[9.5,2.0,9.0,0.0],"texture":"#1","rotation":270},"up":{"uv":[0.0,0.0,0.0,2.0],"texture":"#1","rotation":180},"down":{"uv":[0.0,0.0,0.0,2.0],"texture":"#1"}}},{"from":[9.0,5.0,8.0],"to":[7.0,3.0,3.0],"rotation":{"angle":0.0,"axis":"y","origin":[-1.0,15.5,8.0]},"faces":{"north":{"uv":[8.0,0.0,9.0,2.5],"texture":"#1","rotation":270},"east":{"uv":[8.0,0.0,9.0,2.5],"texture":"#1","rotation":270},"south":{"uv":[8.0,0.0,9.0,2.5],"texture":"#1","rotation":270},"west":{"uv":[8.0,0.0,9.0,2.5],"texture":"#1","rotation":270},"up":{"uv":[8.0,0.0,9.0,2.5],"texture":"#1","rotation":270},"down":{"uv":[8.0,0.0,9.0,2.5],"texture":"#1","rotation":270}}},{"from":[7.3,3.3,-0.7],"to":[8.7,4.7,3.7],"rotation":{"angle":0.0,"axis":"y","origin":[-1.0,15.5,8.0]},"faces":{"north":{"uv":[7.0,5.0,8.0,5.5],"texture":"#1","tintindex":0,"rotation":180},"east":{"uv":[7.0,5.0,8.0,7.5],"texture":"#1","tintindex":0,"rotation":270},"south":{"uv":[7.0,5.0,8.0,5.5],"texture":"#1","tintindex":0,"rotation":180},"west":{"uv":[7.0,5.0,8.0,7.5],"texture":"#1","tintindex":0,"rotation":270},"up":{"uv":[7.0,5.0,8.0,7.5],"texture":"#1","tintindex":0,"rotation":180},"down":{"uv":[7.0,5.0,8.0,7.5],"texture":"#1","tintindex":0,"rotation":180}}},{"from":[6.0,4.0,2.0],"to":[10.0,4.0,6.0],"rotation":{"angle":0.0,"axis":"y","origin":[-1.0,15.5,8.0]},"faces":{"north":{"uv":[0.0,5.0,4.0,5.0],"texture":"#1","rotation":180},"east":{"uv":[5.0,5.0,5.0,9.0],"texture":"#1","rotation":270},"south":{"uv":[0.0,5.0,4.0,5.0],"texture":"#1"},"west":{"uv":[0.0,5.0,0.0,9.0],"texture":"#1","rotation":90},"up":{"uv":[5.0,7.5,7.0,9.5],"texture":"#1","rotation":180},"down":{"uv":[5.0,7.5,7.0,9.5],"texture":"#1","rotation":180}}},{"from":[8.0,2.0,2.0],"to":[8.0,6.0,6.0],"rotation":{"angle":0.0,"axis":"y","origin":[-1.0,15.5,8.0]},"faces":{"north":{"uv":[0.0,5.0,2.0,5.0],"texture":"#1","rotation":90},"east":{"uv":[5.0,7.5,7.0,9.5],"texture":"#1","rotation":270},"south":{"uv":[0.0,5.0,2.0,5.0],"texture":"#1","rotation":90},"west":{"uv":[5.0,7.5,7.0,9.5],"texture":"#1","rotation":270},"up":{"uv":[0.0,5.0,0.0,7.0],"texture":"#1","rotation":180},"down":{"uv":[0.0,5.0,0.0,7.0],"texture":"#1"}}},{"from":[8.0,3.5,-4.0],"to":[8.0,4.5,0.0],"rotation":{"angle":0.0,"axis":"y","origin":[-1.0,15.5,8.0]},"faces":{"north":{"uv":[0.0,5.0,0.0,5.5],"texture":"#1","rotation":180},"east":{"uv":[9.0,5.0,9.5,7.0],"texture":"#1","rotation":270},"south":{"uv":[0.0,5.0,0.0,5.5],"texture":"#1"},"west":{"uv":[9.5,7.0,9.0,5.0],"texture":"#1","rotation":270},"up":{"uv":[0.0,5.0,0.0,7.0],"texture":"#1","rotation":180},"down":{"uv":[0.0,5.0,0.0,7.0],"texture":"#1"}}},{"from":[9.0,5.0,4.0],"to":[7.0,3.0,-1.0],"rotation":{"angle":0.0,"axis":"y","origin":[-1.0,15.5,8.0]},"faces":{"north":{"uv":[8.0,5.0,9.0,7.5],"texture":"#1","rotation":270},"east":{"uv":[8.0,5.0,9.0,7.5],"texture":"#1","rotation":270},"south":{"uv":[8.0,5.0,9.0,7.5],"texture":"#1","rotation":270},"west":{"uv":[8.0,5.0,9.0,7.5],"texture":"#1","rotation":270},"up":{"uv":[8.0,5.0,9.0,7.5],"texture":"#1","rotation":270},"down":{"uv":[8.0,5.0,9.0,7.5],"texture":"#1","rotation":270}}},{"from":[7.3,3.3,-4.0],"to":[8.7,4.7,0.4],"rotation":{"angle":0.0,"axis":"y","origin":[-1.0,15.5,8.0]},"faces":{"north":{"uv":[2.0,8.5,3.0,9.0],"texture":"#1","tintindex":0,"rotation":180},"east":{"uv":[2.0,8.5,3.0,11.0],"texture":"#1","tintindex":0,"rotation":270},"south":{"uv":[2.0,8.5,3.0,9.0],"texture":"#1","tintindex":0,"rotation":180},"west":{"uv":[2.0,8.5,3.0,11.0],"texture":"#1","tintindex":0,"rotation":270},"up":{"uv":[2.0,8.5,3.0,11.0],"texture":"#1","tintindex":0,"rotation":180},"down":{"uv":[2.0,8.5,3.0,11.0],"texture":"#1","tintindex":0,"rotation":180}}},{"from":[6.0,4.0,-2.0],"to":[10.0,4.0,2.0],"rotation":{"angle":0.0,"axis":"y","origin":[-1.0,15.5,8.0]},"faces":{"north":{"uv":[0.0,8.5,4.0,8.5],"texture":"#1","rotation":180},"east":{"uv":[5.0,8.5,5.0,12.5],"texture":"#1","rotation":270},"south":{"uv":[0.0,8.5,4.0,8.5],"texture":"#1"},"west":{"uv":[0.0,8.5,0.0,12.5],"texture":"#1","rotation":90},"up":{"uv":[0.0,11.0,2.0,13.0],"texture":"#1","rotation":180},"down":{"uv":[0.0,11.0,2.0,13.0],"texture":"#1","rotation":180}}},{"from":[8.0,2.0,-2.0],"to":[8.0,6.0,2.0],"rotation":{"angle":0.0,"axis":"y","origin":[-1.0,15.5,8.0]},"faces":{"north":{"uv":[0.0,8.5,2.0,8.5],"texture":"#1","rotation":90},"east":{"uv":[0.0,11.0,2.0,13.0],"texture":"#1","rotation":270},"south":{"uv":[0.0,8.5,2.0,8.5],"texture":"#1","rotation":90},"west":{"uv":[0.0,11.0,2.0,13.0],"texture":"#1","rotation":270},"up":{"uv":[0.0,8.5,0.0,10.5],"texture":"#1","rotation":180},"down":{"uv":[0.0,8.5,0.0,10.5],"texture":"#1"}}},{"from":[8.0,3.5,-4.0],"to":[8.0,4.5,0.0],"rotation":{"angle":0.0,"axis":"y","origin":[-1.0,15.5,8.0]},"faces":{"north":{"uv":[0.0,8.5,0.0,9.0],"texture":"#1","rotation":180},"east":{"uv":[4.0,8.5,4.5,10.5],"texture":"#1","rotation":270},"south":{"uv":[0.0,8.5,0.0,9.0],"texture":"#1"},"west":{"uv":[4.5,10.5,4.0,8.5],"texture":"#1","rotation":270},"up":{"uv":[0.0,8.5,0.0,10.5],"texture":"#1","rotation":180},"down":{"uv":[0.0,8.5,0.0,10.5],"texture":"#1"}}},{"from":[9.0,5.0,0.0],"to":[7.0,3.0,-5.0],"rotation":{"angle":0.0,"axis":"y","origin":[-1.0,15.5,8.0]},"faces":{"north":{"uv":[3.0,8.5,4.0,11.0],"texture":"#1","rotation":270},"east":{"uv":[3.0,8.5,4.0,11.0],"texture":"#1","rotation":270},"south":{"uv":[3.0,8.5,4.0,11.0],"texture":"#1","rotation":270},"west":{"uv":[3.0,8.5,4.0,11.0],"texture":"#1","rotation":270},"up":{"uv":[3.0,8.5,4.0,11.0],"texture":"#1","rotation":270},"down":{"uv":[3.0,8.5,4.0,11.0],"texture":"#1","rotation":270}}},{"from":[7.3,3.3,-4.0],"to":[8.7,4.7,0.4],"rotation":{"angle":0.0,"axis":"y","origin":[-1.0,15.5,8.0]},"faces":{"north":{"uv":[12.5,11.0,13.5,11.5],"texture":"#1","tintindex":0,"rotation":180},"east":{"uv":[12.5,11.0,13.5,13.5],"texture":"#1","tintindex":0,"rotation":270},"south":{"uv":[12.5,11.0,13.5,11.5],"texture":"#1","tintindex":0,"rotation":180},"west":{"uv":[12.5,11.0,13.5,13.5],"texture":"#1","tintindex":0,"rotation":270},"up":{"uv":[12.5,11.0,13.5,13.5],"texture":"#1","tintindex":0,"rotation":180},"down":{"uv":[12.5,11.0,13.5,13.5],"texture":"#1","tintindex":0,"rotation":180}}},{"from":[6.0,4.0,-4.0],"to":[10.0,4.0,0.0],"rotation":{"angle":0.0,"axis":"y","origin":[-1.0,15.5,8.0]},"faces":{"north":{"uv":[10.5,11.0,14.5,11.0],"texture":"#1","rotation":180},"east":{"uv":[15.5,11.0,15.5,15.0],"texture":"#1","rotation":270},"south":{"uv":[10.5,11.0,14.5,11.0],"texture":"#1"},"west":{"uv":[10.5,11.0,10.5,15.0],"texture":"#1","rotation":90},"up":{"uv":[10.5,13.5,12.5,15.5],"texture":"#1","rotation":180},"down":{"uv":[10.5,13.5,12.5,15.5],"texture":"#1","rotation":180}}},{"from":[8.0,2.0,-4.0],"to":[8.0,6.0,0.0],"rotation":{"angle":0.0,"axis":"y","origin":[-1.0,15.5,8.0]},"faces":{"north":{"uv":[10.5,11.0,12.5,11.0],"texture":"#1","rotation":90},"east":{"uv":[10.5,13.5,12.5,15.5],"texture":"#1","rotation":270},"south":{"uv":[10.5,11.0,12.5,11.0],"texture":"#1","rotation":90},"west":{"uv":[10.5,13.5,12.5,15.5],"texture":"#1","rotation":270},"up":{"uv":[10.5,11.0,10.5,13.0],"texture":"#1","rotation":180},"down":{"uv":[10.5,11.0,10.5,13.0],"texture":"#1"}}},{"from":[8.0,3.5,-4.0],"to":[8.0,4.5,0.0],"rotation":{"angle":0.0,"axis":"y","origin":[-1.0,15.5,8.0]},"faces":{"north":{"uv":[10.5,11.0,10.5,11.5],"texture":"#1","rotation":180},"east":{"uv":[14.5,11.0,15.0,13.0],"texture":"#1","rotation":270},"south":{"uv":[10.5,11.0,10.5,11.5],"texture":"#1"},"west":{"uv":[15.0,13.0,14.5,11.0],"texture":"#1","rotation":270},"up":{"uv":[10.5,11.0,10.5,13.0],"texture":"#1","rotation":180},"down":{"uv":[10.5,11.0,10.5,13.0],"texture":"#1"}}},{"from":[9.0,5.0,-4.0],"to":[7.0,3.0,-9.0],"rotation":{"angle":0.0,"axis":"y","origin":[-1.0,15.5,8.0]},"faces":{"north":{"uv":[13.5,11.0,14.5,13.5],"texture":"#1","rotation":270},"east":{"uv":[13.5,11.0,14.5,13.5],"texture":"#1","rotation":270},"south":{"uv":[13.5,11.0,14.5,13.5],"texture":"#1","rotation":270},"west":{"uv":[13.5,11.0,14.5,13.5],"texture":"#1","rotation":270},"up":{"uv":[13.5,11.0,14.5,13.5],"texture":"#1","rotation":270},"down":{"uv":[13.5,11.0,14.5,13.5],"texture":"#1","rotation":270}}}],"display":{"thirdperson_righthand":{"translation":[-0.25,4.5,-3.5]},"thirdperson_lefthand":{"translation":[-0.25,4.5,-3.5]},"firstperson_righthand":{"translation":[0.0,7.0,0.0]},"firstperson_lefthand":{"translation":[0.0,7.0,0.0]},"ground":{"translation":[0.0,1.75,-3.5]},"gui":{"translation":[0.0,4.5,0.0],"rotation":[-143.18,31.03,171.32]},"head":{"translation":[0.0,2.25,-20.75],"scale":[1.6,1.6,1.6]},"fixed":{"translation":[0.0,0.0,-13.5],"scale":[1.6,1.6,1.6]}},"credit":"Made with Blockbench"}