{"textures":{"1":"mcc:island_cosmetics/general/hat/mobster_hat/mobster_hat"},"elements":[{"from":[0.0,1.0,0.0],"to":[16.0,1.0,16.0],"rotation":{"angle":0.0,"axis":"y","origin":[8.0,0.75,8.0]},"faces":{"up":{"uv":[0.0,0.0,8.0,8.0],"texture":"#1"},"down":{"uv":[0.0,0.0,8.0,8.0],"texture":"#1"}}},{"from":[3.99,0.99,3.99],"to":[12.01,5.01,12.01],"rotation":{"angle":0.0,"axis":"y","origin":[8.0,3.5,8.0]},"faces":{"north":{"uv":[8.0,0.0,12.0,2.0],"texture":"#1"},"east":{"uv":[8.0,0.0,12.0,2.0],"texture":"#1"},"south":{"uv":[8.0,0.0,12.0,2.0],"texture":"#1"},"west":{"uv":[8.0,0.0,12.0,2.0],"texture":"#1"},"up":{"uv":[8.0,4.5,12.0,8.5],"texture":"#1"},"down":{"uv":[12.0,4.5,16.0,8.5],"texture":"#1"}}},{"from":[3.9,1.15,3.9],"to":[12.1,2.35,12.1],"rotation":{"angle":0.0,"axis":"y","origin":[8.01,2.76,8.01]},"faces":{"north":{"uv":[12.0,4.0,16.0,4.5],"texture":"#1","tintindex":0},"east":{"uv":[12.0,4.0,16.0,4.5],"texture":"#1","tintindex":0},"south":{"uv":[12.0,4.0,16.0,4.5],"texture":"#1","tintindex":0},"west":{"uv":[12.0,4.0,16.0,4.5],"texture":"#1","tintindex":0}}}],"display":{"thirdperson_righthand":{"rotation":[64.25,0.0,0.0],"scale":[0.44336,0.44336,0.44336]},"thirdperson_lefthand":{"rotation":[64.25,0.0,0.0],"scale":[0.44336,0.44336,0.44336]},"firstperson_righthand":{"scale":[0.0,0.0,0.0]},"firstperson_lefthand":{"scale":[0.0,0.0,0.0]},"ground":{"translation":[0.0,4.25,0.0],"scale":[0.43945,0.43945,0.43945]},"gui":{"translation":[0.0,4.0,0.0],"rotation":[-149.61,-31.92,-180.0],"scale":[0.82226,0.82226,0.82226]},"head":{"translation":[0.0,15.0,1.0],"rotation":[4.75,0.0,0.0],"scale":[1.88125,1.88125,1.88125]}},"credit":"Made with Blockbench","gui_light":"front"}