{"textures":{"1":"mcc:island_cosmetics/head/head_4","2":"mcc:island_cosmetics/head_variant/head_7_extra","3":"mcc:island_cosmetics/head_variant/oni_petals","particle":"mcc:island_cosmetics/head/head_7"},"credit":"Made with Blockbench","texture_size":[32.0,32.0],"elements":[{"from":[3.5,4.0,3.25],"to":[12.5,6.0,13.25],"rotation":{"angle":0.0,"axis":"y","origin":[8.34776,5.73123,9.0]},"faces":{"north":{"uv":[13.375,2.25,13.5,2.375],"texture":"#1"},"east":{"uv":[14.0,3.875,12.875,4.125],"texture":"#1"},"south":{"uv":[12.875,4.125,14.0,4.375],"texture":"#1"},"west":{"uv":[14.125,3.875,12.875,4.125],"texture":"#1"},"up":{"uv":[13.375,2.25,13.5,2.375],"texture":"#1"},"down":{"uv":[13.375,2.25,13.5,2.375],"texture":"#1"}}},{"from":[5.5,-2.0,13.25],"to":[10.5,4.0,13.25],"rotation":{"angle":0.0,"axis":"y","origin":[8.34776,5.73123,9.0]},"faces":{"north":{"uv":[12.25,3.375,12.875,4.125],"texture":"#1"},"east":{"uv":[14.0,3.875,12.875,4.125],"texture":"#1"},"south":{"uv":[12.25,3.375,12.875,4.125],"texture":"#1"},"west":{"uv":[14.125,3.875,12.875,4.125],"texture":"#1"},"up":{"uv":[13.375,2.25,13.5,2.375],"texture":"#1"},"down":{"uv":[13.375,2.25,13.5,2.375],"texture":"#1"}}},{"from":[2.5,-1.0,3.0],"to":[13.5,11.0,7.0],"rotation":{"angle":0.0,"axis":"y","origin":[8.34776,5.73123,9.0]},"faces":{"north":{"uv":[0.0,6.625,1.375,8.125],"texture":"#2","tintindex":0.0},"east":{"uv":[1.375,6.625,1.875,8.125],"texture":"#2","tintindex":0.0},"south":{"uv":[3.625,9.625,2.25,11.125],"texture":"#2","tintindex":0.0},"west":{"uv":[1.875,6.625,1.375,8.125],"texture":"#2","tintindex":0.0},"up":{"uv":[1.875,6.625,3.25,7.125],"texture":"#2","tintindex":0.0},"down":{"uv":[1.875,7.125,3.25,7.625],"texture":"#2","tintindex":0.0}}},{"from":[14.0,11.5,7.5],"to":[2.0,-1.5,2.5],"rotation":{"angle":0.0,"axis":"y","origin":[7.84776,5.73123,9.0]},"faces":{"north":{"uv":[1.625,8.625,1.75,8.75],"texture":"#2","tintindex":0.0},"east":{"uv":[1.625,8.625,1.75,8.75],"texture":"#2","tintindex":0.0},"south":{"uv":[1.625,8.625,1.75,8.75],"texture":"#2","tintindex":0.0},"west":{"uv":[1.625,8.625,1.75,8.75],"texture":"#2","tintindex":0.0},"up":{"uv":[1.625,8.625,1.75,8.75],"texture":"#2","tintindex":0.0},"down":{"uv":[1.625,8.625,1.75,8.75],"texture":"#2","tintindex":0.0}}},{"from":[13.68611,-2.11837,-4.14523],"to":[13.68611,3.88163,2.85477],"rotation":{"angle":-45.0,"axis":"y","origin":[12.18611,-1.11837,0.60477]},"faces":{"north":{"uv":[13.625,0.25,14.0,0.625],"texture":"#2"},"east":{"uv":[2.375,8.125,1.5,8.875],"texture":"#2"},"south":{"uv":[9.625,3.125,9.75,3.25],"texture":"#2"},"west":{"uv":[1.5,8.125,2.375,8.875],"texture":"#2"},"up":{"uv":[9.625,1.0,11.0,1.5],"texture":"#2"},"down":{"uv":[8.5,3.25,9.875,3.75],"texture":"#2"}}},{"from":[10.0,8.38163,-0.43225],"to":[12.0,10.38163,3.56775],"rotation":{"angle":-45.0,"axis":"y","origin":[11.5,9.88163,3.56775]},"faces":{"north":{"uv":[0.75,9.0,0.875,9.125],"texture":"#2","tintindex":0.0},"east":{"uv":[1.25,9.25,0.75,9.0],"texture":"#2","tintindex":0.0},"south":{"uv":[1.125,9.0,1.25,9.125],"texture":"#2","tintindex":0.0},"west":{"uv":[0.75,9.0,1.25,9.25],"texture":"#2","tintindex":0.0},"up":{"uv":[0.75,9.25,1.25,9.0],"rotation":90.0,"texture":"#2","tintindex":0.0},"down":{"uv":[1.25,9.0,0.75,9.25],"rotation":90.0,"texture":"#2","tintindex":0.0}}},{"from":[12.5,10.88163,3.56775],"to":[9.5,7.88163,-0.43225],"rotation":{"angle":-45.0,"axis":"y","origin":[11.5,9.88163,3.56775]},"faces":{"north":{"uv":[1.625,8.625,1.75,8.75],"texture":"#2","tintindex":0.0},"east":{"uv":[1.625,8.625,1.75,8.75],"texture":"#2","tintindex":0.0},"south":{"uv":[1.125,7.625,1.25,7.75],"texture":"#2","tintindex":0.0},"west":{"uv":[1.625,8.625,1.75,8.75],"texture":"#2","tintindex":0.0},"up":{"uv":[1.625,8.625,1.75,8.75],"texture":"#2","tintindex":0.0},"down":{"uv":[1.625,8.625,1.75,8.75],"texture":"#2","tintindex":0.0}}},{"from":[6.5,10.88163,3.56775],"to":[3.5,7.88163,-0.43225],"rotation":{"angle":45.0,"axis":"y","origin":[4.5,9.88163,3.56775]},"faces":{"north":{"uv":[1.75,8.625,1.625,8.75],"texture":"#2","tintindex":0.0},"east":{"uv":[1.75,8.625,1.625,8.75],"texture":"#2","tintindex":0.0},"south":{"uv":[1.25,7.625,1.125,7.75],"texture":"#2","tintindex":0.0},"west":{"uv":[1.75,8.625,1.625,8.75],"texture":"#2","tintindex":0.0},"up":{"uv":[1.75,8.625,1.625,8.75],"texture":"#2","tintindex":0.0},"down":{"uv":[1.75,8.625,1.625,8.75],"texture":"#2","tintindex":0.0}}},{"from":[11.0,7.38163,-4.43225],"to":[11.0,16.38163,3.56775],"rotation":{"angle":-45.0,"axis":"y","origin":[11.5,9.88163,3.56775]},"faces":{"north":{"uv":[15.75,0.0,16.0,0.25],"texture":"#2"},"east":{"uv":[1.25,9.5,0.25,10.625],"texture":"#2"},"south":{"uv":[13.375,2.25,13.5,2.375],"texture":"#2"},"west":{"uv":[0.25,9.5,1.25,10.625],"texture":"#2"},"up":{"uv":[15.75,0.75,16.0,0.25],"texture":"#2"},"down":{"uv":[16.0,0.25,15.75,0.75],"texture":"#2"}}},{"from":[4.0,8.38163,-0.43225],"to":[6.0,10.38163,3.56775],"rotation":{"angle":45.0,"axis":"y","origin":[4.5,9.88163,3.56775]},"faces":{"north":{"uv":[0.875,9.0,0.75,9.125],"texture":"#2","tintindex":0.0},"east":{"uv":[1.25,9.0,0.75,9.25],"texture":"#2","tintindex":0.0},"south":{"uv":[1.25,9.0,1.125,9.125],"texture":"#2","tintindex":0.0},"west":{"uv":[0.75,9.25,1.25,9.0],"texture":"#2","tintindex":0.0},"up":{"uv":[0.75,9.0,1.25,9.25],"rotation":90.0,"texture":"#2","tintindex":0.0},"down":{"uv":[1.25,9.25,0.75,9.0],"rotation":90.0,"texture":"#2","tintindex":0.0}}},{"from":[5.0,7.38163,-4.43225],"to":[5.0,16.38163,3.56775],"rotation":{"angle":45.0,"axis":"y","origin":[4.5,9.88163,3.56775]},"faces":{"north":{"uv":[16.0,0.0,15.75,0.25],"texture":"#2"},"east":{"uv":[1.25,9.5,0.25,10.625],"texture":"#2"},"south":{"uv":[13.5,2.25,13.375,2.375],"texture":"#2"},"west":{"uv":[0.25,9.5,1.25,10.625],"texture":"#2"},"up":{"uv":[16.0,0.75,15.75,0.25],"texture":"#2"},"down":{"uv":[15.75,0.25,16.0,0.75],"texture":"#2"}}},{"from":[5.0,-1.5,0.0],"to":[11.0,1.5,5.0],"rotation":{"angle":-22.5,"axis":"x","origin":[8.0,5.0,5.0]},"faces":{"north":{"uv":[0.375,8.5,1.125,8.875],"texture":"#2","tintindex":0.0},"east":{"uv":[3.0,9.25,3.625,9.625],"texture":"#2","tintindex":0.0},"south":{"uv":[2.25,9.25,3.0,9.625],"texture":"#2","tintindex":0.0},"west":{"uv":[3.625,9.25,3.0,9.625],"texture":"#2","tintindex":0.0},"up":{"uv":[2.375,8.625,3.125,9.25],"texture":"#2","tintindex":0.0},"down":{"uv":[2.375,8.0,3.125,8.625],"texture":"#2","tintindex":0.0}}},{"from":[11.5,2.0,5.5],"to":[4.5,-2.0,-0.5],"rotation":{"angle":-22.5,"axis":"x","origin":[14.5,5.0,5.0]},"faces":{"north":{"uv":[2.0,8.75,2.125,8.875],"texture":"#2","tintindex":0.0},"east":{"uv":[2.0,8.75,2.125,8.875],"texture":"#2","tintindex":0.0},"south":{"uv":[2.0,8.75,2.125,8.875],"texture":"#2","tintindex":0.0},"west":{"uv":[2.0,8.75,2.125,8.875],"texture":"#2","tintindex":0.0},"up":{"uv":[2.0,8.75,2.125,8.875],"texture":"#2","tintindex":0.0},"down":{"uv":[2.0,8.75,2.125,8.875],"texture":"#2","tintindex":0.0}}},{"from":[2.5,-1.0,3.0],"to":[13.5,11.0,7.0],"rotation":{"angle":0.0,"axis":"y","origin":[8.34776,5.73123,9.0]},"faces":{"north":{"uv":[3.25,6.625,4.625,8.125],"texture":"#2"},"east":{"uv":[4.625,6.625,5.125,8.125],"texture":"#2"},"south":{"uv":[0.875,12.25,1.0,12.375],"texture":"#2"},"west":{"uv":[5.125,6.625,4.625,8.125],"texture":"#2"},"up":{"uv":[0.875,12.25,1.0,12.375],"texture":"#2"},"down":{"uv":[0.875,12.25,1.0,12.375],"texture":"#2"}}},{"from":[5.0,-1.5,0.0],"to":[11.0,1.5,5.0],"rotation":{"angle":-22.5,"axis":"x","origin":[8.0,5.0,5.0]},"faces":{"north":{"uv":[0.875,12.25,1.0,12.375],"texture":"#2"},"east":{"uv":[0.875,12.25,1.0,12.375],"texture":"#2"},"south":{"uv":[0.875,12.25,1.0,12.375],"texture":"#2"},"west":{"uv":[0.875,12.25,1.0,12.375],"texture":"#2"},"up":{"uv":[3.25,9.25,4.0,8.625],"texture":"#2"},"down":{"uv":[0.875,12.25,1.0,12.375],"texture":"#2"}}},{"from":[10.0,8.38163,-0.43225],"to":[12.0,10.38163,3.56775],"rotation":{"angle":-45.0,"axis":"y","origin":[11.5,9.88163,3.56775]},"faces":{"north":{"uv":[3.25,8.125,3.375,8.25],"texture":"#2"},"east":{"uv":[3.75,8.375,3.25,8.125],"texture":"#2"},"south":{"uv":[1.125,8.75,1.25,8.875],"texture":"#2"},"west":{"uv":[3.25,8.125,3.75,8.375],"texture":"#2"},"up":{"uv":[3.25,8.375,3.75,8.125],"rotation":90.0,"texture":"#2"},"down":{"uv":[3.75,8.125,3.25,8.375],"rotation":90.0,"texture":"#2"}}},{"from":[4.0,8.38163,-0.43225],"to":[6.0,10.38163,3.56775],"rotation":{"angle":45.0,"axis":"y","origin":[4.5,9.88163,3.56775]},"faces":{"north":{"uv":[3.375,8.125,3.25,8.25],"texture":"#2"},"east":{"uv":[3.75,8.125,3.25,8.375],"texture":"#2"},"south":{"uv":[1.25,8.75,1.125,8.875],"texture":"#2"},"west":{"uv":[3.25,8.375,3.75,8.125],"texture":"#2"},"up":{"uv":[3.25,8.125,3.75,8.375],"rotation":90.0,"texture":"#2"},"down":{"uv":[3.75,8.375,3.25,8.125],"rotation":90.0,"texture":"#2"}}},{"from":[9.75,-0.60789,2.41657],"to":[11.75,3.39211,2.41657],"rotation":{"angle":-22.5,"axis":"z","origin":[10.0,1.39211,1.41657]},"faces":{"north":{"uv":[1.75,10.375,2.0,10.875],"texture":"#2"},"east":{"uv":[8.0,2.875,8.5,4.125],"texture":"#2"},"south":{"uv":[2.0,10.375,1.75,10.875],"texture":"#2"},"west":{"uv":[8.5,2.875,8.0,4.125],"texture":"#2"},"up":{"uv":[12.375,2.125,13.125,2.625],"texture":"#2"},"down":{"uv":[8.5,3.25,9.875,3.75],"texture":"#2"}}},{"from":[2.31389,-2.11837,-4.14523],"to":[2.31389,3.88163,2.85477],"rotation":{"angle":45.0,"axis":"y","origin":[3.81389,-1.11837,0.60477]},"faces":{"north":{"uv":[14.0,0.25,13.625,0.625],"texture":"#2"},"east":{"uv":[2.375,8.125,1.5,8.875],"texture":"#2"},"south":{"uv":[9.75,3.125,9.625,3.25],"texture":"#2"},"west":{"uv":[1.5,8.125,2.375,8.875],"texture":"#2"},"up":{"uv":[11.0,1.0,9.625,1.5],"texture":"#2"},"down":{"uv":[9.875,3.25,8.5,3.75],"texture":"#2"}}},{"from":[4.25,-0.60789,2.41657],"to":[6.25,3.39211,2.41657],"rotation":{"angle":22.5,"axis":"z","origin":[6.0,1.39211,1.41657]},"faces":{"north":{"uv":[2.0,10.375,1.75,10.875],"texture":"#2"},"east":{"uv":[8.0,2.875,8.5,4.125],"texture":"#2"},"south":{"uv":[1.75,10.375,2.0,10.875],"texture":"#2"},"west":{"uv":[8.5,2.875,8.0,4.125],"texture":"#2"},"up":{"uv":[13.125,2.125,12.375,2.625],"texture":"#2"},"down":{"uv":[9.875,3.25,8.5,3.75],"texture":"#2"}}},{"from":[2.5,6.0,1.0],"to":[13.5,9.0,3.0],"rotation":{"angle":0.0,"axis":"y","origin":[8.5,7.0,2.0]},"faces":{"north":{"uv":[0.0,8.0,1.375,8.375],"texture":"#2","tintindex":0.0},"east":{"uv":[1.375,10.5,1.625,10.875],"texture":"#2","tintindex":0.0},"south":{"uv":[13.375,2.25,13.5,2.375],"texture":"#2","tintindex":0.0},"west":{"uv":[1.625,10.5,1.375,10.875],"texture":"#2","tintindex":0.0},"up":{"uv":[0.0,10.625,1.375,10.875],"texture":"#2","tintindex":0.0},"down":{"uv":[0.25,9.25,1.625,9.5],"texture":"#2","tintindex":0.0}}},{"from":[6.5,2.25,2.0],"to":[9.5,6.25,4.0],"rotation":{"angle":22.5,"axis":"x","origin":[8.0,4.0,2.5]},"faces":{"north":{"uv":[0.0,8.625,0.375,9.125],"texture":"#2","tintindex":0.0},"east":{"uv":[0.0,9.125,0.25,9.625],"texture":"#2","tintindex":0.0},"south":{"uv":[13.375,2.25,13.5,2.375],"texture":"#2","tintindex":0.0},"west":{"uv":[0.25,9.125,0.0,9.625],"texture":"#2","tintindex":0.0},"up":{"uv":[12.375,3.125,13.625,3.375],"texture":"#2","tintindex":0.0},"down":{"uv":[0.375,8.875,0.75,9.125],"texture":"#2","tintindex":0.0}}},{"from":[1.26837,2.65015,5.66066],"to":[1.26837,8.65015,12.66066],"rotation":{"angle":-22.5,"axis":"y","origin":[2.76837,5.65015,8.91066]},"faces":{"north":{"uv":[9.875,1.5,8.5,2.75],"texture":"#2","tintindex":0.0},"east":{"uv":[1.375,9.5,2.25,10.25],"texture":"#2","tintindex":0.0},"south":{"uv":[9.75,3.125,9.625,3.25],"texture":"#2","tintindex":0.0},"west":{"uv":[2.25,9.5,1.375,10.25],"texture":"#2","tintindex":0.0},"up":{"uv":[11.0,1.0,9.625,1.5],"texture":"#2","tintindex":0.0},"down":{"uv":[9.875,3.25,8.5,3.75],"texture":"#2","tintindex":0.0}}},{"from":[1.26837,1.65015,5.66066],"to":[1.26837,9.65015,13.66066],"rotation":{"angle":-22.5,"axis":"y","origin":[2.76837,5.65015,8.91066]},"faces":{"north":{"uv":[9.875,1.5,8.5,2.75],"texture":"#2","tintindex":0.0},"east":{"uv":[3.625,9.25,4.625,10.25],"texture":"#2","tintindex":0.0},"south":{"uv":[9.75,3.125,9.625,3.25],"texture":"#2","tintindex":0.0},"west":{"uv":[4.625,9.25,3.625,10.25],"texture":"#2","tintindex":0.0},"up":{"uv":[11.0,1.0,9.625,1.5],"texture":"#2","tintindex":0.0},"down":{"uv":[9.875,3.25,8.5,3.75],"texture":"#2","tintindex":0.0}}},{"from":[14.73163,1.65015,5.66066],"to":[14.73163,9.65015,13.66066],"rotation":{"angle":22.5,"axis":"y","origin":[13.23163,5.65015,8.91066]},"faces":{"north":{"uv":[8.5,1.5,9.875,2.75],"texture":"#2","tintindex":0.0},"east":{"uv":[3.625,9.25,4.625,10.25],"texture":"#2","tintindex":0.0},"south":{"uv":[9.625,3.125,9.75,3.25],"texture":"#2","tintindex":0.0},"west":{"uv":[4.625,9.25,3.625,10.25],"texture":"#2","tintindex":0.0},"up":{"uv":[9.625,1.0,11.0,1.5],"texture":"#2","tintindex":0.0},"down":{"uv":[8.5,3.25,9.875,3.75],"texture":"#2","tintindex":0.0}}},{"from":[14.73163,2.65015,5.66066],"to":[14.73163,8.65015,12.66066],"rotation":{"angle":22.5,"axis":"y","origin":[13.23163,5.65015,8.91066]},"faces":{"north":{"uv":[8.5,1.5,9.875,2.75],"texture":"#2","tintindex":0.0},"east":{"uv":[1.375,9.5,2.25,10.25],"texture":"#2","tintindex":0.0},"south":{"uv":[9.625,3.125,9.75,3.25],"texture":"#2","tintindex":0.0},"west":{"uv":[2.25,9.5,1.375,10.25],"texture":"#2","tintindex":0.0},"up":{"uv":[9.625,1.0,11.0,1.5],"texture":"#2","tintindex":0.0},"down":{"uv":[8.5,3.25,9.875,3.75],"texture":"#2","tintindex":0.0}}},{"name":"cube inverted","from":[12.5,6.0,13.25],"to":[3.5,4.0,3.25],"rotation":{"angle":0.0,"axis":"y","origin":[8.34776,5.73123,9.0]},"faces":{"north":{"uv":[12.875,4.375,14.0,4.125],"texture":"#1"},"east":{"uv":[14.125,4.125,12.875,3.875],"texture":"#1"},"south":{"uv":[13.375,2.375,13.5,2.25],"texture":"#1"},"west":{"uv":[14.0,4.125,12.875,3.875],"texture":"#1"},"up":{"uv":[13.5,2.25,13.375,2.375],"texture":"#1"},"down":{"uv":[13.5,2.25,13.375,2.375],"texture":"#1"}}},{"from":[19.0,-2.0,4.0],"to":[27.0,5.0,4.0],"rotation":{"angle":-45.0,"axis":"y","origin":[19.0,0.5,0.0]},"faces":{"north":{"uv":[0.5,12.0,4.5,15.5],"texture":"#3"},"east":{"uv":[0.0,0.0,0.125,0.125],"texture":"#missing"},"south":{"uv":[0.5,12.0,4.5,15.5],"texture":"#3"},"west":{"uv":[0.0,0.0,0.125,0.125],"texture":"#3"},"up":{"uv":[0.0,0.0,0.125,0.125],"texture":"#missing"},"down":{"uv":[0.0,0.0,0.125,0.125],"texture":"#missing"}}},{"from":[-9.0,1.0,3.0],"to":[-1.0,8.0,3.0],"rotation":{"angle":22.5,"axis":"y","origin":[-5.0,5.5,0.0]},"faces":{"north":{"uv":[5.0,12.0,9.0,15.5],"texture":"#3"},"east":{"uv":[0.0,0.0,0.125,0.125],"texture":"#missing"},"south":{"uv":[5.0,12.0,9.0,15.5],"texture":"#3"},"west":{"uv":[0.0,0.0,0.125,0.125],"texture":"#3"},"up":{"uv":[0.0,0.0,0.125,0.125],"texture":"#missing"},"down":{"uv":[0.0,0.0,0.125,0.125],"texture":"#missing"}}},{"from":[3.68925,14.0,8.46508],"to":[11.68925,21.0,8.46508],"rotation":{"angle":-22.5,"axis":"y","origin":[8.68925,17.5,7.46508]},"faces":{"north":{"uv":[9.5,12.0,13.5,15.5],"texture":"#3"},"east":{"uv":[0.0,0.0,0.125,0.125],"texture":"#missing"},"south":{"uv":[9.5,12.0,13.5,15.5],"texture":"#3"},"west":{"uv":[0.0,0.0,0.125,0.125],"texture":"#3"},"up":{"uv":[0.0,0.0,0.125,0.125],"texture":"#missing"},"down":{"uv":[0.0,0.0,0.125,0.125],"texture":"#missing"}}},{"from":[11.0,3.0,1.0],"to":[25.0,10.0,1.0],"rotation":{"angle":-45.0,"axis":"y","origin":[18.0,11.5,0.0]},"faces":{"north":{"uv":[10.5,7.0,3.5,10.5],"texture":"#3"},"east":{"uv":[0.0,0.0,0.125,0.125],"texture":"#missing"},"south":{"uv":[10.5,7.0,3.5,10.5],"texture":"#3"},"west":{"uv":[0.0,0.0,0.125,0.125],"texture":"#3"},"up":{"uv":[0.0,0.0,0.125,0.125],"texture":"#missing"},"down":{"uv":[0.0,0.0,0.125,0.125],"texture":"#missing"}}},{"from":[-2.64823,7.0,-2.05025],"to":[-2.64823,14.0,11.94975],"rotation":{"angle":-45.0,"axis":"y","origin":[-2.64823,10.5,4.94975]},"faces":{"north":{"uv":[0.0,0.0,0.125,0.125],"texture":"#3"},"east":{"uv":[0.5,0.0,7.5,3.5],"texture":"#3"},"south":{"uv":[0.0,0.0,0.125,0.125],"texture":"#missing"},"west":{"uv":[7.5,0.0,0.5,3.5],"texture":"#3"},"up":{"uv":[0.0,0.0,0.125,0.125],"rotation":90.0,"texture":"#missing"},"down":{"uv":[0.0,0.0,0.125,0.125],"rotation":270.0,"texture":"#missing"}}},{"from":[-1.0,12.0,4.0],"to":[13.0,19.0,4.0],"rotation":{"angle":22.5,"axis":"y","origin":[8.0,15.5,0.0]},"faces":{"north":{"uv":[9.0,0.5,16.0,4.0],"texture":"#3"},"east":{"uv":[0.0,0.0,0.125,0.125],"texture":"#missing"},"south":{"uv":[16.0,0.5,9.0,4.0],"texture":"#3"},"west":{"uv":[0.0,0.0,0.125,0.125],"texture":"#3"},"up":{"uv":[0.0,0.0,0.125,0.125],"texture":"#missing"},"down":{"uv":[0.0,0.0,0.125,0.125],"texture":"#missing"}}}],"gui_light":"front","display":{"thirdperson_righthand":{"rotation":[55.5,34.0,0.0],"translation":[0.0,1.0,0.75],"scale":[0.52539,0.52539,0.52539]},"thirdperson_lefthand":{"rotation":[55.5,34.0,0.0],"translation":[0.0,1.0,0.75],"scale":[0.52539,0.52539,0.52539]},"firstperson_righthand":{"rotation":[21.0,114.5,-13.75],"translation":[9.5,0.0,-5.75],"scale":[0.41992,0.41992,0.41992]},"firstperson_lefthand":{"rotation":[21.0,114.5,-13.75],"translation":[9.5,0.0,-5.75],"scale":[0.41992,0.41992,0.41992]},"gui":{"rotation":[-149.61,-31.92,-180.0],"translation":[-1.25,3.0,0.0],"scale":[0.68554,0.68554,0.68554]},"head":{"translation":[0.0,6.0,-0.25],"scale":[1.60391,1.60391,1.60391]}}}