{
	"credit": "Made with Blockbench",
	"texture_size": [25, 25],
	"textures": {
		"0": "block/custom/warden",
		"particle": "block/custom/warden"
	},
	"elements": [
		{
			"from": [-3, 0, 8],
			"to": [7, 10, 8],
			"rotation": {"angle": 0, "axis": "y", "origin": [-3, 0, 8]},
			"faces": {
				"north": {"uv": [0, 0, 10.24, 10.24], "texture": "#0"},
				"east": {"uv": [-2.56, 0, -2.56, 6.4], "texture": "#missing"},
				"south": {"uv": [10.24, 0, 0, 10.24], "texture": "#0"},
				"west": {"uv": [3.84, 0, 3.84, 6.4], "texture": "#missing"},
				"up": {"uv": [3.84, 0, -2.56, 0], "texture": "#missing"},
				"down": {"uv": [10.24, 0, 3.84, 0], "texture": "#missing"}
			}
		},
		{
			"from": [9, 0, 8],
			"to": [19, 10, 8],
			"rotation": {"angle": 0, "axis": "y", "origin": [9, 0, 8]},
			"faces": {
				"north": {"uv": [10.24, 0, 0, 10.24], "texture": "#0"},
				"east": {"uv": [0, 0, 0, 6.4], "texture": "#missing"},
				"south": {"uv": [0, 0, 10.24, 10.24], "texture": "#0"},
				"west": {"uv": [6.4, 0, 6.4, 6.4], "texture": "#missing"},
				"up": {"uv": [6.4, 0, 0, 0], "texture": "#missing"},
				"down": {"uv": [12.8, 0, 6.4, 0], "texture": "#missing"}
			}
		}
	],
	"display": {
		"thirdperson_righthand": {
			"translation": [0, 4, -0.001]
		},
		"thirdperson_lefthand": {
			"translation": [0, 4, 0.001]
		},
		"firstperson_righthand": {
			"translation": [0, 6.25, 0]
		},
		"firstperson_lefthand": {
			"translation": [0, 6.25, 0]
		},
		"ground": {
			"translation": [0, 5.25, 0]
		},
		"gui": {
			"translation": [0, 3.75, 0],
			"scale": [1, 1, 0]
		},
		"head": {
			"translation": [0, 7.25, 0],
			"scale": [1.72, 1.72, 0]
		},
		"fixed": {
			"translation": [0, 9.25, -0.001],
			"scale": [2, 2, 0]
		}
	},
	"groups": [
		{
			"name": "warden",
			"origin": [8, 8, 8],
			"color": 0,
			"nbt": "{}",
			"armAnimationEnabled": false,
			"children": [0, 1]
		}
	]
}