{"textures":{"1":"mcc:island_cosmetics/general/hat/motorcycle_helmet/daredevil","2":"mcc:island_cosmetics/general/hat/motorcycle_helmet/daredevil_anim","particle":"mcc:island_cosmetics/general/hat/motorcycle_helmet/daredevil_anim"},"elements":[{"from":[3.0,-0.5,3.0],"to":[13.0,9.5,13.0],"rotation":{"angle":0.0,"axis":"x","origin":[8.0,9.5,7.0]},"faces":{"north":{"uv":[3.33333,7.66667,6.66667,11.0],"texture":"#1"},"east":{"uv":[0.0,7.66667,3.33333,11.0],"texture":"#1"},"south":{"uv":[10.0,7.66667,6.66667,11.0],"texture":"#1"},"west":{"uv":[3.33333,7.66667,0.0,11.0],"texture":"#1"},"up":{"uv":[0.0,1.0,3.33333,4.33333],"texture":"#1"},"down":{"uv":[0.0,11.0,3.33333,14.33333],"texture":"#1"}}},{"from":[3.0,-0.5,3.0],"to":[13.0,9.5,13.0],"rotation":{"angle":0.0,"axis":"x","origin":[8.0,9.5,7.0]},"faces":{"north":{"uv":[3.33333,11.0,6.66667,14.33333],"texture":"#1","tintindex":0},"south":{"uv":[13.33333,11.0,10.0,14.33333],"texture":"#1","tintindex":0},"up":{"uv":[6.66666,11.0,10.0,14.33334],"texture":"#1","tintindex":0}}},{"from":[13.0,5.5,7.0],"to":[3.0,-0.5,3.0],"rotation":{"angle":0.0,"axis":"x","origin":[8.0,9.5,7.0]},"faces":{"north":{"uv":[6.66667,4.33333,3.33333,2.33333],"texture":"#1"},"down":{"uv":[3.33333,1.0,6.66667,2.33333],"texture":"#1"}}},{"from":[2.6,1.1,2.1],"to":[13.4,5.9,11.9],"rotation":{"angle":0.0,"axis":"x","origin":[8.0,3.5,7.0]},"faces":{"north":{"uv":[0.0,5.0,3.33333,6.33334],"texture":"#1"},"east":{"uv":[0.0,6.33334,3.0,7.66667],"texture":"#1"},"west":{"uv":[3.0,6.33334,0.0,7.66667],"texture":"#1"}}},{"from":[13.4,5.9,11.9],"to":[2.6,1.1,2.1],"rotation":{"angle":0.0,"axis":"x","origin":[8.0,3.5,7.0]},"faces":{"east":{"uv":[3.0,7.66667,0.0,6.33334],"texture":"#1"},"south":{"uv":[0.0,6.33334,3.33333,5.0],"texture":"#1"},"west":{"uv":[0.0,7.66667,3.0,6.33334],"texture":"#1"}}},{"from":[0.0,4.0,6.5],"to":[3.0,7.0,13.5],"rotation":{"angle":45.0,"axis":"z","origin":[1.5,5.5,6.25]},"faces":{"north":{"uv":[13.33333,1.0,12.33333,2.0],"texture":"#1","rotation":90},"east":{"uv":[14.33333,1.0,13.33333,3.33333],"texture":"#1","rotation":90},"south":{"uv":[13.33333,0.0,12.33333,1.0],"texture":"#1","rotation":90},"west":{"uv":[14.33333,3.33333,13.33333,1.0],"texture":"#1","rotation":90},"up":{"uv":[13.33333,1.0,14.33333,3.33333],"texture":"#1"},"down":{"uv":[13.33333,3.33333,14.33333,1.0],"texture":"#1"}}},{"from":[-0.625,3.375,4.0375],"to":[3.625,7.625,6.5875],"rotation":{"angle":45.0,"axis":"z","origin":[1.5,5.5,5.95]},"faces":{"north":{"uv":[16.0,3.33333,14.33333,1.66667],"texture":"#1","tintindex":0},"east":{"uv":[16.0,1.66667,15.0,0.0],"texture":"#1","tintindex":0},"south":{"uv":[15.66667,0.0,16.0,0.33333],"texture":"#1","tintindex":0},"west":{"uv":[15.0,0.0,16.0,1.66667],"texture":"#1","tintindex":0},"up":{"uv":[15.0,0.0,16.0,1.66667],"texture":"#1","tintindex":0,"rotation":90},"down":{"uv":[16.0,1.66667,15.0,0.0],"texture":"#1","tintindex":0,"rotation":90}}},{"from":[0.225,4.225,2.3375],"to":[2.775,6.775,4.0375],"rotation":{"angle":45.0,"axis":"z","origin":[1.5,5.5,5.95]},"faces":{"north":{"uv":[14.33333,1.0,13.33333,0.0],"texture":"#1","tintindex":0,"rotation":90},"east":{"uv":[15.0,0.0,14.33333,1.0],"texture":"#1","tintindex":0},"west":{"uv":[14.33333,0.0,15.0,1.0],"texture":"#1","tintindex":0},"up":{"uv":[14.33333,0.0,15.0,1.0],"texture":"#1","tintindex":0,"rotation":90},"down":{"uv":[15.0,1.0,14.33333,0.0],"texture":"#1","tintindex":0,"rotation":90}}},{"from":[1.5,2.0,11.5],"to":[1.5,9.0,22.5],"rotation":{"angle":0.0,"axis":"z","origin":[1.5,5.5,19.0]},"faces":{"north":{"uv":[13.33333,1.0,12.33333,2.0],"texture":"#1","rotation":90},"east":{"uv":[0.0,6.0,5.5,2.5],"texture":"#2"},"south":{"uv":[13.33333,0.0,12.33333,1.0],"texture":"#1","rotation":90},"west":{"uv":[5.5,6.0,0.0,2.5],"texture":"#2"},"up":{"uv":[13.33333,1.0,14.33333,3.33333],"texture":"#1"},"down":{"uv":[13.33333,3.33333,14.33333,1.0],"texture":"#1"}}},{"from":[-0.2,3.8,12.3],"to":[3.2,7.2,14.7],"rotation":{"angle":45.0,"axis":"z","origin":[1.5,5.5,6.25]},"faces":{"north":{"uv":[12.66667,2.0,13.0,2.33333],"texture":"#1","tintindex":0},"east":{"uv":[12.33333,2.0,13.33333,2.66667],"texture":"#1","tintindex":0,"rotation":90},"south":{"uv":[12.33333,0.0,13.33333,1.0],"texture":"#1","tintindex":0},"west":{"uv":[12.33333,2.66667,13.33333,2.0],"texture":"#1","tintindex":0,"rotation":90},"up":{"uv":[12.33333,2.0,13.33333,2.66667],"texture":"#1","tintindex":0},"down":{"uv":[13.33333,2.66667,12.33333,2.0],"texture":"#1","tintindex":0}}},{"from":[-0.3,3.7,8.2],"to":[3.3,7.3,9.8],"rotation":{"angle":45.0,"axis":"z","origin":[1.5,5.5,6.25]},"faces":{"east":{"uv":[11.66667,0.33333,12.0,0.66667],"texture":"#1"},"west":{"uv":[12.33333,0.66667,11.33333,0.0],"texture":"#1","rotation":90},"up":{"uv":[12.0,0.0,12.33333,0.33333],"texture":"#1"},"down":{"uv":[11.33333,0.66667,12.33333,0.0],"texture":"#1"}}},{"from":[3.3,7.3,9.8],"to":[-0.3,3.7,8.2],"rotation":{"angle":45.0,"axis":"z","origin":[1.5,5.5,6.25]},"faces":{"east":{"uv":[11.33333,0.66667,12.33333,0.0],"texture":"#1","rotation":90},"west":{"uv":[11.66667,0.66667,12.0,0.33333],"texture":"#1"},"up":{"uv":[12.33333,0.66667,11.33333,0.0],"texture":"#1"},"down":{"uv":[12.33333,0.0,12.0,0.33333],"texture":"#1"}}},{"from":[13.0,4.0,6.5],"to":[16.0,7.0,13.5],"rotation":{"angle":-45.0,"axis":"z","origin":[14.5,5.5,6.25]},"faces":{"north":{"uv":[13.33333,2.0,12.33333,1.0],"texture":"#1","rotation":90},"east":{"uv":[14.33333,1.0,13.33333,3.33333],"texture":"#1","rotation":90},"south":{"uv":[13.33333,1.0,12.33333,0.0],"texture":"#1","rotation":90},"west":{"uv":[14.33333,3.33333,13.33333,1.0],"texture":"#1","rotation":90},"up":{"uv":[14.33333,1.0,13.33333,3.33333],"texture":"#1"},"down":{"uv":[14.33333,3.33333,13.33333,1.0],"texture":"#1"}}},{"from":[12.375,3.375,4.0375],"to":[16.625,7.625,6.5875],"rotation":{"angle":-45.0,"axis":"z","origin":[14.5,5.5,5.95]},"faces":{"north":{"uv":[14.33333,3.33333,16.0,1.66667],"texture":"#1","tintindex":0},"east":{"uv":[16.0,0.0,15.0,1.66667],"texture":"#1","tintindex":0},"south":{"uv":[16.0,0.0,15.66667,0.33333],"texture":"#1","tintindex":0},"west":{"uv":[15.0,1.66667,16.0,0.0],"texture":"#1","tintindex":0},"up":{"uv":[15.0,1.66667,16.0,0.0],"texture":"#1","tintindex":0,"rotation":90},"down":{"uv":[16.0,0.0,15.0,1.66667],"texture":"#1","tintindex":0,"rotation":90}}},{"from":[13.225,4.225,2.3375],"to":[15.775,6.775,4.0375],"rotation":{"angle":-45.0,"axis":"z","origin":[14.5,5.5,5.95]},"faces":{"north":{"uv":[14.33333,0.0,13.33333,1.0],"texture":"#1","tintindex":0,"rotation":90},"east":{"uv":[15.0,0.0,14.33333,1.0],"texture":"#1","tintindex":0},"west":{"uv":[14.33333,0.0,15.0,1.0],"texture":"#1","tintindex":0},"up":{"uv":[14.33333,1.0,15.0,0.0],"texture":"#1","tintindex":0,"rotation":90},"down":{"uv":[15.0,0.0,14.33333,1.0],"texture":"#1","tintindex":0,"rotation":90}}},{"from":[14.5,2.0,11.5],"to":[14.5,9.0,22.5],"rotation":{"angle":0.0,"axis":"z","origin":[14.5,5.5,19.0]},"faces":{"north":{"uv":[13.33333,2.0,12.33333,1.0],"texture":"#1","rotation":90},"east":{"uv":[0.0,6.0,5.5,2.5],"texture":"#2"},"south":{"uv":[13.33333,1.0,12.33333,0.0],"texture":"#1","rotation":90},"west":{"uv":[5.5,6.0,0.0,2.5],"texture":"#2"},"up":{"uv":[14.33333,1.0,13.33333,3.33333],"texture":"#1"},"down":{"uv":[14.33333,3.33333,13.33333,1.0],"texture":"#1"}}},{"from":[12.8,3.8,12.3],"to":[16.2,7.2,14.7],"rotation":{"angle":-45.0,"axis":"z","origin":[14.5,5.5,6.25]},"faces":{"north":{"uv":[13.0,2.0,12.66667,2.33333],"texture":"#1","tintindex":0},"east":{"uv":[12.33333,2.0,13.33333,2.66667],"texture":"#1","tintindex":0,"rotation":90},"south":{"uv":[13.33333,0.0,12.33333,1.0],"texture":"#1","tintindex":0},"west":{"uv":[12.33333,2.66667,13.33333,2.0],"texture":"#1","tintindex":0,"rotation":90},"up":{"uv":[13.33333,2.0,12.33333,2.66667],"texture":"#1","tintindex":0},"down":{"uv":[12.33333,2.66667,13.33333,2.0],"texture":"#1","tintindex":0}}},{"from":[12.7,3.7,8.2],"to":[16.3,7.3,9.8],"rotation":{"angle":-45.0,"axis":"z","origin":[14.5,5.5,6.25]},"faces":{"east":{"uv":[12.33333,0.0,11.33333,0.66667],"texture":"#1","rotation":90},"west":{"uv":[12.0,0.33333,11.66667,0.66667],"texture":"#1"},"up":{"uv":[12.33333,0.0,12.0,0.33333],"texture":"#1"},"down":{"uv":[12.33333,0.66667,11.33333,0.0],"texture":"#1"}}},{"from":[16.3,7.3,9.8],"to":[12.7,3.7,8.2],"rotation":{"angle":-45.0,"axis":"z","origin":[14.5,5.5,6.25]},"faces":{"east":{"uv":[12.0,0.66667,11.66667,0.33333],"texture":"#1"},"west":{"uv":[11.33333,0.0,12.33333,0.66667],"texture":"#1","rotation":90},"up":{"uv":[11.33333,0.66667,12.33333,0.0],"texture":"#1"},"down":{"uv":[12.0,0.0,12.33333,0.33333],"texture":"#1"}}}],"display":{"thirdperson_righthand":{"translation":[0.0,1.0,0.75],"rotation":[55.5,34.0,0.0],"scale":[0.52539,0.52539,0.52539]},"thirdperson_lefthand":{"translation":[0.0,1.0,0.75],"rotation":[55.5,34.0,0.0],"scale":[0.52539,0.52539,0.52539]},"firstperson_righthand":{"translation":[9.5,0.0,-5.75],"rotation":[21.0,114.5,-13.75],"scale":[0.41992,0.41992,0.41992]},"firstperson_lefthand":{"translation":[9.5,0.0,-5.75],"rotation":[21.0,114.5,-13.75],"scale":[0.41992,0.41992,0.41992]},"gui":{"translation":[0.75,1.75,0.0],"rotation":[-149.61,-31.92,-180.0],"scale":[0.68554,0.68554,0.68554]},"head":{"translation":[0.0,7.0,0.0],"scale":[1.64883,1.64883,1.64883]}},"credit":"Made with Blockbench","gui_light":"front"}