{"textures":{"0":"mcc:island_cosmetics/head_variant/head_4_extra_2","particle":"mcc:island_cosmetics/head_variant/head_4_extra_2"},"credit":"Made with Blockbench","texture_size":[128.0,128.0],"elements":[{"from":[3.0,8.0,3.0],"to":[13.0,16.0,13.0],"rotation":{"angle":0.0,"axis":"x","origin":[7.0,9.5,7.0]},"faces":{"north":{"uv":[2.5,0.0,3.75,1.0],"texture":"#0"},"east":{"uv":[2.5,0.0,3.75,1.0],"texture":"#0"},"south":{"uv":[2.5,0.0,3.75,1.0],"texture":"#0"},"west":{"uv":[2.5,0.0,3.75,1.0],"texture":"#0"},"up":{"uv":[1.25,1.875,2.5,3.125],"texture":"#0"},"down":{"uv":[2.125,0.5,2.25,0.625],"texture":"#0"}}},{"from":[2.9,8.15,2.9],"to":[13.1,9.35,13.1],"rotation":{"angle":0.0,"axis":"x","origin":[7.0,9.5,7.0]},"faces":{"north":{"uv":[2.5,2.625,3.75,2.75],"texture":"#0","tintindex":0.0},"east":{"uv":[2.5,2.625,3.75,2.75],"texture":"#0","tintindex":0.0},"south":{"uv":[2.5,2.625,3.75,2.75],"texture":"#0","tintindex":0.0},"west":{"uv":[2.5,2.625,3.75,2.75],"texture":"#0","tintindex":0.0},"up":{"uv":[2.25,0.5,2.375,0.625],"texture":"#0"},"down":{"uv":[2.25,0.5,2.375,0.625],"texture":"#0"}}},{"from":[3.4,1.9,6.9],"to":[12.6,8.1,9.1],"rotation":{"angle":0.0,"axis":"x","origin":[6.5,9.5,26.0]},"faces":{"north":{"uv":[2.125,0.5,2.25,0.625],"texture":"#0"},"east":{"uv":[0.0,3.375,0.25,4.125],"texture":"#0"},"south":{"uv":[2.125,0.5,2.25,0.625],"texture":"#0"},"west":{"uv":[0.0,3.375,0.25,4.125],"texture":"#0"},"up":{"uv":[2.125,0.5,2.25,0.625],"texture":"#0"},"down":{"uv":[0.25,3.375,1.375,3.625],"texture":"#0"}}},{"from":[5.0,9.25,2.75],"to":[11.0,15.25,2.75],"rotation":{"angle":0.0,"axis":"x","origin":[7.0,9.5,7.5]},"faces":{"north":{"uv":[3.75,0.0,4.5,0.75],"texture":"#0"},"east":{"uv":[5.125,7.0,6.5,8.375],"texture":"#missing"},"south":{"uv":[3.75,0.0,4.5,0.75],"texture":"#0"},"west":{"uv":[5.125,7.0,6.5,8.375],"texture":"#missing"},"up":{"uv":[5.125,7.0,6.5,8.375],"texture":"#missing"},"down":{"uv":[5.125,7.0,6.5,8.375],"texture":"#missing"}}},{"from":[6.0,16.0,6.0],"to":[10.0,17.0,10.0],"rotation":{"angle":0.0,"axis":"x","origin":[8.0,9.5,5.0]},"faces":{"north":{"uv":[3.875,0.5,4.375,0.625],"texture":"#0"},"east":{"uv":[3.875,0.5,4.375,0.625],"texture":"#0"},"south":{"uv":[3.875,0.5,4.375,0.625],"texture":"#0"},"west":{"uv":[3.875,0.5,4.375,0.625],"texture":"#0"},"up":{"uv":[4.5,0.0,5.0,0.5],"texture":"#0"},"down":{"uv":[4.5,0.0,5.0,0.5],"texture":"#0"}}},{"from":[2.0,8.0,1.0],"to":[14.0,8.0,14.0],"rotation":{"angle":0.0,"axis":"x","origin":[8.0,9.5,7.5]},"faces":{"north":{"uv":[5.125,7.0,6.5,8.375],"texture":"#missing"},"east":{"uv":[5.125,7.0,6.5,8.375],"texture":"#missing"},"south":{"uv":[5.125,7.0,6.5,8.375],"texture":"#missing"},"west":{"uv":[5.125,7.0,6.5,8.375],"texture":"#missing"},"up":{"uv":[2.5,1.0,4.0,2.625],"texture":"#0"},"down":{"uv":[2.5,2.625,4.0,1.0],"texture":"#0"}}},{"name":"cube inverted","from":[12.6,8.1,9.1],"to":[3.4,1.9,6.9],"rotation":{"angle":0.0,"axis":"x","origin":[6.5,9.5,26.0]},"faces":{"north":{"uv":[2.125,0.625,2.25,0.5],"texture":"#0"},"east":{"uv":[0.0,4.125,0.25,3.375],"texture":"#0"},"south":{"uv":[2.125,0.625,2.25,0.5],"texture":"#0"},"west":{"uv":[0.0,4.125,0.25,3.375],"texture":"#0"},"up":{"uv":[1.375,3.375,0.25,3.625],"texture":"#0"},"down":{"uv":[2.25,0.5,2.125,0.625],"texture":"#0"}}}],"gui_light":"front","display":{"thirdperson_righthand":{"rotation":[55.5,34.0,0.0],"translation":[0.0,1.0,0.75],"scale":[0.52539,0.52539,0.52539]},"thirdperson_lefthand":{"rotation":[55.5,34.0,0.0],"translation":[0.0,1.0,0.75],"scale":[0.52539,0.52539,0.52539]},"firstperson_righthand":{"rotation":[21.0,114.5,-13.75],"translation":[9.5,0.0,-5.75],"scale":[0.41992,0.41992,0.41992]},"firstperson_lefthand":{"rotation":[21.0,114.5,-13.75],"translation":[9.5,0.0,-5.75],"scale":[0.41992,0.41992,0.41992]},"gui":{"rotation":[-149.61,-31.92,-180.0],"translation":[-0.25,-1.25,0.0],"scale":[0.85156,0.85156,0.85156]},"head":{"translation":[0.0,2.0,0.0],"scale":[1.6,1.6,1.6]}}}