{"textures":{"1":"mcc:island_cosmetics/general/hat/gnome/gnome"},"display":{"thirdperson_righthand":{"translation":[0.0,1.0,0.75],"rotation":[55.5,34.0,0.0],"scale":[0.52539,0.52539,0.52539]},"thirdperson_lefthand":{"translation":[0.0,1.0,0.75],"rotation":[55.5,34.0,0.0],"scale":[0.52539,0.52539,0.52539]},"firstperson_righthand":{"translation":[9.5,0.0,-5.75],"rotation":[21.0,114.5,-13.75],"scale":[0.41992,0.41992,0.41992]},"firstperson_lefthand":{"translation":[9.5,0.0,-5.75],"rotation":[21.0,114.5,-13.75],"scale":[0.41992,0.41992,0.41992]},"gui":{"translation":[0.0,0.25,0.0],"rotation":[-149.61,-31.92,-180.0],"scale":[0.60546,0.60546,0.60546]},"head":{"translation":[0.0,4.25,-0.25],"rotation":[1.75,0.0,0.0],"scale":[1.62539,1.62539,1.62539]}},"credit":"Made with Blockbench","texture_size":[48.0,48.0],"elements":[{"from":[3.51,0.01,3.51],"to":[12.49,8.99,12.49],"rotation":{"angle":0.0,"axis":"x","origin":[7.5,9.5,7.5]},"faces":{"north":{"uv":[0.0,0.0,3.0,3.0],"texture":"#1"},"east":{"uv":[3.0,2.33333,6.0,5.33333],"texture":"#1"},"south":{"uv":[4.0,4.0,4.33333,4.33333],"texture":"#1"},"west":{"uv":[6.0,2.33333,3.0,5.33333],"texture":"#1"},"up":{"uv":[13.66667,18.66667,17.33333,22.33333],"texture":"#1"},"down":{"uv":[2.33333,3.0,2.66667,3.33333],"texture":"#1"}}},{"from":[8.96194,7.80866,3.0],"to":[13.96194,10.80866,3.0],"rotation":{"angle":-22.5,"axis":"z","origin":[11.46194,9.30866,3.0]},"faces":{"north":{"uv":[2.66667,3.0,1.0,4.0],"texture":"#1"},"east":{"uv":[17.33333,18.66667,13.66667,22.33333],"texture":"#1"},"south":{"uv":[2.66667,3.0,1.0,4.0],"texture":"#1"},"west":{"uv":[17.33333,18.66667,13.66667,22.33333],"texture":"#1"},"up":{"uv":[17.33333,18.66667,13.66667,22.33333],"texture":"#1"},"down":{"uv":[17.33333,18.66667,13.66667,22.33333],"texture":"#1"}}},{"from":[2.0,8.0,3.0],"to":[7.0,11.0,3.0],"rotation":{"angle":22.5,"axis":"z","origin":[5.0,9.5,3.0]},"faces":{"north":{"uv":[1.0,3.0,2.66667,4.0],"texture":"#1"},"east":{"uv":[13.66667,18.66667,17.33333,22.33333],"texture":"#1"},"south":{"uv":[1.0,3.0,2.66667,4.0],"texture":"#1"},"west":{"uv":[13.66667,18.66667,17.33333,22.33333],"texture":"#1"},"up":{"uv":[13.66667,18.66667,17.33333,22.33333],"texture":"#1"},"down":{"uv":[13.66667,18.66667,17.33333,22.33333],"texture":"#1"}}},{"from":[10.47,2.97,2.47],"to":[13.53,6.03,5.53],"rotation":{"angle":0.0,"axis":"x","origin":[7.5,9.5,7.5]},"faces":{"north":{"uv":[0.0,3.0,1.0,4.0],"texture":"#1"},"east":{"uv":[2.66667,4.0,1.66667,5.0],"texture":"#1"},"south":{"uv":[1.66667,4.0,2.66667,5.0],"texture":"#1"},"west":{"uv":[1.0,3.0,0.0,4.0],"texture":"#1"},"up":{"uv":[0.0,5.33333,1.0,6.33333],"texture":"#1"},"down":{"uv":[0.0,0.0,0.0,0.0],"texture":"#1"}}},{"from":[2.47,2.97,2.47],"to":[5.53,6.03,5.53],"rotation":{"angle":0.0,"axis":"x","origin":[8.5,9.5,7.5]},"faces":{"north":{"uv":[1.0,3.0,0.0,4.0],"texture":"#1"},"east":{"uv":[0.0,3.0,1.0,4.0],"texture":"#1"},"south":{"uv":[2.66667,4.0,1.66667,5.0],"texture":"#1"},"west":{"uv":[1.66667,4.0,2.66667,5.0],"texture":"#1"},"up":{"uv":[1.0,5.33333,0.0,6.33333],"texture":"#1"},"down":{"uv":[0.0,0.0,0.0,0.0],"texture":"#1"}}},{"from":[2.5,0.0,6.5],"to":[13.5,4.0,13.5],"rotation":{"angle":0.0,"axis":"x","origin":[7.5,9.5,7.5]},"faces":{"east":{"uv":[5.66667,8.0,3.33333,9.33333],"texture":"#1"},"south":{"uv":[9.33333,8.0,5.66667,9.33333],"texture":"#1"},"west":{"uv":[3.33333,8.0,5.66667,9.33333],"texture":"#1"},"up":{"uv":[3.66667,9.66667,0.0,12.0],"texture":"#1"},"down":{"uv":[13.0,8.33333,9.33333,10.66667],"texture":"#1"}}},{"from":[2.5,4.0,10.5],"to":[13.5,9.0,13.5],"rotation":{"angle":0.0,"axis":"x","origin":[7.5,9.5,7.5]},"faces":{"north":{"uv":[5.33333,10.66667,5.66667,11.0],"texture":"#1"},"east":{"uv":[4.66667,9.33333,5.66667,11.0],"texture":"#1"},"south":{"uv":[9.33333,9.33333,5.66667,11.0],"texture":"#1"},"west":{"uv":[5.66667,9.33333,4.66667,11.0],"texture":"#1"},"up":{"uv":[5.33333,12.0,1.66667,13.0],"texture":"#1"},"down":{"uv":[5.33333,10.66667,5.66667,11.0],"texture":"#1"}}},{"from":[9.49,3.99,4.49],"to":[14.51,9.01,6.51],"rotation":{"angle":-45.0,"axis":"y","origin":[8.0,4.5,8.0]},"faces":{"north":{"uv":[7.66667,2.33333,6.0,4.0],"texture":"#1"},"east":{"uv":[6.66667,4.0,6.0,5.66667],"texture":"#1"},"south":{"uv":[6.66667,4.0,8.33333,5.66667],"texture":"#1"},"west":{"uv":[4.66667,5.66667,5.0,6.0],"texture":"#1"},"up":{"uv":[6.0,5.66667,7.66667,6.33333],"texture":"#1"},"down":{"uv":[0.0,6.33333,1.66667,7.0],"texture":"#1"}}},{"from":[1.49,3.99,4.49],"to":[6.51,9.01,6.51],"rotation":{"angle":45.0,"axis":"y","origin":[8.0,4.5,8.0]},"faces":{"north":{"uv":[6.0,2.33333,7.66667,4.0],"texture":"#1"},"east":{"uv":[4.66667,5.66667,5.0,6.0],"texture":"#1"},"south":{"uv":[8.33333,4.0,6.66667,5.66667],"texture":"#1"},"west":{"uv":[6.0,4.0,6.66667,5.66667],"texture":"#1"},"up":{"uv":[7.66667,5.66667,6.0,6.33333],"texture":"#1"},"down":{"uv":[1.66667,6.33333,0.0,7.0],"texture":"#1"}}},{"from":[5.5,3.0,0.5],"to":[10.5,7.0,3.5],"rotation":{"angle":0.0,"axis":"x","origin":[7.5,9.5,7.5]},"faces":{"north":{"uv":[1.66667,4.0,0.0,5.33333],"texture":"#1"},"east":{"uv":[2.66667,5.0,1.66667,6.33333],"texture":"#1"},"south":{"uv":[4.66667,5.66667,5.0,6.0],"texture":"#1"},"west":{"uv":[1.66667,5.0,2.66667,6.33333],"texture":"#1"},"up":{"uv":[4.33333,5.33333,2.66667,6.33333],"texture":"#1"},"down":{"uv":[6.0,5.33333,4.33333,6.33333],"texture":"#1"}}},{"from":[2.49,-3.08297,3.09581],"to":[13.51,3.93703,8.11581],"rotation":{"angle":-22.5,"axis":"x","origin":[8.0,-0.57297,4.60581]},"faces":{"north":{"uv":[6.66667,0.0,3.0,2.33333],"texture":"#1"},"east":{"uv":[3.33333,6.33333,1.66667,8.66667],"texture":"#1"},"south":{"uv":[14.33333,6.0,10.66667,8.33333],"texture":"#1"},"west":{"uv":[1.66667,6.33333,3.33333,8.66667],"texture":"#1"},"up":{"uv":[7.0,6.33333,3.33333,8.0],"texture":"#1"},"down":{"uv":[10.66667,6.33333,7.0,8.0],"texture":"#1"}}},{"from":[3.5,9.0,3.5],"to":[12.5,15.0,12.5],"rotation":{"angle":0.0,"axis":"x","origin":[8.0,13.5,8.0]},"faces":{"north":{"uv":[7.66667,1.0,10.66667,3.0],"texture":"#1","tintindex":0.0},"east":{"uv":[7.66667,1.0,10.66667,3.0],"texture":"#1","tintindex":0.0},"south":{"uv":[7.66667,1.0,10.66667,3.0],"texture":"#1","tintindex":0.0},"west":{"uv":[7.66667,1.0,10.66667,3.0],"texture":"#1","tintindex":0.0},"up":{"uv":[10.33333,3.0,13.33333,6.0],"texture":"#1","tintindex":0.0},"down":{"uv":[8.0,2.33333,8.33333,2.66667],"texture":"#1","tintindex":0.0}}},{"from":[3.3,8.8,3.3],"to":[12.7,11.2,12.7],"rotation":{"angle":0.0,"axis":"x","origin":[8.0,13.5,8.0]},"faces":{"north":{"uv":[7.66667,2.33333,10.66667,3.0],"texture":"#1","tintindex":0.0},"east":{"uv":[7.66667,2.33333,10.66667,3.0],"texture":"#1","tintindex":0.0},"south":{"uv":[7.66667,2.33333,10.66667,3.0],"texture":"#1","tintindex":0.0},"west":{"uv":[7.66667,2.33333,10.66667,3.0],"texture":"#1","tintindex":0.0}}},{"from":[5.0,14.0,5.0],"to":[11.0,20.0,11.0],"rotation":{"angle":0.0,"axis":"x","origin":[8.0,13.5,8.75]},"faces":{"north":{"uv":[8.33333,3.0,10.33333,5.0],"texture":"#1","tintindex":0.0},"east":{"uv":[8.33333,3.0,10.33333,5.0],"texture":"#1","tintindex":0.0},"south":{"uv":[8.33333,3.0,10.33333,5.0],"texture":"#1","tintindex":0.0},"west":{"uv":[8.33333,3.0,10.33333,5.0],"texture":"#1","tintindex":0.0},"up":{"uv":[10.66667,1.0,12.66667,3.0],"texture":"#1","tintindex":0.0},"down":{"uv":[8.0,2.33333,8.33333,2.66667],"texture":"#1","tintindex":0.0}}}],"gui_light":"front"}