{"textures":{"1":"mcc:island_cosmetics/general/hat/candy_bot/candy_bot","particle":"mcc:island_cosmetics/general/hat/candy_bot/candy_bot"},"elements":[{"from":[3.5,0.0,3.5],"to":[12.5,10.0,12.5],"rotation":{"angle":0.0,"axis":"y","origin":[8.0,0.60095,8.31132]},"faces":{"north":{"uv":[0.0,0.0,3.0,3.33333],"texture":"#1"},"east":{"uv":[0.0,3.33333,3.0,6.66667],"texture":"#1"},"south":{"uv":[0.0,6.66667,3.0,10.0],"texture":"#1"},"west":{"uv":[3.0,3.33333,0.0,6.66667],"texture":"#1"},"up":{"uv":[8.0,0.0,11.0,3.0],"texture":"#1"},"down":{"uv":[8.0,3.0,11.0,6.0],"texture":"#1"}}},{"from":[3.0,-1.0,2.5],"to":[13.0,3.0,9.5],"rotation":{"angle":0.0,"axis":"y","origin":[8.0,0.60095,8.31132]},"faces":{"north":{"uv":[4.66667,0.0,8.0,1.33333],"texture":"#1"},"east":{"uv":[4.66667,1.33333,7.0,2.66667],"texture":"#1"},"south":{"uv":[3.0,9.33333,6.33333,10.66667],"texture":"#1"},"west":{"uv":[7.0,1.33333,4.66667,2.66667],"texture":"#1"},"up":{"uv":[4.0,5.0,7.33333,7.33333],"texture":"#1"},"down":{"uv":[4.66667,2.66667,8.0,5.0],"texture":"#1"}}},{"from":[4.76092,4.0,1.75625],"to":[7.76092,7.0,3.75625],"rotation":{"angle":22.5,"axis":"y","origin":[8.0,0.60095,8.31132]},"faces":{"north":{"uv":[4.66667,0.0,3.66667,1.0],"texture":"#1","tintindex":0},"east":{"uv":[4.33333,2.66667,3.66667,3.66667],"texture":"#1"},"south":{"uv":[4.33333,2.66667,3.66667,3.66667],"texture":"#1"},"west":{"uv":[4.33333,2.66667,3.66667,3.66667],"texture":"#1"},"up":{"uv":[4.33333,2.66667,3.66667,3.66667],"texture":"#1"},"down":{"uv":[4.33333,2.66667,3.66667,3.66667],"texture":"#1"}}},{"from":[5.5,7.07289,2.12703],"to":[10.5,11.07289,7.12703],"rotation":{"angle":45.0,"axis":"x","origin":[8.0,0.60095,8.31132]},"faces":{"north":{"uv":[3.0,1.0,4.66667,2.33333],"texture":"#1"},"east":{"uv":[3.0,1.0,4.66667,2.33333],"texture":"#1"},"south":{"uv":[3.0,1.0,4.66667,2.33333],"texture":"#1"},"west":{"uv":[3.0,1.0,4.66667,2.33333],"texture":"#1"},"up":{"uv":[3.0,2.33333,4.66667,4.0],"texture":"#1"}}},{"from":[9.7,16.02289,6.32703],"to":[6.3,10.62289,2.92703],"rotation":{"angle":45.0,"axis":"x","origin":[8.0,0.60095,8.31132]},"faces":{"north":{"uv":[3.0,6.0,3.33333,6.33333],"texture":"#1"},"east":{"uv":[3.0,6.0,3.33333,6.33333],"texture":"#1"},"south":{"uv":[3.0,6.0,3.33333,6.33333],"texture":"#1"},"west":{"uv":[3.0,6.0,3.33333,6.33333],"texture":"#1"},"down":{"uv":[3.0,6.0,3.33333,6.33333],"texture":"#1"}}},{"from":[8.23908,4.0,1.75625],"to":[11.23908,7.0,3.75625],"rotation":{"angle":-22.5,"axis":"y","origin":[8.0,0.60095,8.31132]},"faces":{"north":{"uv":[3.66667,0.0,4.66667,1.0],"texture":"#1","tintindex":0},"east":{"uv":[4.33333,2.66667,3.66667,3.66667],"texture":"#1"},"south":{"uv":[4.33333,2.66667,3.66667,3.66667],"texture":"#1"},"west":{"uv":[4.33333,2.66667,3.66667,3.66667],"texture":"#1"},"up":{"uv":[4.33333,2.66667,3.66667,3.66667],"texture":"#1"},"down":{"uv":[4.33333,2.66667,3.66667,3.66667],"texture":"#1"}}},{"from":[4.46092,3.7,1.45625],"to":[8.06092,7.3,4.05625],"rotation":{"angle":22.5,"axis":"y","origin":[8.0,0.60095,8.31132]},"faces":{"east":{"uv":[3.0,0.0,3.66667,1.0],"texture":"#1"},"south":{"uv":[3.66667,0.0,3.0,1.0],"texture":"#1"},"west":{"uv":[3.0,0.0,3.66667,1.0],"texture":"#1"},"up":{"uv":[3.0,0.0,3.66667,0.33333],"texture":"#1"},"down":{"uv":[3.0,0.66667,3.66667,1.0],"texture":"#1"}}},{"from":[7.93908,3.7,1.45625],"to":[11.53908,7.3,4.05625],"rotation":{"angle":-22.5,"axis":"y","origin":[8.0,0.60095,8.31132]},"faces":{"east":{"uv":[3.66667,0.0,3.0,1.0],"texture":"#1"},"south":{"uv":[3.66667,0.0,3.0,1.0],"texture":"#1"},"west":{"uv":[3.66667,0.0,3.0,1.0],"texture":"#1"},"up":{"uv":[3.66667,0.0,3.0,0.33333],"texture":"#1"},"down":{"uv":[3.66667,0.66667,3.0,1.0],"texture":"#1"}}},{"from":[11.53908,7.3,2.05625],"to":[7.93908,3.7,1.45625],"rotation":{"angle":-22.5,"axis":"y","origin":[8.0,0.60095,8.31132]},"faces":{"north":{"uv":[8.0,6.33333,8.33333,6.66667],"texture":"#1"},"east":{"uv":[8.33333,2.33333,8.66667,2.66667],"texture":"#1"},"south":{"uv":[8.33333,2.33333,8.66667,2.66667],"texture":"#1"},"west":{"uv":[8.33333,2.33333,8.66667,2.66667],"texture":"#1"},"up":{"uv":[8.33333,2.33333,8.66667,2.66667],"texture":"#1"},"down":{"uv":[8.33333,2.33333,8.66667,2.66667],"texture":"#1"}}},{"from":[8.06092,7.3,2.05625],"to":[4.46092,3.7,1.45625],"rotation":{"angle":22.5,"axis":"y","origin":[8.0,0.60095,8.31132]},"faces":{"north":{"uv":[8.0,6.33333,8.33333,6.66667],"texture":"#1"},"east":{"uv":[8.33333,2.33333,8.66667,2.66667],"texture":"#1"},"south":{"uv":[8.33333,2.33333,8.66667,2.66667],"texture":"#1"},"west":{"uv":[8.33333,2.33333,8.66667,2.66667],"texture":"#1"},"up":{"uv":[8.33333,2.33333,8.66667,2.66667],"texture":"#1"},"down":{"uv":[8.33333,2.33333,8.66667,2.66667],"texture":"#1"}}},{"from":[1.4,0.9,6.4],"to":[4.6,5.1,10.6],"rotation":{"angle":0.0,"axis":"y","origin":[8.0,0.60095,8.31132]},"faces":{"north":{"uv":[1.0,10.0,2.0,11.33333],"texture":"#1"},"south":{"uv":[2.0,10.0,1.0,11.33333],"texture":"#1"},"west":{"uv":[3.0,10.0,1.66667,11.33333],"texture":"#1"},"up":{"uv":[2.0,10.33333,1.0,10.0],"texture":"#1"},"down":{"uv":[2.0,11.33333,1.0,11.0],"texture":"#1"}}},{"from":[11.4,0.9,6.4],"to":[14.6,5.1,10.6],"rotation":{"angle":0.0,"axis":"y","origin":[8.0,0.60095,8.31132]},"faces":{"north":{"uv":[2.0,10.0,1.0,11.33333],"texture":"#1"},"east":{"uv":[1.66667,10.0,3.0,11.33333],"texture":"#1"},"south":{"uv":[1.0,10.0,2.0,11.33333],"texture":"#1"},"up":{"uv":[1.0,10.33333,2.0,10.0],"texture":"#1"},"down":{"uv":[1.0,11.33333,2.0,11.0],"texture":"#1"}}},{"from":[6.7,10.52289,3.32703],"to":[9.3,15.12289,5.92703],"rotation":{"angle":45.0,"axis":"x","origin":[8.0,0.60095,8.31132]},"faces":{"north":{"uv":[11.0,0.0,12.0,1.66667],"texture":"#1","tintindex":0},"east":{"uv":[11.0,0.0,12.0,1.66667],"texture":"#1","tintindex":0},"south":{"uv":[11.0,0.0,12.0,1.66667],"texture":"#1","tintindex":0},"west":{"uv":[11.0,0.0,12.0,1.66667],"texture":"#1","tintindex":0},"up":{"uv":[11.33333,0.0,11.66667,0.33333],"texture":"#1","tintindex":0}}},{"from":[6.7,10.02289,3.32703],"to":[9.3,14.62289,5.92703],"rotation":{"angle":45.0,"axis":"x","origin":[8.0,0.60095,8.31132]},"faces":{"north":{"uv":[12.33333,0.0,13.33333,1.66667],"texture":"#1","tintindex":0},"east":{"uv":[12.33333,0.0,13.33333,1.66667],"texture":"#1","tintindex":0},"south":{"uv":[12.33333,0.0,13.33333,1.66667],"texture":"#1","tintindex":0},"west":{"uv":[12.33333,0.0,13.33333,1.66667],"texture":"#1","tintindex":0},"up":{"uv":[12.66667,0.0,13.0,0.33333],"texture":"#1","tintindex":0}}}],"display":{"thirdperson_righthand":{"translation":[0.0,1.0,-1.0],"rotation":[63.0,34.0,0.0],"scale":[0.52539,0.52539,0.52539]},"thirdperson_lefthand":{"translation":[0.0,1.0,-1.0],"rotation":[63.0,34.0,0.0],"scale":[0.52539,0.52539,0.52539]},"firstperson_righthand":{"translation":[9.5,0.0,-5.75],"rotation":[3.0,112.0,-13.0],"scale":[0.41992,0.41992,0.41992]},"firstperson_lefthand":{"translation":[9.5,0.0,-5.75],"rotation":[3.0,112.0,-13.0],"scale":[0.41992,0.41992,0.41992]},"ground":{"translation":[0.0,4.25,0.0],"scale":[0.28906,0.28906,0.28906]},"gui":{"translation":[0.0,0.75,0.0],"rotation":[-149.61,-31.92,-180.0],"scale":[0.72461,0.72461,0.72461]},"head":{"translation":[0.0,5.25,0.0],"scale":[1.63711,1.63711,1.63711]},"fixed":{"translation":[0.0,-3.25,-7.5]}},"credit":"Made with Blockbench","gui_light":"front"}