{"textures":{"1":"mcc:island_cosmetics/general/hat/viking_helmet/viking_helmet"},"display":{"thirdperson_righthand":{"translation":[0.0,1.0,0.75],"rotation":[55.5,34.0,0.0],"scale":[0.52539,0.52539,0.52539]},"thirdperson_lefthand":{"translation":[0.0,1.0,0.75],"rotation":[55.5,34.0,0.0],"scale":[0.52539,0.52539,0.52539]},"firstperson_righthand":{"translation":[9.5,0.0,-5.75],"rotation":[21.0,114.5,-13.75],"scale":[0.41992,0.41992,0.41992]},"firstperson_lefthand":{"translation":[9.5,0.0,-5.75],"rotation":[21.0,114.5,-13.75],"scale":[0.41992,0.41992,0.41992]},"gui":{"translation":[0.25,1.25,0.0],"rotation":[-149.61,-31.92,-180.0],"scale":[0.90234,0.90234,0.90234]},"head":{"translation":[0.0,4.5,0.0],"scale":[1.62539,1.62539,1.62539]}},"credit":"Made with Blockbench","texture_size":[32.0,32.0],"elements":[{"from":[3.0,3.0,3.0],"to":[13.0,11.0,13.0],"rotation":{"angle":0.0,"axis":"x","origin":[8.0,9.5,8.0]},"faces":{"north":{"uv":[2.0,0.0,7.0,4.0],"texture":"#1"},"east":{"uv":[7.0,0.0,12.0,4.0],"texture":"#1"},"south":{"uv":[5.0,10.5,0.0,14.5],"texture":"#1"},"west":{"uv":[12.0,0.0,7.0,4.0],"texture":"#1"},"up":{"uv":[0.0,5.5,5.0,10.5],"texture":"#1"},"down":{"uv":[10.5,5.5,15.5,10.5],"texture":"#1"}}},{"from":[7.0,2.5,2.5],"to":[9.0,11.5,13.5],"rotation":{"angle":0.0,"axis":"x","origin":[8.0,9.5,8.0]},"faces":{"north":{"uv":[1.0,0.0,2.0,4.5],"texture":"#1"},"east":{"uv":[5.0,5.5,10.5,10.0],"texture":"#1"},"south":{"uv":[2.0,0.0,1.0,4.5],"texture":"#1"},"west":{"uv":[5.0,5.5,10.5,10.0],"texture":"#1"},"up":{"uv":[0.0,0.0,1.0,5.5],"texture":"#1"},"down":{"uv":[12.0,0.0,13.0,5.5],"texture":"#1"}}},{"from":[13.22744,-1.14843,3.0],"to":[13.22744,1.85157,13.0],"rotation":{"angle":22.5,"axis":"z","origin":[10.22744,1.85157,8.0]},"faces":{"north":{"uv":[0.0,0.0,0.0,0.0],"texture":"#1"},"east":{"uv":[7.0,4.0,12.0,5.5],"texture":"#1"},"south":{"uv":[0.0,0.0,0.0,0.0],"texture":"#1"},"west":{"uv":[12.0,4.0,7.0,5.5],"texture":"#1"},"up":{"uv":[0.0,0.0,0.0,0.0],"texture":"#1"},"down":{"uv":[0.0,0.0,0.0,0.0],"texture":"#1"}}},{"from":[2.77256,-1.14843,3.0],"to":[2.77256,1.85157,13.0],"rotation":{"angle":-22.5,"axis":"z","origin":[5.77256,1.85157,8.0]},"faces":{"north":{"uv":[0.0,0.0,0.0,0.0],"texture":"#1"},"east":{"uv":[7.0,4.0,12.0,5.5],"texture":"#1"},"south":{"uv":[0.0,0.0,0.0,0.0],"texture":"#1"},"west":{"uv":[12.0,4.0,7.0,5.5],"texture":"#1"},"up":{"uv":[0.0,0.0,0.0,0.0],"texture":"#1"},"down":{"uv":[0.0,0.0,0.0,0.0],"texture":"#1"}}},{"name":"cube inverted","from":[9.0,11.5,13.5],"to":[7.0,2.5,2.5],"rotation":{"angle":0.0,"axis":"x","origin":[8.0,9.5,8.0]},"faces":{"north":{"uv":[2.0,4.5,1.0,0.0],"texture":"#1"},"east":{"uv":[5.0,10.0,10.5,5.5],"texture":"#1"},"south":{"uv":[1.0,4.5,2.0,0.0],"texture":"#1"},"west":{"uv":[5.0,10.0,10.5,5.5],"texture":"#1"},"up":{"uv":[13.0,0.0,12.0,5.5],"texture":"#1"},"down":{"uv":[1.0,0.0,0.0,5.5],"texture":"#1"}}},{"name":"cube inverted","from":[13.0,11.0,13.0],"to":[3.0,3.0,3.0],"rotation":{"angle":0.0,"axis":"x","origin":[8.0,9.5,8.0]},"faces":{"north":{"uv":[5.0,14.5,0.0,10.5],"texture":"#1"},"east":{"uv":[12.0,4.0,7.0,0.0],"texture":"#1"},"south":{"uv":[2.0,4.0,7.0,0.0],"texture":"#1"},"west":{"uv":[7.0,4.0,12.0,0.0],"texture":"#1"},"up":{"uv":[15.5,5.5,10.5,10.5],"texture":"#1"},"down":{"uv":[5.0,5.5,0.0,10.5],"texture":"#1"}}}],"gui_light":"front"}