{"textures":{"0":"mcc:island_cosmetics/general/hat/shades/anime_shades","particle":"mcc:island_cosmetics/general/hat/shades/anime_shades"},"elements":[{"from":[0.5,1.0,3.5],"to":[15.5,8.0,3.5],"rotation":{"angle":0.0,"axis":"x","origin":[7.5,9.5,7.5]},"faces":{"north":{"uv":[1.0,5.0,16.0,12.0],"texture":"#0"},"east":{"uv":[6.125,2.875,5.375,4.0],"texture":"#0"},"south":{"uv":[16.0,5.0,1.0,12.0],"texture":"#0"},"west":{"uv":[5.375,2.875,6.125,4.0],"texture":"#0"},"up":{"uv":[7.125,2.125,8.25,2.875],"texture":"#0"},"down":{"uv":[7.125,1.375,8.25,2.125],"texture":"#0"}}}],"display":{"thirdperson_righthand":{"translation":[0.0,1.0,0.75],"rotation":[55.5,34.0,0.0],"scale":[0.52539,0.52539,0.52539]},"thirdperson_lefthand":{"translation":[0.0,1.0,0.75],"rotation":[55.5,34.0,0.0],"scale":[0.52539,0.52539,0.52539]},"firstperson_righthand":{"translation":[9.5,0.0,-5.75],"rotation":[21.0,114.5,-13.75],"scale":[0.41992,0.41992,0.41992]},"firstperson_lefthand":{"translation":[9.5,0.0,-5.75],"rotation":[21.0,114.5,-13.75],"scale":[0.41992,0.41992,0.41992]},"gui":{"translation":[-2.5,5.25,0.0],"rotation":[-149.61,-31.92,-180.0],"scale":[1.1289,1.1289,1.1289]},"head":{"translation":[0.0,5.25,-0.25],"scale":[1.71719,1.71719,1.71719]}},"credit":"Made with Blockbench","gui_light":"front"}