{"textures":{"0":"mcc:island_cosmetics/general/hat/shades/shades","particle":"mcc:island_cosmetics/general/hat/shades/shades"},"elements":[{"from":[3.5,2.0,3.5],"to":[12.5,6.0,12.5],"rotation":{"angle":0.0,"axis":"x","origin":[7.5,9.5,7.5]},"faces":{"north":{"uv":[0.0,0.0,9.0,4.0],"texture":"#0"}}},{"from":[3.5,2.0,3.5],"to":[12.5,6.0,12.5],"rotation":{"angle":0.0,"axis":"x","origin":[7.5,9.5,7.5]},"faces":{"north":{"uv":[0.0,9.0,9.0,13.0],"texture":"#0","tintindex":0},"east":{"uv":[0.0,5.0,9.0,9.0],"texture":"#0","tintindex":0},"west":{"uv":[9.0,5.0,0.0,9.0],"texture":"#0","tintindex":0}}},{"from":[12.5,6.0,12.5],"to":[3.5,2.0,3.5],"rotation":{"angle":0.0,"axis":"x","origin":[7.5,9.5,7.5]},"faces":{"south":{"uv":[0.0,4.0,9.0,0.0],"texture":"#0"}}},{"from":[12.5,6.0,12.5],"to":[3.5,2.0,3.5],"rotation":{"angle":0.0,"axis":"x","origin":[7.5,9.5,7.5]},"faces":{"east":{"uv":[9.0,9.0,0.0,5.0],"texture":"#0","tintindex":0},"south":{"uv":[0.0,13.0,9.0,9.0],"texture":"#0","tintindex":0},"west":{"uv":[0.0,9.0,9.0,5.0],"texture":"#0","tintindex":0}}}],"display":{"thirdperson_righthand":{"translation":[0.0,1.0,0.75],"rotation":[55.5,34.0,0.0],"scale":[0.52539,0.52539,0.52539]},"thirdperson_lefthand":{"translation":[0.0,1.0,0.75],"rotation":[55.5,34.0,0.0],"scale":[0.52539,0.52539,0.52539]},"firstperson_righthand":{"translation":[9.5,0.0,-5.75],"rotation":[21.0,114.5,-13.75],"scale":[0.41992,0.41992,0.41992]},"firstperson_lefthand":{"translation":[9.5,0.0,-5.75],"rotation":[21.0,114.5,-13.75],"scale":[0.41992,0.41992,0.41992]},"gui":{"translation":[-0.75,4.5,0.0],"rotation":[-149.61,-31.92,-180.0],"scale":[1.25781,1.25781,1.25781]},"head":{"translation":[0.0,3.25,0.0],"scale":[1.68008,1.68008,1.68008]}},"credit":"Made with Blockbench","gui_light":"front"}