{"textures":{"1":"mcc:island_cosmetics/general/hat/night_vision/night_vision"},"elements":[{"from":[3.0,-2.0,3.0],"to":[13.0,7.0,12.0],"faces":{"north":{"uv":[14.5,0.0,9.5,4.5],"texture":"#1"},"east":{"uv":[0.0,0.0,4.5,4.5],"texture":"#1"},"south":{"uv":[9.5,0.0,4.5,4.5],"texture":"#1"},"west":{"uv":[4.5,0.0,0.0,4.5],"texture":"#1"},"up":{"uv":[14.5,5.0,9.5,9.5],"texture":"#1"},"down":{"uv":[21.5,7.0,22.0,7.5],"texture":"#1"}}},{"from":[10.0,0.0,0.0],"to":[13.0,4.0,3.0],"faces":{"north":{"uv":[4.0,6.0,5.5,8.0],"texture":"#1"},"east":{"uv":[6.0,8.0,4.5,10.0],"texture":"#1"},"south":{"uv":[7.5,8.0,6.0,10.0],"texture":"#1"},"west":{"uv":[26.5,12.0,28.01,15.01],"texture":"#1"},"up":{"uv":[2.0,6.0,0.5,7.5],"texture":"#1"},"down":{"uv":[4.5,10.5,6.0,12.0],"texture":"#1"}}},{"from":[3.0,0.0,0.0],"to":[6.0,4.0,3.0],"rotation":{"angle":0.0,"axis":"y","origin":[16.0,0.0,0.0]},"faces":{"north":{"uv":[5.5,6.0,4.0,8.0],"texture":"#1"},"east":{"uv":[28.01,12.0,26.5,15.01],"texture":"#1"},"south":{"uv":[6.0,8.0,7.5,10.0],"texture":"#1"},"west":{"uv":[4.5,8.0,6.0,10.0],"texture":"#1"},"up":{"uv":[0.5,6.0,2.0,7.5],"texture":"#1"},"down":{"uv":[6.0,10.5,4.5,12.0],"texture":"#1"}}},{"from":[10.0,1.0,-2.0],"to":[12.0,3.0,1.0],"faces":{"north":{"uv":[6.0,6.0,7.0,7.0],"texture":"#1","tintindex":0},"east":{"uv":[11.5,10.5,12.5,12.0],"texture":"#1","rotation":90},"south":{"uv":[11.5,11.0,12.5,12.0],"texture":"#1","tintindex":0},"west":{"uv":[12.5,12.0,11.5,10.5],"texture":"#1","rotation":90},"up":{"uv":[11.5,10.5,12.5,12.0],"texture":"#1"},"down":{"uv":[11.5,10.5,12.5,12.0],"texture":"#1","rotation":180}}},{"from":[7.0,3.0,-2.0],"to":[9.0,5.0,1.0],"faces":{"north":{"uv":[6.0,6.0,7.0,7.0],"texture":"#1","tintindex":0},"east":{"uv":[11.5,10.5,12.5,12.0],"texture":"#1","rotation":90},"south":{"uv":[11.5,11.0,12.5,12.0],"texture":"#1","tintindex":0},"west":{"uv":[12.5,12.0,11.5,10.5],"texture":"#1","rotation":90},"up":{"uv":[11.5,10.5,12.5,12.0],"texture":"#1"},"down":{"uv":[11.5,10.5,12.5,12.0],"texture":"#1","rotation":180}}},{"from":[4.0,1.0,-2.0],"to":[6.0,3.0,1.0],"faces":{"north":{"uv":[6.0,6.0,7.0,7.0],"texture":"#1","tintindex":0},"east":{"uv":[11.5,10.5,12.5,12.0],"texture":"#1","rotation":90},"south":{"uv":[11.5,11.0,12.5,12.0],"texture":"#1","tintindex":0},"west":{"uv":[12.5,12.0,11.5,10.5],"texture":"#1","rotation":90},"up":{"uv":[11.5,10.5,12.5,12.0],"texture":"#1"},"down":{"uv":[11.5,10.5,12.5,12.0],"texture":"#1","rotation":180}}},{"from":[6.0,0.0,0.0],"to":[10.0,6.0,3.0],"faces":{"north":{"uv":[2.0,6.0,4.0,9.0],"texture":"#1"},"east":{"uv":[7.5,7.0,6.0,10.0],"texture":"#1"},"south":{"uv":[0.0,9.0,2.0,12.0],"texture":"#1"},"west":{"uv":[6.0,7.0,7.5,10.0],"texture":"#1"},"up":{"uv":[0.0,7.5,2.0,9.0],"texture":"#1"},"down":{"uv":[6.0,10.0,8.0,11.5],"texture":"#1"}}},{"from":[12.0,3.0,-2.0],"to":[10.0,1.0,-8.0],"faces":{"east":{"uv":[8.5,12.0,11.5,11.0],"texture":"#1","tintindex":0,"rotation":180},"west":{"uv":[8.5,12.0,11.5,11.0],"texture":"#1","tintindex":0},"up":{"uv":[8.5,12.0,11.5,11.0],"texture":"#1","tintindex":0,"rotation":90},"down":{"uv":[8.5,12.0,11.5,11.0],"texture":"#1","tintindex":0,"rotation":270}}},{"from":[6.0,3.0,-2.0],"to":[4.0,1.0,-8.0],"faces":{"east":{"uv":[8.5,12.0,11.5,11.0],"texture":"#1","tintindex":0,"rotation":180},"west":{"uv":[8.5,12.0,11.5,11.0],"texture":"#1","tintindex":0},"up":{"uv":[8.5,12.0,11.5,11.0],"texture":"#1","tintindex":0,"rotation":90},"down":{"uv":[8.5,12.0,11.5,11.0],"texture":"#1","tintindex":0,"rotation":270}}},{"from":[9.0,5.0,-2.0],"to":[7.0,3.0,-8.0],"faces":{"east":{"uv":[8.5,12.0,11.5,11.0],"texture":"#1","tintindex":0,"rotation":180},"west":{"uv":[8.5,12.0,11.5,11.0],"texture":"#1","tintindex":0},"up":{"uv":[8.5,12.0,11.5,11.0],"texture":"#1","tintindex":0,"rotation":90},"down":{"uv":[8.5,12.0,11.5,11.0],"texture":"#1","tintindex":0,"rotation":270}}},{"from":[13.0,7.0,12.0],"to":[3.0,-2.0,3.0],"faces":{"north":{"uv":[9.5,4.5,4.5,0.0],"texture":"#1"},"east":{"uv":[4.5,4.5,0.0,0.0],"texture":"#1"},"south":{"uv":[14.5,4.5,9.5,0.0],"texture":"#1"},"west":{"uv":[0.0,4.5,4.5,0.0],"texture":"#1"},"up":{"uv":[22.0,7.0,21.5,7.5],"texture":"#1"},"down":{"uv":[9.5,5.0,14.5,9.5],"texture":"#1"}}}],"display":{"thirdperson_righthand":{"rotation":[64.25,0.0,0.0],"scale":[0.44336,0.44336,0.44336]},"thirdperson_lefthand":{"rotation":[64.25,0.0,0.0],"scale":[0.44336,0.44336,0.44336]},"firstperson_righthand":{"scale":[0.0,0.0,0.0]},"firstperson_lefthand":{"scale":[0.0,0.0,0.0]},"ground":{"translation":[0.0,4.25,0.0],"scale":[0.43945,0.43945,0.43945]},"gui":{"translation":[-1.75,5.25,0.0],"rotation":[-149.61,-31.92,-180.0],"scale":[0.90429,0.90429,0.90429]},"head":{"translation":[0.0,9.0,1.0],"scale":[1.64492,1.64492,1.64492]}},"credit":"Made with Blockbench","gui_light":"front"}