{"textures":{"0":"mcc:island_cosmetics/head/head_faction_features","particle":"mcc:island_cosmetics/head/head_faction_features"},"credit":"Made with Blockbench","texture_size":[128.0,128.0],"elements":[{"from":[9.0,7.74,7.0],"to":[12.0,12.74,9.0],"rotation":{"angle":-22.5,"axis":"y","origin":[10.5,10.24,8.0]},"faces":{"north":{"uv":[0.0,0.0,0.375,0.625],"texture":"#0"},"east":{"uv":[0.0,0.625,0.25,1.25],"texture":"#0"},"south":{"uv":[0.25,0.875,0.625,1.5],"texture":"#0"},"west":{"uv":[0.25,1.25,0.0,1.875],"texture":"#0"},"up":{"uv":[0.625,0.875,1.0,1.125],"texture":"#0"},"down":{"uv":[1.0,0.875,1.375,1.125],"texture":"#0"}}},{"from":[4.0,7.74,7.0],"to":[7.0,12.74,9.0],"rotation":{"angle":22.5,"axis":"y","origin":[5.5,10.24,8.0]},"faces":{"north":{"uv":[0.375,0.0,0.0,0.625],"texture":"#0"},"east":{"uv":[0.0,1.25,0.25,1.875],"texture":"#0"},"south":{"uv":[0.625,0.875,0.25,1.5],"texture":"#0"},"west":{"uv":[0.25,0.625,0.0,1.25],"texture":"#0"},"up":{"uv":[1.0,0.875,0.625,1.125],"texture":"#0"},"down":{"uv":[1.375,0.875,1.0,1.125],"texture":"#0"}}},{"from":[9.0,10.74,7.0],"to":[13.0,20.74,7.0],"rotation":{"angle":-22.5,"axis":"x","origin":[8.0,15.24,8.0]},"faces":{"north":{"uv":[0.0,1.875,0.5,3.125],"texture":"#0"},"east":{"uv":[13.25,11.375,13.5,12.0],"texture":"#missing"},"south":{"uv":[0.5,1.875,0.0,3.125],"texture":"#0"},"west":{"uv":[13.5,11.375,13.25,12.0],"texture":"#missing"},"up":{"uv":[13.5,12.0,14.75,12.25],"texture":"#missing"},"down":{"uv":[11.0,13.25,12.25,13.5],"texture":"#missing"}}},{"from":[9.0,10.74,7.05],"to":[13.0,20.74,7.05],"rotation":{"angle":-22.5,"axis":"x","origin":[8.0,15.24,8.0]},"faces":{"north":{"uv":[0.625,1.875,1.125,3.125],"texture":"#0"},"east":{"uv":[13.25,11.375,13.5,12.0],"texture":"#missing"},"south":{"uv":[1.125,1.875,0.625,3.125],"texture":"#0"},"west":{"uv":[13.5,11.375,13.25,12.0],"texture":"#missing"},"up":{"uv":[13.5,12.0,14.75,12.25],"texture":"#missing"},"down":{"uv":[11.0,13.25,12.25,13.5],"texture":"#missing"}}},{"from":[3.0,10.32882,5.63288],"to":[7.0,20.32882,5.63288],"rotation":{"angle":-45.0,"axis":"x","origin":[5.0,15.32882,6.90788]},"faces":{"north":{"uv":[0.5,1.875,0.0,3.125],"texture":"#0"},"east":{"uv":[13.25,11.375,13.5,12.0],"texture":"#missing"},"south":{"uv":[0.0,1.875,0.5,3.125],"texture":"#0"},"west":{"uv":[13.5,11.375,13.25,12.0],"texture":"#missing"},"up":{"uv":[14.75,12.0,13.5,12.25],"texture":"#missing"},"down":{"uv":[12.25,13.25,11.0,13.5],"texture":"#missing"}}},{"from":[3.0,10.32882,5.68288],"to":[7.0,20.32882,5.68288],"rotation":{"angle":-45.0,"axis":"x","origin":[5.0,15.32882,6.90788]},"faces":{"north":{"uv":[1.125,1.875,0.625,3.125],"texture":"#0"},"east":{"uv":[13.25,11.375,13.5,12.0],"texture":"#missing"},"south":{"uv":[0.625,1.875,1.125,3.125],"texture":"#0"},"west":{"uv":[13.5,11.375,13.25,12.0],"texture":"#missing"},"up":{"uv":[14.75,12.0,13.5,12.25],"texture":"#missing"},"down":{"uv":[12.25,13.25,11.0,13.5],"texture":"#missing"}}}],"gui_light":"front","display":{"thirdperson_righthand":{"rotation":[64.25,0.0,0.0],"scale":[0.44336,0.44336,0.44336]},"thirdperson_lefthand":{"rotation":[64.25,0.0,0.0],"scale":[0.44336,0.44336,0.44336]},"firstperson_righthand":{"scale":[0.0,0.0,0.0]},"firstperson_lefthand":{"scale":[0.0,0.0,0.0]},"ground":{"translation":[0.0,4.25,0.0],"scale":[0.43945,0.43945,0.43945]},"gui":{"rotation":[-163.61,-31.92,-180.0],"translation":[-1.0,-5.75,0.0],"scale":[1.23437,1.23437,1.23437]},"head":{"rotation":[-8.0,0.0,0.0],"translation":[0.0,6.0,0.0],"scale":[1.6,1.6,1.6]}}}