{"textures":{"2":"mcc:island_cosmetics/general/hat/chefs_hat/chefs_hat_rat","3":"mcc:island_cosmetics/general/hat/chefs_hat/chefs_hat","4":"mcc:island_cosmetics/general/hat/chefs_hat/rat"},"elements":[{"from":[2.0,10.0,4.0],"to":[5.0,13.0,8.0],"rotation":{"angle":-22.5,"axis":"y","origin":[4.88582,12.5,7.07403]},"faces":{"north":{"uv":[8.0,1.0,11.0,4.0],"texture":"#2","tintindex":0},"east":{"uv":[1.5,1.5,3.5,3.0],"texture":"#4","tintindex":0},"south":{"uv":[5.0,0.0,6.5,1.5],"texture":"#4","tintindex":0},"west":{"uv":[3.5,1.5,1.5,3.0],"texture":"#4","tintindex":0},"up":{"uv":[3.5,0.0,5.0,2.0],"texture":"#4","tintindex":0},"down":{"uv":[21.0,0.0,28.0,7.0],"texture":"#4","tintindex":0}}},{"from":[2.0,10.0,4.0],"to":[5.0,13.0,8.0],"rotation":{"angle":-22.5,"axis":"y","origin":[4.88582,12.5,7.07403]},"faces":{"north":{"uv":[12.0,1.0,15.0,4.0],"texture":"#2"}}},{"from":[3.37766,10.0,7.44728],"to":[9.37766,13.0,7.44728],"rotation":{"angle":-45.0,"axis":"y","origin":[3.37245,11.5,7.2705]},"faces":{"north":{"uv":[1.0,0.0,7.0,3.0],"texture":"#2"},"south":{"uv":[7.0,0.0,1.0,3.0],"texture":"#2"}}},{"from":[3.19568,10.0,7.27571],"to":[3.19568,13.0,13.27571],"rotation":{"angle":22.5,"axis":"y","origin":[3.37245,11.5,7.2705]},"faces":{"east":{"uv":[1.0,3.0,7.0,6.0],"texture":"#2"},"west":{"uv":[1.0,3.0,7.0,6.0],"texture":"#2"}}},{"from":[3.19568,10.0,7.27571],"to":[3.19568,13.0,13.27571],"rotation":{"angle":0.0,"axis":"y","origin":[3.37245,11.5,7.2705]},"faces":{"east":{"uv":[1.0,6.0,7.0,9.0],"texture":"#2"},"west":{"uv":[1.0,6.0,7.0,9.0],"texture":"#2"}}},{"from":[1.0,12.0,5.0],"to":[6.0,15.0,5.0],"rotation":{"angle":-22.5,"axis":"y","origin":[4.88582,12.5,7.07403]},"faces":{"north":{"uv":[6.5,0.0,9.0,1.5],"texture":"#4"},"east":{"uv":[1.5,1.5,3.5,3.0],"texture":"#4"},"south":{"uv":[6.5,0.0,9.0,1.5],"texture":"#4"},"west":{"uv":[3.5,1.5,1.5,3.0],"texture":"#4"},"up":{"uv":[3.5,0.0,5.0,2.0],"texture":"#4"},"down":{"uv":[21.0,0.0,28.0,7.0],"texture":"#4"}}},{"from":[3.0,0.0,3.0],"to":[13.0,2.0,13.0],"faces":{"north":{"uv":[0.0,4.0,5.0,5.0],"texture":"#3"},"east":{"uv":[0.0,4.0,5.0,5.0],"texture":"#3"},"south":{"uv":[0.0,4.0,5.0,5.0],"texture":"#3"},"west":{"uv":[0.0,4.0,5.0,5.0],"texture":"#3"},"down":{"uv":[11.0,7.0,16.0,12.0],"texture":"#3"}}},{"from":[3.0,2.0,3.0],"to":[13.0,4.0,13.0],"faces":{"north":{"uv":[0.0,3.0,5.0,4.0],"texture":"#3","tintindex":0},"east":{"uv":[0.0,3.0,5.0,4.0],"texture":"#3","tintindex":0},"south":{"uv":[0.0,3.0,5.0,4.0],"texture":"#3","tintindex":0},"west":{"uv":[0.0,3.0,5.0,4.0],"texture":"#3","tintindex":0}}},{"from":[1.0,4.0,1.0],"to":[15.0,10.0,15.0],"faces":{"north":{"uv":[9.0,0.0,16.0,3.0],"texture":"#4"},"east":{"uv":[0.0,0.0,7.0,3.0],"texture":"#3"},"south":{"uv":[9.0,0.0,16.0,3.0],"texture":"#4"},"west":{"uv":[0.0,0.0,7.0,3.0],"texture":"#3"},"up":{"uv":[7.0,0.0,14.0,7.0],"texture":"#3"},"down":{"uv":[4.0,7.0,11.0,14.0],"texture":"#3"}}}],"display":{"thirdperson_righthand":{"rotation":[64.25,0.0,0.0],"scale":[0.44336,0.44336,0.44336]},"thirdperson_lefthand":{"rotation":[64.25,0.0,0.0],"scale":[0.44336,0.44336,0.44336]},"firstperson_righthand":{"scale":[0.0,0.0,0.0]},"firstperson_lefthand":{"scale":[0.0,0.0,0.0]},"ground":{"translation":[0.0,4.25,0.0],"scale":[0.43945,0.43945,0.43945]},"gui":{"translation":[0.0,2.0,0.0],"rotation":[23.0,-153.0,0.0],"scale":[0.73828,0.73828,0.73828]},"head":{"translation":[0.0,13.75,0.99],"rotation":[5.25,0.0,0.0],"scale":[1.51992,1.51992,1.51992]}},"credit":"Made with Blockbench","gui_light":"front"}