{"textures":{"1":"mcc:island_cosmetics/general/hat/sailor_hat/sailor_hat"},"display":{"thirdperson_righthand":{"translation":[0.0,1.0,0.75],"rotation":[55.5,34.0,0.0],"scale":[0.52539,0.52539,0.52539]},"thirdperson_lefthand":{"translation":[0.0,1.0,0.75],"rotation":[55.5,34.0,0.0],"scale":[0.52539,0.52539,0.52539]},"firstperson_righthand":{"translation":[9.5,0.0,-5.75],"rotation":[21.0,114.5,-13.75],"scale":[0.41992,0.41992,0.41992]},"firstperson_lefthand":{"translation":[9.5,0.0,-5.75],"rotation":[21.0,114.5,-13.75],"scale":[0.41992,0.41992,0.41992]},"gui":{"translation":[0.25,0.0,0.0],"rotation":[-171.27,-35.09,163.94],"scale":[0.82617,0.82617,0.82617]},"head":{"translation":[0.0,4.5,-0.25],"rotation":[6.0,0.0,0.0],"scale":[1.61172,1.61172,1.61172]}},"credit":"Made with Blockbench","texture_size":[32.0,32.0],"elements":[{"from":[3.5,6.0,3.5],"to":[12.5,9.0,12.5],"rotation":{"angle":0.0,"axis":"x","origin":[7.58579,5.50945,7.75]},"faces":{"north":{"uv":[0.0,9.5,4.5,11.0],"texture":"#1","tintindex":0.0},"east":{"uv":[0.0,9.5,4.5,11.0],"texture":"#1","tintindex":0.0},"south":{"uv":[0.0,9.5,4.5,11.0],"texture":"#1","tintindex":0.0},"west":{"uv":[0.0,9.5,4.5,11.0],"texture":"#1","tintindex":0.0},"up":{"uv":[11.0,7.0,16.0,12.0],"texture":"#1","tintindex":0.0},"down":{"uv":[11.0,7.0,15.5,11.5],"texture":"#1","tintindex":0.0}}},{"from":[2.46079,1.07033,7.93566],"to":[2.46079,9.07033,10.93566],"rotation":{"angle":-45.0,"axis":"x","origin":[2.58579,5.63099,8.375]},"faces":{"north":{"uv":[0.0,9.5,5.0,11.0],"texture":"#1","tintindex":0.0},"east":{"uv":[8.5,0.0,7.0,4.0],"texture":"#1","tintindex":0.0},"south":{"uv":[0.0,9.5,5.0,11.0],"texture":"#1","tintindex":0.0},"west":{"uv":[7.0,0.0,8.5,4.0],"texture":"#1","tintindex":0.0}}},{"from":[2.71079,1.27743,5.72855],"to":[2.71079,9.27743,8.72855],"rotation":{"angle":-22.5,"axis":"z","origin":[2.58579,5.63099,8.375]},"faces":{"north":{"uv":[0.0,9.5,5.0,11.0],"texture":"#1","tintindex":0.0},"east":{"uv":[8.5,0.0,7.0,4.0],"texture":"#1","tintindex":0.0},"south":{"uv":[0.0,9.5,5.0,11.0],"texture":"#1","tintindex":0.0},"west":{"uv":[7.0,0.0,8.5,4.0],"texture":"#1","tintindex":0.0}}},{"from":[2.0,7.0,3.0],"to":[14.0,12.0,15.0],"rotation":{"angle":22.5,"axis":"x","origin":[8.0,10.5,8.0]},"faces":{"north":{"uv":[0.0,0.0,6.0,2.5],"texture":"#1"},"east":{"uv":[0.0,0.0,6.0,2.5],"texture":"#1"},"south":{"uv":[0.0,0.0,6.0,2.5],"texture":"#1"},"west":{"uv":[0.0,0.0,6.0,2.5],"texture":"#1"},"up":{"uv":[0.0,2.5,6.0,8.5],"rotation":90.0,"texture":"#1"},"down":{"uv":[9.0,0.0,15.0,6.0],"texture":"#1"}}},{"from":[6.0,7.5,2.5],"to":[10.0,11.5,2.5],"rotation":{"angle":22.5,"axis":"x","origin":[8.5,10.5,8.0]},"faces":{"north":{"uv":[8.0,7.0,10.5,9.5],"texture":"#1","tintindex":0.0},"east":{"uv":[0.0,0.0,7.0,2.5],"texture":"#1"},"south":{"uv":[8.0,7.0,10.5,9.5],"texture":"#1","tintindex":0.0},"west":{"uv":[0.0,0.0,7.0,2.5],"texture":"#1"},"up":{"uv":[0.0,2.5,7.0,9.5],"texture":"#1"},"down":{"uv":[9.0,0.0,16.0,7.0],"texture":"#1"}}}],"gui_light":"front"}