{"textures":{"0":"mcc:island_cosmetics/general/hat/headphones/headphones","particle":"mcc:island_cosmetics/general/hat/headphones/headphones"},"elements":[{"from":[3.5,4.0,6.0],"to":[12.5,7.0,9.0],"rotation":{"angle":0.0,"axis":"y","origin":[-0.5,0.0,0.0]},"faces":{"north":{"uv":[0.0,13.0,9.0,16.0],"texture":"#0","tintindex":0},"east":{"uv":[9.0,6.0,12.0,9.0],"texture":"#0","tintindex":0},"south":{"uv":[0.0,13.0,9.0,16.0],"texture":"#0","tintindex":0},"west":{"uv":[12.0,6.0,9.0,9.0],"texture":"#0","tintindex":0},"up":{"uv":[9.0,13.0,0.0,10.0],"texture":"#0","tintindex":0},"down":{"uv":[67.0,14.0,68.0,15.0],"texture":"#0","tintindex":0}}},{"from":[2.0,-1.0,5.0],"to":[4.0,4.0,10.0],"rotation":{"angle":0.0,"axis":"y","origin":[16.5,0.0,0.0]},"faces":{"north":{"uv":[5.0,0.0,7.0,5.0],"texture":"#0","tintindex":0},"east":{"uv":[4.0,5.0,9.0,10.0],"texture":"#0","tintindex":0},"south":{"uv":[7.0,0.0,5.0,5.0],"texture":"#0","tintindex":0},"west":{"uv":[0.0,0.0,5.0,5.0],"texture":"#0","tintindex":0},"up":{"uv":[7.0,0.0,5.0,1.0],"texture":"#0","tintindex":0},"down":{"uv":[7.0,4.0,5.0,5.0],"texture":"#0","tintindex":0}}},{"from":[2.96,-1.04,4.96],"to":[4.04,4.04,10.04],"rotation":{"angle":0.0,"axis":"y","origin":[16.5,0.0,0.0]},"faces":{"north":{"uv":[12.0,0.0,13.0,5.0],"texture":"#0"},"east":{"uv":[7.0,0.0,12.0,5.0],"texture":"#0"},"south":{"uv":[12.0,0.0,13.0,5.0],"texture":"#0"},"west":{"uv":[7.0,0.0,12.0,5.0],"texture":"#0"},"up":{"uv":[12.0,0.0,13.0,1.0],"texture":"#0"},"down":{"uv":[12.0,4.0,13.0,5.0],"texture":"#0"}}},{"from":[12.0,-1.0,5.0],"to":[14.0,4.0,10.0],"rotation":{"angle":0.0,"axis":"y","origin":[-0.5,0.0,0.0]},"faces":{"north":{"uv":[7.0,0.0,5.0,5.0],"texture":"#0","tintindex":0},"east":{"uv":[5.0,0.0,0.0,5.0],"texture":"#0","tintindex":0},"south":{"uv":[5.0,0.0,7.0,5.0],"texture":"#0","tintindex":0},"west":{"uv":[9.0,5.0,4.0,10.0],"texture":"#0","tintindex":0},"up":{"uv":[5.0,0.0,7.0,1.0],"texture":"#0","tintindex":0},"down":{"uv":[5.0,4.0,7.0,5.0],"texture":"#0","tintindex":0}}},{"from":[11.96,-1.04,4.96],"to":[13.04,4.04,10.04],"rotation":{"angle":0.0,"axis":"y","origin":[-0.5,0.0,0.0]},"faces":{"north":{"uv":[13.0,0.0,12.0,5.0],"texture":"#0"},"east":{"uv":[12.0,0.0,7.0,5.0],"texture":"#0"},"south":{"uv":[13.0,0.0,12.0,5.0],"texture":"#0"},"west":{"uv":[12.0,0.0,7.0,5.0],"texture":"#0"},"up":{"uv":[13.0,0.0,12.0,1.0],"texture":"#0"},"down":{"uv":[13.0,4.0,12.0,5.0],"texture":"#0"}}},{"from":[12.5,7.0,9.0],"to":[3.5,4.0,6.0],"rotation":{"angle":0.0,"axis":"y","origin":[-0.5,0.0,0.0]},"faces":{"north":{"uv":[0.0,16.0,9.0,13.0],"texture":"#0","tintindex":0},"east":{"uv":[12.0,9.0,9.0,6.0],"texture":"#0","tintindex":0},"south":{"uv":[0.0,16.0,9.0,13.0],"texture":"#0","tintindex":0},"west":{"uv":[9.0,9.0,12.0,6.0],"texture":"#0","tintindex":0},"up":{"uv":[68.0,14.0,67.0,15.0],"texture":"#0","tintindex":0},"down":{"uv":[0.0,13.0,9.0,10.0],"texture":"#0","tintindex":0}}}],"display":{"thirdperson_righthand":{"rotation":[64.25,0.0,0.0],"scale":[0.44336,0.44336,0.44336]},"thirdperson_lefthand":{"rotation":[64.25,0.0,0.0],"scale":[0.44336,0.44336,0.44336]},"firstperson_righthand":{"scale":[0.0,0.0,0.0]},"firstperson_lefthand":{"scale":[0.0,0.0,0.0]},"ground":{"translation":[0.0,4.25,0.0],"scale":[0.43945,0.43945,0.43945]},"gui":{"translation":[-0.5,5.25,0.0],"rotation":[-150.51,-35.52,179.83],"scale":[1.0625,1.0625,1.0625]},"head":{"translation":[0.0,10.75,1.0],"scale":[1.64492,1.64492,1.64492]}},"credit":"Made with Blockbench","gui_light":"front"}