{"textures":{"0":"mcc:island_cosmetics/general/hat/ram_horns/ram_horns","particle":"mcc:island_cosmetics/general/hat/ram_horns/ram_horns"},"elements":[{"from":[1.5,7.0,6.5],"to":[4.5,10.0,13.5],"rotation":{"angle":-22.5,"axis":"y","origin":[3.0,6.0,10.5]},"faces":{"north":{"uv":[3.0,8.0,0.0,11.0],"texture":"#0","tintindex":0},"east":{"uv":[0.0,0.0,7.0,3.0],"texture":"#0","tintindex":0},"south":{"uv":[3.0,11.0,0.0,14.0],"texture":"#0","tintindex":0},"west":{"uv":[7.0,0.0,0.0,3.0],"texture":"#0","tintindex":0},"up":{"uv":[6.0,7.0,3.0,14.0],"texture":"#0","tintindex":0},"down":{"uv":[16.0,0.0,13.0,7.0],"texture":"#0","tintindex":0}}},{"from":[1.5,2.0,10.5],"to":[4.5,7.0,13.5],"rotation":{"angle":-22.5,"axis":"y","origin":[3.0,6.0,10.5]},"faces":{"north":{"uv":[15.0,7.0,12.0,12.0],"texture":"#0","tintindex":0},"east":{"uv":[0.0,3.0,3.0,8.0],"texture":"#0","tintindex":0},"south":{"uv":[9.0,7.0,6.0,12.0],"texture":"#0","tintindex":0},"west":{"uv":[3.0,3.0,0.0,8.0],"texture":"#0","tintindex":0},"down":{"uv":[10.0,0.0,7.0,3.0],"texture":"#0","tintindex":0}}},{"from":[1.5,2.0,6.5],"to":[4.5,6.0,10.5],"rotation":{"angle":-22.5,"axis":"y","origin":[3.0,6.0,10.5]},"faces":{"north":{"uv":[12.0,7.0,9.0,11.0],"texture":"#0","tintindex":0},"east":{"uv":[3.0,3.0,7.0,7.0],"texture":"#0","tintindex":0},"west":{"uv":[7.0,3.0,3.0,7.0],"texture":"#0","tintindex":0},"up":{"uv":[13.0,0.0,10.0,4.0],"texture":"#0","tintindex":0},"down":{"uv":[10.0,3.0,7.0,7.0],"texture":"#0","tintindex":0}}},{"from":[11.5,2.0,6.5],"to":[14.5,6.0,10.5],"rotation":{"angle":22.5,"axis":"y","origin":[13.0,6.0,10.5]},"faces":{"north":{"uv":[9.0,7.0,12.0,11.0],"texture":"#0","tintindex":0},"east":{"uv":[3.0,3.0,7.0,7.0],"texture":"#0","tintindex":0},"west":{"uv":[7.0,3.0,3.0,7.0],"texture":"#0","tintindex":0},"up":{"uv":[10.0,0.0,13.0,4.0],"texture":"#0","tintindex":0},"down":{"uv":[7.0,3.0,10.0,7.0],"texture":"#0","tintindex":0}}},{"from":[11.5,2.0,10.5],"to":[14.5,7.0,13.5],"rotation":{"angle":22.5,"axis":"y","origin":[13.0,6.0,10.5]},"faces":{"north":{"uv":[12.0,7.0,15.0,12.0],"texture":"#0","tintindex":0},"east":{"uv":[0.0,3.0,3.0,8.0],"texture":"#0","tintindex":0},"south":{"uv":[6.0,7.0,9.0,12.0],"texture":"#0","tintindex":0},"west":{"uv":[3.0,3.0,0.0,8.0],"texture":"#0","tintindex":0},"down":{"uv":[7.0,0.0,10.0,3.0],"texture":"#0","tintindex":0}}},{"from":[11.5,7.0,6.5],"to":[14.5,10.0,13.5],"rotation":{"angle":22.5,"axis":"y","origin":[13.0,6.0,10.5]},"faces":{"north":{"uv":[0.0,8.0,3.0,11.0],"texture":"#0","tintindex":0},"east":{"uv":[0.0,0.0,7.0,3.0],"texture":"#0","tintindex":0},"south":{"uv":[0.0,11.0,3.0,14.0],"texture":"#0","tintindex":0},"west":{"uv":[7.0,0.0,0.0,3.0],"texture":"#0","tintindex":0},"up":{"uv":[3.0,7.0,6.0,14.0],"texture":"#0","tintindex":0},"down":{"uv":[13.0,0.0,16.0,7.0],"texture":"#0","tintindex":0}}}],"display":{"thirdperson_righthand":{"translation":[0.0,1.0,0.75],"rotation":[55.5,34.0,0.0],"scale":[0.52539,0.52539,0.52539]},"thirdperson_lefthand":{"translation":[0.0,1.0,0.75],"rotation":[55.5,34.0,0.0],"scale":[0.52539,0.52539,0.52539]},"firstperson_righthand":{"translation":[9.5,0.0,-5.75],"rotation":[21.0,114.5,-13.75],"scale":[0.41992,0.41992,0.41992]},"firstperson_lefthand":{"translation":[9.5,0.0,-5.75],"rotation":[21.0,114.5,-13.75],"scale":[0.41992,0.41992,0.41992]},"gui":{"translation":[2.25,0.75,0.0],"rotation":[-138.82,-49.29,-163.68],"scale":[1.01562,1.01562,1.01562]},"head":{"translation":[0.0,4.25,1.0],"rotation":[-20.25,0.0,0.0],"scale":[1.62539,1.62539,1.62539]}},"credit":"Made with Blockbench","gui_light":"front"}