{"textures":{"2":"mcc:island_cosmetics/general/hat/hothead/hothead_anim","3":"mcc:island_cosmetics/general/hat/hothead/hothead"},"display":{"thirdperson_righthand":{"translation":[0.0,1.0,0.75],"rotation":[55.5,34.0,0.0],"scale":[0.52539,0.52539,0.52539]},"thirdperson_lefthand":{"translation":[0.0,1.0,0.75],"rotation":[55.5,34.0,0.0],"scale":[0.52539,0.52539,0.52539]},"firstperson_righthand":{"translation":[9.5,0.0,-5.75],"rotation":[21.0,114.5,-13.75],"scale":[0.41992,0.41992,0.41992]},"firstperson_lefthand":{"translation":[9.5,0.0,-5.75],"rotation":[21.0,114.5,-13.75],"scale":[0.41992,0.41992,0.41992]},"gui":{"translation":[1.5,0.25,0.0],"rotation":[-149.61,-31.92,-180.0],"scale":[0.68554,0.68554,0.68554]},"head":{"translation":[0.0,6.0,0.0],"scale":[1.65859,1.65859,1.65859]}},"credit":"Made with Blockbench","texture_size":[32.0,32.0],"elements":[{"from":[2.5,0.0,2.5],"to":[13.5,11.0,13.5],"rotation":{"angle":0.0,"axis":"x","origin":[7.5,12.0,8.5]},"faces":{"north":{"uv":[5.0,0.0,10.5,5.5],"texture":"#3"},"east":{"uv":[10.5,0.0,5.0,5.5],"texture":"#3"},"south":{"uv":[5.0,0.0,10.5,5.5],"texture":"#3"},"west":{"uv":[10.5,0.0,5.0,5.5],"texture":"#3"},"up":{"uv":[10.5,5.5,16.0,0.0],"rotation":90.0,"texture":"#3"},"down":{"uv":[10.5,11.0,16.0,5.5],"rotation":90.0,"texture":"#3"}}},{"from":[2.48,-0.02,2.23],"to":[13.52,11.02,4.27],"rotation":{"angle":0.0,"axis":"x","origin":[7.5,12.0,8.5]},"faces":{"north":{"uv":[10.5,0.0,16.0,5.5],"texture":"#2"},"east":{"uv":[9.5,0.0,10.5,5.5],"texture":"#2"},"west":{"uv":[10.5,0.0,9.5,5.5],"texture":"#2"},"down":{"uv":[10.5,6.0,16.0,5.0],"texture":"#2"}}},{"from":[5.5,11.0,5.5],"to":[10.5,13.0,10.5],"rotation":{"angle":0.0,"axis":"x","origin":[7.5,9.5,7.5]},"faces":{"north":{"uv":[7.5,5.5,5.0,6.5],"texture":"#3"},"east":{"uv":[7.5,5.5,5.0,6.5],"texture":"#3"},"south":{"uv":[7.5,5.5,5.0,6.5],"texture":"#3"},"west":{"uv":[7.5,5.5,5.0,6.5],"texture":"#3"},"up":{"uv":[10.0,5.5,7.5,8.0],"texture":"#3"},"down":{"uv":[9.0,6.5,9.5,7.0],"texture":"#3"}}},{"from":[6.0,5.0,8.0],"to":[23.0,20.0,8.0],"rotation":{"angle":-45.0,"axis":"y","origin":[8.0,14.0,8.0]},"faces":{"north":{"uv":[0.0,0.0,8.5,7.5],"texture":"#2"},"east":{"uv":[5.125,7.0,6.5,8.375],"texture":"#missing"},"south":{"uv":[8.5,0.0,0.0,7.5],"texture":"#2"},"west":{"uv":[5.125,7.0,6.5,8.375],"texture":"#missing"},"up":{"uv":[5.125,7.0,6.5,8.375],"texture":"#missing"},"down":{"uv":[5.125,7.0,6.5,8.375],"texture":"#missing"}}}],"gui_light":"front"}