{"textures":{"0":"mcc:island_cosmetics/general/hat/hunter_cap/hunter_cap","particle":"mcc:island_cosmetics/general/hat/hunter_cap/hunter_cap"},"elements":[{"from":[3.5,8.0,3.5],"to":[12.5,14.0,12.5],"rotation":{"angle":0.0,"axis":"y","origin":[4.0,4.0,4.0]},"faces":{"north":{"uv":[2.5,0.0,4.75,1.5],"texture":"#0"},"east":{"uv":[2.5,1.75,4.75,3.25],"texture":"#0"},"south":{"uv":[2.5,3.5,4.75,5.0],"texture":"#0"},"west":{"uv":[0.0,5.0,2.25,6.5],"texture":"#0"},"up":{"uv":[2.25,2.25,0.0,0.0],"texture":"#0"},"down":{"uv":[2.25,2.5,0.0,4.75],"texture":"#0"}}},{"from":[2.5,14.0,7.5],"to":[5.5,17.0,8.5],"rotation":{"angle":0.0,"axis":"y","origin":[4.0,10.0,4.0]},"faces":{"north":{"uv":[4.0,6.75,4.75,7.5],"texture":"#0"},"east":{"uv":[2.0,6.75,2.25,7.5],"texture":"#0"},"south":{"uv":[5.0,6.75,5.75,7.5],"texture":"#0"},"west":{"uv":[7.25,5.0,7.5,5.75],"texture":"#0"},"up":{"uv":[6.75,7.75,6.0,7.5],"texture":"#0"},"down":{"uv":[7.75,7.5,7.0,7.75],"texture":"#0"}}},{"from":[10.5,14.0,7.5],"to":[13.5,17.0,8.5],"rotation":{"angle":0.0,"axis":"y","origin":[12.0,10.0,4.0]},"faces":{"north":{"uv":[4.75,6.75,4.0,7.5],"texture":"#0"},"east":{"uv":[7.5,5.0,7.25,5.75],"texture":"#0"},"south":{"uv":[5.75,6.75,5.0,7.5],"texture":"#0"},"west":{"uv":[2.25,6.75,2.0,7.5],"texture":"#0"},"up":{"uv":[6.0,7.75,6.75,7.5],"texture":"#0"},"down":{"uv":[7.0,7.5,7.75,7.75],"texture":"#0"}}},{"from":[5.5,8.0,0.5],"to":[10.5,11.0,3.5],"rotation":{"angle":0.0,"axis":"y","origin":[4.0,4.0,-5.0]},"faces":{"north":{"uv":[5.0,3.0,6.25,3.75],"texture":"#0"},"east":{"uv":[0.0,6.75,0.75,7.5],"texture":"#0"},"south":{"uv":[5.0,4.0,6.25,4.75],"texture":"#0"},"west":{"uv":[1.0,6.75,1.75,7.5],"texture":"#0"},"up":{"uv":[6.25,5.75,5.0,5.0],"texture":"#0"},"down":{"uv":[3.75,5.25,2.5,6.0],"texture":"#0"}}},{"from":[3.5,8.0,9.0],"to":[3.5,13.0,13.0],"rotation":{"angle":-45.0,"axis":"y","origin":[3.5,9.0,9.0]},"faces":{"north":{"uv":[0.0,7.75,0.0,9.0],"texture":"#0"},"east":{"uv":[6.0,1.5,5.0,2.75],"texture":"#0"},"south":{"uv":[7.75,0.0,7.75,1.25],"texture":"#0"},"west":{"uv":[5.0,1.5,6.0,2.75],"texture":"#0"},"up":{"uv":[0.25,8.75,0.25,7.75],"texture":"#0"},"down":{"uv":[0.5,7.75,0.5,8.75],"texture":"#0"}}},{"from":[12.5,8.0,9.0],"to":[12.5,13.0,13.0],"rotation":{"angle":45.0,"axis":"y","origin":[12.5,9.0,9.0]},"faces":{"north":{"uv":[0.0,7.75,0.0,9.0],"texture":"#0"},"east":{"uv":[6.0,1.5,5.0,2.75],"texture":"#0"},"south":{"uv":[7.75,0.0,7.75,1.25],"texture":"#0"},"west":{"uv":[5.0,1.5,6.0,2.75],"texture":"#0"},"up":{"uv":[0.25,8.75,0.25,7.75],"texture":"#0"},"down":{"uv":[0.5,7.75,0.5,8.75],"texture":"#0"}}},{"from":[7.0,8.0,12.0],"to":[9.0,10.0,17.0],"rotation":{"angle":-22.5,"axis":"x","origin":[7.0,8.0,12.0]},"faces":{"north":{"uv":[7.0,2.0,7.5,2.5],"texture":"#0"},"east":{"uv":[4.0,6.0,5.25,6.5],"texture":"#0"},"south":{"uv":[7.0,6.0,7.5,6.5],"texture":"#0"},"west":{"uv":[5.5,6.0,6.75,6.5],"texture":"#0"},"up":{"uv":[6.75,1.25,6.25,0.0],"texture":"#0"},"down":{"uv":[6.75,1.5,6.25,2.75],"texture":"#0"}}},{"from":[7.0,3.99581,14.00627],"to":[9.0,8.99581,16.00627],"rotation":{"angle":-22.5,"axis":"x","origin":[7.0,10.99581,14.00627]},"faces":{"north":{"uv":[2.5,6.25,3.0,7.5],"texture":"#0"},"east":{"uv":[3.25,6.25,3.75,7.5],"texture":"#0"},"south":{"uv":[6.5,3.0,7.0,4.25],"texture":"#0"},"west":{"uv":[6.5,4.5,7.0,5.75],"texture":"#0"},"up":{"uv":[7.5,7.25,7.0,6.75],"texture":"#0"},"down":{"uv":[7.75,2.75,7.25,3.25],"texture":"#0"}}},{"from":[7.0,3.99581,16.00627],"to":[9.0,5.99581,19.00627],"rotation":{"angle":-22.5,"axis":"x","origin":[7.0,10.99581,14.00627]},"faces":{"north":{"uv":[7.25,3.5,7.75,4.0],"texture":"#0"},"east":{"uv":[4.0,5.25,4.75,5.75],"texture":"#0"},"south":{"uv":[7.25,4.25,7.75,4.75],"texture":"#0"},"west":{"uv":[6.0,6.75,6.75,7.25],"texture":"#0"},"up":{"uv":[7.5,0.75,7.0,0.0],"texture":"#0"},"down":{"uv":[7.5,1.0,7.0,1.75],"texture":"#0"}}}],"display":{"thirdperson_righthand":{"scale":[0.5,0.5,0.5]},"thirdperson_lefthand":{"scale":[0.5,0.5,0.5]},"firstperson_righthand":{"rotation":[168.37,65.7,-176.27],"scale":[0.5,0.5,0.5]},"firstperson_lefthand":{"rotation":[168.37,65.7,-176.27],"scale":[0.5,0.5,0.5]},"ground":{"scale":[0.5,0.5,0.5]},"gui":{"translation":[-1.25,-2.75,0.0],"rotation":[-166.43,49.34,-179.6],"scale":[0.85,0.85,0.85]},"head":{"scale":[1.61,1.61,1.61]},"fixed":{"translation":[0.0,-4.75,-1.25],"rotation":[-18.75,0.0,0.0]}},"credit":"Made with Blockbench","gui_light":"front"}