{"textures":{"1":"mcc:island_cosmetics/general/hat/winged_helmet/variant_winged_helmet"},"elements":[{"from":[2.99,2.99,2.99],"to":[13.01,11.01,13.01],"rotation":{"angle":0.0,"axis":"y","origin":[8.0,9.5,8.0]},"faces":{"north":{"uv":[3.375,2.75,2.125,3.75],"texture":"#1"},"east":{"uv":[2.125,1.75,3.375,2.75],"texture":"#1"},"south":{"uv":[2.125,0.75,3.375,1.75],"texture":"#1"},"west":{"uv":[3.375,1.75,2.125,2.75],"texture":"#1"},"up":{"uv":[0.875,0.125,2.125,1.375],"texture":"#1"}}},{"from":[3.0,0.97136,4.80135],"to":[4.0,3.97136,13.80135],"rotation":{"angle":-22.5,"axis":"x","origin":[3.5,-0.02864,8.30135]},"faces":{"north":{"uv":[2.0,1.375,2.125,1.75],"texture":"#1"},"east":{"uv":[1.0,1.375,2.125,1.75],"texture":"#1"},"south":{"uv":[1.0,1.375,1.125,1.75],"texture":"#1"},"west":{"uv":[2.125,1.375,1.0,1.75],"texture":"#1"},"up":{"uv":[2.125,1.375,1.0,1.5],"texture":"#1","rotation":90},"down":{"uv":[1.0,1.75,2.125,1.625],"texture":"#1","rotation":90}}},{"from":[12.0,0.97136,4.80135],"to":[13.0,3.97136,13.80135],"rotation":{"angle":-22.5,"axis":"x","origin":[12.5,-0.02864,8.30135]},"faces":{"north":{"uv":[2.125,1.375,2.0,1.75],"texture":"#1"},"east":{"uv":[1.0,1.375,2.125,1.75],"texture":"#1"},"south":{"uv":[1.125,1.375,1.0,1.75],"texture":"#1"},"west":{"uv":[2.125,1.375,1.0,1.75],"texture":"#1"},"up":{"uv":[2.125,1.5,1.0,1.375],"texture":"#1","rotation":90},"down":{"uv":[1.0,1.625,2.125,1.75],"texture":"#1","rotation":90}}},{"from":[2.75,4.98528,5.44975],"to":[2.75,13.98528,19.44975],"rotation":{"angle":-22.5,"axis":"x","origin":[8.0,9.48528,12.44975]},"faces":{"north":{"uv":[0.0,0.0,0.0,0.0],"texture":"#1"},"east":{"uv":[0.25,3.625,2.0,4.75],"texture":"#1"},"south":{"uv":[0.0,0.0,0.0,0.0],"texture":"#1"},"west":{"uv":[2.0,3.625,0.25,4.75],"texture":"#1"},"up":{"uv":[0.0,0.0,0.0,0.0],"texture":"#1"},"down":{"uv":[0.0,0.0,0.0,0.0],"texture":"#1"}}},{"from":[13.25,4.98528,5.44975],"to":[13.25,13.98528,19.44975],"rotation":{"angle":-22.5,"axis":"x","origin":[8.0,9.48528,12.44975]},"faces":{"north":{"uv":[0.0,0.0,0.0,0.0],"texture":"#1"},"east":{"uv":[0.25,3.625,2.0,4.75],"texture":"#1"},"south":{"uv":[0.0,0.0,0.0,0.0],"texture":"#1"},"west":{"uv":[2.0,3.625,0.25,4.75],"texture":"#1"},"up":{"uv":[0.0,0.0,0.0,0.0],"texture":"#1"},"down":{"uv":[0.0,0.0,0.0,0.0],"texture":"#1"}}},{"from":[7.0,2.5,12.5],"to":[9.0,10.5,13.5],"rotation":{"angle":0.0,"axis":"y","origin":[8.0,9.5,8.0]},"faces":{"north":{"uv":[1.875,1.875,1.625,2.875],"texture":"#1"},"east":{"uv":[1.875,1.875,1.625,2.875],"texture":"#1"},"south":{"uv":[1.875,1.875,1.625,2.875],"texture":"#1"},"west":{"uv":[1.875,1.875,1.625,2.875],"texture":"#1"},"down":{"uv":[1.75,2.75,1.875,2.875],"texture":"#1"}}},{"from":[7.0,4.5,2.5],"to":[9.0,10.5,3.5],"rotation":{"angle":0.0,"axis":"y","origin":[8.0,9.5,8.0]},"faces":{"north":{"uv":[2.0,1.875,2.125,2.625],"texture":"#1"},"east":{"uv":[2.0,1.875,2.125,2.625],"texture":"#1"},"south":{"uv":[2.125,1.875,1.875,2.625],"texture":"#1"},"west":{"uv":[2.0,1.875,2.125,2.625],"texture":"#1"},"down":{"uv":[1.875,2.5,2.0,2.625],"texture":"#1"}}},{"from":[7.0,10.5,2.5],"to":[9.0,11.5,13.5],"rotation":{"angle":0.0,"axis":"y","origin":[8.0,9.5,8.0]},"faces":{"north":{"uv":[1.625,1.875,1.375,2.0],"texture":"#1"},"east":{"uv":[1.5,2.0,1.375,3.375],"texture":"#1","rotation":90},"south":{"uv":[1.625,1.875,1.375,2.0],"texture":"#1"},"west":{"uv":[1.5,3.375,1.625,2.0],"texture":"#1","rotation":90},"up":{"uv":[1.625,2.0,1.375,3.375],"texture":"#1"}}},{"from":[13.01,11.01,13.01],"to":[2.99,2.99,2.99],"rotation":{"angle":0.0,"axis":"y","origin":[8.0,9.5,8.0]},"faces":{"north":{"uv":[2.125,1.75,3.375,0.75],"texture":"#1"},"east":{"uv":[3.375,2.75,2.125,1.75],"texture":"#1"},"south":{"uv":[3.375,3.75,2.125,2.75],"texture":"#1"},"west":{"uv":[2.125,2.75,3.375,1.75],"texture":"#1"},"down":{"uv":[2.125,0.125,0.875,1.375],"texture":"#1"}}}],"display":{"thirdperson_righthand":{"translation":[0.0,1.0,-1.0],"rotation":[63.0,34.0,0.0],"scale":[0.37891,0.37891,0.37891]},"thirdperson_lefthand":{"translation":[0.0,1.0,-1.0],"rotation":[63.0,34.0,0.0],"scale":[0.37891,0.37891,0.37891]},"firstperson_righthand":{"translation":[9.5,0.0,-5.75],"rotation":[3.0,112.0,-13.0],"scale":[0.35547,0.35547,0.35547]},"firstperson_lefthand":{"translation":[9.5,0.0,-5.75],"rotation":[3.0,112.0,-13.0],"scale":[0.35547,0.35547,0.35547]},"ground":{"translation":[0.0,4.25,0.0],"scale":[0.28906,0.28906,0.28906]},"gui":{"translation":[0.5,-0.75,0.0],"rotation":[-149.61,-31.92,-180.0],"scale":[0.73046,0.73046,0.73046]},"head":{"translation":[0.0,4.0,0.0],"scale":[1.60977,1.60977,1.60977]},"fixed":{"translation":[0.0,-3.25,-7.5]}},"credit":"Made with Blockbench","gui_light":"front"}