{"textures":{"0":"mcc:island_cosmetics/head/head","1":"mcc:island_cosmetics/head_variant/head_extra","particle":"mcc:island_cosmetics/head/head"},"credit":"Made with Blockbench","texture_size":[128.0,128.0],"elements":[{"from":[3.0,0.0,3.0],"to":[13.0,2.0,13.0],"faces":{"north":{"uv":[3.875,1.0,5.125,1.25],"texture":"#0"},"east":{"uv":[3.875,1.0,5.125,1.25],"texture":"#0"},"south":{"uv":[3.875,1.0,5.125,1.25],"texture":"#0"},"west":{"uv":[3.875,1.0,5.125,1.25],"texture":"#0"},"up":{"uv":[9.125,0.0,10.375,1.25],"texture":"#0"},"down":{"uv":[9.125,0.0,10.375,1.25],"texture":"#0"}}},{"from":[2.9,-0.1,2.9],"to":[13.1,2.1,13.1],"faces":{"north":{"uv":[3.875,1.0,5.125,1.25],"texture":"#0"},"east":{"uv":[3.875,1.0,5.125,1.25],"texture":"#0"},"south":{"uv":[3.875,1.0,5.125,1.25],"texture":"#0"},"west":{"uv":[3.875,1.0,5.125,1.25],"texture":"#0"},"up":{"uv":[0.5,0.5,0.625,0.625],"texture":"#0"},"down":{"uv":[0.75,0.375,0.875,0.5],"texture":"#0"}}},{"from":[3.0,4.0,3.0],"to":[13.0,17.0,13.0],"faces":{"north":{"uv":[0.0,0.0,1.25,1.625],"texture":"#1"},"east":{"uv":[0.0,0.0,1.25,1.625],"texture":"#1"},"south":{"uv":[0.0,0.0,1.25,1.625],"texture":"#1"},"west":{"uv":[0.0,0.0,1.25,1.625],"texture":"#1"},"up":{"uv":[1.25,0.0,2.5,1.25],"texture":"#1"},"down":{"uv":[1.25,0.0,2.5,1.25],"texture":"#1"}}},{"from":[3.0,2.0,3.0],"to":[13.0,4.0,13.0],"faces":{"north":{"uv":[3.875,0.75,5.125,1.0],"texture":"#0","tintindex":0.0},"east":{"uv":[3.875,0.75,5.125,1.0],"texture":"#0","tintindex":0.0},"south":{"uv":[3.875,0.75,5.125,1.0],"texture":"#0","tintindex":0.0},"west":{"uv":[3.875,0.75,5.125,1.0],"texture":"#0","tintindex":0.0},"up":{"uv":[9.125,0.0,10.375,1.25],"texture":"#0","tintindex":0.0},"down":{"uv":[9.125,0.0,10.375,1.25],"texture":"#0","tintindex":0.0}}},{"name":"cube inverted","from":[13.1,2.1,13.1],"to":[2.9,-0.1,2.9],"faces":{"north":{"uv":[3.875,1.25,5.125,1.0],"texture":"#0"},"east":{"uv":[3.875,1.25,5.125,1.0],"texture":"#0"},"south":{"uv":[3.875,1.25,5.125,1.0],"texture":"#0"},"west":{"uv":[3.875,1.25,5.125,1.0],"texture":"#0"},"up":{"uv":[0.875,0.375,0.75,0.5],"texture":"#0"},"down":{"uv":[0.625,0.5,0.5,0.625],"texture":"#0"}}}],"gui_light":"front","display":{"thirdperson_righthand":{"rotation":[64.25,0.0,0.0],"scale":[0.44336,0.44336,0.44336]},"thirdperson_lefthand":{"rotation":[64.25,0.0,0.0],"scale":[0.44336,0.44336,0.44336]},"firstperson_righthand":{"scale":[0.0,0.0,0.0]},"firstperson_lefthand":{"scale":[0.0,0.0,0.0]},"ground":{"translation":[0.0,4.25,0.0],"scale":[0.43945,0.43945,0.43945]},"gui":{"rotation":[-162.66,-34.48,167.2],"translation":[0.0,-0.25,0.0],"scale":[0.68554,0.68554,0.68554]},"head":{"rotation":[5.25,0.0,0.0],"translation":[0.0,13.75,0.99],"scale":[1.51992,1.51992,1.51992]}}}