{
  "parent": "minecraft:item/generated",
  "textures": {
    "layer0": "minecraft:item/iron_nugget"
  },
  "overrides": [
	{
		
		"predicate": {
			"custom_model_data": 1
		},
		"model": "item/custom/level_wood"
	},
	{
		
		"predicate": {
			"custom_model_data": 2
		},
		"model": "item/custom/level_bronze"
	},
	{
		
		"predicate": {
			"custom_model_data": 3
		},
		"model": "item/custom/level_silver"
	},
	{
		
		"predicate": {
			"custom_model_data": 4
		},
		"model": "item/custom/level_gold"
	},
	{
		
		"predicate": {
			"custom_model_data": 5
		},
		"model": "item/custom/level_omega"
	}
  ]
}