{
  "parent": "minecraft:item/handheld",
  "textures": {
    "layer0": "minecraft:item/stick"
  },
 
 "overrides": [
  {"predicate": {"custom_model_data":1}, "model": "item/custom/agenderflag"},
  {"predicate": {"custom_model_data":2}, "model": "item/custom/aroaceflag"},
  {"predicate": {"custom_model_data":3}, "model": "item/custom/aromanticflag"},
  {"predicate": {"custom_model_data":4}, "model": "item/custom/asexualflag"},
  {"predicate": {"custom_model_data":5}, "model": "item/custom/biflag"},
  {"predicate": {"custom_model_data":6}, "model": "item/custom/demibflag"},
  {"predicate": {"custom_model_data":7}, "model": "item/custom/demiflag"},
  {"predicate": {"custom_model_data":8}, "model": "item/custom/demigflag"},
  {"predicate": {"custom_model_data":9}, "model": "item/custom/gayflag"},
  {"predicate": {"custom_model_data":10}, "model": "item/custom/genderfluidflag"},
  {"predicate": {"custom_model_data":11}, "model": "item/custom/lesbianflag"},
  {"predicate": {"custom_model_data":12}, "model": "item/custom/lgbtqia"},
  {"predicate": {"custom_model_data":13}, "model": "item/custom/nonbinaryflag"},
  {"predicate": {"custom_model_data":14}, "model": "item/custom/panflag"},
  {"predicate": {"custom_model_data":15}, "model": "item/custom/transflag"},
  {"predicate": {"custom_model_data":16}, "model": "item/custom/prideflag"},
  {"predicate": {"custom_model_data":17}, "model": "item/custom/allyflag"}


 ]
}
