{
 "parent": "item/generated",
 "textures": {
  "layer0": "item/written_book"
 },
 
 "overrides": [
  {"predicate": {"custom_model_data":1}, "model": "item/custom/book2"},
  {"predicate": {"custom_model_data":2}, "model": "item/custom/book_m"},
  {"predicate": {"custom_model_data":3}, "model": "item/custom/book3"},
  {"predicate": {"custom_model_data":4}, "model": "item/custom/book4"},
  {"predicate": {"custom_model_data":5}, "model": "item/custom/book5"},
  {"predicate": {"custom_model_data":6}, "model": "item/custom/book6"},
  {"predicate": {"custom_model_data":7}, "model": "item/custom/book7"},
  {"predicate": {"custom_model_data":8}, "model": "item/custom/book8"},
  {"predicate": {"custom_model_data":9}, "model": "item/custom/book9"},
  {"predicate": {"custom_model_data":10}, "model": "item/written_book"},
  {"predicate": {"custom_model_data":11}, "model": "item/custom/book10"},
  {"predicate": {"custom_model_data":12}, "model": "item/custom/book11"},
  {"predicate": {"custom_model_data":13}, "model": "item/custom/book12"},
  {"predicate": {"custom_model_data":14}, "model": "item/custom/book13"},
  {"predicate": {"custom_model_data":15}, "model": "item/custom/book14"},
  {"predicate": {"custom_model_data":16}, "model": "item/custom/book15"},
  {"predicate": {"custom_model_data":17}, "model": "item/custom/book16"},
  {"predicate": {"custom_model_data":18}, "model": "item/custom/book17"},
  {"predicate": {"custom_model_data":19}, "model": "item/custom/dark_book_written"},
  {"predicate": {"custom_model_data":20}, "model": "item/custom/diamond_book_written"},
  {"predicate": {"custom_model_data":21}, "model": "item/custom/magic_book_written"},
  {"predicate": {"custom_model_data":22}, "model": "item/custom/nature_book_written"},
  {"predicate": {"custom_model_data":23}, "model": "item/custom/redstone_book_written"},
  {"predicate": {"custom_model_data":24}, "model": "item/custom/alarm_letter"},
  {"predicate": {"custom_model_data":25}, "model": "item/custom/blank_letter"},
  {"predicate": {"custom_model_data":26}, "model": "item/custom/cash_letter"},
  {"predicate": {"custom_model_data":27}, "model": "item/custom/clover_letter"},
  {"predicate": {"custom_model_data":28}, "model": "item/custom/death_letter"},
  {"predicate": {"custom_model_data":29}, "model": "item/custom/earth_letter"},
  {"predicate": {"custom_model_data":30}, "model": "item/custom/ender_letter"},
  {"predicate": {"custom_model_data":31}, "model": "item/custom/flag_letter"},
  {"predicate": {"custom_model_data":32}, "model": "item/custom/fox_letter"},
  {"predicate": {"custom_model_data":33}, "model": "item/custom/frog_letter"},
  {"predicate": {"custom_model_data":34}, "model": "item/custom/love_letter"},
  {"predicate": {"custom_model_data":35}, "model": "item/custom/modern_letter"},
  {"predicate": {"custom_model_data":36}, "model": "item/custom/mushroom_letter"},
  {"predicate": {"custom_model_data":37}, "model": "item/custom/old_letter"},
  {"predicate": {"custom_model_data":38}, "model": "item/custom/pumpkin_letter"},
  {"predicate": {"custom_model_data":39}, "model": "item/custom/rainbow_letter"},
  {"predicate": {"custom_model_data":40}, "model": "item/custom/star_letter"},
  {"predicate": {"custom_model_data":41}, "model": "item/custom/trident_letter"}

 ]
}