{"textures":{"0":"mcc:island_cosmetics/head/head_2","particle":"mcc:island_cosmetics/head/head_2"},"credit":"Made with Blockbench","texture_size":[128.0,128.0],"elements":[{"from":[9.48,6.98,2.48],"to":[12.52,10.02,7.52],"rotation":{"angle":22.5,"axis":"x","origin":[11.0,8.56066,4.60355]},"faces":{"north":{"uv":[11.75,3.0,12.125,3.375],"texture":"#0","tintindex":0.0},"east":{"uv":[11.625,2.625,12.25,3.0],"texture":"#0","tintindex":0.0},"south":{"uv":[11.75,2.875,11.875,3.0],"rotation":90.0,"texture":"#0","tintindex":0.0},"west":{"uv":[11.625,2.625,12.25,3.0],"rotation":180.0,"texture":"#0","tintindex":0.0},"up":{"uv":[11.625,2.625,12.25,3.0],"rotation":270.0,"texture":"#0","tintindex":0.0},"down":{"uv":[11.625,2.625,12.25,3.0],"rotation":90.0,"texture":"#0","tintindex":0.0}}},{"from":[9.4,6.9,6.4],"to":[12.6,10.1,7.6],"rotation":{"angle":22.5,"axis":"x","origin":[11.0,8.56066,4.60355]},"faces":{"north":{"uv":[11.5,2.875,11.625,3.0],"rotation":90.0,"texture":"#0","tintindex":0.0},"east":{"uv":[11.875,2.625,12.0,3.0],"texture":"#0","tintindex":0.0},"south":{"uv":[11.5,2.875,11.625,3.0],"rotation":90.0,"texture":"#0","tintindex":0.0},"west":{"uv":[11.875,2.625,12.0,3.0],"rotation":180.0,"texture":"#0","tintindex":0.0},"up":{"uv":[11.875,2.625,12.0,3.0],"rotation":90.0,"texture":"#0","tintindex":0.0},"down":{"uv":[11.875,2.625,12.0,3.0],"rotation":90.0,"texture":"#0","tintindex":0.0}}},{"from":[9.5,8.98772,2.29028],"to":[12.5,13.98772,5.29028],"rotation":{"angle":-22.5,"axis":"x","origin":[11.0,7.88417,4.85094]},"faces":{"north":{"uv":[11.125,3.0,11.75,3.375],"rotation":270.0,"texture":"#0","tintindex":0.0},"east":{"uv":[11.125,3.0,11.75,3.375],"rotation":270.0,"texture":"#0","tintindex":0.0},"south":{"uv":[11.75,3.375,11.125,3.0],"rotation":90.0,"texture":"#0","tintindex":0.0},"west":{"uv":[11.125,3.0,11.75,3.375],"rotation":270.0,"texture":"#0","tintindex":0.0},"up":{"uv":[11.75,3.0,12.125,3.375],"rotation":180.0,"texture":"#0","tintindex":0.0},"down":{"uv":[11.5,3.875,11.625,4.0],"rotation":90.0,"texture":"#0","tintindex":0.0}}},{"from":[11.0,8.58065,-0.06579],"to":[11.0,21.58065,6.93421],"rotation":{"angle":45.0,"axis":"x","origin":[9.5,13.58065,4.18421]},"faces":{"north":{"uv":[0.0,14.125,1.25,15.375],"texture":"#0","tintindex":0.0},"east":{"uv":[12.75,3.0,13.625,4.625],"texture":"#0","tintindex":0.0},"south":{"uv":[3.75,14.125,5.0,15.375],"texture":"#0","tintindex":0.0},"west":{"uv":[13.625,3.0,12.75,4.625],"texture":"#0","tintindex":0.0},"up":{"uv":[2.5,14.125,3.75,15.375],"texture":"#0","tintindex":0.0},"down":{"uv":[2.125,14.75,2.25,14.875],"texture":"#0","tintindex":0.0}}},{"from":[5.29645,6.9,10.50355],"to":[6.49645,10.1,13.70355],"rotation":{"angle":-22.5,"axis":"z","origin":[3.5,8.56066,12.10355]},"faces":{"north":{"uv":[12.0,2.625,11.875,3.0],"rotation":180.0,"texture":"#0","tintindex":0.0},"east":{"uv":[11.5,3.0,11.625,2.875],"rotation":90.0,"texture":"#0","tintindex":0.0},"south":{"uv":[12.0,2.625,11.875,3.0],"texture":"#0","tintindex":0.0},"west":{"uv":[11.5,3.0,11.625,2.875],"rotation":90.0,"texture":"#0","tintindex":0.0},"up":{"uv":[12.0,2.625,11.875,3.0],"rotation":180.0,"texture":"#0","tintindex":0.0},"down":{"uv":[12.0,2.625,11.875,3.0],"texture":"#0","tintindex":0.0}}},{"from":[1.37645,6.98,10.58355],"to":[6.41645,10.02,13.62355],"rotation":{"angle":-22.5,"axis":"z","origin":[3.5,8.56066,12.10355]},"faces":{"north":{"uv":[12.25,2.625,11.625,3.0],"rotation":180.0,"texture":"#0","tintindex":0.0},"east":{"uv":[11.75,3.0,11.875,2.875],"rotation":90.0,"texture":"#0","tintindex":0.0},"south":{"uv":[12.25,2.625,11.625,3.0],"texture":"#0","tintindex":0.0},"west":{"uv":[12.125,3.0,11.75,3.375],"texture":"#0","tintindex":0.0},"up":{"uv":[12.25,2.625,11.625,3.0],"texture":"#0","tintindex":0.0},"down":{"uv":[12.25,2.625,11.625,3.0],"texture":"#0","tintindex":0.0}}},{"from":[-1.16934,8.58065,12.10355],"to":[5.83066,21.58065,12.10355],"rotation":{"angle":-45.0,"axis":"z","origin":[3.08066,13.58065,10.60355]},"faces":{"north":{"uv":[12.75,3.0,13.625,4.625],"texture":"#0","tintindex":0.0},"east":{"uv":[5.0,14.125,3.75,15.375],"texture":"#0","tintindex":0.0},"south":{"uv":[13.625,3.0,12.75,4.625],"texture":"#0","tintindex":0.0},"west":{"uv":[1.25,14.125,0.0,15.375],"texture":"#0","tintindex":0.0},"up":{"uv":[2.5,15.375,3.75,14.125],"rotation":90.0,"texture":"#0","tintindex":0.0},"down":{"uv":[2.125,14.875,2.25,14.75],"rotation":270.0,"texture":"#0","tintindex":0.0}}},{"from":[1.18673,8.98772,10.60355],"to":[4.18673,13.98772,13.60355],"rotation":{"angle":22.5,"axis":"z","origin":[3.74739,7.88417,12.10355]},"faces":{"north":{"uv":[11.125,3.375,11.75,3.0],"rotation":270.0,"texture":"#0","tintindex":0.0},"east":{"uv":[11.75,3.0,11.125,3.375],"rotation":90.0,"texture":"#0","tintindex":0.0},"south":{"uv":[11.125,3.375,11.75,3.0],"rotation":270.0,"texture":"#0","tintindex":0.0},"west":{"uv":[11.125,3.375,11.75,3.0],"rotation":270.0,"texture":"#0","tintindex":0.0},"up":{"uv":[11.75,3.375,12.125,3.0],"rotation":270.0,"texture":"#0","tintindex":0.0},"down":{"uv":[11.625,3.875,11.5,4.0],"texture":"#0","tintindex":0.0}}}],"gui_light":"front","display":{"thirdperson_righthand":{"rotation":[55.5,34.0,0.0],"translation":[0.0,1.0,0.75],"scale":[0.52539,0.52539,0.52539]},"thirdperson_lefthand":{"rotation":[55.5,34.0,0.0],"translation":[0.0,1.0,0.75],"scale":[0.52539,0.52539,0.52539]},"firstperson_righthand":{"rotation":[21.0,114.5,-13.75],"translation":[9.5,0.0,-5.75],"scale":[0.41992,0.41992,0.41992]},"firstperson_lefthand":{"rotation":[21.0,114.5,-13.75],"translation":[9.5,0.0,-5.75],"scale":[0.41992,0.41992,0.41992]},"gui":{"rotation":[-155.13,25.99,179.92],"translation":[-1.0,-3.75,0.0],"scale":[0.80663,0.80663,0.80663]},"head":{"rotation":[0.0,-45.0,0.0],"translation":[1.25,5.25,-7.0],"scale":[1.66641,1.66641,1.66641]}}}