{"textures":{"0":"mcc:island_cosmetics/head/head_5","1":"mcc:island_cosmetics/head_variant/head_5_extra","particle":"mcc:island_cosmetics/head/head_5"},"credit":"Made with Blockbench","texture_size":[128.0,128.0],"elements":[{"from":[3.0,7.0,3.5],"to":[13.0,19.0,12.5],"rotation":{"angle":0.0,"axis":"y","origin":[1.0,-1.0,-1.5]},"faces":{"north":{"uv":[0.0,4.25,1.25,5.75],"texture":"#1"},"east":{"uv":[1.75,5.75,2.875,7.25],"texture":"#1"},"south":{"uv":[1.875,7.25,3.125,8.75],"texture":"#1"},"west":{"uv":[2.875,5.75,1.75,7.25],"texture":"#1"},"up":{"uv":[0.625,7.25,1.875,8.375],"texture":"#1"},"down":{"uv":[2.5,7.125,3.75,8.25],"texture":"#0"}}},{"from":[3.0,12.0,3.5],"to":[13.0,19.0,3.5],"rotation":{"angle":0.0,"axis":"y","origin":[1.0,-1.0,-1.5]},"faces":{"north":{"uv":[0.0,8.625,1.25,9.5],"texture":"#1","tintindex":0.0},"east":{"uv":[1.75,5.75,2.875,7.25],"texture":"#1"},"south":{"uv":[0.125,8.125,0.25,8.25],"texture":"#1"},"west":{"uv":[2.875,5.75,1.75,7.25],"texture":"#1"},"up":{"uv":[0.625,7.25,1.875,8.375],"texture":"#1"},"down":{"uv":[2.5,7.125,3.75,8.25],"texture":"#0"}}},{"from":[2.0,11.0,9.5],"to":[14.0,17.0,13.5],"rotation":{"angle":0.0,"axis":"y","origin":[1.0,-1.0,-1.5]},"faces":{"north":{"uv":[4.5,6.625,6.0,6.875],"texture":"#0","tintindex":0.0},"east":{"uv":[5.375,5.75,4.875,6.5],"texture":"#0","tintindex":0.0},"south":{"uv":[3.375,5.75,4.875,6.5],"texture":"#0","tintindex":0.0},"west":{"uv":[4.875,5.75,5.375,6.5],"texture":"#0","tintindex":0.0},"up":{"uv":[4.5,6.5,6.0,7.0],"texture":"#0","tintindex":0.0},"down":{"uv":[3.0,6.5,4.5,7.0],"texture":"#0","tintindex":0.0}}},{"from":[11.0,10.25,5.25],"to":[17.0,17.25,12.25],"rotation":{"angle":22.5,"axis":"z","origin":[14.5,13.75,8.75]},"faces":{"north":{"uv":[0.0,6.25,0.75,7.125],"texture":"#0","tintindex":0.0},"east":{"uv":[0.0,7.125,0.875,8.0],"texture":"#0","tintindex":0.0},"south":{"uv":[0.75,6.25,0.0,7.125],"texture":"#0","tintindex":0.0},"west":{"uv":[1.625,7.75,2.5,8.625],"texture":"#0","tintindex":0.0},"up":{"uv":[0.75,6.25,1.5,7.125],"texture":"#0","tintindex":0.0},"down":{"uv":[1.5,6.25,2.25,7.125],"texture":"#0","tintindex":0.0}}},{"from":[14.0,8.75,8.25],"to":[23.0,19.75,8.25],"rotation":{"angle":45.0,"axis":"z","origin":[14.5,13.25,8.75]},"faces":{"north":{"uv":[1.25,3.625,2.375,5.0],"texture":"#1","tintindex":0.0},"east":{"uv":[0.0,7.125,0.875,8.0],"texture":"#0","tintindex":0.0},"south":{"uv":[2.375,3.625,1.25,5.0],"texture":"#1","tintindex":0.0},"west":{"uv":[1.625,7.75,2.5,8.625],"texture":"#0","tintindex":0.0},"up":{"uv":[0.75,6.25,1.5,7.125],"texture":"#0","tintindex":0.0},"down":{"uv":[1.5,6.25,2.25,7.125],"texture":"#0","tintindex":0.0}}},{"from":[-7.0,8.75,8.25],"to":[2.0,19.75,8.25],"rotation":{"angle":-45.0,"axis":"z","origin":[1.5,13.25,8.75]},"faces":{"north":{"uv":[2.375,3.625,1.25,5.0],"texture":"#1","tintindex":0.0},"east":{"uv":[2.5,7.75,1.625,8.625],"texture":"#0","tintindex":0.0},"south":{"uv":[1.25,3.625,2.375,5.0],"texture":"#1","tintindex":0.0},"west":{"uv":[0.875,7.125,0.0,8.0],"texture":"#0","tintindex":0.0},"up":{"uv":[1.5,6.25,0.75,7.125],"texture":"#0","tintindex":0.0},"down":{"uv":[2.25,6.25,1.5,7.125],"texture":"#0","tintindex":0.0}}},{"from":[-1.0,10.25,5.25],"to":[5.0,17.25,12.25],"rotation":{"angle":-22.5,"axis":"z","origin":[1.5,13.75,8.75]},"faces":{"north":{"uv":[0.75,6.25,0.0,7.125],"texture":"#0","tintindex":0.0},"east":{"uv":[2.5,7.75,1.625,8.625],"texture":"#0","tintindex":0.0},"south":{"uv":[0.0,6.25,0.75,7.125],"texture":"#0","tintindex":0.0},"west":{"uv":[0.875,7.125,0.0,8.0],"texture":"#0","tintindex":0.0},"up":{"uv":[1.5,6.25,0.75,7.125],"texture":"#0","tintindex":0.0},"down":{"uv":[2.25,6.25,1.5,7.125],"texture":"#0","tintindex":0.0}}},{"from":[6.0,9.5,1.5],"to":[10.0,13.5,3.5],"rotation":{"angle":0.0,"axis":"y","origin":[1.0,-1.0,-1.5]},"faces":{"north":{"uv":[2.625,8.75,3.125,9.25],"texture":"#1"},"east":{"uv":[3.125,8.125,3.375,8.625],"texture":"#1"},"south":{"uv":[1.625,8.625,1.75,8.75],"texture":"#1"},"west":{"uv":[3.375,8.125,3.125,8.625],"texture":"#1"},"up":{"uv":[1.75,5.875,2.25,6.125],"texture":"#0"},"down":{"uv":[2.5,6.75,3.0,7.0],"texture":"#0"}}},{"from":[2.0,9.0,2.5],"to":[4.0,13.0,6.5],"rotation":{"angle":0.0,"axis":"y","origin":[1.5,-1.0,-1.5]},"faces":{"north":{"uv":[3.125,7.5,3.375,8.0],"texture":"#1"},"east":{"uv":[2.25,9.125,1.75,9.625],"texture":"#0"},"south":{"uv":[2.25,8.625,2.5,9.125],"texture":"#0"},"west":{"uv":[1.75,8.625,2.25,9.125],"texture":"#0"},"up":{"uv":[2.0,4.5,2.125,5.0],"texture":"#0"},"down":{"uv":[2.25,9.125,2.5,9.625],"texture":"#0"}}},{"from":[12.0,9.0,2.5],"to":[14.0,13.0,6.5],"rotation":{"angle":0.0,"axis":"y","origin":[14.5,-1.0,-1.5]},"faces":{"north":{"uv":[3.375,7.5,3.125,8.0],"texture":"#1"},"east":{"uv":[2.25,8.625,1.75,9.125],"texture":"#0"},"south":{"uv":[2.5,8.625,2.25,9.125],"texture":"#0"},"west":{"uv":[1.75,9.125,2.25,9.625],"texture":"#0"},"up":{"uv":[2.125,4.5,2.0,5.0],"texture":"#0"},"down":{"uv":[2.5,9.125,2.25,9.625],"texture":"#0"}}},{"from":[5.0,5.0,6.5],"to":[11.0,10.0,9.5],"rotation":{"angle":45.0,"axis":"x","origin":[7.5,11.5,5.0]},"faces":{"north":{"uv":[1.25,5.125,2.0,5.75],"texture":"#1"},"east":{"uv":[1.375,6.625,1.75,7.25],"texture":"#1"},"south":{"uv":[1.875,8.75,2.625,9.375],"texture":"#1"},"west":{"uv":[1.75,6.625,1.375,7.25],"texture":"#1"},"up":{"uv":[2.875,5.75,3.0,5.875],"texture":"#0"},"down":{"uv":[1.625,5.0,2.375,5.375],"texture":"#0"}}},{"from":[6.0,16.5,4.5],"to":[10.0,21.5,13.5],"rotation":{"angle":22.5,"axis":"x","origin":[8.0,18.5,8.5]},"faces":{"north":{"uv":[0.0,5.875,0.5,6.5],"texture":"#1","tintindex":0.0},"east":{"uv":[0.5,5.875,1.625,6.5],"texture":"#1","tintindex":0.0},"south":{"uv":[0.0,5.875,0.5,6.5],"texture":"#1","tintindex":0.0},"west":{"uv":[0.5,5.875,1.625,6.5],"texture":"#1","tintindex":0.0},"up":{"uv":[0.0,6.5,0.5,7.625],"texture":"#1","tintindex":0.0},"down":{"uv":[3.125,6.375,3.25,6.5],"texture":"#0","tintindex":0.0}}},{"from":[5.6,16.1,4.1],"to":[10.4,21.9,13.9],"rotation":{"angle":22.5,"axis":"x","origin":[8.0,18.5,8.5]},"faces":{"north":{"uv":[0.0,7.75,0.5,8.375],"texture":"#1","tintindex":0.0},"east":{"uv":[0.0,8.375,1.125,9.0],"texture":"#1","tintindex":0.0},"south":{"uv":[0.0,7.75,0.5,8.375],"texture":"#1","tintindex":0.0},"west":{"uv":[0.0,8.375,1.125,9.0],"texture":"#1","tintindex":0.0},"up":{"uv":[1.25,8.375,1.75,9.5],"texture":"#1","tintindex":0.0},"down":{"uv":[3.125,6.375,3.25,6.5],"texture":"#0","tintindex":0.0}}},{"from":[-1.5,9.75,4.75],"to":[5.5,17.75,12.75],"rotation":{"angle":-22.5,"axis":"z","origin":[1.5,13.75,8.75]},"faces":{"north":{"uv":[3.25,8.25,2.5,9.125],"texture":"#0","tintindex":0.0},"east":{"uv":[2.5,7.75,1.625,8.625],"texture":"#0","tintindex":0.0},"south":{"uv":[2.5,8.25,3.25,9.125],"texture":"#0","tintindex":0.0},"west":{"uv":[3.375,9.125,2.5,10.0],"texture":"#0","tintindex":0.0},"up":{"uv":[4.0,8.25,3.25,9.125],"texture":"#0","tintindex":0.0},"down":{"uv":[4.125,9.125,3.375,10.0],"texture":"#0","tintindex":0.0}}},{"from":[10.5,9.75,4.75],"to":[17.5,17.75,12.75],"rotation":{"angle":22.5,"axis":"z","origin":[14.5,13.75,8.75]},"faces":{"north":{"uv":[2.5,8.25,3.25,9.125],"texture":"#0","tintindex":0.0},"east":{"uv":[2.5,9.125,3.375,10.0],"texture":"#0","tintindex":0.0},"south":{"uv":[3.25,8.25,2.5,9.125],"texture":"#0","tintindex":0.0},"west":{"uv":[1.625,7.75,2.5,8.625],"texture":"#0","tintindex":0.0},"up":{"uv":[3.25,8.25,4.0,9.125],"texture":"#0","tintindex":0.0},"down":{"uv":[3.375,9.125,4.125,10.0],"texture":"#0","tintindex":0.0}}},{"from":[2.8,11.8,3.3],"to":[13.2,19.2,12.7],"rotation":{"angle":0.0,"axis":"y","origin":[1.0,-1.0,-1.5]},"faces":{"north":{"uv":[3.875,5.125,4.0,5.25],"texture":"#0","tintindex":0.0},"east":{"uv":[8.625,7.0,7.5,6.125],"texture":"#0","tintindex":0.0},"south":{"uv":[3.75,8.25,5.0,7.375],"texture":"#0","tintindex":0.0},"west":{"uv":[7.5,7.0,8.625,6.125],"texture":"#0","tintindex":0.0},"up":{"uv":[3.75,7.125,5.0,8.25],"texture":"#0","tintindex":0.0},"down":{"uv":[3.875,5.125,4.0,5.25],"texture":"#0","tintindex":0.0}}}],"gui_light":"front","display":{"thirdperson_righthand":{"rotation":[63.0,34.0,0.0],"translation":[0.0,1.0,-1.0],"scale":[0.52539,0.52539,0.52539]},"thirdperson_lefthand":{"rotation":[63.0,34.0,0.0],"translation":[0.0,1.0,-1.0],"scale":[0.52539,0.52539,0.52539]},"firstperson_righthand":{"rotation":[3.0,112.0,-13.0],"translation":[9.5,0.0,-5.75],"scale":[0.41992,0.41992,0.41992]},"firstperson_lefthand":{"rotation":[3.0,112.0,-13.0],"translation":[9.5,0.0,-5.75],"scale":[0.41992,0.41992,0.41992]},"ground":{"translation":[0.0,4.25,0.0],"scale":[0.28906,0.28906,0.28906]},"gui":{"rotation":[-149.61,-31.92,-180.0],"translation":[0.0,-3.25,0.0],"scale":[0.67969,0.67969,0.67969]},"head":{"rotation":[0.0,0.0,2.5],"translation":[0.0,-5.75,0.0],"scale":[1.63711,1.63711,1.63711]},"fixed":{"translation":[0.0,-3.25,-7.5]}}}