{"textures":{"1":"mcc:island_cosmetics/head_variant/head_extra","2":"mcc:island_cosmetics/head_variant/pirate_hat_phantom","particle":"mcc:island_cosmetics/head/head"},"credit":"Made with Blockbench","texture_size":[128.0,128.0],"elements":[{"from":[3.5,-0.26,3.5],"to":[12.5,5.74,12.5],"rotation":{"angle":0.0,"axis":"y","origin":[8.0,3.40667,8.0]},"faces":{"north":{"uv":[8.5,12.5,9.625,13.25],"texture":"#1"},"east":{"uv":[8.5,12.5,9.625,13.25],"texture":"#1"},"south":{"uv":[8.5,12.5,9.625,13.25],"texture":"#1"},"west":{"uv":[8.5,12.5,9.625,13.25],"texture":"#1"},"up":{"uv":[9.625,12.5,10.75,13.625],"texture":"#1"},"down":{"uv":[9.625,11.75,9.75,11.875],"texture":"#1"}}},{"from":[-0.01,-0.27,2.99],"to":[16.01,8.75,13.01],"rotation":{"angle":0.0,"axis":"y","origin":[8.0,3.40667,8.0]},"faces":{"north":{"uv":[10.625,10.0,12.625,11.125],"texture":"#1"},"east":{"uv":[8.5,10.0,9.75,11.125],"texture":"#1"},"south":{"uv":[10.625,11.125,12.625,12.25],"texture":"#1"},"west":{"uv":[8.5,10.0,9.75,11.125],"texture":"#1"},"up":{"uv":[9.125,10.125,9.25,10.25],"texture":"#1"},"down":{"uv":[8.5,11.125,10.5,12.375],"texture":"#1"}}},{"from":[14.01,4.73,4.99],"to":[19.01,17.73,4.99],"rotation":{"angle":-22.5,"axis":"z","origin":[13.51,20.23,2.99]},"faces":{"north":{"uv":[10.875,12.375,11.5,14.0],"texture":"#1","tintindex":0.0},"east":{"uv":[8.5,10.0,9.75,11.125],"texture":"#1"},"south":{"uv":[11.5,12.375,10.875,14.0],"texture":"#1","tintindex":0.0},"west":{"uv":[8.5,10.0,9.75,11.125],"texture":"#1"},"up":{"uv":[9.125,10.125,9.25,10.25],"texture":"#1"},"down":{"uv":[8.5,11.125,10.5,12.375],"texture":"#1"}}},{"from":[21.01,6.73,5.99],"to":[26.01,19.73,5.99],"rotation":{"angle":-45.0,"axis":"z","origin":[13.51,20.23,2.99]},"faces":{"north":{"uv":[11.5,12.375,12.125,14.0],"texture":"#1"},"east":{"uv":[8.5,10.0,9.75,11.125],"texture":"#1"},"south":{"uv":[12.125,12.375,11.5,14.0],"texture":"#1"},"west":{"uv":[8.5,10.0,9.75,11.125],"texture":"#1"},"up":{"uv":[9.125,10.125,9.25,10.25],"texture":"#1"},"down":{"uv":[8.5,11.125,10.5,12.375],"texture":"#1"}}},{"from":[3.0,-2.26,3.5],"to":[13.0,-0.26,12.5],"rotation":{"angle":0.0,"axis":"y","origin":[8.0,-1.26,8.0]},"faces":{"north":{"uv":[8.25,13.375,9.5,13.625],"texture":"#1","tintindex":0.0},"east":{"uv":[8.25,13.625,9.375,13.875],"texture":"#1","tintindex":0.0},"south":{"uv":[8.25,13.375,9.5,13.625],"texture":"#1","tintindex":0.0},"west":{"uv":[8.25,13.625,9.375,13.875],"texture":"#1","tintindex":0.0},"up":{"uv":[7.125,14.125,8.375,15.25],"texture":"#1","tintindex":0.0},"down":{"uv":[7.125,14.125,8.375,15.25],"texture":"#1","tintindex":0.0}}},{"from":[12.5,-8.26,4.25],"to":[12.5,-2.26,11.25],"rotation":{"angle":0.0,"axis":"y","origin":[12.5,-5.26,7.75]},"faces":{"north":{"uv":[9.25,14.125,9.375,14.25],"texture":"#1","tintindex":0.0},"east":{"uv":[8.375,14.0,9.25,14.75],"texture":"#1","tintindex":0.0},"south":{"uv":[13.5,14.125,13.625,14.25],"texture":"#1","tintindex":0.0},"west":{"uv":[9.25,14.0,8.375,14.75],"texture":"#1","tintindex":0.0},"up":{"uv":[13.5,14.125,13.625,14.25],"texture":"#1","tintindex":0.0},"down":{"uv":[13.5,14.125,13.625,14.25],"texture":"#1","tintindex":0.0}}},{"name":"cube inverted","from":[16.01,8.75,13.01],"to":[-0.01,-0.27,2.99],"rotation":{"angle":0.0,"axis":"y","origin":[8.0,3.40667,8.0]},"faces":{"north":{"uv":[10.625,12.25,12.625,11.125],"texture":"#1"},"east":{"uv":[8.5,11.125,9.75,10.0],"texture":"#1"},"south":{"uv":[10.625,11.125,12.625,10.0],"texture":"#1"},"west":{"uv":[8.5,11.125,9.75,10.0],"texture":"#1"},"up":{"uv":[10.5,11.125,8.5,12.375],"texture":"#1"},"down":{"uv":[9.25,10.125,9.125,10.25],"texture":"#1"}}},{"from":[22.75,-0.25,2.0],"to":[29.75,2.75,2.0],"rotation":{"angle":45.0,"axis":"y","origin":[21.0,22.0,12.0]},"faces":{"north":{"uv":[9.0,5.0,16.0,8.0],"texture":"#2"},"east":{"uv":[11.625,1.625,11.75,1.75],"texture":"#2"},"south":{"uv":[16.0,5.0,9.0,8.0],"texture":"#2"},"west":{"uv":[11.625,1.625,11.75,1.75],"texture":"#2"},"up":{"uv":[11.625,1.625,11.75,1.75],"texture":"#2"},"down":{"uv":[11.625,1.625,11.75,1.75],"texture":"#2"}}},{"from":[-2.5,5.5,6.0],"to":[4.5,8.5,6.0],"rotation":{"angle":0.0,"axis":"y","origin":[3.5,-1.5,3.5]},"faces":{"north":{"uv":[8.0,5.0,1.0,8.0],"texture":"#2"},"east":{"uv":[11.75,1.625,11.625,1.75],"texture":"#2"},"south":{"uv":[1.0,5.0,8.0,8.0],"texture":"#2"},"west":{"uv":[11.75,1.625,11.625,1.75],"texture":"#2"},"up":{"uv":[11.75,1.625,11.625,1.75],"texture":"#2"},"down":{"uv":[11.75,1.625,11.625,1.75],"texture":"#2"}}},{"from":[-5.5,-0.5,4.0],"to":[1.5,2.5,4.0],"rotation":{"angle":-45.0,"axis":"y","origin":[1.0,3.0,8.0]},"faces":{"north":{"uv":[16.0,1.0,9.0,4.0],"texture":"#2"},"east":{"uv":[11.75,1.625,11.625,1.75],"texture":"#2"},"south":{"uv":[9.0,1.0,16.0,4.0],"texture":"#2"},"west":{"uv":[11.75,1.625,11.625,1.75],"texture":"#2"},"up":{"uv":[11.75,1.625,11.625,1.75],"texture":"#2"},"down":{"uv":[11.75,1.625,11.625,1.75],"texture":"#2"}}},{"from":[12.5,0.5,8.0],"to":[19.5,3.5,8.0],"rotation":{"angle":0.0,"axis":"y","origin":[17.5,9.5,7.5]},"faces":{"north":{"uv":[0.0,1.0,7.0,4.0],"texture":"#2"},"east":{"uv":[11.625,1.625,11.75,1.75],"texture":"#2"},"south":{"uv":[7.0,1.0,0.0,4.0],"texture":"#2"},"west":{"uv":[11.625,1.625,11.75,1.75],"texture":"#2"},"up":{"uv":[11.625,1.625,11.75,1.75],"texture":"#2"},"down":{"uv":[11.625,1.625,11.75,1.75],"texture":"#2"}}},{"from":[-5.5,-0.5,18.0],"to":[1.5,2.5,18.0],"rotation":{"angle":45.0,"axis":"y","origin":[-5.0,22.0,12.0]},"faces":{"north":{"uv":[16.0,5.0,9.0,8.0],"texture":"#2"},"east":{"uv":[11.75,1.625,11.625,1.75],"texture":"#2"},"south":{"uv":[9.0,5.0,16.0,8.0],"texture":"#2"},"west":{"uv":[11.75,1.625,11.625,1.75],"texture":"#2"},"up":{"uv":[11.75,1.625,11.625,1.75],"texture":"#2"},"down":{"uv":[11.75,1.625,11.625,1.75],"texture":"#2"}}},{"from":[14.5,4.5,18.0],"to":[21.5,7.5,18.0],"rotation":{"angle":-45.0,"axis":"y","origin":[21.0,22.0,12.0]},"faces":{"north":{"uv":[9.0,5.0,16.0,8.0],"texture":"#2"},"east":{"uv":[11.625,1.625,11.75,1.75],"texture":"#2"},"south":{"uv":[16.0,5.0,9.0,8.0],"texture":"#2"},"west":{"uv":[11.625,1.625,11.75,1.75],"texture":"#2"},"up":{"uv":[11.625,1.625,11.75,1.75],"texture":"#2"},"down":{"uv":[11.625,1.625,11.75,1.75],"texture":"#2"}}}],"gui_light":"front","display":{"thirdperson_righthand":{"rotation":[64.25,0.0,0.0],"scale":[0.44336,0.44336,0.44336]},"thirdperson_lefthand":{"rotation":[64.25,0.0,0.0],"scale":[0.44336,0.44336,0.44336]},"firstperson_righthand":{"scale":[0.0,0.0,0.0]},"firstperson_lefthand":{"scale":[0.0,0.0,0.0]},"ground":{"translation":[0.0,4.25,0.0],"scale":[0.43945,0.43945,0.43945]},"gui":{"rotation":[-149.61,-31.92,-180.0],"translation":[0.0,5.25,0.0],"scale":[0.77538,0.77538,0.77538]},"head":{"translation":[0.0,19.25,0.0],"scale":[1.6957,1.6957,1.6957]}}}