{"textures":{"0":"mcc:island_cosmetics/head/head_4","1":"mcc:island_cosmetics/head_variant/head_4_extra_2","particle":"mcc:island_cosmetics/head/head_4"},"credit":"Made with Blockbench","texture_size":[128.0,128.0],"elements":[{"from":[5.5,8.5,2.25],"to":[9.5,12.5,2.25],"rotation":{"angle":0.0,"axis":"x","origin":[8.0,4.5,8.0]},"faces":{"north":{"uv":[3.25,2.75,3.75,3.25],"texture":"#0"},"east":{"uv":[5.125,7.0,6.5,8.375],"texture":"#missing"},"south":{"uv":[3.25,2.75,3.75,3.25],"texture":"#0"},"west":{"uv":[5.125,7.0,6.5,8.375],"texture":"#missing"},"up":{"uv":[6.5,8.375,5.125,7.0],"rotation":270.0,"texture":"#missing"},"down":{"uv":[6.5,8.375,5.125,7.0],"rotation":90.0,"texture":"#missing"}}},{"from":[2.5,8.0,2.5],"to":[12.5,12.0,12.5],"rotation":{"angle":0.0,"axis":"x","origin":[8.0,4.5,8.0]},"faces":{"north":{"uv":[0.0,0.0,1.25,0.5],"texture":"#1","tintindex":0.0},"east":{"uv":[0.0,2.75,1.25,3.25],"texture":"#1","tintindex":0.0},"south":{"uv":[1.25,0.0,0.0,0.5],"texture":"#1","tintindex":0.0},"west":{"uv":[1.25,0.0,2.5,0.5],"texture":"#1","tintindex":0.0},"up":{"uv":[1.25,2.75,0.0,1.5],"rotation":270.0,"texture":"#1","tintindex":0.0},"down":{"uv":[1.75,0.125,1.875,0.25],"texture":"#1","tintindex":0.0}}},{"from":[2.4,7.9,2.4],"to":[12.6,9.1,12.6],"rotation":{"angle":0.0,"axis":"x","origin":[8.0,4.5,8.0]},"faces":{"north":{"uv":[0.0,3.25,1.25,3.375],"texture":"#1"},"east":{"uv":[0.0,3.25,1.25,3.375],"texture":"#1"},"south":{"uv":[0.0,3.25,1.25,3.375],"texture":"#1"},"west":{"uv":[0.0,3.25,1.25,3.375],"texture":"#1"},"up":{"uv":[1.25,0.625,2.5,1.875],"texture":"#1"},"down":{"uv":[1.25,0.625,2.5,1.875],"texture":"#1"}}},{"from":[2.5,12.0,2.5],"to":[8.5,13.0,12.5],"rotation":{"angle":0.0,"axis":"x","origin":[8.0,4.5,8.0]},"faces":{"north":{"uv":[0.0,0.5,0.75,0.625],"texture":"#1","tintindex":0.0},"east":{"uv":[0.0,0.625,1.25,0.75],"texture":"#1","tintindex":0.0},"south":{"uv":[0.75,0.5,0.0,0.625],"texture":"#1","tintindex":0.0},"west":{"uv":[0.75,0.5,2.0,0.625],"texture":"#1","tintindex":0.0},"up":{"uv":[1.25,1.5,0.0,0.75],"rotation":270.0,"texture":"#1","tintindex":0.0},"down":{"uv":[6.5,8.375,5.125,7.0],"rotation":90.0,"texture":"#missing","tintindex":0.0}}}],"gui_light":"front","display":{"thirdperson_righthand":{"rotation":[55.5,34.0,0.0],"translation":[0.0,1.0,0.75],"scale":[0.52539,0.52539,0.52539]},"thirdperson_lefthand":{"rotation":[55.5,34.0,0.0],"translation":[0.0,1.0,0.75],"scale":[0.52539,0.52539,0.52539]},"firstperson_righthand":{"rotation":[21.0,114.5,-13.75],"translation":[9.5,0.0,-5.75],"scale":[0.41992,0.41992,0.41992]},"firstperson_lefthand":{"rotation":[21.0,114.5,-13.75],"translation":[9.5,0.0,-5.75],"scale":[0.41992,0.41992,0.41992]},"gui":{"rotation":[-151.82,-38.93,160.91],"translation":[-0.25,-1.25,0.0],"scale":[0.95116,0.95116,0.95116]},"head":{"rotation":[0.0,0.0,-10.75],"translation":[0.75,3.0,1.0],"scale":[1.62539,1.62539,1.62539]}}}