{"textures":{"0":"mcc:island_cosmetics/head/head_faction_features","particle":"mcc:island_cosmetics/head/head_faction_features"},"credit":"Made with Blockbench","texture_size":[128.0,128.0],"elements":[{"from":[3.25,3.75,6.0],"to":[3.25,13.75,19.0],"rotation":{"angle":-22.5,"axis":"y","origin":[3.25,8.75,9.5]},"faces":{"north":{"uv":[2.75,2.5,1.5,2.875],"texture":"#0"},"east":{"uv":[7.625,0.0,6.0,1.25],"texture":"#0"},"south":{"uv":[2.75,2.875,1.5,3.25],"texture":"#0"},"west":{"uv":[6.0,0.0,7.625,1.25],"texture":"#0"},"up":{"uv":[4.0,2.125,2.75,3.25],"texture":"#0"},"down":{"uv":[4.0,1.0,2.75,2.125],"texture":"#0"}}},{"from":[12.75,3.75,6.0],"to":[12.75,13.75,19.0],"rotation":{"angle":22.5,"axis":"y","origin":[12.75,8.75,9.5]},"faces":{"north":{"uv":[1.5,2.5,2.75,2.875],"texture":"#0"},"east":{"uv":[7.625,0.0,6.0,1.25],"texture":"#0"},"south":{"uv":[1.5,2.875,2.75,3.25],"texture":"#0"},"west":{"uv":[6.0,0.0,7.625,1.25],"texture":"#0"},"up":{"uv":[2.75,2.125,4.0,3.25],"texture":"#0"},"down":{"uv":[2.75,1.0,4.0,2.125],"texture":"#0"}}}],"gui_light":"front","display":{"thirdperson_righthand":{"rotation":[64.25,0.0,0.0],"scale":[0.44336,0.44336,0.44336]},"thirdperson_lefthand":{"rotation":[64.25,0.0,0.0],"scale":[0.44336,0.44336,0.44336]},"firstperson_righthand":{"scale":[0.0,0.0,0.0]},"firstperson_lefthand":{"scale":[0.0,0.0,0.0]},"ground":{"translation":[0.0,4.25,0.0],"scale":[0.43945,0.43945,0.43945]},"gui":{"rotation":[-166.77,-44.09,-178.26],"translation":[3.75,-0.5,0.0],"scale":[0.81835,0.81835,0.81835]},"head":{"rotation":[-13.5,0.0,0.0],"translation":[0.0,2.25,0.0],"scale":[1.6,1.6,1.6]}}}