{"textures":{"2":"mcc:island_cosmetics/general/hat/gas_mask/visor","4":"mcc:island_cosmetics/general/hat/gas_mask/gas_mask"},"display":{"thirdperson_righthand":{"translation":[0.0,1.0,0.75],"rotation":[55.5,34.0,0.0],"scale":[0.52539,0.52539,0.52539]},"thirdperson_lefthand":{"translation":[0.0,1.0,0.75],"rotation":[55.5,34.0,0.0],"scale":[0.52539,0.52539,0.52539]},"firstperson_righthand":{"translation":[9.5,0.0,-5.75],"rotation":[21.0,114.5,-13.75],"scale":[0.41992,0.41992,0.41992]},"firstperson_lefthand":{"translation":[9.5,0.0,-5.75],"rotation":[21.0,114.5,-13.75],"scale":[0.41992,0.41992,0.41992]},"gui":{"translation":[-1.25,4.25,0.0],"rotation":[-149.61,-31.92,-180.0],"scale":[0.85937,0.85937,0.85937]},"head":{"translation":[0.0,5.75,0.0],"scale":[1.63126,1.63126,1.63126]}},"credit":"Made with Blockbench","texture_size":[32.0,32.0],"elements":[{"from":[3.0,0.0,3.5],"to":[13.0,9.0,8.5],"rotation":{"angle":0.0,"axis":"x","origin":[8.0,9.5,7.5]},"faces":{"north":{"uv":[5.0,0.0,8.33333,3.0],"texture":"#2"},"east":{"uv":[11.66667,1.66667,10.0,4.66667],"texture":"#2"},"west":{"uv":[10.0,1.66667,11.66667,4.66667],"texture":"#2"},"up":{"uv":[8.33333,0.0,12.0,1.66667],"texture":"#2"},"down":{"uv":[8.33333,1.66667,11.66667,0.0],"texture":"#2"}}},{"from":[5.5,-4.0,-1.5],"to":[10.5,1.0,2.5],"rotation":{"angle":-22.5,"axis":"x","origin":[8.5,4.5,-1.0]},"faces":{"north":{"uv":[0.0,5.66667,1.66667,7.33333],"texture":"#2"},"east":{"uv":[1.66667,2.33333,0.0,3.66667],"rotation":90.0,"texture":"#2"},"south":{"uv":[1.33333,1.0,1.66667,1.33333],"texture":"#2"},"west":{"uv":[1.66667,3.66667,0.0,2.33333],"rotation":90.0,"texture":"#2"},"up":{"uv":[0.0,0.66667,1.66667,2.0],"texture":"#2"},"down":{"uv":[1.66667,5.33333,0.0,4.0],"texture":"#2"}}},{"from":[1.15643,-2.70075,2.02267],"to":[4.15643,2.29925,7.02267],"rotation":{"angle":22.5,"axis":"z","origin":[3.15643,-0.20075,4.52267]},"faces":{"north":{"uv":[5.33333,3.33333,3.66667,4.33333],"rotation":90.0,"texture":"#2","tintindex":0.0},"east":{"uv":[3.0,3.66667,3.33333,3.33333],"rotation":90.0,"texture":"#2","tintindex":0.0},"south":{"uv":[3.66667,4.33333,5.33333,3.33333],"rotation":90.0,"texture":"#2","tintindex":0.0},"west":{"uv":[5.33333,4.33333,3.66667,6.0],"rotation":90.0,"texture":"#2","tintindex":0.0},"up":{"uv":[5.33333,3.33333,3.66667,4.33333],"rotation":270.0,"texture":"#2","tintindex":0.0},"down":{"uv":[5.33333,4.33333,3.66667,3.33333],"rotation":90.0,"texture":"#2","tintindex":0.0}}},{"from":[1.15643,-2.70075,2.02267],"to":[4.15643,2.29925,7.02267],"rotation":{"angle":22.5,"axis":"z","origin":[3.15643,-0.20075,4.52267]},"faces":{"north":{"uv":[3.66667,3.33333,2.0,4.33333],"rotation":90.0,"texture":"#2"},"east":{"uv":[3.66667,4.33333,2.0,6.0],"rotation":90.0,"texture":"#2"},"south":{"uv":[3.66667,3.33333,2.0,4.33333],"rotation":270.0,"texture":"#2"},"west":{"uv":[1.66667,3.66667,2.0,3.33333],"rotation":270.0,"texture":"#2"},"up":{"uv":[3.66667,3.33333,2.0,4.33333],"rotation":270.0,"texture":"#2"},"down":{"uv":[3.66667,3.33333,2.0,4.33333],"rotation":270.0,"texture":"#2"}}},{"from":[11.84357,-2.70075,2.02267],"to":[14.84357,2.29925,7.02267],"rotation":{"angle":-22.5,"axis":"z","origin":[12.84357,-0.20075,4.52267]},"faces":{"north":{"uv":[5.33333,4.33333,3.66667,3.33333],"rotation":90.0,"texture":"#2","tintindex":0.0},"east":{"uv":[5.33333,6.0,3.66667,4.33333],"rotation":90.0,"texture":"#2","tintindex":0.0},"south":{"uv":[3.66667,3.33333,5.33333,4.33333],"rotation":90.0,"texture":"#2","tintindex":0.0},"west":{"uv":[3.0,3.33333,3.33333,3.66667],"rotation":90.0,"texture":"#2","tintindex":0.0},"up":{"uv":[5.33333,4.33333,3.66667,3.33333],"rotation":270.0,"texture":"#2","tintindex":0.0},"down":{"uv":[5.33333,3.33333,3.66667,4.33333],"rotation":90.0,"texture":"#2","tintindex":0.0}}},{"from":[11.84357,-2.70075,2.02267],"to":[14.84357,2.29925,7.02267],"rotation":{"angle":-22.5,"axis":"z","origin":[12.84357,-0.20075,4.52267]},"faces":{"north":{"uv":[3.66667,4.33333,2.0,3.33333],"rotation":90.0,"texture":"#2"},"east":{"uv":[1.66667,3.33333,2.0,3.66667],"rotation":270.0,"texture":"#2"},"south":{"uv":[3.66667,4.33333,2.0,3.33333],"rotation":270.0,"texture":"#2"},"west":{"uv":[3.66667,6.0,2.0,4.33333],"rotation":90.0,"texture":"#2"},"up":{"uv":[3.66667,4.33333,2.0,3.33333],"rotation":270.0,"texture":"#2"},"down":{"uv":[3.66667,4.33333,2.0,3.33333],"rotation":270.0,"texture":"#2"}}},{"from":[9.5,9.0,8.5],"to":[11.5,9.0,10.5],"rotation":{"angle":-22.5,"axis":"x","origin":[10.5,9.0,8.5]},"faces":{"north":{"uv":[5.875,3.25,4.75,3.875],"rotation":180.0,"texture":"#4"},"east":{"uv":[3.875,3.875,4.5,5.0],"rotation":270.0,"texture":"#4"},"south":{"uv":[2.25,3.875,2.5,3.875],"texture":"#4"},"west":{"uv":[4.5,3.875,3.875,5.0],"rotation":90.0,"texture":"#4"},"up":{"uv":[9.0,10.0,10.0,11.0],"rotation":180.0,"texture":"#4"},"down":{"uv":[10.0,10.0,9.0,11.0],"texture":"#4"}}},{"from":[4.5,9.0,8.5],"to":[6.5,9.0,10.5],"rotation":{"angle":-22.5,"axis":"x","origin":[5.5,9.0,8.5]},"faces":{"north":{"uv":[4.75,3.25,5.875,3.875],"rotation":180.0,"texture":"#4"},"east":{"uv":[15.5,13.0,18.0,17.5],"rotation":270.0,"texture":"#4"},"south":{"uv":[2.5,3.875,2.25,3.875],"texture":"#4"},"west":{"uv":[18.0,13.0,15.5,17.5],"rotation":90.0,"texture":"#4"},"up":{"uv":[10.0,10.0,9.0,11.0],"rotation":180.0,"texture":"#4"},"down":{"uv":[9.0,10.0,10.0,11.0],"texture":"#4"}}},{"from":[12.34056,6.0,8.53191],"to":[12.34056,8.0,10.53191],"rotation":{"angle":22.5,"axis":"y","origin":[12.34056,5.5,8.1177]},"faces":{"north":{"uv":[0.0,0.0,0.0,0.0],"texture":"#4"},"east":{"uv":[9.0,11.0,10.0,10.0],"rotation":90.0,"texture":"#4"},"south":{"uv":[0.0,0.0,0.0,0.0],"texture":"#4"},"west":{"uv":[10.0,11.0,9.0,10.0],"rotation":270.0,"texture":"#4"},"up":{"uv":[0.0,0.0,0.0,0.0],"texture":"#4"},"down":{"uv":[0.0,0.0,0.0,0.0],"texture":"#4"}}},{"from":[12.34056,1.0,8.53191],"to":[12.34056,3.0,10.53191],"rotation":{"angle":22.5,"axis":"y","origin":[12.34056,5.5,8.1177]},"faces":{"north":{"uv":[0.0,0.0,0.0,0.0],"texture":"#4"},"east":{"uv":[10.0,11.0,9.0,10.0],"rotation":90.0,"texture":"#4"},"south":{"uv":[0.0,0.0,0.0,0.0],"texture":"#4"},"west":{"uv":[9.0,11.0,10.0,10.0],"rotation":270.0,"texture":"#4"},"up":{"uv":[0.0,0.0,0.0,0.0],"texture":"#4"},"down":{"uv":[0.0,0.0,0.0,0.0],"texture":"#4"}}},{"from":[3.65944,6.0,8.53191],"to":[3.65944,8.0,10.53191],"rotation":{"angle":-22.5,"axis":"y","origin":[3.65944,5.5,8.1177]},"faces":{"north":{"uv":[0.0,0.0,0.0,0.0],"texture":"#4"},"east":{"uv":[10.0,10.0,9.0,11.0],"rotation":270.0,"texture":"#4"},"south":{"uv":[0.0,0.0,0.0,0.0],"texture":"#4"},"west":{"uv":[9.0,10.0,10.0,11.0],"rotation":90.0,"texture":"#4"},"up":{"uv":[0.0,0.0,0.0,0.0],"texture":"#4"},"down":{"uv":[0.0,0.0,0.0,0.0],"texture":"#4"}}},{"from":[3.65944,1.0,8.53191],"to":[3.65944,3.0,10.53191],"rotation":{"angle":-22.5,"axis":"y","origin":[3.65944,5.5,8.1177]},"faces":{"north":{"uv":[0.0,0.0,0.0,0.0],"texture":"#4"},"east":{"uv":[9.0,10.0,10.0,11.0],"rotation":270.0,"texture":"#4"},"south":{"uv":[0.0,0.0,0.0,0.0],"texture":"#4"},"west":{"uv":[10.0,10.0,9.0,11.0],"rotation":90.0,"texture":"#4"},"up":{"uv":[0.0,0.0,0.0,0.0],"texture":"#4"},"down":{"uv":[0.0,0.0,0.0,0.0],"texture":"#4"}}},{"from":[3.5,0.0,8.5],"to":[12.5,9.0,12.5],"rotation":{"angle":0.0,"axis":"y","origin":[7.5,9.5,7.5]},"faces":{"north":{"uv":[11.5,2.0,12.0,2.5],"texture":"#4"},"east":{"uv":[4.5,5.5,6.5,10.0],"texture":"#4"},"south":{"uv":[9.0,5.5,13.5,10.0],"texture":"#4"},"west":{"uv":[6.5,5.5,4.5,10.0],"texture":"#4"},"up":{"uv":[0.0,8.0,4.5,10.0],"texture":"#4"},"down":{"uv":[14.5,1.0,10.0,3.0],"texture":"#4"}}},{"from":[3.5,0.0,6.5],"to":[12.5,9.0,8.5],"rotation":{"angle":0.0,"axis":"y","origin":[7.5,9.5,7.5]},"faces":{"east":{"uv":[4.5,5.5,5.0,10.0],"texture":"#4"},"south":{"uv":[9.0,5.5,13.5,10.0],"texture":"#4"},"west":{"uv":[4.5,5.5,5.0,10.0],"texture":"#4"},"up":{"uv":[0.0,9.5,4.5,10.0],"texture":"#4"}}},{"name":"cube inverted","from":[12.5,9.0,12.5],"to":[3.5,0.0,8.5],"rotation":{"angle":0.0,"axis":"y","origin":[7.5,9.5,7.5]},"faces":{"north":{"uv":[9.0,10.0,13.5,5.5],"texture":"#4"},"east":{"uv":[6.5,10.0,4.5,5.5],"texture":"#4"},"south":{"uv":[11.5,2.5,12.0,2.0],"texture":"#4"},"west":{"uv":[4.5,10.0,6.5,5.5],"texture":"#4"},"up":{"uv":[10.0,1.0,14.5,3.0],"texture":"#4"},"down":{"uv":[4.5,8.0,0.0,10.0],"texture":"#4"}}}],"gui_light":"front"}