{"textures":{"0":"mcc:island_cosmetics/general/hat/moai_head/moia_head","particle":"mcc:island_cosmetics/general/hat/moai_head/moia_head"},"elements":[{"from":[3.0,-1.5,3.0],"to":[13.0,15.5,13.0],"rotation":{"angle":0.0,"axis":"x","origin":[8.0,9.5,8.0]},"faces":{"north":{"uv":[0.0,0.0,3.33333,5.66667],"texture":"#0"},"east":{"uv":[3.33333,0.0,6.66667,5.66667],"texture":"#0"},"south":{"uv":[0.0,6.0,3.33333,11.66667],"texture":"#0"},"west":{"uv":[6.66667,0.0,3.33333,5.66667],"texture":"#0"},"up":{"uv":[6.66667,0.0,10.0,3.33333],"texture":"#0"},"down":{"uv":[6.66667,3.33333,10.0,6.66667],"texture":"#0"}}},{"from":[2.0,11.65224,2.23463],"to":[14.0,15.65224,5.23463],"rotation":{"angle":22.5,"axis":"x","origin":[9.0,13.65224,2.23463]},"faces":{"north":{"uv":[10.0,1.0,14.0,2.33333],"texture":"#0"},"east":{"uv":[11.0,2.33333,10.0,3.66667],"texture":"#0"},"south":{"uv":[9.66667,7.66667,13.66667,9.0],"texture":"#0"},"west":{"uv":[10.0,2.33333,11.0,3.66667],"texture":"#0"},"up":{"uv":[9.66667,6.66667,13.66667,7.66667],"texture":"#0"},"down":{"uv":[10.0,0.0,14.0,1.0],"texture":"#0"}}},{"from":[5.0,0.65224,-2.76537],"to":[11.0,3.65224,0.23463],"rotation":{"angle":-22.5,"axis":"x","origin":[8.0,12.65224,2.23463]},"faces":{"north":{"uv":[5.33333,5.66667,3.33333,6.66667],"texture":"#0"},"east":{"uv":[3.33333,7.66667,4.33333,8.66667],"texture":"#0"},"west":{"uv":[4.33333,7.66667,3.33333,8.66667],"texture":"#0"},"up":{"uv":[5.33333,6.66667,3.33333,7.66667],"texture":"#0"},"down":{"uv":[5.33333,8.66667,3.33333,9.66667],"texture":"#0"}}},{"from":[6.0,3.54121,0.82016],"to":[10.0,12.54121,4.82016],"rotation":{"angle":22.5,"axis":"x","origin":[8.0,6.54121,3.32016]},"faces":{"north":{"uv":[10.0,3.66667,11.33333,6.66667],"texture":"#0"},"east":{"uv":[12.66667,2.33333,11.33333,5.33333],"texture":"#0"},"west":{"uv":[11.33333,2.33333,12.66667,5.33333],"texture":"#0"},"down":{"uv":[11.33333,5.33333,12.66667,6.66667],"texture":"#0"}}},{"from":[1.0,2.5,5.0],"to":[3.0,10.5,11.0],"rotation":{"angle":0.0,"axis":"x","origin":[8.0,9.5,8.0]},"faces":{"north":{"uv":[7.66667,6.66667,8.33333,9.33333],"texture":"#0"},"south":{"uv":[8.33333,6.66667,7.66667,9.33333],"texture":"#0"},"west":{"uv":[5.66667,6.66667,7.66667,9.33333],"texture":"#0"},"up":{"uv":[8.33333,6.66667,9.0,8.66667],"texture":"#0"},"down":{"uv":[9.0,6.66667,9.66667,8.66667],"texture":"#0"}}},{"from":[13.0,2.5,5.0],"to":[15.0,10.5,11.0],"rotation":{"angle":0.0,"axis":"x","origin":[8.0,9.5,8.0]},"faces":{"north":{"uv":[8.33333,6.66667,7.66667,9.33333],"texture":"#0"},"east":{"uv":[7.66667,6.66667,5.66667,9.33333],"texture":"#0"},"south":{"uv":[7.66667,6.66667,8.33333,9.33333],"texture":"#0"},"up":{"uv":[9.0,6.66667,8.33333,8.66667],"texture":"#0"},"down":{"uv":[9.66667,6.66667,9.0,8.66667],"texture":"#0"}}}],"display":{"thirdperson_righthand":{"translation":[0.0,1.0,0.75],"rotation":[55.5,34.0,0.0],"scale":[0.52539,0.52539,0.52539]},"thirdperson_lefthand":{"translation":[0.0,1.0,0.75],"rotation":[55.5,34.0,0.0],"scale":[0.52539,0.52539,0.52539]},"firstperson_righthand":{"translation":[9.5,0.0,-5.75],"rotation":[21.0,114.5,-13.75],"scale":[0.41992,0.41992,0.41992]},"firstperson_lefthand":{"translation":[9.5,0.0,-5.75],"rotation":[21.0,114.5,-13.75],"scale":[0.41992,0.41992,0.41992]},"ground":{"translation":[0.0,15.75,0.0],"scale":[0.75,0.75,0.75]},"gui":{"translation":[0.0,0.75,0.0],"rotation":[-149.61,-31.92,-180.0],"scale":[0.71093,0.71093,0.71093]},"head":{"translation":[0.0,4.75,0.0],"scale":[1.6,1.6,1.6]}},"credit":"Made with Blockbench","gui_light":"front"}