{"textures":{"0":"mcc:island_cosmetics/general/hat/scavenger_crown/scavenger_crown","2":"mcc:island_cosmetics/general/hat/8_ball/gold_shine","particle":"mcc:island_cosmetics/general/hat/scavenger_crown/scavenger_crown"},"elements":[{"from":[4.5,-0.25,4.5],"to":[11.5,4.25,11.5],"rotation":{"angle":0.0,"axis":"y","origin":[0.5,-31.75,0.5]},"faces":{"north":{"uv":[0.0,1.0,3.0,3.5],"texture":"#0"},"east":{"uv":[0.0,1.0,3.0,3.5],"texture":"#0"},"south":{"uv":[0.0,1.0,3.0,3.5],"texture":"#0"},"west":{"uv":[0.0,1.0,3.0,3.5],"texture":"#0"}}},{"from":[5.0,0.25,5.0],"to":[11.0,7.25,11.0],"rotation":{"angle":0.0,"axis":"y","origin":[0.0,-31.75,0.0]},"faces":{"north":{"uv":[3.0,0.0,6.0,3.5],"texture":"#0","tintindex":0},"east":{"uv":[3.0,0.0,6.0,3.5],"texture":"#0","tintindex":0},"south":{"uv":[3.0,0.0,6.0,3.5],"texture":"#0","tintindex":0},"west":{"uv":[3.0,0.0,6.0,3.5],"texture":"#0","tintindex":0},"up":{"uv":[3.0,3.5,6.0,6.5],"texture":"#0","tintindex":0}}},{"from":[5.0,7.25,8.0],"to":[11.0,10.25,8.0],"rotation":{"angle":0.0,"axis":"y","origin":[0.0,-31.75,0.0]},"faces":{"north":{"uv":[0.0,3.5,3.0,5.0],"texture":"#0"},"south":{"uv":[0.0,3.5,3.0,5.0],"texture":"#0"}}},{"from":[-4.0,-3.75,2.0],"to":[3.0,3.25,2.0],"rotation":{"angle":-22.5,"axis":"y","origin":[0.5,-0.25,7.0]},"faces":{"north":{"uv":[8.0,1.0,15.0,8.0],"texture":"#2"},"east":{"uv":[0.0,0.0,1.0,1.0],"texture":"#2"},"south":{"uv":[8.0,1.0,15.0,8.0],"texture":"#2"},"west":{"uv":[0.0,0.0,1.0,1.0],"texture":"#2"},"up":{"uv":[0.0,0.0,1.0,1.0],"texture":"#2"},"down":{"uv":[0.0,0.0,1.0,1.0],"texture":"#2"}}},{"from":[0.0,8.25,11.0],"to":[7.0,15.25,11.0],"rotation":{"angle":45.0,"axis":"y","origin":[3.5,11.75,11.0]},"faces":{"north":{"uv":[0.0,1.0,7.0,8.0],"texture":"#2"},"east":{"uv":[0.0,0.0,1.0,1.0],"texture":"#2"},"south":{"uv":[0.0,1.0,7.0,8.0],"texture":"#2"},"west":{"uv":[0.0,0.0,1.0,1.0],"texture":"#2"},"up":{"uv":[0.0,0.0,1.0,1.0],"texture":"#2"},"down":{"uv":[0.0,0.0,1.0,1.0],"texture":"#2"}}},{"from":[0.0,8.25,11.0],"to":[7.0,15.25,11.0],"rotation":{"angle":-45.0,"axis":"y","origin":[3.5,11.75,11.0]},"faces":{"north":{"uv":[0.0,1.0,7.0,8.0],"texture":"#2"},"east":{"uv":[0.0,0.0,1.0,1.0],"texture":"#2"},"south":{"uv":[0.0,1.0,7.0,8.0],"texture":"#2"},"west":{"uv":[0.0,0.0,1.0,1.0],"texture":"#2"},"up":{"uv":[0.0,0.0,1.0,1.0],"texture":"#2"},"down":{"uv":[0.0,0.0,1.0,1.0],"texture":"#2"}}},{"from":[-0.5,-3.75,-1.5],"to":[-0.5,3.25,5.5],"rotation":{"angle":-22.5,"axis":"y","origin":[0.5,-0.25,7.0]},"faces":{"north":{"uv":[0.0,0.0,1.0,1.0],"texture":"#2"},"east":{"uv":[8.0,1.0,15.0,8.0],"texture":"#2"},"south":{"uv":[0.0,0.0,1.0,1.0],"texture":"#2"},"west":{"uv":[8.0,1.0,15.0,8.0],"texture":"#2"},"up":{"uv":[0.0,0.0,1.0,1.0],"texture":"#2","rotation":270},"down":{"uv":[0.0,0.0,1.0,1.0],"texture":"#2","rotation":90}}},{"from":[13.0,-0.75,7.75],"to":[20.0,6.25,7.75],"rotation":{"angle":0.0,"axis":"y","origin":[15.5,4.75,7.0]},"faces":{"north":{"uv":[8.0,9.0,15.0,16.0],"texture":"#2"},"east":{"uv":[0.0,0.0,1.0,1.0],"texture":"#2"},"south":{"uv":[8.0,9.0,15.0,16.0],"texture":"#2"},"west":{"uv":[0.0,0.0,1.0,1.0],"texture":"#2"},"up":{"uv":[0.0,0.0,1.0,1.0],"texture":"#2"},"down":{"uv":[0.0,0.0,1.0,1.0],"texture":"#2"}}},{"from":[16.34776,-0.75,4.26537],"to":[16.34776,6.25,11.26537],"rotation":{"angle":0.0,"axis":"y","origin":[17.34776,4.75,7.76537]},"faces":{"north":{"uv":[0.0,0.0,1.0,1.0],"texture":"#2"},"east":{"uv":[8.0,9.0,15.0,16.0],"texture":"#2"},"south":{"uv":[0.0,0.0,1.0,1.0],"texture":"#2"},"west":{"uv":[8.0,9.0,15.0,16.0],"texture":"#2"},"up":{"uv":[0.0,0.0,1.0,1.0],"texture":"#2","rotation":90},"down":{"uv":[0.0,0.0,1.0,1.0],"texture":"#2","rotation":270}}},{"from":[6.375,0.0,4.75],"to":[9.625,6.5,11.25],"rotation":{"angle":0.0,"axis":"y","origin":[0.375,-31.75,0.5]},"faces":{"north":{"uv":[6.5,1.0,7.5,4.5],"texture":"#0","tintindex":0},"south":{"uv":[6.5,1.0,7.5,4.5],"texture":"#0","tintindex":0}}},{"from":[4.75,0.0,6.375],"to":[11.25,6.5,9.625],"rotation":{"angle":0.0,"axis":"y","origin":[8.0,3.25,8.0]},"faces":{"east":{"uv":[6.5,1.0,7.5,4.5],"texture":"#0","tintindex":0},"west":{"uv":[6.5,1.0,7.5,4.5],"texture":"#0","tintindex":0}}},{"from":[4.2,3.95,4.2],"to":[11.8,6.55,11.8],"rotation":{"angle":0.0,"axis":"y","origin":[0.5,-31.75,0.5]},"faces":{"north":{"uv":[0.0,0.0,3.0,1.0],"texture":"#0"},"east":{"uv":[0.0,0.0,3.0,1.0],"texture":"#0"},"south":{"uv":[0.0,0.0,3.0,1.0],"texture":"#0"},"west":{"uv":[0.0,0.0,3.0,1.0],"texture":"#0"}}},{"from":[11.8,6.55,11.8],"to":[4.2,3.95,4.2],"rotation":{"angle":0.0,"axis":"y","origin":[0.5,-31.75,0.5]},"faces":{"north":{"uv":[0.0,1.0,3.0,0.0],"texture":"#0"},"east":{"uv":[0.0,1.0,3.0,0.0],"texture":"#0"},"south":{"uv":[0.0,1.0,3.0,0.0],"texture":"#0"},"west":{"uv":[0.0,1.0,3.0,0.0],"texture":"#0"}}},{"from":[11.5,4.25,11.5],"to":[4.5,-0.25,4.5],"rotation":{"angle":0.0,"axis":"y","origin":[0.5,-31.75,0.5]},"faces":{"north":{"uv":[0.0,3.5,3.0,1.0],"texture":"#0"},"east":{"uv":[0.0,3.5,3.0,1.0],"texture":"#0"},"south":{"uv":[0.0,3.5,3.0,1.0],"texture":"#0"},"west":{"uv":[0.0,3.5,3.0,1.0],"texture":"#0"}}}],"display":{"thirdperson_righthand":{"translation":[0.0,1.0,0.75],"rotation":[55.5,34.0,0.0],"scale":[0.52539,0.52539,0.52539]},"thirdperson_lefthand":{"translation":[0.0,1.0,0.75],"rotation":[55.5,34.0,0.0],"scale":[0.52539,0.52539,0.52539]},"firstperson_righthand":{"translation":[9.5,0.0,-5.75],"rotation":[21.0,114.5,-13.75],"scale":[0.41992,0.41992,0.41992]},"firstperson_lefthand":{"translation":[9.5,0.0,-5.75],"rotation":[21.0,114.5,-13.75],"scale":[0.41992,0.41992,0.41992]},"gui":{"translation":[-0.5,3.75,0.0],"rotation":[-160.31,-35.48,169.72],"scale":[0.98242,0.98242,0.98242]},"head":{"translation":[-7.25,16.25,6.25],"rotation":[21.25,-17.99,22.38],"scale":[1.61172,1.61172,1.61172]}},"credit":"Made with Blockbench","gui_light":"front"}