{"textures":{"1":"mcc:island_cosmetics/general/hat/strawberry_hat/strawberry_hat"},"display":{"thirdperson_righthand":{"translation":[0.0,1.0,0.75],"rotation":[55.5,34.0,0.0],"scale":[0.52539,0.52539,0.52539]},"thirdperson_lefthand":{"translation":[0.0,1.0,0.75],"rotation":[55.5,34.0,0.0],"scale":[0.52539,0.52539,0.52539]},"firstperson_righthand":{"translation":[9.5,0.0,-5.75],"rotation":[21.0,114.5,-13.75],"scale":[0.41992,0.41992,0.41992]},"firstperson_lefthand":{"translation":[9.5,0.0,-5.75],"rotation":[21.0,114.5,-13.75],"scale":[0.41992,0.41992,0.41992]},"gui":{"translation":[-0.25,1.5,0.0],"rotation":[-149.61,-31.92,-180.0],"scale":[0.74023,0.74023,0.74023]},"head":{"translation":[0.0,5.75,0.0],"scale":[1.64297,1.64297,1.64297]}},"credit":"Made with Blockbench","texture_size":[48.0,48.0],"elements":[{"from":[1.5,1.0,1.5],"to":[14.5,11.0,14.5],"rotation":{"angle":0.0,"axis":"x","origin":[7.5,9.5,7.5]},"faces":{"north":{"uv":[0.0,0.0,4.33333,3.33333],"texture":"#1","tintindex":0.0},"east":{"uv":[0.0,4.66667,4.33333,8.0],"texture":"#1","tintindex":0.0},"south":{"uv":[0.0,4.66667,4.33333,8.0],"texture":"#1","tintindex":0.0},"west":{"uv":[0.0,4.66667,4.33333,8.0],"texture":"#1","tintindex":0.0},"up":{"uv":[4.33333,0.0,8.66667,4.33333],"texture":"#1","tintindex":0.0},"down":{"uv":[4.33333,4.33333,8.66667,8.66667],"texture":"#1","tintindex":0.0}}},{"from":[9.0,11.0,7.0],"to":[11.0,17.0,9.0],"rotation":{"angle":-22.5,"axis":"z","origin":[8.0,16.0,8.0]},"faces":{"north":{"uv":[11.66667,3.33333,12.33333,5.33333],"texture":"#1"},"east":{"uv":[12.33333,3.33333,11.66667,5.33333],"texture":"#1"},"south":{"uv":[11.66667,3.33333,12.33333,5.33333],"texture":"#1"},"west":{"uv":[12.33333,3.33333,11.66667,5.33333],"texture":"#1"},"up":{"uv":[11.66667,3.33333,11.0,4.0],"texture":"#1"},"down":{"uv":[11.66667,3.33333,11.0,4.0],"texture":"#1"}}},{"from":[3.5,11.10196,1.51256],"to":[12.5,11.10196,8.51256],"rotation":{"angle":22.5,"axis":"x","origin":[7.5,12.33939,8.0]},"faces":{"north":{"uv":[38.0,4.0,37.33333,6.0],"texture":"#1"},"east":{"uv":[37.33333,4.0,38.0,6.0],"texture":"#1"},"south":{"uv":[38.0,4.0,37.33333,6.0],"texture":"#1"},"west":{"uv":[37.33333,4.0,38.0,6.0],"texture":"#1"},"up":{"uv":[11.0,3.33333,8.66667,6.33333],"rotation":90.0,"texture":"#1"},"down":{"uv":[8.66667,3.33333,11.0,6.33333],"rotation":90.0,"texture":"#1"}}},{"from":[3.5,11.10196,7.48744],"to":[12.5,11.10196,14.48744],"rotation":{"angle":-22.5,"axis":"x","origin":[7.5,12.33939,8.0]},"faces":{"north":{"uv":[37.33333,4.0,38.0,6.0],"texture":"#1"},"east":{"uv":[38.0,4.0,37.33333,6.0],"texture":"#1"},"south":{"uv":[37.33333,4.0,38.0,6.0],"texture":"#1"},"west":{"uv":[38.0,4.0,37.33333,6.0],"texture":"#1"},"up":{"uv":[8.66667,3.33333,11.0,6.33333],"rotation":90.0,"texture":"#1"},"down":{"uv":[11.0,3.33333,8.66667,6.33333],"rotation":90.0,"texture":"#1"}}},{"from":[1.51256,11.10196,3.5],"to":[8.51256,11.10196,12.5],"rotation":{"angle":-22.5,"axis":"z","origin":[8.0,12.33939,8.0]},"faces":{"north":{"uv":[38.0,4.0,37.33333,6.0],"texture":"#1"},"east":{"uv":[37.33333,4.0,38.0,6.0],"texture":"#1"},"south":{"uv":[38.0,4.0,37.33333,6.0],"texture":"#1"},"west":{"uv":[37.33333,4.0,38.0,6.0],"texture":"#1"},"up":{"uv":[8.66667,3.33333,11.0,6.33333],"rotation":180.0,"texture":"#1"},"down":{"uv":[11.0,3.33333,8.66667,6.33333],"texture":"#1"}}},{"from":[7.48744,11.10196,3.5],"to":[14.48744,11.10196,12.5],"rotation":{"angle":22.5,"axis":"z","origin":[8.0,12.33939,8.0]},"faces":{"north":{"uv":[37.33333,4.0,38.0,6.0],"texture":"#1"},"east":{"uv":[38.0,4.0,37.33333,6.0],"texture":"#1"},"south":{"uv":[37.33333,4.0,38.0,6.0],"texture":"#1"},"west":{"uv":[38.0,4.0,37.33333,6.0],"texture":"#1"},"up":{"uv":[11.0,3.33333,8.66667,6.33333],"rotation":180.0,"texture":"#1"},"down":{"uv":[8.66667,3.33333,11.0,6.33333],"texture":"#1"}}},{"from":[3.0,-2.0,3.0],"to":[13.0,1.0,13.0],"rotation":{"angle":0.0,"axis":"x","origin":[7.0,9.5,8.0]},"faces":{"north":{"uv":[0.66667,3.66667,4.0,4.66667],"texture":"#1","tintindex":0.0},"east":{"uv":[0.66667,3.66667,4.0,4.66667],"texture":"#1","tintindex":0.0},"south":{"uv":[0.66667,3.66667,4.0,4.66667],"texture":"#1","tintindex":0.0},"west":{"uv":[0.66667,3.66667,4.0,4.66667],"texture":"#1","tintindex":0.0},"down":{"uv":[8.66667,0.0,12.0,3.33333],"texture":"#1","tintindex":0.0}}},{"from":[1.5,1.0,1.5],"to":[14.5,11.0,14.5],"rotation":{"angle":0.0,"axis":"x","origin":[7.5,9.5,7.5]},"faces":{"north":{"uv":[0.33333,12.66667,4.66667,16.0],"texture":"#1"},"east":{"uv":[0.33333,9.0,4.66667,12.33333],"texture":"#1"},"south":{"uv":[0.33333,9.0,4.66667,12.33333],"texture":"#1"},"west":{"uv":[0.33333,9.0,4.66667,12.33333],"texture":"#1"},"up":{"uv":[5.0,9.0,9.33333,13.33333],"texture":"#1"}}},{"from":[3.0,-2.0,3.0],"to":[13.0,1.0,13.0],"rotation":{"angle":0.0,"axis":"x","origin":[7.0,9.5,8.0]},"faces":{"north":{"uv":[9.66667,13.0,13.0,14.0],"texture":"#1"},"east":{"uv":[9.66667,13.0,13.0,14.0],"texture":"#1"},"south":{"uv":[9.66667,13.0,13.0,14.0],"texture":"#1"},"west":{"uv":[9.66667,13.0,13.0,14.0],"texture":"#1"},"down":{"uv":[9.66667,9.0,13.0,12.33333],"texture":"#1"}}},{"name":"cube inverted","from":[14.5,11.0,14.5],"to":[1.5,1.0,1.5],"rotation":{"angle":0.0,"axis":"x","origin":[7.5,9.5,7.5]},"faces":{"north":{"uv":[0.0,8.0,4.33333,4.66667],"texture":"#1","tintindex":0.0},"east":{"uv":[0.0,8.0,4.33333,4.66667],"texture":"#1","tintindex":0.0},"south":{"uv":[0.0,3.33333,4.33333,0.0],"texture":"#1","tintindex":0.0},"west":{"uv":[0.0,8.0,4.33333,4.66667],"texture":"#1","tintindex":0.0},"up":{"uv":[8.66667,4.33333,4.33333,8.66667],"texture":"#1","tintindex":0.0},"down":{"uv":[8.66667,0.0,4.33333,4.33333],"texture":"#1","tintindex":0.0}}},{"name":"cube inverted","from":[14.5,11.0,14.5],"to":[1.5,1.0,1.5],"rotation":{"angle":0.0,"axis":"x","origin":[7.5,9.5,7.5]},"faces":{"north":{"uv":[0.33333,12.33333,4.66667,9.0],"texture":"#1"},"east":{"uv":[0.33333,12.33333,4.66667,9.0],"texture":"#1"},"south":{"uv":[0.33333,16.0,4.66667,12.66667],"texture":"#1"},"west":{"uv":[0.33333,12.33333,4.66667,9.0],"texture":"#1"},"down":{"uv":[9.33333,9.0,5.0,13.33333],"texture":"#1"}}}],"gui_light":"front"}