{"textures":{"2":"mcc:island_cosmetics/general/hat/doll_head/doll_head","particle":"mcc:island_cosmetics/general/hat/doll_head/doll_head"},"elements":[{"from":[9.0,4.0,2.5],"to":[14.0,9.0,4.5],"rotation":{"angle":0.0,"axis":"y","origin":[11.5,6.5,3.5]},"faces":{"north":{"uv":[5.75,9.75,7.0,11.0],"texture":"#2"},"east":{"uv":[7.0,7.5,7.5,8.75],"texture":"#2"},"south":{"uv":[5.75,9.75,7.0,11.0],"texture":"#2"},"west":{"uv":[7.0,7.5,7.5,8.75],"texture":"#2"},"up":{"uv":[13.0,7.0,11.75,6.5],"texture":"#2"},"down":{"uv":[13.0,7.0,11.75,7.5],"texture":"#2"}}},{"from":[9.0,4.0,2.25],"to":[14.0,9.0,2.25],"rotation":{"angle":0.0,"axis":"y","origin":[11.5,6.5,3.25]},"faces":{"north":{"uv":[9.75,8.0,11.0,9.25],"texture":"#2"},"east":{"uv":[0.0,0.0,0.0,1.25],"texture":"#2"},"south":{"uv":[9.75,8.0,11.0,9.25],"texture":"#2"},"west":{"uv":[0.0,0.0,0.0,1.25],"texture":"#2"},"up":{"uv":[1.25,0.0,0.0,0.0],"texture":"#2"},"down":{"uv":[1.25,0.0,0.0,0.0],"texture":"#2"}}},{"from":[2.0,4.0,2.5],"to":[7.0,9.0,4.5],"rotation":{"angle":0.0,"axis":"y","origin":[4.5,6.5,2.825]},"faces":{"north":{"uv":[7.0,10.25,8.25,11.5],"texture":"#2"},"east":{"uv":[11.75,8.5,12.25,9.75],"texture":"#2"},"south":{"uv":[7.0,10.25,8.25,11.5],"texture":"#2"},"west":{"uv":[11.75,8.5,12.25,9.75],"texture":"#2"},"up":{"uv":[10.25,12.25,9.0,11.75],"texture":"#2"},"down":{"uv":[13.0,9.75,11.75,10.25],"texture":"#2"}}},{"from":[2.0,4.0,2.25],"to":[7.0,9.0,2.25],"rotation":{"angle":0.0,"axis":"y","origin":[4.5,6.5,2.925]},"faces":{"north":{"uv":[9.75,9.25,11.0,10.5],"texture":"#2"},"east":{"uv":[0.0,0.0,0.0,1.25],"texture":"#2"},"south":{"uv":[9.75,9.25,11.0,10.5],"texture":"#2"},"west":{"uv":[0.0,0.0,0.0,1.25],"texture":"#2"},"up":{"uv":[1.25,0.0,0.0,0.0],"texture":"#2"},"down":{"uv":[1.25,0.0,0.0,0.0],"texture":"#2"}}},{"from":[4.5,1.5,12.6],"to":[7.5,9.5,12.6],"rotation":{"angle":-22.5,"axis":"z","origin":[5.5,5.5,10.6]},"faces":{"north":{"uv":[9.0,0.0,9.75,2.0],"texture":"#2"},"east":{"uv":[9.0,0.0,9.75,2.0],"texture":"#2"},"south":{"uv":[8.25,10.25,9.0,12.25],"texture":"#2"},"west":{"uv":[9.0,0.0,9.75,2.0],"texture":"#2"},"up":{"uv":[9.75,2.0,9.0,0.0],"texture":"#2"},"down":{"uv":[9.75,0.0,9.0,2.0],"texture":"#2"}}},{"from":[8.5,1.5,12.6],"to":[11.5,9.5,12.6],"rotation":{"angle":22.5,"axis":"z","origin":[10.5,5.5,10.6]},"faces":{"north":{"uv":[8.25,10.25,9.0,12.25],"texture":"#2"},"east":{"uv":[8.25,10.25,9.0,12.25],"texture":"#2"},"south":{"uv":[9.0,0.0,9.75,2.0],"texture":"#2"},"west":{"uv":[8.25,10.25,9.0,12.25],"texture":"#2"},"up":{"uv":[9.0,12.25,8.25,10.25],"texture":"#2"},"down":{"uv":[9.0,10.25,8.25,12.25],"texture":"#2"}}},{"from":[5.5,7.5,11.5],"to":[10.5,12.5,13.5],"rotation":{"angle":0.0,"axis":"y","origin":[6.5,8.5,11.5]},"faces":{"north":{"uv":[9.75,6.75,11.0,8.0],"texture":"#2"},"east":{"uv":[7.0,8.75,7.5,10.0],"texture":"#2"},"south":{"uv":[9.75,6.75,11.0,8.0],"texture":"#2"},"west":{"uv":[7.5,11.5,8.0,12.75],"texture":"#2"},"up":{"uv":[13.0,8.0,11.75,7.5],"texture":"#2"},"down":{"uv":[13.0,8.0,11.75,8.5],"texture":"#2"}}},{"from":[-0.5,4.5,12.6],"to":[16.5,15.5,12.6],"rotation":{"angle":0.0,"axis":"y","origin":[5.5,8.5,11.6]},"faces":{"north":{"uv":[0.0,0.0,4.25,2.75],"texture":"#2"},"east":{"uv":[0.0,0.0,0.0,2.75],"texture":"#2"},"south":{"uv":[0.0,0.0,4.25,2.75],"texture":"#2"},"west":{"uv":[0.0,0.0,0.0,2.75],"texture":"#2"},"up":{"uv":[4.25,0.0,0.0,0.0],"texture":"#2"},"down":{"uv":[4.25,0.0,0.0,0.0],"texture":"#2"}}},{"from":[13.67707,-5.69761,9.0],"to":[15.67707,-3.69761,11.0],"rotation":{"angle":22.5,"axis":"z","origin":[14.17707,-2.69761,10.0]},"faces":{"north":{"uv":[12.0,0.0,12.5,0.5],"texture":"#2"},"east":{"uv":[0.5,12.0,1.0,12.5],"texture":"#2"},"south":{"uv":[12.0,0.5,12.5,1.0],"texture":"#2"},"west":{"uv":[1.0,12.0,1.5,12.5],"texture":"#2"},"up":{"uv":[12.5,1.5,12.0,1.0],"texture":"#2"},"down":{"uv":[2.0,12.0,1.5,12.5],"texture":"#2"}}},{"from":[14.64377,-10.0876,8.5],"to":[18.64377,-5.0876,11.5],"rotation":{"angle":22.5,"axis":"z","origin":[15.99377,-7.5876,10.0]},"faces":{"north":{"uv":[10.75,2.0,11.75,3.25],"texture":"#2","tintindex":0},"east":{"uv":[11.0,7.75,11.75,9.0],"texture":"#2","tintindex":0},"south":{"uv":[10.75,3.25,11.75,4.5],"texture":"#2","tintindex":0},"west":{"uv":[11.0,9.0,11.75,10.25],"texture":"#2","tintindex":0},"up":{"uv":[12.75,3.5,11.75,2.75],"texture":"#2","tintindex":0},"down":{"uv":[12.75,3.5,11.75,4.25],"texture":"#2","tintindex":0}}},{"from":[12.77707,-3.69761,8.5],"to":[16.77707,9.30239,11.5],"rotation":{"angle":22.5,"axis":"z","origin":[14.27707,-2.69761,10.0]},"faces":{"north":{"uv":[9.75,3.5,10.75,6.75],"texture":"#2","tintindex":0},"east":{"uv":[5.0,9.75,5.75,13.0],"texture":"#2","tintindex":0},"south":{"uv":[9.75,3.5,10.75,6.75],"texture":"#2","tintindex":0},"west":{"uv":[5.0,9.75,5.75,13.0],"texture":"#2","tintindex":0},"up":{"uv":[7.5,12.25,6.5,11.5],"texture":"#2","tintindex":0},"down":{"uv":[12.75,2.0,11.75,2.75],"texture":"#2","tintindex":0}}},{"from":[3.5,3.0,3.5],"to":[12.5,12.0,12.5],"rotation":{"angle":0.0,"axis":"y","origin":[3.5,3.0,3.5]},"faces":{"north":{"uv":[2.5,5.25,4.75,7.5],"texture":"#2","tintindex":0},"east":{"uv":[6.75,0.0,9.0,2.25],"texture":"#2","tintindex":0},"south":{"uv":[7.5,2.25,9.75,4.5],"texture":"#2","tintindex":0},"west":{"uv":[9.0,0.0,6.75,2.25],"texture":"#2","tintindex":0},"up":{"uv":[9.75,6.75,7.5,4.5],"texture":"#2","tintindex":0},"down":{"uv":[7.0,7.5,4.75,9.75],"texture":"#2","tintindex":0}}},{"from":[3.5,3.0,3.5],"to":[12.5,12.0,12.5],"rotation":{"angle":0.0,"axis":"y","origin":[3.5,3.0,3.5]},"faces":{"north":{"uv":[13.0,10.0,15.25,12.25],"texture":"#2"},"east":{"uv":[13.0,6.25,15.25,8.5],"texture":"#2"},"south":{"uv":[10.75,12.25,13.0,14.5],"texture":"#2"},"west":{"uv":[15.25,6.25,13.0,8.5],"texture":"#2"},"up":{"uv":[13.0,14.5,10.75,12.25],"texture":"#2"},"down":{"uv":[14.5,3.75,12.25,6.0],"texture":"#2"}}},{"from":[3.0,2.5,3.0],"to":[13.0,12.5,13.0],"rotation":{"angle":0.0,"axis":"y","origin":[4.0,2.5,4.0]},"faces":{"north":{"uv":[0.0,2.75,2.25,5.0],"texture":"#2","tintindex":0},"east":{"uv":[2.5,2.75,4.75,5.0],"texture":"#2","tintindex":0},"south":{"uv":[4.25,0.0,6.5,2.25],"texture":"#2","tintindex":0},"west":{"uv":[5.0,2.5,7.25,4.75],"texture":"#2","tintindex":0},"up":{"uv":[7.25,7.25,5.0,5.0],"texture":"#2","tintindex":0},"down":{"uv":[2.25,5.25,0.0,7.5],"texture":"#2","tintindex":0}}},{"from":[12.42707,-3.94761,8.25],"to":[16.92707,9.55239,11.75],"rotation":{"angle":22.5,"axis":"z","origin":[14.17707,-2.69761,10.0]},"faces":{"north":{"uv":[9.0,12.5,8.0,15.75],"texture":"#2","tintindex":0},"east":{"uv":[10.0,12.5,9.25,15.75],"texture":"#2","tintindex":0},"south":{"uv":[9.0,12.5,8.0,15.75],"texture":"#2","tintindex":0},"west":{"uv":[7.5,12.5,6.75,15.75],"texture":"#2","tintindex":0},"up":{"uv":[11.0,14.0,12.0,13.25],"texture":"#2","tintindex":0},"down":{"uv":[11.0,13.25,12.0,14.0],"texture":"#2","tintindex":0}}},{"from":[-0.77707,-3.69761,8.5],"to":[3.22293,9.30239,11.5],"rotation":{"angle":-22.5,"axis":"z","origin":[1.72293,-2.69761,10.0]},"faces":{"north":{"uv":[10.75,3.5,9.75,6.75],"texture":"#2","tintindex":0},"east":{"uv":[5.75,9.75,5.0,13.0],"texture":"#2","tintindex":0},"south":{"uv":[10.75,3.5,9.75,6.75],"texture":"#2","tintindex":0},"west":{"uv":[5.75,9.75,5.0,13.0],"texture":"#2","tintindex":0},"up":{"uv":[6.5,12.25,7.5,11.5],"texture":"#2","tintindex":0},"down":{"uv":[11.75,2.0,12.75,2.75],"texture":"#2","tintindex":0}}},{"from":[-2.64377,-10.0876,8.5],"to":[1.35623,-5.0876,11.5],"rotation":{"angle":-22.5,"axis":"z","origin":[0.00623,-7.5876,10.0]},"faces":{"north":{"uv":[11.75,2.0,10.75,3.25],"texture":"#2","tintindex":0},"east":{"uv":[11.75,9.0,11.0,10.25],"texture":"#2","tintindex":0},"south":{"uv":[11.75,3.25,10.75,4.5],"texture":"#2","tintindex":0},"west":{"uv":[11.75,7.75,11.0,9.0],"texture":"#2","tintindex":0},"up":{"uv":[11.75,3.5,12.75,2.75],"texture":"#2","tintindex":0},"down":{"uv":[11.75,3.5,12.75,4.25],"texture":"#2","tintindex":0}}},{"from":[0.32293,-5.69761,9.0],"to":[2.32293,-3.69761,11.0],"rotation":{"angle":-22.5,"axis":"z","origin":[1.82293,-2.69761,10.0]},"faces":{"north":{"uv":[12.5,0.0,12.0,0.5],"texture":"#2"},"east":{"uv":[1.5,12.0,1.0,12.5],"texture":"#2"},"south":{"uv":[12.5,0.5,12.0,1.0],"texture":"#2"},"west":{"uv":[1.0,12.0,0.5,12.5],"texture":"#2"},"up":{"uv":[12.0,1.5,12.5,1.0],"texture":"#2"},"down":{"uv":[1.5,12.0,2.0,12.5],"texture":"#2"}}},{"from":[-0.92707,-3.94761,8.25],"to":[3.57293,9.55239,11.75],"rotation":{"angle":-22.5,"axis":"z","origin":[1.82293,-2.69761,10.0]},"faces":{"north":{"uv":[8.0,12.5,9.0,15.75],"texture":"#2","tintindex":0},"east":{"uv":[6.75,12.5,7.5,15.75],"texture":"#2","tintindex":0},"south":{"uv":[8.0,12.5,9.0,15.75],"texture":"#2","tintindex":0},"west":{"uv":[9.25,12.5,10.0,15.75],"texture":"#2","tintindex":0},"up":{"uv":[12.0,14.0,11.0,13.25],"texture":"#2","tintindex":0},"down":{"uv":[12.0,13.25,11.0,14.0],"texture":"#2","tintindex":0}}}],"display":{"thirdperson_righthand":{"translation":[0.0,1.0,0.75],"rotation":[55.5,34.0,0.0],"scale":[0.52539,0.52539,0.52539]},"thirdperson_lefthand":{"translation":[0.0,1.0,0.75],"rotation":[55.5,34.0,0.0],"scale":[0.52539,0.52539,0.52539]},"firstperson_righthand":{"translation":[9.5,0.0,-5.75],"rotation":[21.0,114.5,-13.75],"scale":[0.41992,0.41992,0.41992]},"firstperson_lefthand":{"translation":[9.5,0.0,-5.75],"rotation":[21.0,114.5,-13.75],"scale":[0.41992,0.41992,0.41992]},"gui":{"translation":[0.0,2.25,0.0],"rotation":[-149.61,-31.92,-180.0],"scale":[0.54101,0.54101,0.54101]},"head":{"translation":[0.0,1.0,0.0],"scale":[1.62539,1.62539,1.62539]}},"gui_light":"front"}