{"textures":{"0":"mcc:island_cosmetics/head/head_8","particle":"mcc:island_cosmetics/head/head_8"},"credit":"Made with Blockbench","texture_size":[128.0,128.0],"elements":[{"from":[2.0,-1.0,2.0],"to":[14.0,11.0,14.0],"rotation":{"angle":0.0,"axis":"x","origin":[8.0,9.5,7.0]},"faces":{"north":{"uv":[0.0,8.875,1.5,10.375],"texture":"#0","tintindex":0.0},"east":{"uv":[1.625,8.875,3.125,10.375],"texture":"#0","tintindex":0.0},"south":{"uv":[0.0,8.875,1.5,10.375],"texture":"#0","tintindex":0.0},"west":{"uv":[3.125,8.875,1.625,10.375],"texture":"#0","tintindex":0.0},"up":{"uv":[0.0,4.625,1.5,6.125],"texture":"#0","tintindex":0.0},"down":{"uv":[1.25,6.75,2.75,8.25],"texture":"#0","tintindex":0.0}}},{"from":[3.5,0.0,-2.0],"to":[12.5,3.0,3.0],"rotation":{"angle":0.0,"axis":"x","origin":[8.5,9.5,7.5]},"faces":{"north":{"uv":[0.0,8.375,1.125,8.75],"texture":"#0","tintindex":0.0},"east":{"uv":[1.125,8.375,1.75,8.75],"texture":"#0","tintindex":0.0},"south":{"uv":[5.125,7.0,6.5,8.375],"texture":"#missing","tintindex":0.0},"west":{"uv":[1.75,8.375,1.125,8.75],"texture":"#0","tintindex":0.0},"up":{"uv":[0.0,7.75,1.125,8.375],"texture":"#0","tintindex":0.0},"down":{"uv":[0.0,7.0,1.125,6.375],"texture":"#0","tintindex":0.0}}},{"from":[3.48,2.82723,-4.00882],"to":[12.52,5.86723,2.03118],"rotation":{"angle":0.0,"axis":"x","origin":[8.0,5.34723,0.01118]},"faces":{"north":{"uv":[0.0,8.375,1.125,8.75],"texture":"#0","tintindex":0.0},"east":{"uv":[1.125,8.375,1.875,8.75],"texture":"#0","tintindex":0.0},"south":{"uv":[5.125,7.0,6.5,8.375],"texture":"#missing","tintindex":0.0},"west":{"uv":[1.875,8.375,1.125,8.75],"texture":"#0","tintindex":0.0},"up":{"uv":[0.0,7.0,1.125,7.75],"texture":"#0","tintindex":0.0},"down":{"uv":[0.0,8.375,1.125,7.75],"texture":"#0","tintindex":0.0}}}],"gui_light":"front","display":{"thirdperson_righthand":{"rotation":[55.5,34.0,0.0],"translation":[0.0,1.0,0.75],"scale":[0.52539,0.52539,0.52539]},"thirdperson_lefthand":{"rotation":[55.5,34.0,0.0],"translation":[0.0,1.0,0.75],"scale":[0.52539,0.52539,0.52539]},"firstperson_righthand":{"rotation":[21.0,114.5,-13.75],"translation":[9.5,0.0,-5.75],"scale":[0.41992,0.41992,0.41992]},"firstperson_lefthand":{"rotation":[21.0,114.5,-13.75],"translation":[9.5,0.0,-5.75],"scale":[0.41992,0.41992,0.41992]},"gui":{"rotation":[-149.61,-31.92,-180.0],"translation":[-0.5,2.0,0.0],"scale":[0.70898,0.70898,0.70898]},"head":{"rotation":[-1.75,0.0,0.0],"translation":[0.0,7.25,-0.25],"scale":[1.62539,1.62539,1.62539]}}}