{"textures":{"0":"mcc:island_cosmetics/head/head_8","1":"mcc:island_cosmetics/head/slime_wall","2":"mcc:island_cosmetics/head/slimeling","particle":"mcc:island_cosmetics/head/head_8"},"credit":"Made with Blockbench","elements":[{"from":[3.5,0.0,3.5],"to":[12.5,9.0,12.5],"rotation":{"angle":0.0,"axis":"y","origin":[3.5,3.5,3.5]},"faces":{"north":{"uv":[3.375,6.75,4.5,7.875],"texture":"#0","tintindex":0.0},"east":{"uv":[3.375,6.75,4.5,7.875],"texture":"#0","tintindex":0.0},"south":{"uv":[3.375,6.75,4.5,7.875],"texture":"#0","tintindex":0.0},"west":{"uv":[3.375,6.75,4.5,7.875],"texture":"#0","tintindex":0.0},"up":{"uv":[3.375,5.625,4.5,6.75],"texture":"#0","tintindex":0.0},"down":{"uv":[4.5,5.75,5.625,6.875],"texture":"#0","tintindex":0.0}}},{"name":"cube inverted","from":[14.0,10.5,14.0],"to":[2.0,-1.5,2.0],"rotation":{"angle":0.0,"axis":"y","origin":[6.0,3.5,2.0]},"faces":{"north":{"uv":[4.0,5.625,5.5,4.125],"texture":"#0","tintindex":0.0},"east":{"uv":[4.0,5.625,5.5,4.125],"texture":"#0","tintindex":0.0},"south":{"uv":[4.0,5.625,5.5,4.125],"texture":"#0","tintindex":0.0},"west":{"uv":[4.0,5.625,5.5,4.125],"texture":"#0","tintindex":0.0},"up":{"uv":[7.125,5.0,5.625,6.5],"texture":"#0","tintindex":0.0},"down":{"uv":[7.0,3.5,5.5,5.0],"texture":"#0","tintindex":0.0}}},{"from":[4.5,-7.5,2.0],"to":[14.5,-1.5,2.0],"rotation":{"angle":0.0,"axis":"y","origin":[3.0,3.5,4.0]},"faces":{"north":{"uv":[0.0,1.0,10.0,7.0],"texture":"#1","tintindex":0.0},"east":{"uv":[0.0,0.0,0.0,0.0],"texture":"#1","tintindex":0.0},"south":{"uv":[10.0,1.0,0.0,7.0],"texture":"#1","tintindex":0.0},"west":{"uv":[0.0,0.0,0.0,0.0],"texture":"#1","tintindex":0.0},"up":{"uv":[0.0,0.0,0.0,0.0],"texture":"#1","tintindex":0.0},"down":{"uv":[0.0,0.0,0.0,0.0],"texture":"#1","tintindex":0.0}}},{"from":[1.5,-7.5,14.0],"to":[11.5,-1.5,14.0],"rotation":{"angle":0.0,"axis":"y","origin":[13.0,3.5,4.0]},"faces":{"north":{"uv":[10.0,1.0,0.0,7.0],"texture":"#1","tintindex":0.0},"east":{"uv":[0.0,0.0,0.0,0.0],"texture":"#1","tintindex":0.0},"south":{"uv":[0.0,1.0,10.0,7.0],"texture":"#1","tintindex":0.0},"west":{"uv":[0.0,0.0,0.0,0.0],"texture":"#1","tintindex":0.0},"up":{"uv":[0.0,0.0,0.0,0.0],"texture":"#1","tintindex":0.0},"down":{"uv":[0.0,0.0,0.0,0.0],"texture":"#1","tintindex":0.0}}},{"from":[4.5,2.0,1.75],"to":[11.5,5.0,1.75],"faces":{"north":{"uv":[1.0,1.0,8.0,4.0],"texture":"#2"},"east":{"uv":[0.0,0.0,0.125,0.125],"texture":"#2"},"south":{"uv":[8.0,1.0,1.0,4.0],"texture":"#2"},"west":{"uv":[0.0,0.0,0.125,0.125],"texture":"#2"},"up":{"uv":[0.0,0.0,0.125,0.125],"texture":"#2"},"down":{"uv":[0.0,0.0,0.125,0.125],"texture":"#2"}}},{"from":[4.5,2.25,1.75],"to":[11.5,5.25,1.75],"faces":{"north":{"uv":[1.0,5.0,8.0,8.0],"texture":"#2"},"east":{"uv":[0.0,0.0,0.125,0.125],"texture":"#2"},"south":{"uv":[8.0,5.0,1.0,8.0],"texture":"#2"},"west":{"uv":[0.0,0.0,0.125,0.125],"texture":"#2"},"up":{"uv":[0.0,0.0,0.125,0.125],"texture":"#2"},"down":{"uv":[0.0,0.0,0.125,0.125],"texture":"#2"}}},{"from":[4.5,2.25,1.75],"to":[11.5,5.25,1.75],"faces":{"north":{"uv":[1.0,13.0,8.0,16.0],"texture":"#2"},"east":{"uv":[0.0,0.0,0.125,0.125],"texture":"#2"},"south":{"uv":[8.0,13.0,1.0,16.0],"texture":"#2"},"west":{"uv":[0.0,0.0,0.125,0.125],"texture":"#2"},"up":{"uv":[0.0,0.0,0.125,0.125],"texture":"#2"},"down":{"uv":[0.0,0.0,0.125,0.125],"texture":"#2"}}},{"from":[4.5,2.0,1.75],"to":[11.5,5.0,1.75],"faces":{"north":{"uv":[9.0,1.0,16.0,4.0],"texture":"#2"},"east":{"uv":[0.0,0.0,0.125,0.125],"texture":"#2"},"south":{"uv":[16.0,1.0,9.0,4.0],"texture":"#2"},"west":{"uv":[0.0,0.0,0.125,0.125],"texture":"#2"},"up":{"uv":[0.0,0.0,0.125,0.125],"texture":"#2"},"down":{"uv":[0.0,0.0,0.125,0.125],"texture":"#2"}}},{"from":[4.5,2.5,1.75],"to":[11.5,5.5,1.75],"faces":{"north":{"uv":[1.0,9.0,8.0,12.0],"texture":"#2"},"east":{"uv":[0.0,0.0,0.125,0.125],"texture":"#2"},"south":{"uv":[8.0,9.0,1.0,12.0],"texture":"#2"},"west":{"uv":[0.0,0.0,0.125,0.125],"texture":"#2"},"up":{"uv":[0.0,0.0,0.125,0.125],"texture":"#2"},"down":{"uv":[0.0,0.0,0.125,0.125],"texture":"#2"}}}],"gui_light":"front","display":{"thirdperson_righthand":{"rotation":[63.0,34.0,0.0],"translation":[0.0,1.0,-1.0],"scale":[0.37891,0.37891,0.37891]},"thirdperson_lefthand":{"rotation":[63.0,34.0,0.0],"translation":[0.0,1.0,-1.0],"scale":[0.37891,0.37891,0.37891]},"firstperson_righthand":{"rotation":[3.0,112.0,-13.0],"translation":[9.5,0.0,-5.75],"scale":[0.35547,0.35547,0.35547]},"firstperson_lefthand":{"rotation":[3.0,112.0,-13.0],"translation":[9.5,0.0,-5.75],"scale":[0.35547,0.35547,0.35547]},"ground":{"translation":[0.0,4.25,0.0],"scale":[0.28906,0.28906,0.28906]},"gui":{"rotation":[-149.61,-31.92,-180.0],"translation":[0.0,2.75,0.0],"scale":[0.74609,0.74609,0.74609]},"head":{"translation":[0.0,7.0,0.0],"scale":[1.6918,1.6918,1.6918]},"fixed":{"translation":[0.0,-3.25,-7.5]}}}