{"textures":{"0":"mcc:island_cosmetics/head/head_6","1":"mcc:island_cosmetics/head/ufo_anim","particle":"mcc:island_cosmetics/head/head_6"},"credit":"Made with Blockbench","texture_size":[128.0,128.0],"elements":[{"from":[3.5,1.0,3.5],"to":[12.5,9.0,12.5],"rotation":{"angle":0.0,"axis":"x","origin":[7.5,9.5,7.5]},"faces":{"north":{"uv":[8.5,3.0,13.0,7.0],"texture":"#1","tintindex":0.0},"east":{"uv":[0.0,12.75,1.125,13.75],"texture":"#0","tintindex":0.0},"south":{"uv":[0.0,12.75,1.125,13.75],"texture":"#0","tintindex":0.0},"west":{"uv":[0.0,12.75,1.125,13.75],"texture":"#0","tintindex":0.0},"up":{"uv":[0.0,13.875,1.125,15.0],"texture":"#0","tintindex":0.0},"down":{"uv":[10.0,6.0,10.125,6.125],"texture":"#1","tintindex":0.0}}},{"from":[3.5,1.0,3.5],"to":[12.5,9.0,12.5],"rotation":{"angle":0.0,"axis":"x","origin":[7.5,9.5,7.5]},"faces":{"north":{"uv":[3.5,3.0,8.0,7.0],"texture":"#1"},"east":{"uv":[0.0,0.0,0.5,0.5],"texture":"#1"},"south":{"uv":[0.0,0.0,0.5,0.5],"texture":"#1"},"west":{"uv":[0.0,0.0,0.5,0.5],"texture":"#1"},"up":{"uv":[0.0,0.0,0.5,0.5],"texture":"#1"},"down":{"uv":[0.0,0.0,0.5,0.5],"texture":"#1"}}},{"from":[7.49,9.99,7.49],"to":[8.51,15.01,8.51],"rotation":{"angle":0.0,"axis":"x","origin":[7.5,9.5,7.5]},"faces":{"north":{"uv":[0.0,15.0,0.125,15.625],"texture":"#0"},"east":{"uv":[0.0,15.0,0.125,15.625],"texture":"#0"},"south":{"uv":[0.0,15.0,0.125,15.625],"texture":"#0"},"west":{"uv":[0.0,15.0,0.125,15.625],"texture":"#0"},"up":{"uv":[0.0,15.125,0.125,15.25],"texture":"#0"},"down":{"uv":[0.0,15.5,0.125,15.625],"texture":"#0"}}},{"from":[7.0,14.0,7.0],"to":[9.0,16.0,9.0],"rotation":{"angle":0.0,"axis":"x","origin":[7.0,9.5,7.5]},"faces":{"north":{"uv":[0.125,15.0,0.375,15.25],"texture":"#0","tintindex":0.0},"east":{"uv":[0.375,15.0,0.125,15.25],"texture":"#0","tintindex":0.0},"south":{"uv":[0.125,15.0,0.375,15.25],"texture":"#0","tintindex":0.0},"west":{"uv":[0.375,15.0,0.125,15.25],"texture":"#0","tintindex":0.0},"up":{"uv":[0.375,15.0,0.625,15.25],"texture":"#0","tintindex":0.0},"down":{"uv":[0.25,15.125,0.375,15.25],"texture":"#0","tintindex":0.0}}},{"from":[-1.0,-2.0,-1.0],"to":[17.0,4.0,17.0],"rotation":{"angle":0.0,"axis":"x","origin":[7.0,9.5,8.0]},"faces":{"north":{"uv":[0.0,11.75,2.25,12.5],"texture":"#0"},"east":{"uv":[0.0,11.75,2.25,12.5],"texture":"#0"},"south":{"uv":[0.0,11.75,2.25,12.5],"texture":"#0"},"west":{"uv":[0.0,11.75,2.25,12.5],"texture":"#0"},"up":{"uv":[2.5,12.25,4.75,14.5],"texture":"#0"},"down":{"uv":[4.875,13.625,7.125,15.875],"texture":"#0"}}},{"from":[1.5,-4.0,1.5],"to":[14.5,-2.0,14.5],"rotation":{"angle":0.0,"axis":"x","origin":[7.5,9.5,7.5]},"faces":{"north":{"uv":[0.0,12.5,1.625,12.75],"texture":"#0","tintindex":0.0},"east":{"uv":[0.0,12.5,1.625,12.75],"texture":"#0","tintindex":0.0},"south":{"uv":[0.0,12.5,1.625,12.75],"texture":"#0","tintindex":0.0},"west":{"uv":[0.0,12.5,1.625,12.75],"texture":"#0","tintindex":0.0},"up":{"uv":[10.0,6.0,10.125,6.125],"texture":"#1","tintindex":0.0},"down":{"uv":[7.25,14.375,8.875,16.0],"texture":"#0","tintindex":0.0}}},{"name":"cube inverted","from":[13.5,10.0,13.5],"to":[2.5,3.0,2.5],"rotation":{"angle":0.0,"axis":"x","origin":[7.5,9.5,7.5]},"faces":{"north":{"uv":[1.125,14.75,2.5,13.875],"texture":"#0"},"east":{"uv":[1.125,14.75,2.5,13.875],"texture":"#0"},"south":{"uv":[1.125,14.75,2.5,13.875],"texture":"#0"},"west":{"uv":[1.125,14.75,2.5,13.875],"texture":"#0"},"up":{"uv":[10.0,6.0,10.125,6.125],"texture":"#1","tintindex":0.0},"down":{"uv":[3.875,14.625,2.5,16.0],"texture":"#0"}}},{"from":[-1.0,-2.0,-1.0],"to":[17.0,4.0,17.0],"rotation":{"angle":0.0,"axis":"y","origin":[7.0,9.5,8.0]},"faces":{"north":{"uv":[3.5,6.5,12.5,9.5],"texture":"#1","tintindex":0.0},"east":{"uv":[3.5,6.5,12.5,9.5],"texture":"#1","tintindex":0.0},"south":{"uv":[3.5,6.5,12.5,9.5],"texture":"#1","tintindex":0.0},"west":{"uv":[3.5,6.5,12.5,9.5],"texture":"#1","tintindex":0.0},"up":{"uv":[0.0,0.0,0.5,0.5],"texture":"#1","tintindex":0.0},"down":{"uv":[0.0,0.0,0.5,0.5],"texture":"#1","tintindex":0.0}}}],"gui_light":"front","display":{"thirdperson_righthand":{"rotation":[55.5,34.0,0.0],"translation":[0.0,1.0,0.75],"scale":[0.52539,0.52539,0.52539]},"thirdperson_lefthand":{"rotation":[55.5,34.0,0.0],"translation":[0.0,1.0,0.75],"scale":[0.52539,0.52539,0.52539]},"firstperson_righthand":{"rotation":[21.0,114.5,-13.75],"translation":[9.5,0.0,-5.75],"scale":[0.41992,0.41992,0.41992]},"firstperson_lefthand":{"rotation":[21.0,114.5,-13.75],"translation":[9.5,0.0,-5.75],"scale":[0.41992,0.41992,0.41992]},"gui":{"rotation":[-149.61,-31.92,-180.0],"translation":[0.0,2.5,0.0],"scale":[0.61718,0.61718,0.61718]},"head":{"translation":[0.0,5.75,0.0],"scale":[1.62539,1.62539,1.62539]}}}