{"textures":{"0":"mcc:island_cosmetics/general/hat/scarf/scarf","particle":"mcc:island_cosmetics/general/hat/scarf/scarf"},"elements":[{"from":[3.5,-2.0,3.5],"to":[12.5,2.0,12.5],"rotation":{"angle":0.0,"axis":"y","origin":[2.5,0.0,3.5]},"faces":{"north":{"uv":[7.0,0.0,11.5,2.0],"texture":"#0"},"east":{"uv":[7.0,2.0,11.5,4.0],"texture":"#0"},"south":{"uv":[7.0,4.0,11.5,6.0],"texture":"#0"},"west":{"uv":[7.0,6.0,11.5,8.0],"texture":"#0"},"up":{"uv":[4.5,4.5,0.0,0.0],"texture":"#0"},"down":{"uv":[4.5,4.5,0.0,9.0],"texture":"#0"}}},{"from":[5.11313,-9.08239,4.5],"to":[10.11313,-1.08239,4.5],"rotation":{"angle":22.5,"axis":"z","origin":[7.11313,-3.08239,2.5]},"faces":{"north":{"uv":[4.5,0.0,7.0,4.0],"texture":"#0"},"east":{"uv":[0.0,0.0,0.0,4.0],"texture":"#0"},"south":{"uv":[7.0,0.0,4.5,4.0],"texture":"#0"},"west":{"uv":[0.0,0.0,0.0,4.0],"texture":"#0"},"up":{"uv":[2.5,0.0,0.0,0.0],"texture":"#0"},"down":{"uv":[2.5,0.0,0.0,0.0],"texture":"#0"}}},{"from":[3.5,-2.0,3.5],"to":[12.5,2.0,12.5],"rotation":{"angle":0.0,"axis":"y","origin":[2.5,0.0,3.5]},"faces":{"north":{"uv":[11.5,7.0,16.0,9.0],"texture":"#0","tintindex":0},"east":{"uv":[11.5,9.0,16.0,11.0],"texture":"#0","tintindex":0},"south":{"uv":[11.5,11.0,16.0,13.0],"texture":"#0","tintindex":0},"west":{"uv":[11.5,13.0,16.0,15.0],"texture":"#0","tintindex":0},"up":{"uv":[16.0,5.0,11.5,0.5],"texture":"#0","tintindex":0},"down":{"uv":[9.0,11.5,4.5,16.0],"texture":"#0","tintindex":0}}},{"from":[5.11313,-9.08239,4.5],"to":[10.11313,-1.08239,4.5],"rotation":{"angle":22.5,"axis":"z","origin":[7.11313,-3.08239,2.5]},"faces":{"north":{"uv":[0.5,11.5,3.0,15.5],"texture":"#0","tintindex":0},"east":{"uv":[0.0,0.0,0.0,4.0],"texture":"#0","tintindex":0},"south":{"uv":[3.0,11.5,0.5,15.5],"texture":"#0","tintindex":0},"west":{"uv":[0.0,0.0,0.0,4.0],"texture":"#0","tintindex":0},"up":{"uv":[2.5,0.0,0.0,0.0],"texture":"#0","tintindex":0},"down":{"uv":[2.5,0.0,0.0,0.0],"texture":"#0","tintindex":0}}}],"display":{"thirdperson_righthand":{"translation":[0.0,5.0,1.0],"scale":[0.55,0.55,0.55]},"thirdperson_lefthand":{"translation":[0.0,5.0,1.0],"scale":[0.55,0.55,0.55]},"firstperson_righthand":{"translation":[3.25,4.25,-2.75],"rotation":[0.0,-8.25,0.0],"scale":[0.43945,0.43945,0.43945]},"firstperson_lefthand":{"translation":[3.25,4.25,-2.75],"rotation":[0.0,-8.25,0.0],"scale":[0.43945,0.43945,0.43945]},"ground":{"translation":[0.0,5.25,0.0],"scale":[0.75391,0.75391,0.75391]},"gui":{"translation":[0.0,7.0,0.0],"rotation":[30.0,225.0,0.0],"scale":[0.85352,0.85352,0.85352]},"head":{"translation":[0.0,4.75,-0.5],"scale":[1.62,1.62,1.62]}},"gui_light":"front"}