{"textures":{"0":"mcc:island_cosmetics/general/hat/mechanics_cap/mechanics_cap","particle":"mcc:island_cosmetics/general/hat/mechanics_cap/mechanics_cap"},"display":{"thirdperson_righthand":{"translation":[0.0,1.0,0.75],"rotation":[55.5,34.0,0.0],"scale":[0.52539,0.52539,0.52539]},"thirdperson_lefthand":{"translation":[0.0,1.0,0.75],"rotation":[55.5,34.0,0.0],"scale":[0.52539,0.52539,0.52539]},"firstperson_righthand":{"translation":[9.5,0.0,-5.75],"rotation":[21.0,114.5,-13.75],"scale":[0.41992,0.41992,0.41992]},"firstperson_lefthand":{"translation":[9.5,0.0,-5.75],"rotation":[21.0,114.5,-13.75],"scale":[0.41992,0.41992,0.41992]},"gui":{"translation":[-0.75,-1.5,0.0],"rotation":[-149.61,-31.92,-180.0],"scale":[0.88475,0.88475,0.88475]},"head":{"translation":[0.0,0.0,-0.25],"rotation":[2.5,0.0,0.0],"scale":[1.67226,1.67226,1.67226]}},"credit":"Made with Blockbench","texture_size":[32.0,32.0],"elements":[{"from":[3.5,9.0,3.5],"to":[12.5,14.0,12.5],"rotation":{"angle":0.0,"axis":"y","origin":[15.5,0.0,-1.5]},"faces":{"north":{"uv":[0.0,5.0,4.5,7.5],"texture":"#0","tintindex":0.0},"east":{"uv":[4.5,7.5,0.0,10.0],"texture":"#0","tintindex":0.0},"south":{"uv":[5.0,7.0,9.5,9.5],"texture":"#0","tintindex":0.0},"west":{"uv":[0.0,7.5,4.5,10.0],"texture":"#0","tintindex":0.0},"up":{"uv":[5.0,0.0,9.5,4.5],"texture":"#0","tintindex":0.0}}},{"from":[3.5,9.0,3.5],"to":[12.5,14.0,12.5],"rotation":{"angle":0.0,"axis":"y","origin":[15.5,0.0,-1.5]},"faces":{"north":{"uv":[5.0,4.5,9.5,7.0],"texture":"#0"},"east":{"uv":[4.5,10.5,0.0,13.0],"texture":"#0"},"west":{"uv":[0.0,10.5,4.5,13.0],"texture":"#0"},"up":{"uv":[5.0,10.0,9.5,14.5],"texture":"#0"}}},{"from":[7.0,14.25,7.0],"to":[9.0,14.25,9.0],"rotation":{"angle":0.0,"axis":"y","origin":[19.0,0.0,-5.0]},"faces":{"north":{"uv":[0.0,2.0,4.5,4.5],"texture":"#0"},"east":{"uv":[0.0,2.0,4.5,4.5],"texture":"#0","tintindex":0.0},"south":{"uv":[0.0,2.0,4.5,4.5],"texture":"#0","tintindex":0.0},"west":{"uv":[0.0,2.0,4.5,4.5],"texture":"#0","tintindex":0.0},"up":{"uv":[9.5,0.0,10.5,1.0],"texture":"#0","tintindex":0.0},"down":{"uv":[9.5,0.0,10.5,1.0],"texture":"#0","tintindex":0.0}}},{"from":[3.5,8.999,-1.5],"to":[12.5,9.999,3.5],"rotation":{"angle":0.0,"axis":"y","origin":[8.0,8.999,0.5]},"faces":{"east":{"uv":[2.5,4.5,0.0,5.0],"rotation":180.0,"texture":"#0","tintindex":0.0},"south":{"uv":[2.5,18.5,3.0,18.0],"rotation":270.0,"texture":"#0","tintindex":0.0},"west":{"uv":[2.5,4.5,0.0,5.0],"rotation":180.0,"texture":"#0","tintindex":0.0},"up":{"uv":[0.0,2.0,4.5,4.5],"texture":"#0","tintindex":0.0}}},{"from":[12.25,8.84672,5.99477],"to":[13.75,10.84672,9.99477],"rotation":{"angle":0.0,"axis":"x","origin":[12.75,10.84672,8.5]},"faces":{"east":{"uv":[3.5,1.5,1.5,0.5],"texture":"#0"},"west":{"uv":[3.5,1.5,1.5,0.5],"texture":"#0"},"up":{"uv":[3.5,1.0,1.5,0.5],"rotation":90.0,"texture":"#0"},"down":{"uv":[3.5,1.0,1.5,0.5],"rotation":90.0,"texture":"#0"}}},{"from":[12.25,7.84672,3.99477],"to":[13.75,11.84672,5.99477],"rotation":{"angle":0.0,"axis":"x","origin":[12.75,10.84672,8.5]},"faces":{"north":{"uv":[1.5,0.0,2.0,2.0],"rotation":180.0,"texture":"#0"},"east":{"uv":[0.5,0.0,1.5,2.0],"rotation":180.0,"texture":"#0"},"south":{"uv":[1.0,0.0,1.5,2.0],"rotation":180.0,"texture":"#0"},"west":{"uv":[0.5,0.0,1.5,2.0],"rotation":180.0,"texture":"#0"},"up":{"uv":[0.5,0.5,1.5,0.0],"rotation":90.0,"texture":"#0"},"down":{"uv":[1.5,0.0,0.5,0.5],"rotation":90.0,"texture":"#0"}}},{"from":[12.25,10.84672,2.99477],"to":[13.75,11.84672,3.99477],"rotation":{"angle":0.0,"axis":"x","origin":[12.75,10.84672,8.5]},"faces":{"north":{"uv":[0.5,1.0,1.0,0.5],"rotation":180.0,"texture":"#0"},"east":{"uv":[0.5,1.0,1.0,0.5],"rotation":180.0,"texture":"#0"},"south":{"uv":[0.5,1.0,1.0,0.5],"rotation":180.0,"texture":"#0"},"west":{"uv":[0.5,1.0,1.0,0.5],"rotation":180.0,"texture":"#0"},"up":{"uv":[0.5,1.0,1.0,0.5],"texture":"#0"},"down":{"uv":[0.5,1.0,1.0,0.5],"texture":"#0"}}},{"from":[12.25,7.84672,2.99477],"to":[13.75,8.84672,3.99477],"rotation":{"angle":0.0,"axis":"x","origin":[12.75,10.84672,8.5]},"faces":{"north":{"uv":[0.5,1.0,1.0,0.5],"rotation":180.0,"texture":"#0"},"east":{"uv":[0.5,1.0,1.0,0.5],"rotation":180.0,"texture":"#0"},"south":{"uv":[0.5,1.0,1.0,0.5],"rotation":180.0,"texture":"#0"},"west":{"uv":[0.5,1.0,1.0,0.5],"rotation":180.0,"texture":"#0"},"up":{"uv":[0.5,1.0,1.0,0.5],"texture":"#0"},"down":{"uv":[0.5,1.0,1.0,0.5],"texture":"#0"}}},{"from":[12.25,7.84672,10.00523],"to":[13.75,11.84672,12.00523],"rotation":{"angle":0.0,"axis":"x","origin":[12.75,10.84672,8.5]},"faces":{"north":{"uv":[1.5,0.0,1.0,2.0],"rotation":180.0,"texture":"#0"},"east":{"uv":[1.5,0.0,0.5,2.0],"rotation":180.0,"texture":"#0"},"south":{"uv":[2.0,0.0,1.5,2.0],"rotation":180.0,"texture":"#0"},"west":{"uv":[1.5,0.0,0.5,2.0],"rotation":180.0,"texture":"#0"},"up":{"uv":[1.5,0.5,0.5,0.0],"rotation":90.0,"texture":"#0"},"down":{"uv":[0.5,0.5,1.5,0.0],"rotation":90.0,"texture":"#0"}}},{"from":[12.25,10.84672,12.00523],"to":[13.75,11.84672,13.00523],"rotation":{"angle":0.0,"axis":"x","origin":[12.75,10.84672,8.5]},"faces":{"north":{"uv":[1.0,1.0,0.5,0.5],"rotation":180.0,"texture":"#0"},"east":{"uv":[1.0,1.0,0.5,0.5],"rotation":180.0,"texture":"#0"},"south":{"uv":[1.0,1.0,0.5,0.5],"rotation":180.0,"texture":"#0"},"west":{"uv":[1.0,1.0,0.5,0.5],"rotation":180.0,"texture":"#0"},"up":{"uv":[0.5,0.5,1.0,1.0],"texture":"#0"},"down":{"uv":[0.5,0.5,1.0,1.0],"texture":"#0"}}},{"from":[12.25,7.84672,12.00523],"to":[13.75,8.84672,13.00523],"rotation":{"angle":0.0,"axis":"x","origin":[12.75,10.84672,8.5]},"faces":{"north":{"uv":[1.0,1.0,0.5,0.5],"rotation":180.0,"texture":"#0"},"east":{"uv":[1.0,1.0,0.5,0.5],"rotation":180.0,"texture":"#0"},"south":{"uv":[1.0,1.0,0.5,0.5],"rotation":180.0,"texture":"#0"},"west":{"uv":[1.0,1.0,0.5,0.5],"rotation":180.0,"texture":"#0"},"up":{"uv":[0.5,0.5,1.0,1.0],"texture":"#0"},"down":{"uv":[0.5,0.5,1.0,1.0],"texture":"#0"}}},{"name":"cube inverted","from":[12.5,9.999,3.5],"to":[3.5,8.999,-1.5],"rotation":{"angle":0.0,"axis":"y","origin":[8.0,8.999,0.5]},"faces":{"north":{"uv":[3.0,18.5,2.5,18.0],"rotation":270.0,"texture":"#0","tintindex":0.0},"east":{"uv":[2.5,5.0,0.0,4.5],"rotation":180.0,"texture":"#0","tintindex":0.0},"west":{"uv":[2.5,5.0,0.0,4.5],"rotation":180.0,"texture":"#0","tintindex":0.0},"down":{"uv":[4.5,2.0,0.0,4.5],"texture":"#0","tintindex":0.0}}},{"name":"cube inverted","from":[12.5,14.0,12.5],"to":[3.5,9.0,3.5],"rotation":{"angle":0.0,"axis":"y","origin":[15.5,0.0,-1.5]},"faces":{"north":{"uv":[5.0,9.5,9.5,7.0],"texture":"#0","tintindex":0.0},"east":{"uv":[0.0,10.0,4.5,7.5],"texture":"#0","tintindex":0.0},"south":{"uv":[0.0,7.5,4.5,5.0],"texture":"#0","tintindex":0.0},"west":{"uv":[4.5,10.0,0.0,7.5],"texture":"#0","tintindex":0.0},"down":{"uv":[9.5,0.0,5.0,4.5],"texture":"#0","tintindex":0.0}}},{"name":"cube inverted","from":[12.5,14.0,12.5],"to":[3.5,9.0,3.5],"rotation":{"angle":0.0,"axis":"y","origin":[15.5,0.0,-1.5]},"faces":{"east":{"uv":[0.0,13.0,4.5,10.5],"texture":"#0"},"south":{"uv":[5.0,7.0,9.5,4.5],"texture":"#0"},"west":{"uv":[4.5,13.0,0.0,10.5],"texture":"#0"},"down":{"uv":[9.5,10.0,5.0,14.5],"texture":"#0"}}}],"gui_light":"front"}