{"textures":{"1":"mcc:island_cosmetics/general/hat/8_ball/gold_shine","2":"mcc:island_cosmetics/general/hat/8_ball/golden"},"display":{"thirdperson_righthand":{"translation":[0.0,1.0,-1.0],"rotation":[63.0,34.0,0.0],"scale":[0.52539,0.52539,0.52539]},"thirdperson_lefthand":{"translation":[0.0,1.0,-1.0],"rotation":[63.0,34.0,0.0],"scale":[0.52539,0.52539,0.52539]},"firstperson_righthand":{"translation":[9.5,0.0,-5.75],"rotation":[3.0,112.0,-13.0],"scale":[0.41992,0.41992,0.41992]},"firstperson_lefthand":{"translation":[9.5,0.0,-5.75],"rotation":[3.0,112.0,-13.0],"scale":[0.41992,0.41992,0.41992]},"ground":{"translation":[0.0,4.25,0.0],"scale":[0.28906,0.28906,0.28906]},"gui":{"translation":[0.0,1.75,0.0],"rotation":[-149.61,-31.92,-180.0],"scale":[0.83398,0.83398,0.83398]},"head":{"translation":[0.0,5.25,0.0],"scale":[1.61172,1.61172,1.61172]},"fixed":{"translation":[0.0,-3.25,-7.5]}},"credit":"Made with Blockbench","texture_size":[32.0,32.0],"elements":[{"from":[-6.0,-3.0,1.0],"to":[1.0,4.0,1.0],"rotation":{"angle":-22.5,"axis":"y","origin":[0.5,0.5,7.0]},"faces":{"north":{"uv":[8.0,1.0,15.0,8.0],"texture":"#1"},"east":{"uv":[0.0,0.0,1.0,1.0],"texture":"#1"},"south":{"uv":[8.0,1.0,15.0,8.0],"texture":"#1"},"west":{"uv":[0.0,0.0,1.0,1.0],"texture":"#1"},"up":{"uv":[0.0,0.0,1.0,1.0],"texture":"#1"},"down":{"uv":[0.0,0.0,1.0,1.0],"texture":"#1"}}},{"from":[-3.0,10.0,7.0],"to":[4.0,17.0,7.0],"rotation":{"angle":45.0,"axis":"y","origin":[0.5,13.5,7.0]},"faces":{"north":{"uv":[0.0,1.0,7.0,8.0],"texture":"#1"},"east":{"uv":[0.0,0.0,1.0,1.0],"texture":"#1"},"south":{"uv":[0.0,1.0,7.0,8.0],"texture":"#1"},"west":{"uv":[0.0,0.0,1.0,1.0],"texture":"#1"},"up":{"uv":[0.0,0.0,1.0,1.0],"texture":"#1"},"down":{"uv":[0.0,0.0,1.0,1.0],"texture":"#1"}}},{"from":[-3.0,10.0,7.0],"to":[4.0,17.0,7.0],"rotation":{"angle":-45.0,"axis":"y","origin":[0.5,13.5,7.0]},"faces":{"north":{"uv":[0.0,1.0,7.0,8.0],"texture":"#1"},"east":{"uv":[0.0,0.0,1.0,1.0],"texture":"#1"},"south":{"uv":[0.0,1.0,7.0,8.0],"texture":"#1"},"west":{"uv":[0.0,0.0,1.0,1.0],"texture":"#1"},"up":{"uv":[0.0,0.0,1.0,1.0],"texture":"#1"},"down":{"uv":[0.0,0.0,1.0,1.0],"texture":"#1"}}},{"from":[-2.5,-3.0,-2.5],"to":[-2.5,4.0,4.5],"rotation":{"angle":-22.5,"axis":"y","origin":[0.5,0.5,7.0]},"faces":{"north":{"uv":[0.0,0.0,1.0,1.0],"texture":"#1"},"east":{"uv":[8.0,1.0,15.0,8.0],"texture":"#1"},"south":{"uv":[0.0,0.0,1.0,1.0],"texture":"#1"},"west":{"uv":[8.0,1.0,15.0,8.0],"texture":"#1"},"up":{"uv":[0.0,0.0,1.0,1.0],"rotation":270.0,"texture":"#1"},"down":{"uv":[0.0,0.0,1.0,1.0],"rotation":90.0,"texture":"#1"}}},{"from":[14.0,0.0,7.75],"to":[21.0,7.0,7.75],"rotation":{"angle":0.0,"axis":"y","origin":[15.5,5.5,7.0]},"faces":{"north":{"uv":[8.0,9.0,15.0,16.0],"texture":"#1"},"east":{"uv":[0.0,0.0,1.0,1.0],"texture":"#1"},"south":{"uv":[8.0,9.0,15.0,16.0],"texture":"#1"},"west":{"uv":[0.0,0.0,1.0,1.0],"texture":"#1"},"up":{"uv":[0.0,0.0,1.0,1.0],"texture":"#1"},"down":{"uv":[0.0,0.0,1.0,1.0],"texture":"#1"}}},{"from":[17.34776,0.0,4.26537],"to":[17.34776,7.0,11.26537],"rotation":{"angle":0.0,"axis":"y","origin":[17.34776,5.5,7.76537]},"faces":{"north":{"uv":[0.0,0.0,1.0,1.0],"texture":"#1"},"east":{"uv":[8.0,9.0,15.0,16.0],"texture":"#1"},"south":{"uv":[0.0,0.0,1.0,1.0],"texture":"#1"},"west":{"uv":[8.0,9.0,15.0,16.0],"texture":"#1"},"up":{"uv":[0.0,0.0,1.0,1.0],"rotation":90.0,"texture":"#1"},"down":{"uv":[0.0,0.0,1.0,1.0],"rotation":270.0,"texture":"#1"}}},{"from":[8.4797,6.0,17.6704],"to":[15.4797,13.0,17.6704],"rotation":{"angle":22.5,"axis":"y","origin":[10.9797,6.5,15.6704]},"faces":{"north":{"uv":[8.0,1.0,15.0,8.0],"texture":"#1"},"east":{"uv":[0.0,0.0,1.0,1.0],"texture":"#1"},"south":{"uv":[8.0,1.0,15.0,8.0],"texture":"#1"},"west":{"uv":[0.0,0.0,1.0,1.0],"texture":"#1"},"up":{"uv":[0.0,0.0,1.0,1.0],"texture":"#1"},"down":{"uv":[0.0,0.0,1.0,1.0],"texture":"#1"}}},{"from":[11.9797,6.0,14.1704],"to":[11.9797,13.0,21.1704],"rotation":{"angle":22.5,"axis":"y","origin":[10.9797,6.5,15.6704]},"faces":{"north":{"uv":[0.0,0.0,1.0,1.0],"texture":"#1"},"east":{"uv":[8.0,1.0,15.0,8.0],"texture":"#1"},"south":{"uv":[0.0,0.0,1.0,1.0],"texture":"#1"},"west":{"uv":[8.0,1.0,15.0,8.0],"texture":"#1"},"up":{"uv":[0.0,0.0,1.0,1.0],"rotation":90.0,"texture":"#1"},"down":{"uv":[0.0,0.0,1.0,1.0],"rotation":270.0,"texture":"#1"}}},{"from":[2.5,0.0,2.5],"to":[13.5,11.0,13.5],"rotation":{"angle":0.0,"axis":"y","origin":[8.0,5.5,8.0]},"faces":{"north":{"uv":[5.5,0.0,11.0,5.5],"texture":"#2"},"east":{"uv":[5.5,5.5,11.0,11.0],"texture":"#2"},"south":{"uv":[5.5,5.5,11.0,11.0],"texture":"#2"},"west":{"uv":[5.5,5.5,11.0,11.0],"texture":"#2"},"up":{"uv":[0.0,5.5,5.5,11.0],"texture":"#2"},"down":{"uv":[0.0,0.0,5.5,5.5],"texture":"#2"}}}],"gui_light":"front"}