{"textures":{"1":"mcc:island_cosmetics/general/hat/parasite/parasite_anim","2":"mcc:island_cosmetics/general/hat/parasite/parasite"},"elements":[{"from":[3.0,6.0,3.0],"to":[13.0,11.0,13.0],"rotation":{"angle":0.0,"axis":"x","origin":[8.0,9.5,7.0]},"faces":{"north":{"uv":[2.5,3.5,7.5,6.0],"texture":"#2","tintindex":0},"east":{"uv":[7.5,6.5,2.5,9.0],"texture":"#2","tintindex":0},"south":{"uv":[2.5,6.5,7.5,9.0],"texture":"#2","tintindex":0},"west":{"uv":[2.5,6.5,7.5,9.0],"texture":"#2","tintindex":0},"up":{"uv":[7.5,3.5,12.5,8.5],"texture":"#2","tintindex":0},"down":{"uv":[0.0,10.5,5.0,15.5],"texture":"#2","tintindex":0}}},{"from":[7.5,4.0,0.0],"to":[10.5,9.0,5.0],"rotation":{"angle":-45.0,"axis":"y","origin":[8.0,7.5,7.0]},"faces":{"north":{"uv":[7.5,8.5,9.0,11.0],"texture":"#2","tintindex":0},"east":{"uv":[7.5,9.0,5.0,11.5],"texture":"#2","tintindex":0},"south":{"uv":[7.0,9.0,7.5,11.5],"texture":"#2","tintindex":0},"west":{"uv":[5.0,9.0,7.5,11.5],"texture":"#2","tintindex":0},"up":{"uv":[9.0,8.5,10.5,11.0],"texture":"#2","tintindex":0},"down":{"uv":[10.5,8.5,12.0,11.0],"texture":"#2","tintindex":0}}},{"from":[13.65685,-2.0,-0.24264],"to":[13.65685,9.0,5.75736],"rotation":{"angle":-45.0,"axis":"y","origin":[13.65685,3.5,2.75736]},"faces":{"north":{"uv":[20.5,28.0,26.0,33.5],"texture":"#2","tintindex":0},"east":{"uv":[15.5,3.5,12.5,9.0],"texture":"#2","tintindex":0},"south":{"uv":[20.5,28.0,26.0,33.5],"texture":"#2","tintindex":0},"west":{"uv":[12.5,3.5,15.5,9.0],"texture":"#2","tintindex":0},"up":{"uv":[20.5,28.0,26.0,33.5],"texture":"#2","tintindex":0},"down":{"uv":[20.5,28.0,26.0,33.5],"texture":"#2","tintindex":0}}},{"from":[7.0,-2.0,-3.0],"to":[7.0,9.0,3.0],"rotation":{"angle":45.0,"axis":"y","origin":[8.0,7.5,7.0]},"faces":{"north":{"uv":[26.0,28.0,20.5,33.5],"texture":"#2","tintindex":0},"east":{"uv":[15.5,3.5,12.5,9.0],"texture":"#2","tintindex":0},"south":{"uv":[26.0,28.0,20.5,33.5],"texture":"#2","tintindex":0},"west":{"uv":[12.5,3.5,15.5,9.0],"texture":"#2","tintindex":0},"up":{"uv":[26.0,28.0,20.5,33.5],"texture":"#2","tintindex":0},"down":{"uv":[26.0,28.0,20.5,33.5],"texture":"#2","tintindex":0}}},{"from":[5.5,4.0,0.0],"to":[8.5,9.0,5.0],"rotation":{"angle":45.0,"axis":"y","origin":[8.0,7.5,7.0]},"faces":{"north":{"uv":[9.0,8.5,7.5,11.0],"texture":"#2","tintindex":0},"east":{"uv":[7.5,9.0,5.0,11.5],"texture":"#2","tintindex":0},"south":{"uv":[7.5,9.0,7.0,11.5],"texture":"#2","tintindex":0},"west":{"uv":[5.0,9.0,7.5,11.5],"texture":"#2","tintindex":0},"up":{"uv":[10.5,8.5,9.0,11.0],"texture":"#2","tintindex":0},"down":{"uv":[12.0,8.5,10.5,11.0],"texture":"#2","tintindex":0}}},{"from":[4.5,4.0,10.0],"to":[7.5,9.0,15.0],"rotation":{"angle":-45.0,"axis":"y","origin":[8.0,7.5,9.0]},"faces":{"north":{"uv":[7.0,9.0,7.5,11.5],"texture":"#2","tintindex":0},"east":{"uv":[5.0,9.0,7.5,11.5],"texture":"#2","tintindex":0},"south":{"uv":[7.5,8.5,9.0,11.0],"texture":"#2","tintindex":0},"west":{"uv":[7.5,9.0,5.0,11.5],"texture":"#2","tintindex":0},"up":{"uv":[10.5,11.0,9.0,8.5],"texture":"#2","tintindex":0},"down":{"uv":[12.0,11.0,10.5,8.5],"texture":"#2","tintindex":0}}},{"from":[6.0,-2.0,12.0],"to":[6.0,9.0,18.0],"rotation":{"angle":-45.0,"axis":"y","origin":[8.0,7.5,9.0]},"faces":{"north":{"uv":[20.5,28.0,26.0,33.5],"texture":"#2","tintindex":0},"east":{"uv":[12.5,3.5,15.5,9.0],"texture":"#2","tintindex":0},"south":{"uv":[20.5,28.0,26.0,33.5],"texture":"#2","tintindex":0},"west":{"uv":[15.5,3.5,12.5,9.0],"texture":"#2","tintindex":0},"up":{"uv":[26.0,33.5,20.5,28.0],"texture":"#2","tintindex":0},"down":{"uv":[26.0,33.5,20.5,28.0],"texture":"#2","tintindex":0}}},{"from":[8.5,4.0,10.0],"to":[11.5,9.0,15.0],"rotation":{"angle":45.0,"axis":"y","origin":[8.0,7.5,9.0]},"faces":{"north":{"uv":[7.5,9.0,7.0,11.5],"texture":"#2","tintindex":0},"east":{"uv":[5.0,9.0,7.5,11.5],"texture":"#2","tintindex":0},"south":{"uv":[9.0,8.5,7.5,11.0],"texture":"#2","tintindex":0},"west":{"uv":[7.5,9.0,5.0,11.5],"texture":"#2","tintindex":0},"up":{"uv":[9.0,11.0,10.5,8.5],"texture":"#2","tintindex":0},"down":{"uv":[10.5,11.0,12.0,8.5],"texture":"#2","tintindex":0}}},{"from":[10.0,-2.0,12.0],"to":[10.0,9.0,18.0],"rotation":{"angle":45.0,"axis":"y","origin":[8.0,7.5,9.0]},"faces":{"north":{"uv":[26.0,28.0,20.5,33.5],"texture":"#2","tintindex":0},"east":{"uv":[12.5,3.5,15.5,9.0],"texture":"#2","tintindex":0},"south":{"uv":[26.0,28.0,20.5,33.5],"texture":"#2","tintindex":0},"west":{"uv":[15.5,3.5,12.5,9.0],"texture":"#2","tintindex":0},"up":{"uv":[20.5,33.5,26.0,28.0],"texture":"#2","tintindex":0},"down":{"uv":[20.5,33.5,26.0,28.0],"texture":"#2","tintindex":0}}},{"from":[3.02,6.02,0.02],"to":[12.98,8.98,2.98],"rotation":{"angle":-22.5,"axis":"x","origin":[8.0,8.5,8.0]},"faces":{"north":{"uv":[2.5,0.0,7.5,1.5],"texture":"#2","tintindex":0},"east":{"uv":[1.0,7.5,2.5,9.0],"texture":"#2","tintindex":0},"south":{"uv":[3.0,9.0,3.5,9.5],"texture":"#2","tintindex":0},"west":{"uv":[2.5,7.5,1.0,9.0],"texture":"#2","tintindex":0},"up":{"uv":[2.5,1.5,7.5,3.0],"texture":"#2","tintindex":0},"down":{"uv":[5.0,9.0,0.0,10.5],"texture":"#2","tintindex":0}}},{"from":[5.5,7.0,1.0],"to":[10.5,12.0,6.0],"rotation":{"angle":0.0,"axis":"x","origin":[8.0,9.5,3.5]},"faces":{"north":{"uv":[6.0,0.0,11.0,5.0],"texture":"#1","tintindex":0},"east":{"uv":[2.5,2.5,0.0,5.0],"texture":"#2","tintindex":0},"south":{"uv":[2.5,6.0,5.0,8.5],"texture":"#2","tintindex":0},"west":{"uv":[0.0,2.5,2.5,5.0],"texture":"#2","tintindex":0},"up":{"uv":[0.0,5.0,2.5,7.5],"texture":"#2","tintindex":0},"down":{"uv":[11.5,10.5,12.0,11.0],"texture":"#2","tintindex":0}}},{"from":[5.5,7.0,1.0],"to":[10.5,12.0,6.0],"rotation":{"angle":0.0,"axis":"x","origin":[8.0,9.5,3.5]},"faces":{"north":{"uv":[0.0,0.0,5.0,5.0],"texture":"#1"},"east":{"uv":[0.0,0.0,1.0,1.0],"texture":"#1"},"south":{"uv":[0.0,0.0,1.0,1.0],"texture":"#1"},"west":{"uv":[0.0,0.0,1.0,1.0],"texture":"#1"},"up":{"uv":[0.0,0.0,1.0,1.0],"texture":"#1"},"down":{"uv":[0.0,0.0,1.0,1.0],"texture":"#1"}}}],"display":{"thirdperson_righthand":{"translation":[0.0,1.0,0.75],"rotation":[55.5,34.0,0.0],"scale":[0.52539,0.52539,0.52539]},"thirdperson_lefthand":{"translation":[0.0,1.0,0.75],"rotation":[55.5,34.0,0.0],"scale":[0.52539,0.52539,0.52539]},"firstperson_righthand":{"translation":[9.5,0.0,-5.75],"rotation":[21.0,114.5,-13.75],"scale":[0.41992,0.41992,0.41992]},"firstperson_lefthand":{"translation":[9.5,0.0,-5.75],"rotation":[21.0,114.5,-13.75],"scale":[0.41992,0.41992,0.41992]},"gui":{"translation":[-0.5,2.25,0.0],"rotation":[-161.01,-33.36,174.62],"scale":[0.69335,0.69335,0.69335]},"head":{"translation":[0.0,4.0,0.25],"rotation":[6.73,0.22,0.13],"scale":[1.6,1.6,1.6]}},"credit":"Made with Blockbench","gui_light":"front"}