{"textures":{"0":"mcc:island_cosmetics/head/head_3","particle":"mcc:island_cosmetics/head/head_3"},"credit":"Made with Blockbench","texture_size":[128.0,128.0],"elements":[{"from":[3.5,2.0,3.5],"to":[12.5,13.0,12.5],"rotation":{"angle":0.0,"axis":"y","origin":[0.5,0.0,-1.5]},"faces":{"north":{"uv":[10.75,5.875,11.875,7.25],"texture":"#0"},"east":{"uv":[9.625,5.875,10.75,7.25],"texture":"#0"},"south":{"uv":[9.625,7.375,10.75,8.75],"texture":"#0"},"west":{"uv":[10.75,5.875,9.625,7.25],"texture":"#0"},"up":{"uv":[10.75,7.375,11.875,8.5],"texture":"#0"},"down":{"uv":[4.25,9.75,4.375,9.875],"texture":"#0"}}},{"from":[12.49,8.74,8.24],"to":[13.51,11.76,11.26],"rotation":{"angle":-22.5,"axis":"x","origin":[13.0,10.5,10.0]},"faces":{"north":{"uv":[11.625,4.75,11.75,5.125],"texture":"#0"},"east":{"uv":[11.375,4.75,11.75,5.125],"texture":"#0"},"south":{"uv":[11.375,4.75,11.5,5.125],"texture":"#0"},"west":{"uv":[11.375,4.75,11.75,5.125],"texture":"#0"},"up":{"uv":[11.75,4.75,11.375,4.875],"rotation":90.0,"texture":"#0"},"down":{"uv":[11.75,5.0,11.375,5.125],"rotation":90.0,"texture":"#0"}}},{"from":[2.49,8.74,8.24],"to":[3.51,11.76,11.26],"rotation":{"angle":-22.5,"axis":"x","origin":[3.0,10.5,10.0]},"faces":{"north":{"uv":[11.75,4.75,11.625,5.125],"texture":"#0"},"east":{"uv":[11.75,4.75,11.375,5.125],"texture":"#0"},"south":{"uv":[11.5,4.75,11.375,5.125],"texture":"#0"},"west":{"uv":[11.75,4.75,11.375,5.125],"texture":"#0"},"up":{"uv":[11.75,4.875,11.375,4.75],"rotation":90.0,"texture":"#0"},"down":{"uv":[11.75,5.125,11.375,5.0],"rotation":90.0,"texture":"#0"}}},{"from":[3.4,9.15,2.9],"to":[12.6,13.35,10.1],"rotation":{"angle":22.5,"axis":"x","origin":[8.0,11.75,6.0]},"faces":{"north":{"uv":[10.25,4.75,11.375,5.25],"texture":"#0"},"east":{"uv":[9.375,4.75,10.25,5.25],"texture":"#0"},"south":{"uv":[11.0,5.25,11.125,5.375],"texture":"#0"},"west":{"uv":[10.25,4.75,9.375,5.25],"texture":"#0"},"up":{"uv":[11.0,5.25,11.125,5.375],"texture":"#0"},"down":{"uv":[11.0,5.25,11.125,5.375],"texture":"#0"}}},{"from":[3.5,1.0,3.5],"to":[12.5,2.0,5.5],"rotation":{"angle":0.0,"axis":"y","origin":[0.5,0.0,-1.5]},"faces":{"north":{"uv":[10.75,8.625,11.875,8.75],"texture":"#0"},"east":{"uv":[10.75,8.75,11.0,8.875],"texture":"#0"},"south":{"uv":[11.25,8.75,11.375,8.875],"texture":"#0"},"west":{"uv":[10.75,8.75,11.0,8.875],"texture":"#0"},"up":{"uv":[11.25,8.75,11.375,8.875],"texture":"#0"},"down":{"uv":[11.25,8.75,11.375,8.875],"texture":"#0"}}},{"from":[6.0,14.0,5.5],"to":[10.0,16.0,15.5],"rotation":{"angle":0.0,"axis":"y","origin":[1.0,1.0,-0.5]},"faces":{"north":{"uv":[13.125,7.75,13.625,8.0],"texture":"#0"},"east":{"uv":[11.875,7.75,13.125,8.0],"texture":"#0"},"south":{"uv":[12.375,8.375,11.875,8.625],"texture":"#0"},"west":{"uv":[13.125,7.75,11.875,8.0],"texture":"#0"},"up":{"uv":[13.0,6.5,13.5,7.75],"texture":"#0"},"down":{"uv":[12.0,8.5,12.125,8.625],"texture":"#0"}}},{"from":[7.0,11.0,6.5],"to":[9.0,14.0,13.5],"rotation":{"angle":0.0,"axis":"y","origin":[1.0,1.0,-0.5]},"faces":{"north":{"uv":[10.75,5.5,10.5,5.875],"texture":"#0"},"east":{"uv":[9.625,5.5,10.5,5.875],"texture":"#0"},"south":{"uv":[9.625,5.5,9.75,5.875],"texture":"#0"},"west":{"uv":[10.5,5.5,9.625,5.875],"texture":"#0"},"up":{"uv":[9.875,5.5,10.0,5.625],"texture":"#0"},"down":{"uv":[9.625,5.75,10.5,5.875],"rotation":90.0,"texture":"#0"}}},{"from":[6.0,11.0,13.5],"to":[10.0,14.0,15.5],"rotation":{"angle":0.0,"axis":"y","origin":[1.0,1.0,-0.5]},"faces":{"north":{"uv":[12.0,8.5,12.125,8.625],"texture":"#0"},"east":{"uv":[11.875,8.0,12.125,8.375],"texture":"#0"},"south":{"uv":[12.375,8.625,11.875,9.0],"texture":"#0"},"west":{"uv":[12.125,8.0,11.875,8.375],"texture":"#0"},"up":{"uv":[12.625,7.625,12.75,7.75],"texture":"#0"},"down":{"uv":[9.625,6.5,9.25,6.75],"texture":"#0"}}},{"from":[6.48,15.98,3.98],"to":[9.52,23.02,15.02],"rotation":{"angle":0.0,"axis":"x","origin":[8.0,14.92031,9.3934]},"faces":{"north":{"uv":[14.875,8.0,15.25,8.875],"texture":"#0","tintindex":0.0},"east":{"uv":[14.625,6.125,16.0,7.0],"texture":"#0","tintindex":0.0},"south":{"uv":[14.625,6.125,14.75,7.0],"texture":"#0","tintindex":0.0},"west":{"uv":[16.0,6.125,14.625,7.0],"texture":"#0","tintindex":0.0},"up":{"uv":[14.25,6.125,14.625,7.5],"texture":"#0","tintindex":0.0},"down":{"uv":[14.625,6.875,16.0,7.0],"rotation":90.0,"texture":"#0","tintindex":0.0}}},{"from":[6.49,19.30802,10.97959],"to":[9.51,26.32802,18.99959],"rotation":{"angle":45.0,"axis":"x","origin":[8.0,19.81802,8.98959]},"faces":{"north":{"uv":[15.875,7.125,16.0,8.0],"texture":"#0","tintindex":0.0},"east":{"uv":[15.0,7.125,16.0,8.0],"texture":"#0","tintindex":0.0},"south":{"uv":[15.0,7.125,15.125,8.0],"texture":"#0","tintindex":0.0},"west":{"uv":[16.0,7.125,15.0,8.0],"texture":"#0","tintindex":0.0},"up":{"uv":[13.875,6.125,14.25,7.125],"texture":"#0","tintindex":0.0},"down":{"uv":[15.0,7.875,16.0,8.0],"rotation":90.0,"texture":"#0","tintindex":0.0}}},{"from":[6.5,11.34315,14.65685],"to":[9.5,17.34315,20.65685],"rotation":{"angle":0.0,"axis":"x","origin":[8.0,13.84315,16.65685]},"faces":{"north":{"uv":[15.875,8.125,16.0,8.875],"texture":"#0","tintindex":0.0},"east":{"uv":[15.25,8.125,16.0,8.875],"texture":"#0","tintindex":0.0},"south":{"uv":[13.5,6.125,13.875,6.875],"texture":"#0","tintindex":0.0},"west":{"uv":[16.0,8.125,15.25,8.875],"texture":"#0","tintindex":0.0},"up":{"uv":[13.5,6.125,13.875,6.875],"texture":"#0","tintindex":0.0},"down":{"uv":[16.0,8.875,15.625,9.625],"texture":"#0","tintindex":0.0}}},{"from":[8.0,15.99016,1.1667],"to":[8.0,22.99016,4.1667],"rotation":{"angle":0.0,"axis":"x","origin":[8.0,14.41047,8.5601]},"faces":{"north":{"uv":[12.125,5.625,12.5,6.75],"texture":"#0","tintindex":0.0},"east":{"uv":[12.5,5.625,12.875,6.5],"texture":"#0","tintindex":0.0},"south":{"uv":[14.75,6.75,14.875,7.875],"texture":"#0","tintindex":0.0},"west":{"uv":[12.875,5.625,12.5,6.5],"texture":"#0","tintindex":0.0},"up":{"uv":[15.75,7.875,16.0,9.125],"texture":"#0","tintindex":0.0},"down":{"uv":[14.75,7.75,15.75,7.875],"rotation":90.0,"texture":"#0","tintindex":0.0}}},{"from":[8.0,6.34315,14.65685],"to":[8.0,11.34315,20.65685],"rotation":{"angle":0.0,"axis":"x","origin":[8.0,2.76346,8.05025]},"faces":{"north":{"uv":[12.125,5.625,12.5,6.75],"texture":"#0","tintindex":0.0},"east":{"uv":[14.0,7.625,14.75,8.25],"texture":"#0","tintindex":0.0},"south":{"uv":[14.75,6.75,14.875,7.875],"texture":"#0","tintindex":0.0},"west":{"uv":[14.75,7.625,14.0,8.25],"texture":"#0","tintindex":0.0},"up":{"uv":[15.75,7.875,16.0,9.125],"texture":"#0","tintindex":0.0},"down":{"uv":[14.75,7.75,15.75,7.875],"rotation":90.0,"texture":"#0","tintindex":0.0}}},{"from":[3.5,4.0,12.5],"to":[12.5,9.0,14.5],"rotation":{"angle":0.0,"axis":"y","origin":[0.5,0.0,-1.5]},"faces":{"north":{"uv":[11.375,6.875,11.5,7.0],"texture":"#0"},"east":{"uv":[11.875,6.125,12.125,6.75],"texture":"#0"},"south":{"uv":[11.875,6.75,13.0,7.375],"texture":"#0"},"west":{"uv":[12.125,6.125,11.875,6.75],"texture":"#0"},"up":{"uv":[11.875,7.375,13.0,7.625],"texture":"#0"},"down":{"uv":[11.375,6.875,11.5,7.0],"texture":"#0"}}},{"name":"cube inverted","from":[12.5,13.0,12.5],"to":[3.5,2.0,3.5],"rotation":{"angle":0.0,"axis":"y","origin":[0.5,0.0,-1.5]},"faces":{"north":{"uv":[9.625,8.75,10.75,7.375],"texture":"#0"},"east":{"uv":[10.75,7.25,9.625,5.875],"texture":"#0"},"south":{"uv":[10.75,7.25,11.875,5.875],"texture":"#0"},"west":{"uv":[9.625,7.25,10.75,5.875],"texture":"#0"},"up":{"uv":[4.375,9.75,4.25,9.875],"texture":"#0"},"down":{"uv":[11.875,7.375,10.75,8.5],"texture":"#0"}}},{"name":"cube inverted","from":[9.5,16.0,15.5],"to":[6.5,14.0,5.5],"rotation":{"angle":0.0,"axis":"y","origin":[0.5,1.0,-0.5]},"faces":{"north":{"uv":[12.25,8.625,11.875,8.375],"texture":"#0"},"east":{"uv":[13.125,8.0,11.875,7.75],"texture":"#0"},"south":{"uv":[13.125,8.0,13.5,7.75],"texture":"#0"},"west":{"uv":[11.875,8.0,13.125,7.75],"texture":"#0"},"up":{"uv":[9.25,6.5,9.625,7.75],"texture":"#0"},"down":{"uv":[13.375,6.5,13.0,7.75],"texture":"#0"}}},{"name":"cube inverted","from":[12.5,9.0,14.5],"to":[3.5,4.0,12.5],"rotation":{"angle":0.0,"axis":"y","origin":[0.5,0.0,-1.5]},"faces":{"north":{"uv":[11.875,7.375,13.0,6.75],"texture":"#0"},"east":{"uv":[12.125,6.75,11.875,6.125],"texture":"#0"},"south":{"uv":[11.375,7.0,11.5,6.875],"texture":"#0"},"west":{"uv":[11.875,6.75,12.125,6.125],"texture":"#0"},"up":{"uv":[11.5,6.875,11.375,7.0],"texture":"#0"},"down":{"uv":[13.0,7.375,11.875,7.625],"texture":"#0"}}},{"name":"cube inverted","from":[12.5,2.0,5.5],"to":[3.5,1.0,3.5],"rotation":{"angle":0.0,"axis":"y","origin":[0.5,0.0,-1.5]},"faces":{"north":{"uv":[11.25,8.875,11.375,8.75],"texture":"#0"},"east":{"uv":[10.75,8.875,11.0,8.75],"texture":"#0"},"south":{"uv":[10.75,8.75,11.875,8.625],"texture":"#0"},"west":{"uv":[10.75,8.875,11.0,8.75],"texture":"#0"},"up":{"uv":[11.375,8.75,11.25,8.875],"texture":"#0"},"down":{"uv":[11.375,8.75,11.25,8.875],"texture":"#0"}}},{"name":"cube inverted","from":[12.6,13.35,10.1],"to":[3.4,9.15,2.9],"rotation":{"angle":22.5,"axis":"x","origin":[8.0,11.75,6.0]},"faces":{"north":{"uv":[11.0,5.375,11.125,5.25],"texture":"#0"},"east":{"uv":[10.25,5.25,9.375,4.75],"texture":"#0"},"south":{"uv":[10.25,5.25,11.375,4.75],"texture":"#0"},"west":{"uv":[9.375,5.25,10.25,4.75],"texture":"#0"},"up":{"uv":[11.125,5.25,11.0,5.375],"texture":"#0"},"down":{"uv":[11.125,5.25,11.0,5.375],"texture":"#0"}}}],"gui_light":"front","display":{"thirdperson_righthand":{"rotation":[55.5,34.0,0.0],"translation":[0.0,1.0,0.75],"scale":[0.52539,0.52539,0.52539]},"thirdperson_lefthand":{"rotation":[55.5,34.0,0.0],"translation":[0.0,1.0,0.75],"scale":[0.52539,0.52539,0.52539]},"firstperson_righthand":{"rotation":[21.0,114.5,-13.75],"translation":[9.5,0.0,-5.75],"scale":[0.41992,0.41992,0.41992]},"firstperson_lefthand":{"rotation":[21.0,114.5,-13.75],"translation":[9.5,0.0,-5.75],"scale":[0.41992,0.41992,0.41992]},"gui":{"rotation":[-149.61,-31.92,-180.0],"translation":[0.25,-2.25,0.0],"scale":[0.60937,0.60937,0.60937]},"head":{"translation":[0.0,0.25,0.0],"scale":[1.66836,1.66836,1.66836]}}}