{
 "parent": "item/generated",
 "textures": {
  "layer0": "item/leather_horse_armor"
 },
 
 "overrides": [
  {"predicate": {"custom_model_data":1}, "model": "block/custom/witch_hat"},
  {"predicate": {"custom_model_data":2}, "model": "block/custom/witch_hat_nightfall"},
  {"predicate": {"custom_model_data":3}, "model": "block/custom/army_helmet"},
  {"predicate": {"custom_model_data":4}, "model": "block/custom/bandana"},
  {"predicate": {"custom_model_data":5}, "model": "block/custom/cat_ears"},
  {"predicate": {"custom_model_data":6}, "model": "block/custom/detective"},
  {"predicate": {"custom_model_data":7}, "model": "block/custom/gaming_headphones"},
  {"predicate": {"custom_model_data":8}, "model": "block/custom/gas_mask"},
  {"predicate": {"custom_model_data":9}, "model": "block/custom/goggles"},
  {"predicate": {"custom_model_data":10}, "model": "block/custom/halo"},
  {"predicate": {"custom_model_data":11}, "model": "block/custom/hard_hat"},
  {"predicate": {"custom_model_data":12}, "model": "block/custom/jester"},
  {"predicate": {"custom_model_data":13}, "model": "block/custom/kitsune_mask"},
  {"predicate": {"custom_model_data":14}, "model": "block/custom/mobster_hat"},
  {"predicate": {"custom_model_data":15}, "model": "block/custom/night_vision"},
  {"predicate": {"custom_model_data":16}, "model": "block/custom/party_hat"},
  {"predicate": {"custom_model_data":17}, "model": "block/custom/pirate_hat"},
  {"predicate": {"custom_model_data":18}, "model": "block/custom/plague_doctor"},
  {"predicate": {"custom_model_data":19}, "model": "block/custom/police_cap"},
  {"predicate": {"custom_model_data":20}, "model": "block/custom/shades"},
  {"predicate": {"custom_model_data":21}, "model": "block/custom/surgical_mask"},
  {"predicate": {"custom_model_data":22}, "model": "block/custom/toadstool"},
  {"predicate": {"custom_model_data":23}, "model": "block/custom/top_hat"},
  {"predicate": {"custom_model_data":24}, "model": "block/custom/wizard_hat"},
  {"predicate": {"custom_model_data":25}, "model": "block/custom/wicked_horns"},
  {"predicate": {"custom_model_data":26}, "model": "block/custom/hard_hat_headlight"},
  {"predicate": {"custom_model_data":27}, "model": "block/custom/hard_hat_miner"},
  {"predicate": {"custom_model_data":28}, "model": "block/custom/party_hat_striped"},
  {"predicate": {"custom_model_data":29}, "model": "block/custom/shades_anime"},
  {"predicate": {"custom_model_data":30}, "model": "block/custom/shades_cool"}
 ]
}