{"textures":{"0":"mcc:island_cosmetics/general/hat/mellowhead/mellowhead","1":"mcc:island_cosmetics/general/hat/mellowhead/cracker","2":"mcc:island_cosmetics/general/hat/mellowhead/smore","3":"mcc:island_cosmetics/general/hat/mellowhead/mellowhead_anim","5":"mcc:island_cosmetics/general/hat/mellowhead/embers","particle":"mcc:island_cosmetics/general/hat/mellowhead/mellowhead"},"elements":[{"from":[2.0,1.0,2.0],"to":[14.0,12.0,14.0],"rotation":{"angle":0.0,"axis":"y","origin":[8.0,6.5,8.0]},"faces":{"north":{"uv":[0.0,0.0,6.0,5.5],"texture":"#2"},"east":{"uv":[0.0,0.0,6.0,5.5],"texture":"#2"},"south":{"uv":[0.0,0.0,6.0,5.5],"texture":"#2"},"west":{"uv":[0.0,0.0,6.0,5.5],"texture":"#2"},"up":{"uv":[0.0,6.5,6.0,12.5],"texture":"#0"},"down":{"uv":[6.0,0.0,12.0,6.0],"texture":"#0"}}},{"from":[1.7,0.7,1.7],"to":[14.3,6.3,14.3],"rotation":{"angle":0.0,"axis":"y","origin":[8.0,6.5,8.0]},"faces":{"north":{"uv":[0.0,5.5,6.0,8.0],"texture":"#2"},"east":{"uv":[0.0,8.0,6.0,10.5],"texture":"#2"},"west":{"uv":[6.0,8.0,0.0,10.5],"texture":"#2"}}},{"from":[1.8,0.8,1.8],"to":[14.2,11.2,14.2],"rotation":{"angle":0.0,"axis":"y","origin":[8.0,6.5,8.0]},"faces":{"north":{"uv":[10.0,7.0,16.0,12.0],"texture":"#3"},"east":{"uv":[6.0,5.0,12.0,10.0],"texture":"#2"},"south":{"uv":[0.0,11.0,6.0,16.0],"texture":"#2"},"west":{"uv":[6.0,11.0,12.0,16.0],"texture":"#2"}}},{"from":[0.5,11.0,0.5],"to":[15.5,13.0,15.5],"rotation":{"angle":0.0,"axis":"y","origin":[8.0,12.0,8.0]},"faces":{"north":{"uv":[0.0,0.0,7.5,1.0],"texture":"#1"},"east":{"uv":[0.0,0.0,7.5,1.0],"texture":"#1"},"south":{"uv":[0.0,0.0,7.5,1.0],"texture":"#1"},"west":{"uv":[0.0,0.0,7.5,1.0],"texture":"#1"},"up":{"uv":[0.0,1.0,7.5,8.5],"texture":"#1"},"down":{"uv":[7.5,0.0,15.0,7.5],"texture":"#1"}}},{"from":[0.5,-1.0,0.5],"to":[15.5,1.0,15.5],"rotation":{"angle":0.0,"axis":"y","origin":[8.0,16.0,8.0]},"faces":{"north":{"uv":[0.0,1.0,7.5,0.0],"texture":"#1"},"east":{"uv":[0.0,1.0,7.5,0.0],"texture":"#1"},"south":{"uv":[0.0,1.0,7.5,0.0],"texture":"#1"},"west":{"uv":[0.0,1.0,7.5,0.0],"texture":"#1"},"up":{"uv":[7.5,7.5,15.0,0.0],"texture":"#1"},"down":{"uv":[0.0,8.5,7.5,1.0],"texture":"#1"}}},{"from":[5.0,-3.75,0.0],"to":[16.0,1.25,2.0],"faces":{"north":{"uv":[5.5,0.0,11.0,2.5],"texture":"#3"},"up":{"uv":[11.0,0.5,5.5,0.0],"texture":"#3"}}},{"from":[0.0,-3.75,14.0],"to":[11.0,1.25,16.0],"rotation":{"angle":0.0,"axis":"y","origin":[16.0,0.0,16.0]},"faces":{"south":{"uv":[5.5,0.0,11.0,2.5],"texture":"#3"},"up":{"uv":[5.5,0.0,11.0,0.5],"texture":"#3"}}},{"from":[0.0,9.0,0.0],"to":[3.0,17.0,3.0],"faces":{"north":{"uv":[14.5,0.0,16.0,4.0],"texture":"#3"},"east":{"uv":[14.5,0.0,16.0,4.0],"texture":"#3"},"south":{"uv":[14.5,0.0,16.0,4.0],"texture":"#3"},"west":{"uv":[14.5,0.0,16.0,4.0],"texture":"#3"},"down":{"uv":[14.5,4.0,16.0,5.5],"texture":"#3"}}},{"from":[5.0,4.0,13.0],"to":[8.0,12.0,16.0],"faces":{"north":{"uv":[14.5,0.0,16.0,4.0],"texture":"#3"},"east":{"uv":[14.5,0.0,16.0,4.0],"texture":"#3"},"south":{"uv":[14.5,0.0,16.0,4.0],"texture":"#3"},"west":{"uv":[14.5,0.0,16.0,4.0],"texture":"#3"},"down":{"uv":[14.5,4.0,16.0,5.5],"texture":"#3"}}},{"from":[14.0,0.0,6.0],"to":[17.0,8.0,9.0],"faces":{"north":{"uv":[14.5,0.0,16.0,4.0],"texture":"#3"},"east":{"uv":[14.5,0.0,16.0,4.0],"texture":"#3"},"south":{"uv":[14.5,0.0,16.0,4.0],"texture":"#3"},"west":{"uv":[14.5,0.0,16.0,4.0],"texture":"#3"},"down":{"uv":[14.5,4.0,16.0,5.5],"texture":"#3"}}},{"from":[14.7,11.7,14.7],"to":[1.3,0.3,1.3],"rotation":{"angle":0.0,"axis":"y","origin":[8.0,6.5,8.0]},"faces":{"north":{"uv":[15.5,6.0,16.0,6.5],"texture":"#3"},"east":{"uv":[15.5,6.0,16.0,6.5],"texture":"#3"},"south":{"uv":[15.5,6.0,16.0,6.5],"texture":"#3"},"west":{"uv":[15.5,6.0,16.0,6.5],"texture":"#3"},"up":{"uv":[15.5,6.0,16.0,6.5],"texture":"#3"},"down":{"uv":[15.5,6.0,16.0,6.5],"texture":"#3"}}},{"from":[16.0,1.5,16.0],"to":[0.0,-1.5,0.0],"rotation":{"angle":0.0,"axis":"y","origin":[8.0,16.0,8.0]},"faces":{"north":{"uv":[15.5,6.0,16.0,6.5],"texture":"#3"},"east":{"uv":[15.5,6.0,16.0,6.5],"texture":"#3"},"south":{"uv":[15.5,6.0,16.0,6.5],"texture":"#3"},"west":{"uv":[15.5,6.0,16.0,6.5],"texture":"#3"},"up":{"uv":[15.5,6.0,16.0,6.5],"texture":"#3"}}},{"from":[16.0,13.5,16.0],"to":[0.0,10.5,0.0],"rotation":{"angle":0.0,"axis":"y","origin":[8.0,12.0,8.0]},"faces":{"north":{"uv":[15.5,6.0,16.0,6.5],"texture":"#3"},"east":{"uv":[15.5,6.0,16.0,6.5],"texture":"#3"},"south":{"uv":[15.5,6.0,16.0,6.5],"texture":"#3"},"west":{"uv":[15.5,6.0,16.0,6.5],"texture":"#3"},"down":{"uv":[15.5,6.0,16.0,6.5],"texture":"#3"}}},{"from":[16.5,14.0,16.5],"to":[-0.5,10.0,-0.5],"rotation":{"angle":0.0,"axis":"y","origin":[8.0,12.0,8.0]},"faces":{"north":{"uv":[15.0,6.0,15.5,6.5],"texture":"#3"},"east":{"uv":[15.0,6.0,15.5,6.5],"texture":"#3"},"south":{"uv":[15.0,6.0,15.5,6.5],"texture":"#3"},"west":{"uv":[15.0,6.0,15.5,6.5],"texture":"#3"},"down":{"uv":[15.0,6.0,15.5,6.5],"texture":"#3"}}},{"from":[15.0,12.0,15.0],"to":[1.0,0.0,1.0],"rotation":{"angle":0.0,"axis":"y","origin":[8.0,6.5,8.0]},"faces":{"north":{"uv":[15.0,6.0,15.5,6.5],"texture":"#3"},"east":{"uv":[15.0,6.0,15.5,6.5],"texture":"#3"},"south":{"uv":[15.0,6.0,15.5,6.5],"texture":"#3"},"west":{"uv":[15.0,6.0,15.5,6.5],"texture":"#3"},"up":{"uv":[15.0,6.0,15.5,6.5],"texture":"#3"},"down":{"uv":[15.0,6.0,15.5,6.5],"texture":"#3"}}},{"from":[16.5,2.0,16.5],"to":[-0.5,-2.0,-0.5],"rotation":{"angle":0.0,"axis":"y","origin":[8.0,16.0,8.0]},"faces":{"north":{"uv":[15.0,6.0,15.5,6.5],"texture":"#3"},"east":{"uv":[15.0,6.0,15.5,6.5],"texture":"#3"},"south":{"uv":[15.0,6.0,15.5,6.5],"texture":"#3"},"west":{"uv":[15.0,6.0,15.5,6.5],"texture":"#3"},"up":{"uv":[15.0,6.0,15.5,6.5],"texture":"#3"}}},{"from":[8.0,12.0,16.0],"to":[5.0,4.0,13.0],"faces":{"north":{"uv":[14.5,4.0,16.0,0.0],"texture":"#3"},"east":{"uv":[14.5,4.0,16.0,0.0],"texture":"#3"},"south":{"uv":[14.5,4.0,16.0,0.0],"texture":"#3"},"west":{"uv":[14.5,4.0,16.0,0.0],"texture":"#3"},"up":{"uv":[16.0,4.0,14.5,5.5],"texture":"#3"}}},{"from":[17.0,8.0,9.0],"to":[14.0,0.0,6.0],"faces":{"north":{"uv":[14.5,4.0,16.0,0.0],"texture":"#3"},"east":{"uv":[14.5,4.0,16.0,0.0],"texture":"#3"},"south":{"uv":[14.5,4.0,16.0,0.0],"texture":"#3"},"west":{"uv":[14.5,4.0,16.0,0.0],"texture":"#3"},"up":{"uv":[16.0,4.0,14.5,5.5],"texture":"#3"}}},{"from":[3.0,17.0,3.0],"to":[0.0,9.0,0.0],"faces":{"north":{"uv":[14.5,4.0,16.0,0.0],"texture":"#3"},"east":{"uv":[14.5,4.0,16.0,0.0],"texture":"#3"},"south":{"uv":[14.5,4.0,16.0,0.0],"texture":"#3"},"west":{"uv":[14.5,4.0,16.0,0.0],"texture":"#3"},"up":{"uv":[16.0,4.0,14.5,5.5],"texture":"#3"}}},{"from":[14.5,3.0,8.0],"to":[21.5,6.0,8.0],"rotation":{"angle":0.0,"axis":"y","origin":[17.5,12.0,7.5]},"faces":{"north":{"uv":[0.0,1.0,7.0,4.0],"texture":"#5"},"east":{"uv":[11.625,1.625,11.75,1.75],"texture":"#5"},"south":{"uv":[7.0,1.0,0.0,4.0],"texture":"#5"},"west":{"uv":[11.625,1.625,11.75,1.75],"texture":"#5"},"up":{"uv":[11.625,1.625,11.75,1.75],"texture":"#5"},"down":{"uv":[11.625,1.625,11.75,1.75],"texture":"#5"}}},{"from":[23.75,2.25,0.0],"to":[30.75,5.25,0.0],"rotation":{"angle":45.0,"axis":"y","origin":[21.0,24.5,12.0]},"faces":{"north":{"uv":[9.0,5.0,16.0,8.0],"texture":"#5"},"east":{"uv":[11.625,1.625,11.75,1.75],"texture":"#5"},"south":{"uv":[16.0,5.0,9.0,8.0],"texture":"#5"},"west":{"uv":[11.625,1.625,11.75,1.75],"texture":"#5"},"up":{"uv":[11.625,1.625,11.75,1.75],"texture":"#5"},"down":{"uv":[11.625,1.625,11.75,1.75],"texture":"#5"}}},{"from":[17.5,7.0,18.0],"to":[24.5,10.0,18.0],"rotation":{"angle":-45.0,"axis":"y","origin":[21.0,24.5,12.0]},"faces":{"north":{"uv":[9.0,5.0,16.0,8.0],"texture":"#5"},"east":{"uv":[11.625,1.625,11.75,1.75],"texture":"#5"},"south":{"uv":[16.0,5.0,9.0,8.0],"texture":"#5"},"west":{"uv":[11.625,1.625,11.75,1.75],"texture":"#5"},"up":{"uv":[11.625,1.625,11.75,1.75],"texture":"#5"},"down":{"uv":[11.625,1.625,11.75,1.75],"texture":"#5"}}},{"from":[-8.5,2.0,18.0],"to":[-1.5,5.0,18.0],"rotation":{"angle":45.0,"axis":"y","origin":[-5.0,24.5,12.0]},"faces":{"north":{"uv":[16.0,5.0,9.0,8.0],"texture":"#5"},"east":{"uv":[11.75,1.625,11.625,1.75],"texture":"#5"},"south":{"uv":[9.0,5.0,16.0,8.0],"texture":"#5"},"west":{"uv":[11.75,1.625,11.625,1.75],"texture":"#5"},"up":{"uv":[11.75,1.625,11.625,1.75],"texture":"#5"},"down":{"uv":[11.75,1.625,11.625,1.75],"texture":"#5"}}},{"from":[-8.5,2.0,4.0],"to":[-1.5,5.0,4.0],"rotation":{"angle":-45.0,"axis":"y","origin":[1.0,5.5,8.0]},"faces":{"north":{"uv":[16.0,1.0,9.0,4.0],"texture":"#5"},"east":{"uv":[11.75,1.625,11.625,1.75],"texture":"#5"},"south":{"uv":[9.0,1.0,16.0,4.0],"texture":"#5"},"west":{"uv":[11.75,1.625,11.625,1.75],"texture":"#5"},"up":{"uv":[11.75,1.625,11.625,1.75],"texture":"#5"},"down":{"uv":[11.75,1.625,11.625,1.75],"texture":"#5"}}},{"from":[-7.5,8.0,6.0],"to":[-0.5,11.0,6.0],"rotation":{"angle":0.0,"axis":"y","origin":[3.5,1.0,3.5]},"faces":{"north":{"uv":[8.0,5.0,1.0,8.0],"texture":"#5"},"east":{"uv":[11.75,1.625,11.625,1.75],"texture":"#5"},"south":{"uv":[1.0,5.0,8.0,8.0],"texture":"#5"},"west":{"uv":[11.75,1.625,11.625,1.75],"texture":"#5"},"up":{"uv":[11.75,1.625,11.625,1.75],"texture":"#5"},"down":{"uv":[11.75,1.625,11.625,1.75],"texture":"#5"}}}],"display":{"thirdperson_righthand":{"translation":[0.0,1.0,-1.0],"rotation":[63.0,34.0,0.0],"scale":[0.52539,0.52539,0.52539]},"thirdperson_lefthand":{"translation":[0.0,1.0,-1.0],"rotation":[63.0,34.0,0.0],"scale":[0.52539,0.52539,0.52539]},"firstperson_righthand":{"translation":[9.5,0.0,-5.75],"rotation":[3.0,112.0,-13.0],"scale":[0.41992,0.41992,0.41992]},"firstperson_lefthand":{"translation":[9.5,0.0,-5.75],"rotation":[3.0,112.0,-13.0],"scale":[0.41992,0.41992,0.41992]},"ground":{"translation":[0.0,4.25,0.0],"scale":[0.28906,0.28906,0.28906]},"gui":{"translation":[0.0,1.5,0.0],"rotation":[-149.61,-31.92,-180.0],"scale":[0.71679,0.71679,0.71679]},"head":{"translation":[0.0,5.75,-0.75],"rotation":[-1.39,0.08,-0.48],"scale":[1.6,1.6,1.6]},"fixed":{"translation":[0.0,-3.25,-7.5]}},"credit":"Made with Blockbench","gui_light":"front"}