{"textures":{"1":"mcc:island_cosmetics/head_variant/head_3_extra","particle":"mcc:island_cosmetics/head/head_3"},"credit":"Made with Blockbench","texture_size":[128.0,128.0],"elements":[{"from":[3.5,-1.0,3.5],"to":[12.5,9.0,8.5],"rotation":{"angle":0.0,"axis":"x","origin":[7.5,9.5,7.5]},"faces":{"north":{"uv":[4.5,7.125,5.625,8.375],"texture":"#1"},"east":{"uv":[6.25,7.125,5.625,8.375],"texture":"#1"},"south":{"uv":[9.125,3.0,9.25,3.125],"texture":"#1"},"west":{"uv":[5.625,7.125,6.25,8.375],"texture":"#1"},"up":{"uv":[5.25,6.375,6.375,7.0],"texture":"#1"},"down":{"uv":[4.0,8.375,5.125,9.0],"texture":"#1"}}},{"from":[3.5,-1.0,8.5],"to":[12.5,9.0,12.5],"rotation":{"angle":0.0,"axis":"x","origin":[7.5,9.5,7.5]},"faces":{"north":{"uv":[0.25,7.125,0.375,7.25],"texture":"#1"},"east":{"uv":[2.875,7.125,2.375,8.375],"texture":"#1"},"south":{"uv":[0.0,9.0,1.125,10.25],"texture":"#1"},"west":{"uv":[2.375,7.125,2.875,8.375],"texture":"#1"},"up":{"uv":[2.375,7.125,2.875,8.25],"rotation":90.0,"texture":"#1"},"down":{"uv":[0.25,7.125,0.375,7.25],"texture":"#1"}}},{"from":[5.5,-0.25,-5.0],"to":[10.5,3.75,0.0],"rotation":{"angle":-22.5,"axis":"x","origin":[5.5,2.25,-0.5]},"faces":{"north":{"uv":[4.625,6.5,5.25,7.0],"rotation":180.0,"texture":"#1"},"east":{"uv":[5.5,5.25,4.875,5.75],"rotation":180.0,"texture":"#1"},"south":{"uv":[8.625,2.625,8.75,2.75],"texture":"#1"},"west":{"uv":[4.875,5.25,5.5,5.75],"rotation":180.0,"texture":"#1"},"up":{"uv":[4.0,6.5,4.625,7.125],"rotation":180.0,"texture":"#1"},"down":{"uv":[6.0,8.375,6.625,9.0],"texture":"#1"}}},{"from":[8.0,1.25,-9.0],"to":[8.0,5.25,-4.0],"rotation":{"angle":-45.0,"axis":"x","origin":[5.5,2.25,-0.5]},"faces":{"north":{"uv":[4.625,11.875,5.25,12.375],"rotation":180.0,"texture":"#1"},"east":{"uv":[6.25,5.25,5.625,5.75],"rotation":180.0,"texture":"#1"},"south":{"uv":[8.625,2.625,8.75,2.75],"texture":"#1"},"west":{"uv":[5.625,5.25,6.25,5.75],"rotation":180.0,"texture":"#1"},"up":{"uv":[4.0,11.875,4.625,12.625],"rotation":180.0,"texture":"#1"},"down":{"uv":[8.125,3.25,8.75,3.75],"rotation":90.0,"texture":"#1"}}},{"from":[4.49,-1.01,-1.51],"to":[11.51,4.01,3.51],"rotation":{"angle":0.0,"axis":"x","origin":[8.0,2.0,0.0]},"faces":{"north":{"uv":[4.0,5.875,4.875,6.5],"rotation":180.0,"texture":"#1"},"east":{"uv":[4.625,5.25,4.0,5.875],"rotation":180.0,"texture":"#1"},"south":{"uv":[4.0,8.375,4.125,8.5],"rotation":90.0,"texture":"#1"},"west":{"uv":[4.0,5.25,4.625,5.875],"rotation":180.0,"texture":"#1"},"up":{"uv":[4.875,5.75,5.75,6.375],"rotation":180.0,"texture":"#1"},"down":{"uv":[5.125,8.375,6.0,9.0],"texture":"#1"}}},{"from":[9.36194,3.4,2.09134],"to":[13.56194,7.6,3.29134],"rotation":{"angle":-45.0,"axis":"y","origin":[10.96194,5.5,3.19134]},"faces":{"north":{"uv":[0.0,7.25,0.5,7.75],"texture":"#1"},"east":{"uv":[0.375,7.25,0.5,7.75],"texture":"#1"},"south":{"uv":[1.875,4.75,1.375,5.25],"texture":"#1"},"west":{"uv":[0.375,7.25,0.5,7.75],"texture":"#1"},"up":{"uv":[0.0,7.25,0.5,7.375],"texture":"#1"},"down":{"uv":[0.0,7.625,0.5,7.75],"texture":"#1"}}},{"from":[9.46194,3.5,2.19134],"to":[13.46194,7.5,5.19134],"rotation":{"angle":-45.0,"axis":"y","origin":[10.96194,5.5,3.19134]},"faces":{"north":{"uv":[0.5,13.125,0.0,13.625],"texture":"#particle"},"east":{"uv":[7.875,6.625,7.5,7.125],"texture":"#1"},"south":{"uv":[7.5,6.875,7.625,7.0],"texture":"#1"},"west":{"uv":[7.5,6.625,7.875,7.125],"texture":"#1"},"up":{"uv":[7.875,7.125,7.5,6.625],"rotation":270.0,"texture":"#1"},"down":{"uv":[7.5,6.625,7.875,7.125],"rotation":270.0,"texture":"#1"}}},{"from":[2.53806,3.5,2.19134],"to":[6.53806,7.5,5.19134],"rotation":{"angle":45.0,"axis":"y","origin":[5.03806,5.5,3.19134]},"faces":{"north":{"uv":[0.5,13.125,0.0,13.625],"texture":"#particle"},"east":{"uv":[7.875,6.625,7.5,7.125],"texture":"#1"},"south":{"uv":[7.625,6.875,7.5,7.0],"texture":"#1"},"west":{"uv":[7.5,6.625,7.875,7.125],"texture":"#1"},"up":{"uv":[7.875,6.625,7.5,7.125],"rotation":270.0,"texture":"#1"},"down":{"uv":[7.5,7.125,7.875,6.625],"rotation":270.0,"texture":"#1"}}},{"from":[2.43806,3.4,2.09134],"to":[6.63806,7.6,3.29134],"rotation":{"angle":45.0,"axis":"y","origin":[5.03806,5.5,3.19134]},"faces":{"north":{"uv":[0.5,7.25,0.0,7.75],"texture":"#1"},"east":{"uv":[0.5,7.25,0.375,7.75],"texture":"#1"},"south":{"uv":[1.375,4.75,1.875,5.25],"texture":"#1"},"west":{"uv":[0.5,7.25,0.375,7.75],"texture":"#1"},"up":{"uv":[0.5,7.25,0.0,7.375],"texture":"#1"},"down":{"uv":[0.5,7.625,0.0,7.75],"texture":"#1"}}},{"from":[9.01257,-2.07591,2.48],"to":[13.61257,7.12409,14.44],"rotation":{"angle":22.5,"axis":"z","origin":[8.0,7.80806,11.91604]},"faces":{"north":{"uv":[8.75,8.5,8.125,9.75],"texture":"#1","tintindex":0.0},"east":{"uv":[8.75,7.125,10.375,8.375],"texture":"#1","tintindex":0.0},"south":{"uv":[9.625,8.375,9.0,9.625],"texture":"#1","tintindex":0.0},"west":{"uv":[7.25,9.0,7.375,9.125],"texture":"#1","tintindex":0.0},"up":{"uv":[7.25,9.0,7.375,9.125],"texture":"#1","tintindex":0.0},"down":{"uv":[10.25,8.375,9.625,10.0],"texture":"#1","tintindex":0.0}}},{"from":[2.38743,-2.07591,2.48],"to":[6.98743,7.12409,14.44],"rotation":{"angle":-22.5,"axis":"z","origin":[8.0,7.80806,11.91604]},"faces":{"north":{"uv":[8.125,8.5,8.75,9.75],"texture":"#1","tintindex":0.0},"east":{"uv":[7.375,9.0,7.25,9.125],"texture":"#1","tintindex":0.0},"south":{"uv":[9.0,8.375,9.625,9.625],"texture":"#1","tintindex":0.0},"west":{"uv":[10.375,7.125,8.75,8.375],"texture":"#1","tintindex":0.0},"up":{"uv":[7.375,9.0,7.25,9.125],"texture":"#1","tintindex":0.0},"down":{"uv":[9.625,8.375,10.25,10.0],"texture":"#1","tintindex":0.0}}},{"from":[2.4708,-1.6192,2.4708],"to":[13.5292,11.2792,14.4492],"rotation":{"angle":0.0,"axis":"x","origin":[8.0,7.80806,11.91604]},"faces":{"north":{"uv":[8.125,8.375,6.625,10.125],"texture":"#1","tintindex":0.0},"east":{"uv":[11.875,8.375,10.25,10.125],"texture":"#1","tintindex":0.0},"south":{"uv":[13.375,8.375,11.875,10.125],"texture":"#1","tintindex":0.0},"west":{"uv":[10.25,8.375,11.875,10.125],"texture":"#1","tintindex":0.0},"up":{"uv":[14.875,8.375,13.375,10.0],"texture":"#1","tintindex":0.0},"down":{"uv":[11.875,6.75,10.375,8.375],"texture":"#1","tintindex":0.0}}},{"from":[6.16,10.07434,12.57596],"to":[9.84,11.91434,15.33596],"rotation":{"angle":22.5,"axis":"x","origin":[8.0,6.88806,11.91604]},"faces":{"north":{"uv":[12.125,8.25,12.25,8.375],"texture":"#1","tintindex":0.0},"east":{"uv":[14.0,8.0,13.625,8.25],"texture":"#1","tintindex":0.0},"south":{"uv":[13.5,8.0,13.0,8.25],"texture":"#1","tintindex":0.0},"west":{"uv":[13.625,8.0,14.0,8.25],"texture":"#1","tintindex":0.0},"up":{"uv":[12.5,7.875,12.0,8.25],"texture":"#1","tintindex":0.0},"down":{"uv":[13.0,7.875,12.5,8.25],"texture":"#1","tintindex":0.0}}},{"name":"cube inverted","from":[12.5,9.0,12.5],"to":[3.5,-1.0,8.5],"rotation":{"angle":0.0,"axis":"x","origin":[7.5,9.5,7.5]},"faces":{"north":{"uv":[0.0,10.25,1.125,9.0],"texture":"#1"},"east":{"uv":[2.375,8.375,2.875,7.125],"texture":"#1"},"south":{"uv":[0.25,7.25,0.375,7.125],"texture":"#1"},"west":{"uv":[2.875,8.375,2.375,7.125],"texture":"#1"},"up":{"uv":[0.375,7.125,0.25,7.25],"texture":"#1"},"down":{"uv":[2.375,8.25,2.875,7.125],"rotation":90.0,"texture":"#1"}}},{"name":"cube inverted","from":[12.14,8.28,8.46],"to":[3.86,-0.92,3.86],"rotation":{"angle":0.0,"axis":"x","origin":[7.54,8.74,7.54]},"faces":{"north":{"uv":[9.125,3.125,9.25,3.0],"texture":"#1"},"east":{"uv":[5.625,8.375,6.25,7.125],"texture":"#1"},"south":{"uv":[4.5,8.375,5.625,7.125],"texture":"#1"},"west":{"uv":[6.25,8.375,5.625,7.125],"texture":"#1"},"up":{"uv":[5.125,8.375,4.0,9.0],"texture":"#1"},"down":{"uv":[6.375,6.375,5.25,7.0],"texture":"#1"}}},{"name":"cube inverted","from":[6.98743,7.12409,14.44],"to":[2.38743,-2.07591,2.48],"rotation":{"angle":-22.5,"axis":"z","origin":[8.0,7.80806,11.91604]},"faces":{"north":{"uv":[9.0,9.625,9.625,8.375],"texture":"#1","tintindex":0.0},"east":{"uv":[10.375,8.375,8.75,7.125],"texture":"#1","tintindex":0.0},"south":{"uv":[8.125,9.75,8.75,8.5],"texture":"#1","tintindex":0.0},"west":{"uv":[7.375,9.125,7.25,9.0],"texture":"#1","tintindex":0.0},"up":{"uv":[10.25,8.375,9.625,10.0],"texture":"#1","tintindex":0.0},"down":{"uv":[7.25,9.0,7.375,9.125],"texture":"#1","tintindex":0.0}}},{"name":"cube inverted","from":[13.61257,7.12409,14.44],"to":[9.01257,-2.07591,2.48],"rotation":{"angle":22.5,"axis":"z","origin":[8.0,7.80806,11.91604]},"faces":{"north":{"uv":[9.625,9.625,9.0,8.375],"texture":"#1","tintindex":0.0},"east":{"uv":[7.25,9.125,7.375,9.0],"texture":"#1","tintindex":0.0},"south":{"uv":[8.75,9.75,8.125,8.5],"texture":"#1","tintindex":0.0},"west":{"uv":[8.75,8.375,10.375,7.125],"texture":"#1","tintindex":0.0},"up":{"uv":[9.625,8.375,10.25,10.0],"texture":"#1","tintindex":0.0},"down":{"uv":[7.375,9.0,7.25,9.125],"texture":"#1","tintindex":0.0}}},{"name":"cube inverted","from":[13.5292,11.2792,14.4492],"to":[2.4708,-1.6192,2.4708],"rotation":{"angle":0.0,"axis":"x","origin":[8.0,7.80806,11.91604]},"faces":{"north":{"uv":[13.375,10.125,11.875,8.375],"texture":"#1","tintindex":0.0},"east":{"uv":[10.25,10.125,11.875,8.375],"texture":"#1","tintindex":0.0},"south":{"uv":[8.125,10.125,6.625,8.375],"texture":"#1","tintindex":0.0},"west":{"uv":[11.875,10.125,10.25,8.375],"texture":"#1","tintindex":0.0},"up":{"uv":[10.375,6.75,11.875,8.375],"texture":"#1","tintindex":0.0},"down":{"uv":[13.375,8.375,14.875,10.0],"texture":"#1","tintindex":0.0}}}],"gui_light":"front","display":{"thirdperson_righthand":{"rotation":[55.5,34.0,0.0],"translation":[0.0,1.0,0.75],"scale":[0.52539,0.52539,0.52539]},"thirdperson_lefthand":{"rotation":[55.5,34.0,0.0],"translation":[0.0,1.0,0.75],"scale":[0.52539,0.52539,0.52539]},"firstperson_righthand":{"rotation":[21.0,114.5,-13.75],"translation":[9.5,0.0,-5.75],"scale":[0.41992,0.41992,0.41992]},"firstperson_lefthand":{"rotation":[21.0,114.5,-13.75],"translation":[9.5,0.0,-5.75],"scale":[0.41992,0.41992,0.41992]},"gui":{"rotation":[-156.2,-35.14,-178.33],"translation":[0.25,2.75,0.0],"scale":[0.65624,0.65624,0.65624]},"head":{"translation":[0.0,6.75,0.0],"scale":[1.62734,1.62734,1.62734]}}}