{
	"credit": "Made with Blockbench",
	"texture_size": [32, 32],
	"textures": {
		"0": "item/custom/aroaceflag",
		"particle": "item/custom/aroaceflag"
	},
	"elements": [
		{
			"from": [-4.65, 5.5, 9.7],
			"to": [-3.65, 23.5, 10.7],
			"rotation": {"angle": 45, "axis": "x", "origin": [3, 18, 15]},
			"faces": {
				"north": {"uv": [0, 0, 0.5, 9], "texture": "#0"},
				"east": {"uv": [0.5, 0, 1, 9], "texture": "#0"},
				"south": {"uv": [1, 0, 1.5, 9], "texture": "#0"},
				"west": {"uv": [1.5, 0, 2, 9], "texture": "#0"},
				"up": {"uv": [10, 8.5, 9.5, 8], "texture": "#0"},
				"down": {"uv": [10, 8.5, 9.5, 9], "texture": "#0"}
			}
		},
		{
			"from": [-4.75, 17.2, 14],
			"to": [-3.75, 23.2, 17],
			"rotation": {"angle": 45, "axis": "x", "origin": [3, 18, 15]},
			"faces": {
				"north": {"uv": [3, 6, 3.5, 9], "texture": "#0"},
				"east": {"uv": [2, 0, 3.5, 3], "texture": "#0"},
				"south": {"uv": [8.5, 6, 9, 9], "texture": "#0"},
				"west": {"uv": [2, 3, 3.5, 6], "texture": "#0"},
				"up": {"uv": [8, 10.5, 7.5, 9], "texture": "#0"},
				"down": {"uv": [8.5, 9, 8, 10.5], "texture": "#0"}
			}
		},
		{
			"from": [-4.35, 17.1, 17],
			"to": [-3.35, 23.1, 19],
			"rotation": {"angle": 45, "axis": "x", "origin": [3, 18, 15]},
			"faces": {
				"north": {"uv": [0, 9, 0.5, 12], "texture": "#0"},
				"east": {"uv": [2, 6, 3, 9], "texture": "#0"},
				"south": {"uv": [9, 0, 9.5, 3], "texture": "#0"},
				"west": {"uv": [5.5, 6, 6.5, 9], "texture": "#0"},
				"up": {"uv": [10, 1, 9.5, 0], "texture": "#0"},
				"down": {"uv": [10, 1, 9.5, 2], "texture": "#0"}
			}
		},
		{
			"from": [-4.45, 17.4, 12],
			"to": [-3.45, 23.4, 14],
			"rotation": {"angle": 45, "axis": "x", "origin": [3, 18, 15]},
			"faces": {
				"north": {"uv": [0.5, 9, 1, 12], "texture": "#0"},
				"east": {"uv": [6.5, 6, 7.5, 9], "texture": "#0"},
				"south": {"uv": [1, 9, 1.5, 12], "texture": "#0"},
				"west": {"uv": [7, 0, 8, 3], "texture": "#0"},
				"up": {"uv": [10, 3, 9.5, 2], "texture": "#0"},
				"down": {"uv": [10, 3, 9.5, 4], "texture": "#0"}
			}
		},
		{
			"from": [-4.35, 17, 10.7],
			"to": [-3.35, 23, 12],
			"rotation": {"angle": 45, "axis": "x", "origin": [3, 18, 15]},
			"faces": {
				"north": {"uv": [1.5, 9, 2, 12], "texture": "#0"},
				"east": {"uv": [2, 9, 2.5, 12], "texture": "#0"},
				"south": {"uv": [2.5, 9, 3, 12], "texture": "#0"},
				"west": {"uv": [3, 9, 3.5, 12], "texture": "#0"},
				"up": {"uv": [10, 9.5, 9.5, 9], "texture": "#0"},
				"down": {"uv": [10, 9.5, 9.5, 10], "texture": "#0"}
			}
		}
	],
	"gui_light": "front",
	"display": {
		"thirdperson_righthand": {
			"rotation": [70, 180, 0],
			"translation": [-10, 0, -3.75],
			"scale": [0.81, 0.66, 0.58]
		},
		"thirdperson_lefthand": {
			"rotation": [70, 180, 0],
			"translation": [9.75, 0, -3.75],
			"scale": [0.81, 0.66, 0.58]
		},
		"firstperson_righthand": {
			"rotation": [40, -180, 0],
			"translation": [-9.5, -7, -5]
		},
		"firstperson_lefthand": {
			"rotation": [40, -180, 0],
			"translation": [15, -7, -5]
		},
		"ground": {
			"translation": [7, -4, -4],
			"scale": [0.65, 0.64, 0.65]
		},
		"gui": {
			"rotation": [-140, 64.73, 151.42],
			"translation": [-4.5, -6.25, 3.25],
			"scale": [0.78, 0.75, 0.77]
		},
		"head": {
			"rotation": [7, 0, 0],
			"translation": [11.5, -5.25, 3.75],
			"scale": [0.94, 1, 1]
		},
		"fixed": {
			"rotation": [0, -90, 0],
			"translation": [4, -10.5, 13],
			"scale": [1.04, 1.04, 1.04]
		}
	},
	"groups": [
		{
			"name": "Flag",
			"origin": [8, 8, 8],
			"color": 0,
			"children": [
				{
					"name": "Flag2",
					"origin": [0, 0, 0],
					"color": 0,
					"children": [0, 1, 2, 3, 4]
				}
			]
		}
	]
}