{
	"credit": "Made with Blockbench",
	"texture_size": [128, 128],
	"textures": {
		"0": "mcc:island_cosmetics/head/head_2",
		"particle": "mcc:island_cosmetics/head/head_2"
	},
	"elements": [
		{
			"from": [3, 7, 5],
			"to": [6, 10, 6],
			"rotation": {"angle": 22.5, "axis": "z", "origin": [5.125, 8.25, 5.375]},
			"faces": {
				"north": {"uv": [8.625, 3.625, 9, 4], "texture": "#0", "tintindex": 0},
				"east": {"uv": [9.25, 3.625, 9.375, 4], "texture": "#0", "tintindex": 0},
				"south": {"uv": [9, 3.625, 9.375, 4], "texture": "#0", "tintindex": 0},
				"west": {"uv": [9, 3.625, 9.125, 4], "texture": "#0", "tintindex": 0},
				"up": {"uv": [9, 3.625, 9.375, 3.75], "texture": "#0", "tintindex": 0},
				"down": {"uv": [9.25, 3.875, 9.375, 4], "texture": "#0", "tintindex": 0}
			}
		},
		{
			"from": [1, 7, 5],
			"to": [8, 12, 5],
			"rotation": {"angle": 22.5, "axis": "z", "origin": [5.125, 8.25, 5.375]},
			"faces": {
				"north": {"uv": [8.5, 3, 9.375, 3.625], "texture": "#0", "tintindex": 0},
				"east": {"uv": [0, 0, 1.5, 3.5], "texture": "#missing", "tintindex": 0},
				"south": {"uv": [9.375, 3, 8.5, 3.625], "texture": "#0", "tintindex": 0},
				"west": {"uv": [0, 0, 1.5, 3.5], "texture": "#missing", "tintindex": 0},
				"up": {"uv": [0, 0, 2.5, 1.5], "texture": "#missing", "tintindex": 0},
				"down": {"uv": [0, 0, 2.5, 1.5], "texture": "#missing", "tintindex": 0}
			}
		},
		{
			"from": [8, 7, 5],
			"to": [15, 12, 5],
			"rotation": {"angle": -22.5, "axis": "z", "origin": [10.875, 8.25, 5.375]},
			"faces": {
				"north": {"uv": [9.375, 3, 8.5, 3.625], "texture": "#0", "tintindex": 0},
				"east": {"uv": [1.5, 0, 0, 3.5], "texture": "#missing", "tintindex": 0},
				"south": {"uv": [8.5, 3, 9.375, 3.625], "texture": "#0", "tintindex": 0},
				"west": {"uv": [1.5, 0, 0, 3.5], "texture": "#missing", "tintindex": 0},
				"up": {"uv": [2.5, 0, 0, 1.5], "texture": "#missing", "tintindex": 0},
				"down": {"uv": [2.5, 0, 0, 1.5], "texture": "#missing", "tintindex": 0}
			}
		},
		{
			"from": [10, 7, 5],
			"to": [13, 10, 6],
			"rotation": {"angle": -22.5, "axis": "z", "origin": [10.875, 8.25, 5.375]},
			"faces": {
				"north": {"uv": [9, 3.625, 8.625, 4], "texture": "#0", "tintindex": 0},
				"east": {"uv": [9.125, 3.625, 9, 4], "texture": "#0", "tintindex": 0},
				"south": {"uv": [9.375, 3.625, 9, 4], "texture": "#0", "tintindex": 0},
				"west": {"uv": [9.375, 3.625, 9.25, 4], "texture": "#0", "tintindex": 0},
				"up": {"uv": [9.375, 3.625, 9, 3.75], "texture": "#0", "tintindex": 0},
				"down": {"uv": [9.375, 3.875, 9.25, 4], "texture": "#0", "tintindex": 0}
			}
		},
		{
			"from": [10, 7, 5],
			"to": [13, 10, 6],
			"rotation": {"angle": -22.5, "axis": "z", "origin": [10.875, 8.25, 5.375]},
			"faces": {
				"north": {"uv": [9.625, 4.125, 9.25, 4.5], "texture": "#0"}
			}
		},
		{
			"from": [3, 7, 5],
			"to": [6, 10, 6],
			"rotation": {"angle": 22.5, "axis": "z", "origin": [5.125, 8.25, 5.375]},
			"faces": {
				"north": {"uv": [9.25, 4.125, 9.625, 4.5], "texture": "#0"}
			}
		}
	],
	"display": {
		"thirdperson_righthand": {
			"translation": [0, 0, 2.75]
		},
		"thirdperson_lefthand": {
			"translation": [0, 0, 2.5]
		},
		"firstperson_righthand": {
			"translation": [0, 0, 1]
		},
		"firstperson_lefthand": {
			"translation": [0, 0, 1]
		},
		"ground": {
			"scale": [1.5, 1.5, 1.5]
		},
		"gui": {
			"rotation": [26, -149, 0],
			"translation": [-1.5, 1, 0],
			"scale": [1.16797, 1.16797, 1.16797]
		},
		"head": {
			"rotation": [-10.25, 0, 0],
			"translation": [0, 7.9, 0.25],
			"scale": [1.51406, 1.51406, 1.51406]
		}
	}
}