{"textures":{"2":"mcc:island_cosmetics/general/hat/shell_crown/shell_crown"},"elements":[{"from":[5.5,5.0,1.0],"to":[10.5,9.0,3.0],"rotation":{"angle":0.0,"axis":"y","origin":[10.5,5.0,1.0]},"faces":{"north":{"uv":[7.0,0.0,4.5,2.0],"texture":"#2"},"east":{"uv":[8.0,8.5,7.0,10.5],"texture":"#2"},"south":{"uv":[7.0,0.0,4.5,2.0],"texture":"#2"},"west":{"uv":[7.0,8.5,6.0,10.5],"texture":"#2"},"up":{"uv":[8.0,9.0,10.5,8.0],"texture":"#2"},"down":{"uv":[8.5,0.0,11.0,1.0],"texture":"#2"}}},{"from":[6.0,7.0,1.8],"to":[10.0,11.0,1.8],"rotation":{"angle":0.0,"axis":"y","origin":[6.0,7.0,1.8]},"faces":{"north":{"uv":[4.5,6.0,6.5,8.0],"texture":"#2"},"east":{"uv":[4.5,6.0,6.5,8.0],"texture":"#2"},"south":{"uv":[4.5,6.0,6.5,8.0],"texture":"#2"},"west":{"uv":[4.5,6.0,6.5,8.0],"texture":"#2"},"up":{"uv":[6.5,8.0,4.5,6.0],"texture":"#2"},"down":{"uv":[6.5,6.0,4.5,8.0],"texture":"#2"}}},{"from":[8.75,5.5,1.9],"to":[11.75,9.5,1.9],"rotation":{"angle":-45.0,"axis":"z","origin":[10.25,7.5,1.9]},"faces":{"north":{"uv":[7.0,0.0,8.5,2.0],"texture":"#2"},"east":{"uv":[7.0,0.0,8.5,2.0],"texture":"#2"},"south":{"uv":[8.0,6.0,9.5,8.0],"texture":"#2"},"west":{"uv":[7.0,0.0,8.5,2.0],"texture":"#2"},"up":{"uv":[8.5,2.0,7.0,0.0],"texture":"#2"},"down":{"uv":[8.5,0.0,7.0,2.0],"texture":"#2"}}},{"from":[4.25,5.5,1.9],"to":[7.25,9.5,1.9],"rotation":{"angle":45.0,"axis":"z","origin":[5.75,7.5,1.9]},"faces":{"north":{"uv":[8.5,0.0,7.0,2.0],"texture":"#2"},"east":{"uv":[8.5,0.0,7.0,2.0],"texture":"#2"},"south":{"uv":[9.5,6.0,8.0,8.0],"texture":"#2"},"west":{"uv":[8.5,0.0,7.0,2.0],"texture":"#2"},"up":{"uv":[7.0,2.0,8.5,0.0],"texture":"#2"},"down":{"uv":[7.0,0.0,8.5,2.0],"texture":"#2"}}},{"from":[7.0,3.0,0.0],"to":[9.0,5.0,2.0],"rotation":{"angle":-45.0,"axis":"z","origin":[8.0,4.0,1.0]},"faces":{"north":{"uv":[8.5,1.0,9.5,2.0],"texture":"#2"},"east":{"uv":[0.0,9.0,1.0,10.0],"texture":"#2"},"south":{"uv":[1.0,9.0,2.0,10.0],"texture":"#2"},"west":{"uv":[2.0,9.0,3.0,10.0],"texture":"#2"},"up":{"uv":[10.0,3.0,9.0,2.0],"texture":"#2"},"down":{"uv":[4.0,9.0,3.0,10.0],"texture":"#2"}}},{"from":[3.5,3.0,2.0],"to":[12.5,5.0,11.0],"rotation":{"angle":0.0,"axis":"y","origin":[5.5,2.0,2.0]},"faces":{"north":{"uv":[4.5,2.0,9.0,3.0],"texture":"#2"},"east":{"uv":[4.5,3.0,9.0,4.0],"texture":"#2"},"south":{"uv":[4.5,4.0,9.0,5.0],"texture":"#2"},"west":{"uv":[4.5,5.0,9.0,6.0],"texture":"#2"},"up":{"uv":[4.5,4.5,0.0,0.0],"texture":"#2"},"down":{"uv":[4.5,4.5,0.0,9.0],"texture":"#2"}}},{"from":[3.0,3.02,1.5],"to":[5.0,5.02,3.5],"rotation":{"angle":45.0,"axis":"y","origin":[4.0,4.0,2.5]},"faces":{"north":{"uv":[9.0,3.0,10.0,4.0],"texture":"#2"},"east":{"uv":[9.0,4.0,10.0,5.0],"texture":"#2"},"south":{"uv":[9.0,5.0,10.0,6.0],"texture":"#2"},"west":{"uv":[8.0,9.0,9.0,10.0],"texture":"#2"},"up":{"uv":[10.0,10.0,9.0,9.0],"texture":"#2"},"down":{"uv":[10.5,1.0,9.5,2.0],"texture":"#2"}}},{"from":[1.66818,3.61313,2.5],"to":[4.66818,8.61313,2.5],"rotation":{"angle":22.5,"axis":"z","origin":[3.66818,5.61313,2.5]},"faces":{"north":{"uv":[6.5,6.0,8.0,8.5],"texture":"#2"},"east":{"uv":[0.0,0.0,0.0,2.5],"texture":"#2"},"south":{"uv":[8.0,6.0,6.5,8.5],"texture":"#2"},"west":{"uv":[0.0,0.0,0.0,2.5],"texture":"#2"},"up":{"uv":[1.5,0.0,0.0,0.0],"texture":"#2"},"down":{"uv":[1.5,0.0,0.0,0.0],"texture":"#2"}}},{"from":[11.0,3.02,1.5],"to":[13.0,5.02,3.5],"rotation":{"angle":-45.0,"axis":"y","origin":[12.0,4.0,2.5]},"faces":{"north":{"uv":[10.0,3.0,9.0,4.0],"texture":"#2"},"east":{"uv":[9.0,9.0,8.0,10.0],"texture":"#2"},"south":{"uv":[10.0,5.0,9.0,6.0],"texture":"#2"},"west":{"uv":[10.0,4.0,9.0,5.0],"texture":"#2"},"up":{"uv":[9.0,10.0,10.0,9.0],"texture":"#2"},"down":{"uv":[9.5,1.0,10.5,2.0],"texture":"#2"}}},{"from":[11.33182,3.61313,2.5],"to":[14.33182,8.61313,2.5],"rotation":{"angle":-22.5,"axis":"z","origin":[12.33182,5.61313,2.5]},"faces":{"north":{"uv":[8.0,6.0,6.5,8.5],"texture":"#2"},"east":{"uv":[0.0,0.0,0.0,2.5],"texture":"#2"},"south":{"uv":[6.5,6.0,8.0,8.5],"texture":"#2"},"west":{"uv":[0.0,0.0,0.0,2.5],"texture":"#2"},"up":{"uv":[0.0,0.0,1.5,0.0],"texture":"#2"},"down":{"uv":[0.0,0.0,1.5,0.0],"texture":"#2"}}}],"display":{"thirdperson_righthand":{"translation":[0.0,-0.5,0.0],"rotation":[46.5,0.0,0.0],"scale":[0.5,0.5,0.5]},"thirdperson_lefthand":{"translation":[0.0,-0.5,0.0],"rotation":[46.5,0.0,0.0],"scale":[0.5,0.5,0.5]},"firstperson_righthand":{"rotation":[0.0,16.25,0.0]},"firstperson_lefthand":{"rotation":[0.0,16.25,0.0]},"ground":{"rotation":[22.0,0.0,0.0],"scale":[0.5,0.5,0.5]},"gui":{"translation":[0.0,-2.0,0.0],"rotation":[-12.0,163.0,3.0]},"head":{"translation":[0.0,9.75,2.75],"rotation":[4.75,0.0,0.0],"scale":[1.61,1.61,1.61]},"fixed":{"translation":[0.0,-3.0,-0.75],"rotation":[20.25,0.0,0.0]}},"gui_light":"front"}