{"textures":{"0":"mcc:island_cosmetics/head/head_2","1":"mcc:island_cosmetics/head_variant/head_2_extra","particle":"mcc:island_cosmetics/head/head_2"},"credit":"Made with Blockbench","texture_size":[128.0,128.0],"elements":[{"from":[3.5,-2.0,3.0],"to":[12.5,2.0,12.0],"rotation":{"angle":0.0,"axis":"y","origin":[-0.5,0.0,0.0]},"faces":{"north":{"uv":[1.75,1.375,1.875,1.5],"texture":"#1"},"east":{"uv":[1.375,0.0,2.5,0.5],"texture":"#1"},"south":{"uv":[1.75,1.375,1.875,1.5],"texture":"#1"},"west":{"uv":[2.5,0.0,1.375,0.5],"texture":"#1"},"up":{"uv":[1.75,1.375,1.875,1.5],"texture":"#1"},"down":{"uv":[1.375,0.5,2.5,1.625],"texture":"#1"}}},{"from":[2.5,2.0,2.0],"to":[13.5,8.0,13.0],"rotation":{"angle":0.0,"axis":"y","origin":[-0.5,0.0,0.0]},"faces":{"north":{"uv":[1.375,0.0,0.0,0.75],"texture":"#1"},"east":{"uv":[1.375,0.75,0.0,1.5],"texture":"#1"},"south":{"uv":[1.375,2.875,0.0,3.625],"texture":"#1"},"west":{"uv":[0.0,0.75,1.375,1.5],"texture":"#1"},"up":{"uv":[1.375,1.5,0.0,2.875],"texture":"#1"},"down":{"uv":[1.375,3.625,0.0,5.0],"texture":"#1"}}},{"from":[9.0,0.0,0.0],"to":[13.0,4.0,3.0],"faces":{"north":{"uv":[1.375,1.625,1.875,2.125],"texture":"#1"},"east":{"uv":[3.25,2.0,2.875,2.5],"texture":"#0"},"south":{"uv":[2.375,1.625,1.875,2.125],"texture":"#1"},"west":{"uv":[2.875,2.0,3.25,2.5],"texture":"#0"},"up":{"uv":[2.25,2.25,2.75,2.625],"texture":"#0"},"down":{"uv":[1.375,2.125,1.875,2.5],"texture":"#1"}}},{"from":[10.0,1.0,-2.0],"to":[12.0,3.0,1.0],"faces":{"north":{"uv":[3.25,1.5,3.5,1.75],"texture":"#0","tintindex":0.0},"east":{"uv":[3.0,1.25,3.375,1.5],"texture":"#0"},"south":{"uv":[3.0,1.375,3.125,1.5],"texture":"#0"},"west":{"uv":[3.375,1.25,3.0,1.5],"texture":"#0"},"up":{"uv":[3.5,1.25,3.75,1.625],"texture":"#0"},"down":{"uv":[3.75,1.25,4.0,1.625],"texture":"#0"}}},{"from":[3.0,0.0,0.0],"to":[7.0,4.0,3.0],"rotation":{"angle":0.0,"axis":"y","origin":[16.0,0.0,0.0]},"faces":{"north":{"uv":[1.875,1.625,1.375,2.125],"texture":"#1"},"east":{"uv":[3.25,2.0,2.875,2.5],"texture":"#0"},"south":{"uv":[1.875,1.625,2.375,2.125],"texture":"#1"},"west":{"uv":[2.875,2.0,3.25,2.5],"texture":"#0"},"up":{"uv":[2.75,2.25,2.25,2.625],"texture":"#0"},"down":{"uv":[1.875,2.125,1.375,2.5],"texture":"#1"}}},{"from":[4.0,1.0,-2.0],"to":[6.0,3.0,1.0],"rotation":{"angle":0.0,"axis":"y","origin":[16.0,0.0,0.0]},"faces":{"north":{"uv":[3.5,1.5,3.25,1.75],"texture":"#0","tintindex":0.0},"east":{"uv":[3.0,1.25,3.375,1.5],"texture":"#0"},"south":{"uv":[3.125,1.375,3.0,1.5],"texture":"#0"},"west":{"uv":[3.375,1.25,3.0,1.5],"texture":"#0"},"up":{"uv":[3.75,1.25,3.5,1.625],"texture":"#0"},"down":{"uv":[4.0,1.25,3.75,1.625],"texture":"#0"}}},{"name":"cube inverted","from":[12.0,3.0,-2.0],"to":[10.0,1.0,-8.0],"faces":{"north":{"uv":[7.0,0.5,7.125,0.375],"texture":"#0","tintindex":0.0},"east":{"uv":[6.375,0.625,7.125,0.375],"rotation":180.0,"texture":"#0","tintindex":0.0},"south":{"uv":[7.0,0.5,7.125,0.375],"texture":"#0","tintindex":0.0},"west":{"uv":[6.375,0.625,7.125,0.375],"texture":"#0","tintindex":0.0},"up":{"uv":[6.375,0.625,7.125,0.375],"rotation":90.0,"texture":"#0","tintindex":0.0},"down":{"uv":[6.375,0.625,7.125,0.375],"rotation":270.0,"texture":"#0","tintindex":0.0}}},{"name":"cube inverted","from":[6.0,3.0,-2.0],"to":[4.0,1.0,-8.0],"faces":{"north":{"uv":[7.0,0.5,7.125,0.375],"texture":"#0","tintindex":0.0},"east":{"uv":[6.375,0.625,7.125,0.375],"rotation":180.0,"texture":"#0","tintindex":0.0},"south":{"uv":[7.0,0.5,7.125,0.375],"texture":"#0","tintindex":0.0},"west":{"uv":[6.375,0.625,7.125,0.375],"texture":"#0","tintindex":0.0},"up":{"uv":[6.375,0.625,7.125,0.375],"rotation":90.0,"texture":"#0","tintindex":0.0},"down":{"uv":[6.375,0.625,7.125,0.375],"rotation":270.0,"texture":"#0","tintindex":0.0}}}],"gui_light":"front","display":{"thirdperson_righthand":{"rotation":[64.25,0.0,0.0],"scale":[0.44336,0.44336,0.44336]},"thirdperson_lefthand":{"rotation":[64.25,0.0,0.0],"scale":[0.44336,0.44336,0.44336]},"firstperson_righthand":{"scale":[0.0,0.0,0.0]},"firstperson_lefthand":{"scale":[0.0,0.0,0.0]},"ground":{"translation":[0.0,4.25,0.0],"scale":[0.43945,0.43945,0.43945]},"gui":{"rotation":[-149.61,-31.92,-180.0],"translation":[-1.25,4.0,0.0],"scale":[0.79101,0.79101,0.79101]},"head":{"translation":[0.0,9.0,1.0],"scale":[1.64492,1.64492,1.64492]}}}