{"textures":{"3":"mcc:island_cosmetics/general/hat/pharoah_headpiece/pharaoh_headpiece"},"elements":[{"from":[2.5,9.0,3.01],"to":[13.5,14.0,12.01],"rotation":{"angle":0.0,"axis":"y","origin":[3.5,9.0,5.0]},"faces":{"north":{"uv":[2.75,0.0,5.5,1.25],"texture":"#3"},"east":{"uv":[4.75,2.5,7.0,3.75],"texture":"#3"},"south":{"uv":[2.75,1.25,5.5,2.5],"texture":"#3"},"west":{"uv":[4.75,3.75,7.0,5.0],"texture":"#3"},"up":{"uv":[2.75,2.25,0.0,0.0],"texture":"#3"},"down":{"uv":[2.75,2.25,0.0,4.5],"texture":"#3"}}},{"from":[3.5,4.0,7.0],"to":[12.5,9.0,12.0],"rotation":{"angle":0.0,"axis":"y","origin":[3.5,9.0,5.0]},"faces":{"north":{"uv":[4.75,5.0,7.0,6.25],"texture":"#3"},"east":{"uv":[7.0,7.25,8.25,8.5],"texture":"#3"},"south":{"uv":[5.5,0.0,7.75,1.25],"texture":"#3"},"west":{"uv":[0.0,7.5,1.25,8.75],"texture":"#3"},"up":{"uv":[7.75,2.5,5.5,1.25],"texture":"#3"},"down":{"uv":[4.25,5.5,2.0,6.75],"texture":"#3"}}},{"from":[11.5,3.5,4.0],"to":[13.5,6.5,10.0],"rotation":{"angle":-22.5,"axis":"x","origin":[11.5,5.0,6.0]},"faces":{"north":{"uv":[4.25,5.5,4.75,6.25],"texture":"#3"},"east":{"uv":[7.75,1.5,9.25,2.25],"texture":"#3"},"south":{"uv":[8.75,0.75,9.25,1.5],"texture":"#3"},"west":{"uv":[9.25,1.5,7.75,2.25],"texture":"#3"},"up":{"uv":[9.75,2.25,9.25,0.75],"texture":"#3"},"down":{"uv":[4.5,9.25,4.0,10.75],"texture":"#3"}}},{"from":[3.0,12.0,8.0],"to":[13.0,16.0,12.01],"rotation":{"angle":0.0,"axis":"y","origin":[5.0,13.0,11.0]},"faces":{"north":{"uv":[4.25,6.25,6.75,7.25],"texture":"#3"},"east":{"uv":[2.0,8.75,3.0,9.75],"texture":"#3"},"south":{"uv":[6.75,6.25,9.25,7.25],"texture":"#3"},"west":{"uv":[3.0,8.75,4.0,9.75],"texture":"#3"},"up":{"uv":[9.5,3.5,7.0,2.5],"texture":"#3"},"down":{"uv":[9.5,3.5,7.0,4.5],"texture":"#3"}}},{"from":[9.61104,2.92807,8.01],"to":[13.61104,14.92807,12.0],"rotation":{"angle":22.5,"axis":"z","origin":[10.61104,13.92807,11.0]},"faces":{"north":{"uv":[2.75,2.5,3.75,5.5],"texture":"#3"},"east":{"uv":[3.75,2.5,4.75,5.5],"texture":"#3"},"south":{"uv":[0.0,4.5,1.0,7.5],"texture":"#3"},"west":{"uv":[1.0,4.5,2.0,7.5],"texture":"#3"},"up":{"uv":[10.0,5.5,9.0,4.5],"texture":"#3"},"down":{"uv":[7.0,9.0,6.0,10.0],"texture":"#3"}}},{"from":[13.43788,-1.86238,8.0],"to":[17.43788,6.13762,12.01],"rotation":{"angle":-22.5,"axis":"z","origin":[14.43788,5.13762,11.0]},"faces":{"north":{"uv":[2.0,6.75,3.0,8.75],"texture":"#3"},"east":{"uv":[3.0,6.75,4.0,8.75],"texture":"#3"},"south":{"uv":[4.0,7.25,5.0,9.25],"texture":"#3"},"west":{"uv":[5.0,7.25,6.0,9.25],"texture":"#3"},"up":{"uv":[10.0,8.25,9.0,7.25],"texture":"#3"},"down":{"uv":[10.0,8.25,9.0,9.25],"texture":"#3"}}},{"from":[11.08522,-8.94686,8.75],"to":[14.08522,-0.94686,11.25],"rotation":{"angle":0.0,"axis":"y","origin":[12.08522,-1.94686,11.25]},"faces":{"north":{"uv":[1.25,7.5,2.0,9.5],"texture":"#3"},"east":{"uv":[8.25,7.25,9.0,9.25],"texture":"#3"},"south":{"uv":[7.0,8.5,7.75,10.5],"texture":"#3"},"west":{"uv":[0.0,8.75,0.75,10.75],"texture":"#3"},"up":{"uv":[2.75,5.25,2.0,4.5],"texture":"#3"},"down":{"uv":[9.75,5.5,9.0,6.25],"texture":"#3"}}},{"from":[11.5,11.0,6.0],"to":[15.5,18.0,8.0],"rotation":{"angle":-22.5,"axis":"z","origin":[13.0,16.0,7.0]},"faces":{"north":{"uv":[7.0,4.5,8.0,6.25],"texture":"#3"},"east":{"uv":[7.75,8.5,8.25,10.25],"texture":"#3"},"south":{"uv":[6.0,7.25,7.0,9.0],"texture":"#3"},"west":{"uv":[0.75,8.75,1.25,10.5],"texture":"#3"},"up":{"uv":[5.5,9.75,4.5,9.25],"texture":"#3"},"down":{"uv":[10.25,6.25,9.25,6.75],"texture":"#3"}}},{"from":[11.5,18.0,6.75],"to":[15.5,24.0,7.25],"rotation":{"angle":-22.5,"axis":"z","origin":[13.0,16.0,6.75]},"faces":{"north":{"uv":[7.75,0.0,8.75,1.5],"texture":"#3"},"east":{"uv":[11.25,0.0,11.5,1.5],"texture":"#3"},"south":{"uv":[8.0,4.5,9.0,6.0],"texture":"#3"},"west":{"uv":[11.25,0.0,11.5,1.5],"texture":"#3"},"up":{"uv":[12.0,0.0,11.0,0.0],"texture":"#3"},"down":{"uv":[12.0,0.0,11.0,0.0],"texture":"#3"}}},{"from":[2.38896,2.92807,8.01],"to":[6.38896,14.92807,12.0],"rotation":{"angle":-22.5,"axis":"z","origin":[5.38896,13.92807,11.0]},"faces":{"north":{"uv":[3.75,2.5,2.75,5.5],"texture":"#3"},"east":{"uv":[2.0,4.5,1.0,7.5],"texture":"#3"},"south":{"uv":[1.0,4.5,0.0,7.5],"texture":"#3"},"west":{"uv":[4.75,2.5,3.75,5.5],"texture":"#3"},"up":{"uv":[9.0,5.5,10.0,4.5],"texture":"#3"},"down":{"uv":[6.0,9.0,7.0,10.0],"texture":"#3"}}},{"from":[-1.43788,-1.86238,8.0],"to":[2.56212,6.13762,12.01],"rotation":{"angle":22.5,"axis":"z","origin":[1.56212,5.13762,11.0]},"faces":{"north":{"uv":[3.0,6.75,2.0,8.75],"texture":"#3"},"east":{"uv":[6.0,7.25,5.0,9.25],"texture":"#3"},"south":{"uv":[5.0,7.25,4.0,9.25],"texture":"#3"},"west":{"uv":[4.0,6.75,3.0,8.75],"texture":"#3"},"up":{"uv":[9.0,8.25,10.0,7.25],"texture":"#3"},"down":{"uv":[9.0,8.25,10.0,9.25],"texture":"#3"}}},{"from":[1.91478,-8.94686,8.75],"to":[4.91478,-0.94686,11.25],"rotation":{"angle":0.0,"axis":"y","origin":[3.91478,-1.94686,11.25]},"faces":{"north":{"uv":[2.0,7.5,1.25,9.5],"texture":"#3"},"east":{"uv":[0.75,8.75,0.0,10.75],"texture":"#3"},"south":{"uv":[7.75,8.5,7.0,10.5],"texture":"#3"},"west":{"uv":[9.0,7.25,8.25,9.25],"texture":"#3"},"up":{"uv":[2.0,5.25,2.75,4.5],"texture":"#3"},"down":{"uv":[9.0,5.5,9.75,6.25],"texture":"#3"}}},{"from":[2.5,3.5,4.0],"to":[4.5,6.5,10.0],"rotation":{"angle":-22.5,"axis":"x","origin":[4.5,5.0,6.0]},"faces":{"north":{"uv":[4.75,5.5,4.25,6.25],"texture":"#3"},"east":{"uv":[7.75,1.5,9.25,2.25],"texture":"#3"},"south":{"uv":[9.25,0.75,8.75,1.5],"texture":"#3"},"west":{"uv":[9.25,1.5,7.75,2.25],"texture":"#3"},"up":{"uv":[9.25,2.25,9.75,0.75],"texture":"#3"},"down":{"uv":[4.0,9.25,4.5,10.75],"texture":"#3"}}},{"from":[0.5,11.0,6.0],"to":[4.5,18.0,8.0],"rotation":{"angle":22.5,"axis":"z","origin":[3.0,16.0,7.0]},"faces":{"north":{"uv":[8.0,4.5,7.0,6.25],"texture":"#3"},"east":{"uv":[1.25,8.75,0.75,10.5],"texture":"#3"},"south":{"uv":[7.0,7.25,6.0,9.0],"texture":"#3"},"west":{"uv":[8.25,8.5,7.75,10.25],"texture":"#3"},"up":{"uv":[4.5,9.75,5.5,9.25],"texture":"#3"},"down":{"uv":[9.25,6.25,10.25,6.75],"texture":"#3"}}},{"from":[0.5,18.0,6.75],"to":[4.5,24.0,7.25],"rotation":{"angle":22.5,"axis":"z","origin":[3.0,16.0,6.75]},"faces":{"north":{"uv":[8.75,0.0,7.75,1.5],"texture":"#3"},"east":{"uv":[11.25,0.0,11.5,1.5],"texture":"#3"},"south":{"uv":[9.0,4.5,8.0,6.0],"texture":"#3"},"west":{"uv":[11.25,0.0,11.5,1.5],"texture":"#3"},"up":{"uv":[11.0,0.0,12.0,0.0],"texture":"#3"},"down":{"uv":[11.0,0.0,12.0,0.0],"texture":"#3"}}},{"from":[0.0,18.0,7.0],"to":[5.0,24.5,7.0],"rotation":{"angle":22.5,"axis":"z","origin":[3.0,16.0,6.5]},"faces":{"north":{"uv":[13.0,0.125,12.125,1.5],"texture":"#3"},"east":{"uv":[11.25,0.0,11.5,1.5],"texture":"#3"},"south":{"uv":[12.125,0.125,13.0,1.5],"texture":"#3"},"west":{"uv":[11.25,0.0,11.5,1.5],"texture":"#3"},"up":{"uv":[11.0,0.0,12.0,0.0],"texture":"#3"},"down":{"uv":[11.0,0.0,12.0,0.0],"texture":"#3"}}},{"from":[11.0,18.0,7.0],"to":[16.0,24.5,7.0],"rotation":{"angle":-22.5,"axis":"z","origin":[13.0,16.0,6.5]},"faces":{"north":{"uv":[12.125,0.125,13.0,1.5],"texture":"#3"},"east":{"uv":[11.5,0.0,11.25,1.5],"texture":"#3"},"south":{"uv":[13.0,0.125,12.125,1.5],"texture":"#3"},"west":{"uv":[11.5,0.0,11.25,1.5],"texture":"#3"},"up":{"uv":[12.0,0.0,11.0,0.0],"texture":"#3"},"down":{"uv":[12.0,0.0,11.0,0.0],"texture":"#3"}}},{"from":[14.0,14.5,12.51],"to":[2.0,8.5,2.51],"rotation":{"angle":0.0,"axis":"y","origin":[3.5,9.0,5.0]},"faces":{"north":{"uv":[10.75,0.5,10.25,0.0],"texture":"#3"},"east":{"uv":[10.5,0.5,11.0,0.0],"texture":"#3"},"south":{"uv":[10.75,0.5,10.25,0.0],"texture":"#3"},"west":{"uv":[11.0,0.5,10.5,0.0],"texture":"#3"},"up":{"uv":[10.75,0.625,10.25,0.125],"texture":"#3"},"down":{"uv":[10.25,0.25,10.75,0.75],"texture":"#3"}}},{"from":[13.5,16.5,12.51],"to":[2.5,11.5,7.5],"rotation":{"angle":0.0,"axis":"y","origin":[5.0,13.0,11.0]},"faces":{"north":{"uv":[10.75,0.5,10.25,0.0],"texture":"#3"},"east":{"uv":[11.75,0.5,11.25,0.0],"texture":"#3"},"south":{"uv":[10.75,0.5,10.25,0.0],"texture":"#3"},"west":{"uv":[11.75,0.5,11.25,0.0],"texture":"#3"},"up":{"uv":[11.75,0.5,11.25,0.0],"texture":"#3"},"down":{"uv":[10.75,0.5,10.25,0.0],"texture":"#3"}}},{"from":[14.11104,15.42807,12.5],"to":[9.11104,2.42807,7.51],"rotation":{"angle":22.5,"axis":"z","origin":[10.61104,13.92807,11.0]},"faces":{"north":{"uv":[10.75,0.5,10.25,0.0],"texture":"#3"},"east":{"uv":[10.75,0.5,11.25,0.0],"texture":"#3"},"south":{"uv":[10.75,0.5,10.25,0.0],"texture":"#3"},"west":{"uv":[10.75,0.5,10.25,0.0],"texture":"#3"},"up":{"uv":[11.25,0.5,10.75,0.0],"texture":"#3"},"down":{"uv":[10.625,0.5,11.125,0.0],"texture":"#3"}}},{"from":[17.93788,6.63762,12.51],"to":[12.93788,-2.36238,7.5],"rotation":{"angle":-22.5,"axis":"z","origin":[14.43788,5.13762,11.0]},"faces":{"north":{"uv":[10.75,0.5,10.25,0.0],"texture":"#3"},"east":{"uv":[10.25,0.125,10.75,0.625],"texture":"#3"},"south":{"uv":[10.75,0.5,10.25,0.0],"texture":"#3"},"west":{"uv":[10.75,0.5,10.25,0.0],"texture":"#3"},"up":{"uv":[10.75,0.5,10.25,0.0],"texture":"#3"},"down":{"uv":[11.25,0.5,10.75,0.0],"texture":"#3"}}},{"from":[14.58522,-0.44686,11.75],"to":[10.58522,-9.44686,8.25],"rotation":{"angle":0.0,"axis":"y","origin":[12.08522,-1.94686,11.25]},"faces":{"north":{"uv":[10.75,0.5,10.25,0.0],"texture":"#3"},"east":{"uv":[10.75,0.5,10.25,0.0],"texture":"#3"},"south":{"uv":[10.75,0.5,10.25,0.0],"texture":"#3"},"west":{"uv":[10.75,0.5,10.25,0.0],"texture":"#3"},"up":{"uv":[10.75,0.5,10.25,0.0],"texture":"#3"},"down":{"uv":[10.75,0.5,10.25,0.0],"texture":"#3"}}},{"from":[13.0,9.5,12.5],"to":[3.0,3.5,6.5],"rotation":{"angle":0.0,"axis":"y","origin":[3.5,9.0,5.0]},"faces":{"north":{"uv":[10.75,0.5,10.25,0.0],"texture":"#3"},"east":{"uv":[11.25,0.5,10.75,0.0],"texture":"#3"},"south":{"uv":[10.75,0.5,10.25,0.0],"texture":"#3"},"west":{"uv":[11.25,0.5,10.75,0.0],"texture":"#3"},"up":{"uv":[10.75,0.5,10.25,0.0],"texture":"#3"},"down":{"uv":[11.25,0.5,10.75,0.0],"texture":"#3"}}},{"from":[16.0,18.5,8.5],"to":[11.0,10.5,5.5],"rotation":{"angle":-22.5,"axis":"z","origin":[13.0,16.0,7.0]},"faces":{"north":{"uv":[10.75,0.5,10.25,0.0],"texture":"#3"},"east":{"uv":[10.75,0.5,10.25,0.0],"texture":"#3"},"south":{"uv":[10.75,0.5,10.25,0.0],"texture":"#3"},"west":{"uv":[10.75,0.5,10.25,0.0],"texture":"#3"},"up":{"uv":[10.75,0.5,10.25,0.0],"texture":"#3"},"down":{"uv":[10.75,0.5,10.25,0.0],"texture":"#3"}}},{"from":[14.0,7.0,10.5],"to":[11.0,3.0,3.5],"rotation":{"angle":-22.5,"axis":"x","origin":[11.5,5.0,6.0]},"faces":{"north":{"uv":[10.75,0.5,10.25,0.0],"texture":"#3"},"east":{"uv":[10.75,0.5,10.25,0.0],"texture":"#3"},"south":{"uv":[10.75,0.5,10.25,0.0],"texture":"#3"},"west":{"uv":[10.75,0.5,10.25,0.0],"texture":"#3"},"up":{"uv":[10.75,0.5,10.25,0.0],"texture":"#3"},"down":{"uv":[10.75,0.5,10.25,0.0],"texture":"#3"}}},{"from":[5.0,18.5,8.5],"to":[0.0,10.5,5.5],"rotation":{"angle":22.5,"axis":"z","origin":[3.0,16.0,7.0]},"faces":{"north":{"uv":[10.75,0.5,10.25,0.0],"texture":"#3"},"east":{"uv":[10.75,0.5,10.25,0.0],"texture":"#3"},"south":{"uv":[10.75,0.5,10.25,0.0],"texture":"#3"},"west":{"uv":[10.75,0.5,10.25,0.0],"texture":"#3"},"up":{"uv":[10.75,0.5,10.25,0.0],"texture":"#3"},"down":{"uv":[10.75,0.5,10.25,0.0],"texture":"#3"}}},{"from":[5.0,7.0,10.5],"to":[2.0,3.0,3.5],"rotation":{"angle":-22.5,"axis":"x","origin":[4.5,5.0,6.0]},"faces":{"north":{"uv":[10.75,0.5,10.25,0.0],"texture":"#3"},"east":{"uv":[10.75,0.5,10.25,0.0],"texture":"#3"},"south":{"uv":[10.75,0.5,10.25,0.0],"texture":"#3"},"west":{"uv":[10.75,0.5,10.25,0.0],"texture":"#3"},"up":{"uv":[10.75,0.5,10.25,0.0],"texture":"#3"},"down":{"uv":[10.75,0.5,10.25,0.0],"texture":"#3"}}},{"from":[5.41478,-0.44686,11.75],"to":[1.41478,-9.44686,8.25],"rotation":{"angle":0.0,"axis":"y","origin":[3.91478,-1.94686,11.25]},"faces":{"north":{"uv":[10.75,0.5,10.25,0.0],"texture":"#3"},"east":{"uv":[10.75,0.5,10.25,0.0],"texture":"#3"},"south":{"uv":[10.75,0.5,10.25,0.0],"texture":"#3"},"west":{"uv":[10.75,0.5,10.25,0.0],"texture":"#3"},"up":{"uv":[10.75,0.5,10.25,0.0],"texture":"#3"},"down":{"uv":[10.75,0.5,10.25,0.0],"texture":"#3"}}},{"from":[3.06212,6.63762,12.51],"to":[-1.93788,-2.36238,7.5],"rotation":{"angle":22.5,"axis":"z","origin":[1.56212,5.13762,11.0]},"faces":{"north":{"uv":[10.75,0.5,10.25,0.0],"texture":"#3"},"east":{"uv":[10.75,0.5,10.25,0.0],"texture":"#3"},"south":{"uv":[10.75,0.5,10.25,0.0],"texture":"#3"},"west":{"uv":[10.75,0.125,10.25,0.625],"texture":"#3"},"up":{"uv":[10.75,0.5,10.25,0.0],"texture":"#3"},"down":{"uv":[11.25,0.5,10.75,0.0],"texture":"#3"}}},{"from":[6.88896,15.42807,12.5],"to":[1.88896,2.42807,7.51],"rotation":{"angle":-22.5,"axis":"z","origin":[5.38896,13.92807,11.0]},"faces":{"north":{"uv":[10.75,0.5,10.25,0.0],"texture":"#3"},"east":{"uv":[10.75,0.5,10.25,0.0],"texture":"#3"},"south":{"uv":[10.75,0.5,10.25,0.0],"texture":"#3"},"west":{"uv":[11.25,0.5,10.75,0.0],"texture":"#3"},"up":{"uv":[11.25,0.5,10.75,0.0],"texture":"#3"},"down":{"uv":[11.125,0.5,10.625,0.0],"texture":"#3"}}}],"display":{"thirdperson_righthand":{"translation":[-0.75,2.25,0.0],"rotation":[63.12,5.62,-1.06],"scale":[0.5,0.5,0.5]},"thirdperson_lefthand":{"translation":[-0.75,2.25,0.0],"rotation":[63.12,5.62,-1.06],"scale":[0.5,0.5,0.5]},"firstperson_righthand":{"rotation":[-180.0,56.5,-180.0],"scale":[0.5,0.5,0.5]},"firstperson_lefthand":{"rotation":[-180.0,56.5,-180.0],"scale":[0.5,0.5,0.5]},"ground":{"translation":[0.0,4.75,0.0],"scale":[0.5,0.5,0.5]},"gui":{"translation":[0.0,0.5,0.0],"rotation":[-161.75,18.0,-180.0],"scale":[0.55,0.55,0.55]},"head":{"scale":[1.61,1.61,1.61]},"fixed":{"translation":[0.0,0.0,-1.5],"scale":[0.5,0.5,0.5]}},"gui_light":"front"}