{"textures":{"1":"mcc:island_cosmetics/general/hat/void_mask/void_mask","2":"mcc:island_cosmetics/general/hat/void_mask/void_1","4":"mcc:island_cosmetics/general/hat/void_mask/void_2","particle":"mcc:island_cosmetics/general/hat/void_mask/void_mask"},"display":{"thirdperson_righthand":{"translation":[0.0,1.0,-1.0],"rotation":[63.0,34.0,0.0],"scale":[0.52539,0.52539,0.52539]},"thirdperson_lefthand":{"translation":[0.0,1.0,-1.0],"rotation":[63.0,34.0,0.0],"scale":[0.52539,0.52539,0.52539]},"firstperson_righthand":{"translation":[9.5,0.0,-5.75],"rotation":[3.0,112.0,-13.0],"scale":[0.41992,0.41992,0.41992]},"firstperson_lefthand":{"translation":[9.5,0.0,-5.75],"rotation":[3.0,112.0,-13.0],"scale":[0.41992,0.41992,0.41992]},"ground":{"translation":[0.0,15.0,0.0],"scale":[0.66992,0.66992,0.66992]},"gui":{"translation":[0.0,1.5,0.0],"rotation":[-149.61,-31.92,-180.0],"scale":[0.77148,0.77148,0.77148]},"head":{"translation":[0.0,6.0,0.25],"scale":[1.74453,1.74453,1.74453]},"fixed":{"translation":[0.0,-3.25,-7.5]}},"credit":"Made with Blockbench","texture_size":[48.0,48.0],"elements":[{"name":"head","from":[3.7,0.2,3.7],"to":[12.3,8.8,12.3],"rotation":{"angle":0.0,"axis":"y","origin":[0.0,-23.0,0.0]},"faces":{"north":{"uv":[0.0,0.0,2.66667,2.66667],"texture":"#1"},"east":{"uv":[0.0,0.0,0.33333,0.33333],"texture":"#1"},"south":{"uv":[0.0,0.0,0.33333,0.33333],"texture":"#1"},"west":{"uv":[0.0,0.0,0.33333,0.33333],"texture":"#1"},"up":{"uv":[0.0,0.0,0.33333,0.33333],"texture":"#1"},"down":{"uv":[0.0,0.0,0.33333,0.33333],"texture":"#1"}}},{"name":"head inverted","from":[12.8,9.3,12.8],"to":[3.2,-0.3,3.2],"rotation":{"angle":0.0,"axis":"y","origin":[0.0,-23.0,0.0]},"faces":{"north":{"uv":[3.0,0.33333,2.66667,0.66667],"texture":"#1"},"east":{"uv":[3.0,0.33333,2.66667,0.66667],"texture":"#1"},"south":{"uv":[3.0,0.33333,2.66667,0.66667],"texture":"#1"},"west":{"uv":[3.0,0.33333,2.66667,0.66667],"texture":"#1"},"up":{"uv":[3.0,0.33333,2.66667,0.66667],"texture":"#1"},"down":{"uv":[3.0,0.33333,2.66667,0.66667],"texture":"#1"}}},{"name":"head inverted","from":[13.5,10.0,13.5],"to":[2.5,-1.0,2.5],"rotation":{"angle":0.0,"axis":"y","origin":[0.0,-23.0,0.0]},"faces":{"north":{"uv":[3.0,0.0,2.66667,0.33333],"texture":"#1","tintindex":0.0},"east":{"uv":[3.0,0.0,2.66667,0.33333],"texture":"#1","tintindex":0.0},"south":{"uv":[3.0,0.0,2.66667,0.33333],"texture":"#1","tintindex":0.0},"west":{"uv":[3.0,0.0,2.66667,0.33333],"texture":"#1","tintindex":0.0},"up":{"uv":[3.0,0.0,2.66667,0.33333],"texture":"#1","tintindex":0.0},"down":{"uv":[3.0,0.0,2.66667,0.33333],"texture":"#1","tintindex":0.0}}},{"name":"head inverted","from":[14.5,11.0,14.5],"to":[1.5,-2.0,1.5],"rotation":{"angle":0.0,"axis":"y","origin":[0.0,-23.0,0.0]},"faces":{"north":{"uv":[3.0,0.66667,2.66667,1.0],"texture":"#1","tintindex":0.0},"east":{"uv":[3.0,0.66667,2.66667,1.0],"texture":"#1","tintindex":0.0},"south":{"uv":[3.0,0.66667,2.66667,1.0],"texture":"#1","tintindex":0.0},"west":{"uv":[3.0,0.66667,2.66667,1.0],"texture":"#1","tintindex":0.0},"up":{"uv":[3.0,0.66667,2.66667,1.0],"texture":"#1","tintindex":0.0},"down":{"uv":[3.0,0.66667,2.66667,1.0],"texture":"#1","tintindex":0.0}}},{"from":[-1.0,6.5,-1.0],"to":[17.0,6.5,17.0],"rotation":{"angle":0.0,"axis":"y","origin":[8.0,4.5,8.0]},"faces":{"north":{"uv":[0.0,0.0,0.33333,0.33333],"texture":"#missing"},"east":{"uv":[0.0,0.0,0.33333,0.33333],"texture":"#missing"},"south":{"uv":[0.0,0.0,0.33333,0.33333],"texture":"#missing"},"west":{"uv":[0.0,0.0,0.33333,0.33333],"texture":"#missing"},"up":{"uv":[3.0,0.0,9.0,6.0],"rotation":180.0,"texture":"#1","tintindex":0.0},"down":{"uv":[3.0,0.0,9.0,6.0],"rotation":180.0,"texture":"#1","tintindex":0.0}}},{"from":[-1.0,6.5,-1.0],"to":[17.0,6.5,17.0],"rotation":{"angle":22.5,"axis":"y","origin":[8.0,4.5,8.0]},"faces":{"north":{"uv":[0.0,0.0,0.33333,0.33333],"texture":"#missing","tintindex":0.0},"east":{"uv":[0.0,0.0,0.33333,0.33333],"texture":"#missing","tintindex":0.0},"south":{"uv":[0.0,0.0,0.33333,0.33333],"texture":"#missing","tintindex":0.0},"west":{"uv":[0.0,0.0,0.33333,0.33333],"texture":"#missing","tintindex":0.0},"up":{"uv":[9.33333,0.0,15.33333,6.0],"rotation":180.0,"texture":"#1","tintindex":0.0},"down":{"uv":[9.33333,0.0,15.33333,6.0],"rotation":180.0,"texture":"#1","tintindex":0.0}}},{"from":[-1.0,6.5,-1.0],"to":[17.0,6.5,17.0],"rotation":{"angle":45.0,"axis":"y","origin":[8.0,6.5,8.0]},"faces":{"north":{"uv":[0.0,0.0,0.33333,0.33333],"texture":"#missing","tintindex":0.0},"east":{"uv":[0.0,0.0,0.33333,0.33333],"texture":"#missing","tintindex":0.0},"south":{"uv":[0.0,0.0,0.33333,0.33333],"texture":"#missing","tintindex":0.0},"west":{"uv":[0.0,0.0,0.33333,0.33333],"texture":"#missing","tintindex":0.0},"up":{"uv":[3.0,6.33333,9.0,12.33333],"rotation":180.0,"texture":"#1","tintindex":0.0},"down":{"uv":[3.0,6.33333,9.0,12.33333],"rotation":180.0,"texture":"#1","tintindex":0.0}}},{"from":[-1.0,6.5,-1.0],"to":[17.0,6.5,17.0],"rotation":{"angle":-22.5,"axis":"y","origin":[8.0,6.5,8.0]},"faces":{"north":{"uv":[0.0,0.0,0.33333,0.33333],"texture":"#missing","tintindex":0.0},"east":{"uv":[0.0,0.0,0.33333,0.33333],"texture":"#missing","tintindex":0.0},"south":{"uv":[0.0,0.0,0.33333,0.33333],"texture":"#missing","tintindex":0.0},"west":{"uv":[0.0,0.0,0.33333,0.33333],"texture":"#missing","tintindex":0.0},"up":{"uv":[9.33333,6.33333,15.33333,12.33333],"rotation":90.0,"texture":"#1","tintindex":0.0},"down":{"uv":[9.33333,6.33333,15.33333,12.33333],"rotation":270.0,"texture":"#1","tintindex":0.0}}},{"from":[0.0,6.0,8.0],"to":[3.0,19.0,8.0],"rotation":{"angle":22.5,"axis":"z","origin":[-2.5,18.5,8.0]},"faces":{"north":{"uv":[2.0,0.0,5.0,13.0],"texture":"#2"},"east":{"uv":[2.0,0.0,2.33333,0.33333],"texture":"#missing"},"south":{"uv":[2.0,0.0,5.0,13.0],"texture":"#2"},"west":{"uv":[2.0,0.0,2.33333,0.33333],"texture":"#missing"},"up":{"uv":[2.0,0.0,2.33333,0.33333],"texture":"#missing"},"down":{"uv":[2.0,0.0,2.33333,0.33333],"texture":"#missing"}}},{"from":[0.0,6.0,8.0],"to":[3.0,19.0,8.0],"rotation":{"angle":22.5,"axis":"z","origin":[-2.5,18.5,8.0]},"faces":{"north":{"uv":[2.0,0.0,5.0,13.0],"texture":"#4","tintindex":0.0},"east":{"uv":[2.0,0.0,2.33333,0.33333],"texture":"#4","tintindex":0.0},"south":{"uv":[2.0,0.0,5.0,13.0],"texture":"#4","tintindex":0.0},"west":{"uv":[2.0,0.0,2.33333,0.33333],"texture":"#4","tintindex":0.0},"up":{"uv":[2.0,0.0,2.33333,0.33333],"texture":"#4","tintindex":0.0},"down":{"uv":[2.0,0.0,2.33333,0.33333],"texture":"#4","tintindex":0.0}}},{"from":[8.0,6.0,-0.5],"to":[8.0,19.0,2.5],"rotation":{"angle":-22.5,"axis":"x","origin":[8.0,18.5,-3.0]},"faces":{"north":{"uv":[2.0,0.0,2.33333,0.33333],"texture":"#missing"},"east":{"uv":[2.0,0.0,5.0,13.0],"texture":"#2"},"south":{"uv":[2.0,0.0,2.33333,0.33333],"texture":"#missing"},"west":{"uv":[2.0,0.0,5.0,13.0],"texture":"#2"},"up":{"uv":[2.0,0.0,2.33333,0.33333],"rotation":90.0,"texture":"#missing"},"down":{"uv":[2.0,0.0,2.33333,0.33333],"rotation":270.0,"texture":"#missing"}}},{"from":[8.0,6.0,-0.5],"to":[8.0,19.0,2.5],"rotation":{"angle":-22.5,"axis":"x","origin":[8.0,18.5,-3.0]},"faces":{"north":{"uv":[2.0,0.0,2.33333,0.33333],"texture":"#4","tintindex":0.0},"east":{"uv":[2.0,0.0,5.0,13.0],"texture":"#4","tintindex":0.0},"south":{"uv":[2.0,0.0,2.33333,0.33333],"texture":"#4","tintindex":0.0},"west":{"uv":[2.0,0.0,5.0,13.0],"texture":"#4","tintindex":0.0},"up":{"uv":[2.0,0.0,2.33333,0.33333],"rotation":90.0,"texture":"#4","tintindex":0.0},"down":{"uv":[2.0,0.0,2.33333,0.33333],"rotation":270.0,"texture":"#4","tintindex":0.0}}},{"from":[16.0,9.0,8.0],"to":[29.0,12.0,8.0],"rotation":{"angle":-22.5,"axis":"z","origin":[-2.5,18.5,2.0]},"faces":{"north":{"uv":[2.0,0.0,5.0,13.0],"rotation":270.0,"texture":"#2"},"east":{"uv":[2.0,0.0,2.33333,0.33333],"rotation":90.0,"texture":"#missing"},"south":{"uv":[2.0,0.0,5.0,13.0],"rotation":90.0,"texture":"#2"},"west":{"uv":[2.0,0.0,2.33333,0.33333],"rotation":90.0,"texture":"#missing"},"up":{"uv":[2.0,0.0,2.33333,0.33333],"rotation":90.0,"texture":"#missing"},"down":{"uv":[2.0,0.0,2.33333,0.33333],"rotation":90.0,"texture":"#missing"}}},{"from":[16.0,9.0,8.0],"to":[29.0,12.0,8.0],"rotation":{"angle":-22.5,"axis":"z","origin":[-2.5,18.5,2.0]},"faces":{"north":{"uv":[2.0,0.0,5.0,13.0],"rotation":270.0,"texture":"#4","tintindex":0.0},"east":{"uv":[2.0,0.0,2.33333,0.33333],"rotation":90.0,"texture":"#4","tintindex":0.0},"south":{"uv":[2.0,0.0,5.0,13.0],"rotation":90.0,"texture":"#4","tintindex":0.0},"west":{"uv":[2.0,0.0,2.33333,0.33333],"rotation":90.0,"texture":"#4","tintindex":0.0},"up":{"uv":[2.0,0.0,2.33333,0.33333],"rotation":90.0,"texture":"#4","tintindex":0.0},"down":{"uv":[2.0,0.0,2.33333,0.33333],"rotation":90.0,"texture":"#4","tintindex":0.0}}},{"from":[8.0,9.0,15.5],"to":[8.0,12.0,28.5],"rotation":{"angle":22.5,"axis":"x","origin":[14.0,18.5,-3.0]},"faces":{"north":{"uv":[2.0,0.0,2.33333,0.33333],"rotation":90.0,"texture":"#missing"},"east":{"uv":[2.0,0.0,5.0,13.0],"rotation":270.0,"texture":"#2"},"south":{"uv":[2.0,0.0,2.33333,0.33333],"rotation":90.0,"texture":"#missing"},"west":{"uv":[2.0,0.0,5.0,13.0],"rotation":90.0,"texture":"#2"},"up":{"uv":[2.0,0.0,2.33333,0.33333],"rotation":180.0,"texture":"#missing"},"down":{"uv":[2.0,0.0,2.33333,0.33333],"texture":"#missing"}}},{"from":[8.0,9.0,15.5],"to":[8.0,12.0,28.5],"rotation":{"angle":22.5,"axis":"x","origin":[14.0,18.5,-3.0]},"faces":{"north":{"uv":[2.0,0.0,2.33333,0.33333],"rotation":90.0,"texture":"#4","tintindex":0.0},"east":{"uv":[2.0,0.0,5.0,13.0],"rotation":270.0,"texture":"#4","tintindex":0.0},"south":{"uv":[2.0,0.0,2.33333,0.33333],"rotation":90.0,"texture":"#4","tintindex":0.0},"west":{"uv":[2.0,0.0,5.0,13.0],"rotation":90.0,"texture":"#4","tintindex":0.0},"up":{"uv":[2.0,0.0,2.33333,0.33333],"rotation":180.0,"texture":"#4","tintindex":0.0},"down":{"uv":[2.0,0.0,2.33333,0.33333],"texture":"#4","tintindex":0.0}}},{"from":[-16.0,0.0,8.0],"to":[-3.0,3.0,8.0],"rotation":{"angle":22.5,"axis":"z","origin":[-6.5,18.5,2.0]},"faces":{"north":{"uv":[4.0,0.0,7.0,13.0],"rotation":90.0,"texture":"#2"},"east":{"uv":[4.0,0.0,4.33333,0.33333],"rotation":270.0,"texture":"#missing"},"south":{"uv":[4.0,0.0,7.0,13.0],"rotation":270.0,"texture":"#2"},"west":{"uv":[4.0,0.0,4.33333,0.33333],"rotation":270.0,"texture":"#missing"},"up":{"uv":[4.0,0.0,4.33333,0.33333],"rotation":270.0,"texture":"#missing"},"down":{"uv":[4.0,0.0,4.33333,0.33333],"rotation":270.0,"texture":"#missing"}}},{"from":[-16.0,0.0,8.0],"to":[-3.0,3.0,8.0],"rotation":{"angle":22.5,"axis":"z","origin":[-6.5,18.5,2.0]},"faces":{"north":{"uv":[4.0,0.0,7.0,13.0],"rotation":90.0,"texture":"#4","tintindex":0.0},"east":{"uv":[4.0,0.0,4.33333,0.33333],"rotation":270.0,"texture":"#4","tintindex":0.0},"south":{"uv":[4.0,0.0,7.0,13.0],"rotation":270.0,"texture":"#4","tintindex":0.0},"west":{"uv":[4.0,0.0,4.33333,0.33333],"rotation":270.0,"texture":"#4","tintindex":0.0},"up":{"uv":[4.0,0.0,4.33333,0.33333],"rotation":270.0,"texture":"#4","tintindex":0.0},"down":{"uv":[4.0,0.0,4.33333,0.33333],"rotation":270.0,"texture":"#4","tintindex":0.0}}},{"from":[8.0,0.146,-9.76602],"to":[8.0,3.146,3.23398],"rotation":{"angle":-22.5,"axis":"x","origin":[8.0,1.646,-3.26602]},"faces":{"north":{"uv":[4.0,0.0,4.33333,0.33333],"rotation":270.0,"texture":"#missing"},"east":{"uv":[4.0,0.0,7.0,13.0],"rotation":90.0,"texture":"#2"},"south":{"uv":[4.0,0.0,4.33333,0.33333],"rotation":270.0,"texture":"#missing"},"west":{"uv":[4.0,0.0,7.0,13.0],"rotation":270.0,"texture":"#2"},"up":{"uv":[4.0,0.0,4.33333,0.33333],"texture":"#missing"},"down":{"uv":[4.0,0.0,4.33333,0.33333],"rotation":180.0,"texture":"#missing"}}},{"from":[8.0,0.146,-9.76602],"to":[8.0,3.146,3.23398],"rotation":{"angle":-22.5,"axis":"x","origin":[8.0,1.646,-3.26602]},"faces":{"north":{"uv":[4.0,0.0,4.33333,0.33333],"rotation":270.0,"texture":"#4","tintindex":0.0},"east":{"uv":[4.0,0.0,7.0,13.0],"rotation":90.0,"texture":"#4","tintindex":0.0},"south":{"uv":[4.0,0.0,4.33333,0.33333],"rotation":270.0,"texture":"#4","tintindex":0.0},"west":{"uv":[4.0,0.0,7.0,13.0],"rotation":270.0,"texture":"#4","tintindex":0.0},"up":{"uv":[4.0,0.0,4.33333,0.33333],"texture":"#4","tintindex":0.0},"down":{"uv":[4.0,0.0,4.33333,0.33333],"rotation":180.0,"texture":"#4","tintindex":0.0}}}],"groups":[0.0,1.0,2.0,3.0,4.0,5.0,6.0,7.0,{"name":"group","origin":[0.0,0.0,0.0],"color":0.0,"nbt":"{}","armAnimationEnabled":false,"children":[8.0,9.0,10.0,11.0]},{"name":"group","origin":[0.0,0.0,0.0],"color":0.0,"nbt":"{}","armAnimationEnabled":false,"children":[12.0,13.0,14.0,15.0]},{"name":"group","origin":[0.0,0.0,0.0],"color":0.0,"nbt":"{}","armAnimationEnabled":false,"children":[16.0,17.0,18.0,19.0]}]}