{"textures":{"1":"mcc:island_cosmetics/head_variant/head_5_extra","particle":"mcc:island_cosmetics/head/head_5"},"credit":"Made with Blockbench","texture_size":[128.0,128.0],"elements":[{"from":[3.5,5.0,3.5],"to":[12.5,10.0,12.5],"rotation":{"angle":0.0,"axis":"y","origin":[-0.5,0.0,-1.5]},"faces":{"north":{"uv":[7.875,0.375,9.0,1.0],"texture":"#1"},"east":{"uv":[7.875,0.375,9.0,1.0],"texture":"#1"},"south":{"uv":[7.875,0.375,9.0,1.0],"texture":"#1"},"west":{"uv":[7.875,0.375,9.0,1.0],"texture":"#1"},"up":{"uv":[7.875,2.125,9.0,3.25],"texture":"#1"},"down":{"uv":[9.875,2.0,10.0,2.125],"texture":"#1"}}},{"from":[4.5,9.0,4.5],"to":[11.5,15.0,11.5],"rotation":{"angle":0.0,"axis":"x","origin":[8.0,9.25,7.75]},"faces":{"north":{"uv":[9.0,0.375,9.875,1.125],"texture":"#1"},"east":{"uv":[9.0,0.375,9.875,1.125],"texture":"#1"},"south":{"uv":[9.0,0.375,9.875,1.125],"texture":"#1"},"west":{"uv":[9.0,0.375,9.875,1.125],"texture":"#1"},"up":{"uv":[7.0,2.125,7.875,3.0],"texture":"#1"},"down":{"uv":[2.0,3.75,2.125,3.875],"texture":"#1"}}},{"from":[6.07727,13.75,4.5],"to":[10.07727,18.75,8.5],"rotation":{"angle":22.5,"axis":"x","origin":[8.57727,9.25,7.75]},"faces":{"north":{"uv":[9.875,0.375,10.375,1.0],"texture":"#1"},"east":{"uv":[9.875,0.375,10.375,1.0],"texture":"#1"},"south":{"uv":[9.875,0.375,10.375,1.0],"texture":"#1"},"west":{"uv":[9.875,0.375,10.375,1.0],"texture":"#1"},"up":{"uv":[6.875,1.625,7.375,2.125],"texture":"#1"},"down":{"uv":[2.0,3.75,2.125,3.875],"texture":"#1"}}},{"from":[8.07727,11.75,4.5],"to":[8.07727,20.75,15.5],"rotation":{"angle":22.5,"axis":"x","origin":[8.57727,9.25,7.75]},"faces":{"north":{"uv":[0.5,6.0,1.0,6.625],"texture":"#missing"},"east":{"uv":[7.375,1.0,8.75,2.125],"texture":"#1"},"south":{"uv":[1.0,6.0,1.5,6.625],"texture":"#missing"},"west":{"uv":[8.75,1.0,7.375,2.125],"texture":"#1"},"up":{"uv":[4.125,5.25,5.0,6.125],"texture":"#missing"},"down":{"uv":[13.0,2.875,14.125,4.0],"texture":"#missing"}}},{"from":[-0.5,5.0,-0.5],"to":[16.5,5.0,16.5],"rotation":{"angle":0.0,"axis":"y","origin":[0.5,0.0,-1.5]},"faces":{"north":{"uv":[2.125,7.875,4.75,8.125],"texture":"#1"},"east":{"uv":[2.125,7.875,4.75,8.125],"texture":"#1"},"south":{"uv":[2.125,7.875,4.75,8.125],"texture":"#1"},"west":{"uv":[2.125,7.875,4.75,8.125],"texture":"#1"},"up":{"uv":[9.0,1.125,11.125,3.25],"texture":"#1"},"down":{"uv":[9.0,1.125,11.125,3.25],"texture":"#1"}}},{"from":[-0.5,-2.27299,-0.06379],"to":[16.5,-2.27299,2.93621],"rotation":{"angle":-22.5,"axis":"x","origin":[-2.5,-7.27299,-17.06379]},"faces":{"north":{"uv":[2.125,7.875,4.75,8.125],"texture":"#1"},"east":{"uv":[2.125,7.875,4.75,8.125],"texture":"#1"},"south":{"uv":[2.125,7.875,4.75,8.125],"texture":"#1"},"west":{"uv":[2.125,7.875,4.75,8.125],"texture":"#1"},"up":{"uv":[9.0,3.25,11.125,3.625],"texture":"#1"},"down":{"uv":[9.0,3.625,11.125,3.25],"texture":"#1"}}},{"from":[-0.5,-2.27299,13.06379],"to":[16.5,-2.27299,16.06379],"rotation":{"angle":22.5,"axis":"x","origin":[-2.5,-7.27299,33.06379]},"faces":{"north":{"uv":[4.75,7.875,2.125,8.125],"texture":"#1"},"east":{"uv":[4.75,7.875,2.125,8.125],"texture":"#1"},"south":{"uv":[4.75,7.875,2.125,8.125],"texture":"#1"},"west":{"uv":[4.75,7.875,2.125,8.125],"texture":"#1"},"up":{"uv":[9.0,3.25,11.125,3.625],"rotation":180.0,"texture":"#1"},"down":{"uv":[9.0,3.625,11.125,3.25],"rotation":180.0,"texture":"#1"}}},{"from":[-2.70907,7.82636,-0.5],"to":[0.29093,7.82636,16.5],"rotation":{"angle":22.5,"axis":"z","origin":[7.0,4.42605,8.0]},"faces":{"north":{"uv":[4.75,7.875,2.125,8.125],"texture":"#1"},"east":{"uv":[4.75,7.875,2.125,8.125],"texture":"#1"},"south":{"uv":[4.75,7.875,2.125,8.125],"texture":"#1"},"west":{"uv":[4.75,7.875,2.125,8.125],"texture":"#1"},"up":{"uv":[9.0,3.25,11.125,3.625],"rotation":270.0,"texture":"#1"},"down":{"uv":[9.0,3.25,11.125,3.625],"rotation":270.0,"texture":"#1"}}},{"from":[15.70907,7.82636,-0.5],"to":[18.70907,7.82636,16.5],"rotation":{"angle":-22.5,"axis":"z","origin":[9.0,4.42605,8.0]},"faces":{"north":{"uv":[2.125,7.875,4.75,8.125],"texture":"#1"},"east":{"uv":[2.125,7.875,4.75,8.125],"texture":"#1"},"south":{"uv":[2.125,7.875,4.75,8.125],"texture":"#1"},"west":{"uv":[2.125,7.875,4.75,8.125],"texture":"#1"},"up":{"uv":[9.0,3.25,11.125,3.625],"rotation":90.0,"texture":"#1"},"down":{"uv":[9.0,3.25,11.125,3.625],"rotation":90.0,"texture":"#1"}}},{"from":[-0.5,-2.27299,-0.06379],"to":[16.5,-2.27299,2.93621],"rotation":{"angle":-22.5,"axis":"x","origin":[-2.5,-7.27299,-17.06379]},"faces":{"north":{"uv":[2.125,11.25,4.75,11.5],"texture":"#1","tintindex":0.0},"east":{"uv":[2.125,11.25,4.75,11.5],"texture":"#1","tintindex":0.0},"south":{"uv":[2.125,11.25,4.75,11.5],"texture":"#1","tintindex":0.0},"west":{"uv":[2.125,11.25,4.75,11.5],"texture":"#1","tintindex":0.0},"up":{"uv":[9.0,6.625,11.125,7.0],"texture":"#1","tintindex":0.0},"down":{"uv":[9.0,7.0,11.125,6.625],"texture":"#1","tintindex":0.0}}},{"from":[-2.70907,7.82636,-0.5],"to":[0.29093,7.82636,16.5],"rotation":{"angle":22.5,"axis":"z","origin":[7.0,4.42605,8.0]},"faces":{"north":{"uv":[4.75,11.25,2.125,11.5],"texture":"#1","tintindex":0.0},"east":{"uv":[4.75,11.25,2.125,11.5],"texture":"#1","tintindex":0.0},"south":{"uv":[4.75,11.25,2.125,11.5],"texture":"#1","tintindex":0.0},"west":{"uv":[4.75,11.25,2.125,11.5],"texture":"#1","tintindex":0.0},"up":{"uv":[9.0,6.625,11.125,7.0],"rotation":270.0,"texture":"#1","tintindex":0.0},"down":{"uv":[9.0,6.625,11.125,7.0],"rotation":270.0,"texture":"#1","tintindex":0.0}}},{"from":[-0.5,5.0,-0.5],"to":[16.5,5.0,16.5],"rotation":{"angle":0.0,"axis":"y","origin":[0.5,0.0,-1.5]},"faces":{"north":{"uv":[2.125,11.25,4.75,11.5],"texture":"#1","tintindex":0.0},"east":{"uv":[2.125,11.25,4.75,11.5],"texture":"#1","tintindex":0.0},"south":{"uv":[2.125,11.25,4.75,11.5],"texture":"#1","tintindex":0.0},"west":{"uv":[2.125,11.25,4.75,11.5],"texture":"#1","tintindex":0.0},"up":{"uv":[9.0,4.5,11.125,6.625],"texture":"#1","tintindex":0.0},"down":{"uv":[9.0,4.5,11.125,6.625],"texture":"#1","tintindex":0.0}}},{"from":[-0.5,-2.27299,13.06379],"to":[16.5,-2.27299,16.06379],"rotation":{"angle":22.5,"axis":"x","origin":[-2.5,-7.27299,33.06379]},"faces":{"north":{"uv":[4.75,11.25,2.125,11.5],"texture":"#1","tintindex":0.0},"east":{"uv":[4.75,11.25,2.125,11.5],"texture":"#1","tintindex":0.0},"south":{"uv":[4.75,11.25,2.125,11.5],"texture":"#1","tintindex":0.0},"west":{"uv":[4.75,11.25,2.125,11.5],"texture":"#1","tintindex":0.0},"up":{"uv":[9.0,6.625,11.125,7.0],"rotation":180.0,"texture":"#1","tintindex":0.0},"down":{"uv":[9.0,7.0,11.125,6.625],"rotation":180.0,"texture":"#1","tintindex":0.0}}},{"from":[15.70907,7.82636,-0.5],"to":[18.70907,7.82636,16.5],"rotation":{"angle":-22.5,"axis":"z","origin":[9.0,4.42605,8.0]},"faces":{"north":{"uv":[2.125,11.25,4.75,11.5],"texture":"#1","tintindex":0.0},"east":{"uv":[2.125,11.25,4.75,11.5],"texture":"#1","tintindex":0.0},"south":{"uv":[2.125,11.25,4.75,11.5],"texture":"#1","tintindex":0.0},"west":{"uv":[2.125,11.25,4.75,11.5],"texture":"#1","tintindex":0.0},"up":{"uv":[9.0,6.625,11.125,7.0],"rotation":90.0,"texture":"#1","tintindex":0.0},"down":{"uv":[9.0,6.625,11.125,7.0],"rotation":90.0,"texture":"#1","tintindex":0.0}}},{"from":[3.5,5.0,3.5],"to":[12.5,10.0,12.5],"rotation":{"angle":0.0,"axis":"y","origin":[-0.5,0.0,-1.5]},"faces":{"north":{"uv":[7.875,3.75,9.0,4.375],"texture":"#1","tintindex":0.0},"east":{"uv":[7.875,3.75,9.0,4.375],"texture":"#1","tintindex":0.0},"south":{"uv":[7.875,3.75,9.0,4.375],"texture":"#1","tintindex":0.0},"west":{"uv":[7.875,3.75,9.0,4.375],"texture":"#1","tintindex":0.0},"up":{"uv":[7.875,5.5,9.0,6.625],"texture":"#1","tintindex":0.0},"down":{"uv":[6.875,4.25,7.0,4.375],"texture":"#1","tintindex":0.0}}},{"from":[4.5,9.0,4.5],"to":[11.5,15.0,11.5],"rotation":{"angle":0.0,"axis":"x","origin":[8.0,9.25,7.75]},"faces":{"north":{"uv":[9.0,3.75,9.875,4.5],"texture":"#1","tintindex":0.0},"east":{"uv":[9.0,3.75,9.875,4.5],"texture":"#1","tintindex":0.0},"south":{"uv":[9.0,3.75,9.875,4.5],"texture":"#1","tintindex":0.0},"west":{"uv":[9.0,3.75,9.875,4.5],"texture":"#1","tintindex":0.0},"up":{"uv":[7.0,5.5,7.875,6.375],"texture":"#1","tintindex":0.0},"down":{"uv":[2.0,7.125,2.125,7.25],"texture":"#1","tintindex":0.0}}},{"from":[6.07727,13.75,4.5],"to":[10.07727,18.75,8.5],"rotation":{"angle":22.5,"axis":"x","origin":[8.57727,9.25,7.75]},"faces":{"north":{"uv":[9.875,3.75,10.375,4.375],"texture":"#1","tintindex":0.0},"east":{"uv":[9.875,3.75,10.375,4.375],"texture":"#1","tintindex":0.0},"south":{"uv":[9.875,3.75,10.375,4.375],"texture":"#1","tintindex":0.0},"west":{"uv":[9.875,3.75,10.375,4.375],"texture":"#1","tintindex":0.0},"up":{"uv":[6.875,5.0,7.375,5.5],"texture":"#1","tintindex":0.0},"down":{"uv":[2.0,7.125,2.125,7.25],"texture":"#1","tintindex":0.0}}},{"from":[8.07727,11.75,4.5],"to":[8.07727,20.75,15.5],"rotation":{"angle":22.5,"axis":"x","origin":[8.57727,9.25,7.75]},"faces":{"north":{"uv":[0.5,9.375,1.0,10.0],"texture":"#missing","tintindex":0.0},"east":{"uv":[7.375,4.375,8.75,5.5],"texture":"#1","tintindex":0.0},"south":{"uv":[1.0,9.375,1.5,10.0],"texture":"#missing","tintindex":0.0},"west":{"uv":[8.75,4.375,7.375,5.5],"texture":"#1","tintindex":0.0},"up":{"uv":[4.125,8.625,5.0,9.5],"texture":"#missing","tintindex":0.0},"down":{"uv":[13.0,6.25,14.125,7.375],"texture":"#missing","tintindex":0.0}}}],"gui_light":"front","display":{"thirdperson_righthand":{"rotation":[55.5,34.0,0.0],"translation":[0.0,1.0,0.75],"scale":[0.52539,0.52539,0.52539]},"thirdperson_lefthand":{"rotation":[55.5,34.0,0.0],"translation":[0.0,1.0,0.75],"scale":[0.52539,0.52539,0.52539]},"firstperson_righthand":{"rotation":[21.0,114.5,-13.75],"translation":[9.5,0.0,-5.75],"scale":[0.41992,0.41992,0.41992]},"firstperson_lefthand":{"rotation":[21.0,114.5,-13.75],"translation":[9.5,0.0,-5.75],"scale":[0.41992,0.41992,0.41992]},"gui":{"rotation":[-137.23,-50.79,-161.6],"translation":[0.25,-0.75,0.0],"scale":[0.62695,0.62695,0.62695]},"head":{"rotation":[8.0,0.0,0.0],"translation":[0.0,8.25,0.25],"scale":[1.67227,1.67227,1.67227]}}}