{"textures":{"2":"mcc:island_cosmetics/general/hat/shroud/infernal_shroud","3":"mcc:island_cosmetics/general/hat/shroud/infernal","4":"mcc:island_cosmetics/general/hat/shroud/infernal_anim","particle":"mcc:island_cosmetics/general/hat/shroud/infernal"},"elements":[{"from":[9.5512,-2.20774,2.5],"to":[13.3012,6.04226,12.5],"rotation":{"angle":22.5,"axis":"z","origin":[8.0,5.05142,8.01166]},"faces":{"north":{"uv":[4.66667,1.0,3.33333,3.66667],"texture":"#2","tintindex":0},"east":{"uv":[8.33333,0.33333,5.0,3.0],"texture":"#2","tintindex":0},"south":{"uv":[12.33333,1.66667,11.33333,4.33333],"texture":"#2","tintindex":0},"down":{"uv":[1.66667,3.66667,0.33333,7.0],"texture":"#2","tintindex":0}}},{"from":[2.6988,-2.20774,2.5],"to":[6.4488,6.04226,12.5],"rotation":{"angle":-22.5,"axis":"z","origin":[8.0,5.05142,8.01166]},"faces":{"north":{"uv":[3.33333,1.0,4.66667,3.66667],"texture":"#2","tintindex":0},"south":{"uv":[11.33333,1.66667,12.33333,4.33333],"texture":"#2","tintindex":0},"west":{"uv":[5.0,0.33333,8.33333,3.0],"texture":"#2","tintindex":0},"down":{"uv":[0.33333,3.66667,1.66667,7.0],"texture":"#2","tintindex":0}}},{"from":[5.99,9.334,10.27002],"to":[10.01,11.354,13.29002],"rotation":{"angle":22.5,"axis":"x","origin":[8.0,5.05142,8.01166]},"faces":{"east":{"uv":[10.33333,3.66667,9.33333,4.33333],"texture":"#2","tintindex":0},"south":{"uv":[9.33333,4.66667,8.0,5.33333],"texture":"#2","tintindex":0},"west":{"uv":[9.33333,3.66667,10.33333,4.33333],"texture":"#2","tintindex":0},"up":{"uv":[9.33333,3.66667,8.0,4.66667],"texture":"#2","tintindex":0},"down":{"uv":[10.33333,5.33333,9.0,6.33333],"texture":"#2","tintindex":0}}},{"from":[3.0,-2.34702,0.52033],"to":[13.0,1.65298,10.52033],"rotation":{"angle":-22.5,"axis":"x","origin":[8.0,5.05142,8.01166]},"faces":{"north":{"uv":[4.0,7.33333,7.33333,8.66667],"texture":"#2","tintindex":0},"east":{"uv":[4.0,7.33333,7.33333,8.66667],"texture":"#2","tintindex":0},"south":{"uv":[4.0,7.33333,7.33333,8.66667],"texture":"#2","tintindex":0},"west":{"uv":[4.0,7.33333,7.33333,8.66667],"texture":"#2","tintindex":0},"up":{"uv":[0.66667,10.33333,4.0,7.0],"texture":"#2","tintindex":0},"down":{"uv":[0.66667,7.0,4.0,10.33333],"texture":"#2","tintindex":0}}},{"from":[6.4488,6.04226,12.5],"to":[2.6988,-2.20774,2.5],"rotation":{"angle":-22.5,"axis":"z","origin":[8.0,5.05142,8.01166]},"faces":{"north":{"uv":[11.33333,4.33333,12.33333,1.66667],"texture":"#2","tintindex":0},"east":{"uv":[5.0,3.0,8.33333,0.33333],"texture":"#2","tintindex":0},"south":{"uv":[3.33333,3.66667,4.66667,1.0],"texture":"#2","tintindex":0},"up":{"uv":[1.66667,3.66667,0.33333,7.0],"texture":"#2","tintindex":0}}},{"from":[13.3012,6.04226,12.5],"to":[9.5512,-2.20774,2.5],"rotation":{"angle":22.5,"axis":"z","origin":[8.0,5.05142,8.01166]},"faces":{"north":{"uv":[12.33333,4.33333,11.33333,1.66667],"texture":"#2","tintindex":0},"south":{"uv":[4.66667,3.66667,3.33333,1.0],"texture":"#2","tintindex":0},"west":{"uv":[8.33333,3.0,5.0,0.33333],"texture":"#2","tintindex":0},"up":{"uv":[0.33333,3.66667,1.66667,7.0],"texture":"#2","tintindex":0}}},{"from":[12.52,10.02,12.52],"to":[3.48,-1.02,2.48],"rotation":{"angle":0.0,"axis":"y","origin":[8.0,5.05142,8.01166]},"faces":{"north":{"uv":[13.33333,8.66667,10.33333,5.0],"texture":"#2","tintindex":0},"east":{"uv":[4.66667,7.33333,8.0,3.66667],"texture":"#2","tintindex":0},"south":{"uv":[3.0,3.66667,0.0,0.0],"texture":"#2","tintindex":0},"west":{"uv":[8.0,7.33333,4.66667,3.66667],"texture":"#2","tintindex":0},"up":{"uv":[10.33333,7.33333,7.33333,10.66667],"texture":"#2","tintindex":0},"down":{"uv":[8.33333,0.33333,11.33333,3.66667],"texture":"#2","tintindex":0}}},{"from":[7.01338,8.25869,-3.16432],"to":[9.74338,13.71869,-0.43432],"rotation":{"angle":45.0,"axis":"y","origin":[8.0,5.05142,8.01166]},"faces":{"north":{"uv":[0.66667,1.0,1.0,3.0],"texture":"#3"},"east":{"uv":[0.0,1.0,1.0,3.0],"texture":"#3"},"south":{"uv":[0.0,1.0,0.33333,3.0],"texture":"#3"},"west":{"uv":[1.0,1.0,0.0,3.0],"texture":"#3"},"up":{"uv":[1.0,2.33333,2.0,3.33333],"texture":"#3"}}},{"from":[6.97698,5.49229,-3.16432],"to":[9.74338,8.25869,4.15208],"rotation":{"angle":45.0,"axis":"y","origin":[8.0,5.05142,8.01166]},"faces":{"north":{"uv":[1.0,1.33333,2.01333,2.34667],"texture":"#3"},"east":{"uv":[0.0,0.0,2.68,1.01333],"texture":"#3"},"south":{"uv":[0.0,0.33333,0.33333,0.66667],"texture":"#3"},"west":{"uv":[2.68,0.0,0.0,1.01333],"texture":"#3"},"up":{"uv":[2.0,1.33333,3.0,4.0],"texture":"#3"},"down":{"uv":[0.0,3.0,1.0,5.66667],"texture":"#3"}}},{"from":[3.48,-1.02,2.48],"to":[12.52,10.02,12.52],"rotation":{"angle":0.0,"axis":"y","origin":[8.0,5.05142,8.01166]},"faces":{"north":{"uv":[3.0,0.0,0.0,3.66667],"texture":"#2","tintindex":0},"east":{"uv":[8.0,3.66667,4.66667,7.33333],"texture":"#2","tintindex":0},"south":{"uv":[13.33333,5.0,10.33333,8.66667],"texture":"#2","tintindex":0},"west":{"uv":[4.66667,3.66667,8.0,7.33333],"texture":"#2","tintindex":0},"up":{"uv":[11.33333,0.33333,8.33333,3.66667],"texture":"#2","tintindex":0},"down":{"uv":[7.33333,7.33333,10.33333,10.66667],"texture":"#2","tintindex":0}}},{"from":[6.25662,8.25869,-3.16432],"to":[8.98662,13.71869,-0.43432],"rotation":{"angle":-45.0,"axis":"y","origin":[8.0,5.05142,8.01166]},"faces":{"north":{"uv":[1.0,1.0,0.66667,3.0],"texture":"#3"},"east":{"uv":[0.0,1.0,1.0,3.0],"texture":"#3"},"south":{"uv":[0.33333,1.0,0.0,3.0],"texture":"#3"},"west":{"uv":[1.0,1.0,0.0,3.0],"texture":"#3"},"up":{"uv":[2.0,2.33333,1.0,3.33333],"texture":"#3"}}},{"from":[7.62162,9.16869,-3.16432],"to":[8.12162,16.44869,8.66568],"rotation":{"angle":-45.0,"axis":"y","origin":[8.0,5.05142,8.01166]},"faces":{"north":{"uv":[7.0,0.0,7.33333,2.66667],"texture":"#3"},"east":{"uv":[3.0,0.0,7.33333,2.66667],"texture":"#3"},"west":{"uv":[7.33333,0.0,3.0,2.66667],"texture":"#3"}}},{"from":[6.25662,5.49229,-3.16432],"to":[9.02302,8.25869,4.15208],"rotation":{"angle":-45.0,"axis":"y","origin":[8.0,5.05142,8.01166]},"faces":{"north":{"uv":[2.01333,1.33333,1.0,2.34667],"texture":"#3"},"east":{"uv":[0.0,0.0,2.68,1.01333],"texture":"#3"},"south":{"uv":[0.33333,0.33333,0.0,0.66667],"texture":"#3"},"west":{"uv":[2.68,0.0,0.0,1.01333],"texture":"#3"},"up":{"uv":[3.0,1.33333,2.0,4.0],"texture":"#3"},"down":{"uv":[1.0,3.0,0.0,5.66667],"texture":"#3"}}},{"from":[7.87162,8.91869,-3.41432],"to":[7.87162,16.69869,8.91568],"rotation":{"angle":-45.0,"axis":"y","origin":[8.0,5.05142,8.01166]},"faces":{"north":{"uv":[7.0,0.0,7.33333,2.66667],"texture":"#3"},"east":{"uv":[3.0,2.33333,7.33333,5.0],"texture":"#3"},"west":{"uv":[7.33333,2.33333,3.0,5.0],"texture":"#3"}}},{"from":[2.8,-1.54702,0.32033],"to":[13.2,0.85298,10.72033],"rotation":{"angle":-22.5,"axis":"x","origin":[8.0,5.05142,8.01166]},"faces":{"north":{"uv":[1.0,5.0,4.33333,5.66666],"texture":"#3"},"east":{"uv":[1.0,5.0,4.33333,5.66666],"texture":"#3"},"south":{"uv":[1.0,5.0,4.33333,5.66666],"texture":"#3"},"west":{"uv":[1.0,5.0,4.33333,5.66666],"texture":"#3"}}},{"from":[9.75,-0.37776,-1.6801],"to":[12.25,-0.37776,1.0699],"rotation":{"angle":-22.5,"axis":"x","origin":[8.0,5.05142,8.01166]},"faces":{"up":{"uv":[0.0,6.0,1.0,7.0],"texture":"#3","rotation":270},"down":{"uv":[1.0,6.0,0.0,7.0],"texture":"#3","rotation":270}}},{"from":[11.0,-1.37776,-1.6801],"to":[11.0,0.62224,1.0699],"rotation":{"angle":-22.5,"axis":"x","origin":[8.0,5.05142,8.01166]},"faces":{"east":{"uv":[0.0,6.0,1.0,7.0],"texture":"#3"},"west":{"uv":[1.0,6.0,0.0,7.0],"texture":"#3"}}},{"from":[5.0,-1.37776,-1.6801],"to":[5.0,0.62224,1.0699],"rotation":{"angle":-22.5,"axis":"x","origin":[8.0,5.05142,8.01166]},"faces":{"east":{"uv":[0.0,6.0,1.0,7.0],"texture":"#3"},"west":{"uv":[1.0,6.0,0.0,7.0],"texture":"#3"}}},{"from":[3.75,-0.37776,-1.6801],"to":[6.25,-0.37776,1.0699],"rotation":{"angle":-22.5,"axis":"x","origin":[8.0,5.05142,8.01166]},"faces":{"up":{"uv":[0.0,6.0,1.0,7.0],"texture":"#3","rotation":270},"down":{"uv":[1.0,6.0,0.0,7.0],"texture":"#3","rotation":270}}},{"from":[12.125,-0.37776,1.4449],"to":[14.875,-0.37776,3.9449],"rotation":{"angle":-22.5,"axis":"x","origin":[8.0,5.05142,8.01166]},"faces":{"up":{"uv":[0.0,6.0,1.0,7.0],"texture":"#3"},"down":{"uv":[1.0,6.0,0.0,7.0],"texture":"#3","rotation":180}}},{"from":[12.125,-1.37776,2.6949],"to":[14.875,0.62224,2.6949],"rotation":{"angle":-22.5,"axis":"x","origin":[8.0,5.05142,8.01166]},"faces":{"north":{"uv":[1.0,6.0,0.0,7.0],"texture":"#3"},"south":{"uv":[0.0,6.0,1.0,7.0],"texture":"#3"}}},{"from":[12.125,-0.37776,5.4449],"to":[14.875,-0.37776,7.9449],"rotation":{"angle":-22.5,"axis":"x","origin":[8.0,5.05142,8.01166]},"faces":{"up":{"uv":[0.0,6.0,1.0,7.0],"texture":"#3"},"down":{"uv":[1.0,6.0,0.0,7.0],"texture":"#3","rotation":180}}},{"from":[12.125,-1.37776,6.6949],"to":[14.875,0.62224,6.6949],"rotation":{"angle":-22.5,"axis":"x","origin":[8.0,5.05142,8.01166]},"faces":{"north":{"uv":[1.0,6.0,0.0,7.0],"texture":"#3"},"south":{"uv":[0.0,6.0,1.0,7.0],"texture":"#3"}}},{"from":[1.125,-0.37776,1.4449],"to":[3.875,-0.37776,3.9449],"rotation":{"angle":-22.5,"axis":"x","origin":[8.0,5.05142,8.01166]},"faces":{"up":{"uv":[1.0,6.0,0.0,7.0],"texture":"#3"},"down":{"uv":[0.0,6.0,1.0,7.0],"texture":"#3","rotation":180}}},{"from":[1.125,-1.37776,2.6949],"to":[3.875,0.62224,2.6949],"rotation":{"angle":-22.5,"axis":"x","origin":[8.0,5.05142,8.01166]},"faces":{"north":{"uv":[0.0,6.0,1.0,7.0],"texture":"#3"},"south":{"uv":[1.0,6.0,0.0,7.0],"texture":"#3"}}},{"from":[1.125,-0.37776,5.4449],"to":[3.875,-0.37776,7.9449],"rotation":{"angle":-22.5,"axis":"x","origin":[8.0,5.05142,8.01166]},"faces":{"up":{"uv":[1.0,6.0,0.0,7.0],"texture":"#3"},"down":{"uv":[0.0,6.0,1.0,7.0],"texture":"#3","rotation":180}}},{"from":[1.125,-1.37776,6.6949],"to":[3.875,0.62224,6.6949],"rotation":{"angle":-22.5,"axis":"x","origin":[8.0,5.05142,8.01166]},"faces":{"north":{"uv":[0.0,6.0,1.0,7.0],"texture":"#3"},"south":{"uv":[1.0,6.0,0.0,7.0],"texture":"#3"}}},{"from":[13.4,1.05298,10.92033],"to":[2.6,-1.74702,0.12033],"rotation":{"angle":-22.5,"axis":"x","origin":[8.0,5.05142,8.01166]},"faces":{"north":{"uv":[4.66667,4.0,5.0,4.33333],"texture":"#3"},"east":{"uv":[4.66667,4.0,5.0,4.33333],"texture":"#3"},"south":{"uv":[4.66667,4.0,5.0,4.33333],"texture":"#3"},"west":{"uv":[4.66667,4.0,5.0,4.33333],"texture":"#3"},"up":{"uv":[4.66667,4.0,5.0,4.33333],"texture":"#3"},"down":{"uv":[4.66667,4.0,5.0,4.33333],"texture":"#3"}}},{"from":[8.12838,8.91869,-3.41432],"to":[8.12838,16.69869,8.91568],"rotation":{"angle":45.0,"axis":"y","origin":[8.0,5.05142,8.01166]},"faces":{"north":{"uv":[7.33333,0.0,7.0,2.66667],"texture":"#3"},"east":{"uv":[3.0,2.33333,7.33333,5.0],"texture":"#3"},"west":{"uv":[7.33333,2.33333,3.0,5.0],"texture":"#3"}}},{"from":[7.87838,9.16869,-3.16432],"to":[8.37838,16.44869,8.66568],"rotation":{"angle":45.0,"axis":"y","origin":[8.0,5.05142,8.01166]},"faces":{"north":{"uv":[7.33333,0.0,7.0,2.66667],"texture":"#3"},"east":{"uv":[3.0,0.0,7.33333,2.66667],"texture":"#3"},"west":{"uv":[7.33333,0.0,3.0,2.66667],"texture":"#3"}}},{"from":[9.75,-0.4095,9.65695],"to":[12.25,-0.4095,12.40695],"rotation":{"angle":-22.5,"axis":"x","origin":[8.0,5.05142,8.01166]},"faces":{"up":{"uv":[1.0,6.0,0.0,7.0],"texture":"#3","rotation":270},"down":{"uv":[0.0,6.0,1.0,7.0],"texture":"#3","rotation":270}}},{"from":[11.0,-1.4095,9.65695],"to":[11.0,0.5905,12.40695],"rotation":{"angle":-22.5,"axis":"x","origin":[8.0,5.05142,8.01166]},"faces":{"east":{"uv":[1.0,6.0,0.0,7.0],"texture":"#3"},"west":{"uv":[0.0,6.0,1.0,7.0],"texture":"#3"}}},{"from":[5.0,-1.4095,9.65695],"to":[5.0,0.5905,12.40695],"rotation":{"angle":-22.5,"axis":"x","origin":[8.0,5.05142,8.01166]},"faces":{"east":{"uv":[1.0,6.0,0.0,7.0],"texture":"#3"},"west":{"uv":[0.0,6.0,1.0,7.0],"texture":"#3"}}},{"from":[3.75,-0.4095,9.65695],"to":[6.25,-0.4095,12.40695],"rotation":{"angle":-22.5,"axis":"x","origin":[8.0,5.05142,8.01166]},"faces":{"up":{"uv":[1.0,6.0,0.0,7.0],"texture":"#3","rotation":270},"down":{"uv":[0.0,6.0,1.0,7.0],"texture":"#3","rotation":270}}},{"from":[4.77297,11.25,4.71662],"to":[4.77297,15.25,11.71662],"rotation":{"angle":0.0,"axis":"y","origin":[8.0,5.05142,8.01166]},"faces":{"north":{"uv":[0.0,0.0,0.0,0.0],"texture":"#4"},"east":{"uv":[9.0,0.0,16.0,4.0],"texture":"#4"},"south":{"uv":[0.0,0.0,0.0,0.0],"texture":"#4"},"west":{"uv":[16.0,0.0,9.0,4.0],"texture":"#4"},"up":{"uv":[0.0,0.0,0.0,0.0],"texture":"#4","rotation":180},"down":{"uv":[0.0,0.0,0.0,0.0],"texture":"#4","rotation":180}}},{"from":[1.77297,10.25,2.71662],"to":[1.77297,14.25,9.71662],"rotation":{"angle":0.0,"axis":"y","origin":[8.0,5.05142,8.01166]},"faces":{"north":{"uv":[0.0,0.0,0.0,0.0],"texture":"#4"},"east":{"uv":[0.0,0.0,7.0,4.0],"texture":"#4"},"south":{"uv":[0.0,0.0,0.0,0.0],"texture":"#4"},"west":{"uv":[7.0,0.0,0.0,4.0],"texture":"#4"},"up":{"uv":[0.0,0.0,0.0,0.0],"texture":"#4","rotation":180},"down":{"uv":[0.0,0.0,0.0,0.0],"texture":"#4","rotation":180}}},{"from":[14.22703,10.25,2.71662],"to":[14.22703,14.25,9.71662],"rotation":{"angle":0.0,"axis":"y","origin":[8.0,5.05142,8.01166]},"faces":{"north":{"uv":[0.0,0.0,0.0,0.0],"texture":"#4"},"east":{"uv":[8.0,4.0,15.0,8.0],"texture":"#4"},"south":{"uv":[0.0,0.0,0.0,0.0],"texture":"#4"},"west":{"uv":[15.0,4.0,8.0,8.0],"texture":"#4"},"up":{"uv":[0.0,0.0,0.0,0.0],"texture":"#4","rotation":180},"down":{"uv":[0.0,0.0,0.0,0.0],"texture":"#4","rotation":180}}},{"from":[11.22703,11.25,4.71662],"to":[11.22703,15.25,11.71662],"rotation":{"angle":0.0,"axis":"y","origin":[8.0,5.05142,8.01166]},"faces":{"north":{"uv":[0.0,0.0,0.0,0.0],"texture":"#4"},"east":{"uv":[1.0,4.0,8.0,8.0],"texture":"#4"},"south":{"uv":[0.0,0.0,0.0,0.0],"texture":"#4"},"west":{"uv":[8.0,4.0,1.0,8.0],"texture":"#4"},"up":{"uv":[0.0,0.0,0.0,0.0],"texture":"#4","rotation":180},"down":{"uv":[0.0,0.0,0.0,0.0],"texture":"#4","rotation":180}}},{"from":[4.77297,-1.75,11.71662],"to":[4.77297,2.25,18.71662],"rotation":{"angle":0.0,"axis":"y","origin":[8.0,5.05142,8.01166]},"faces":{"north":{"uv":[0.0,0.0,0.0,0.0],"texture":"#4"},"east":{"uv":[9.0,0.0,16.0,4.0],"texture":"#4"},"south":{"uv":[0.0,0.0,0.0,0.0],"texture":"#4"},"west":{"uv":[16.0,0.0,9.0,4.0],"texture":"#4"},"up":{"uv":[0.0,0.0,0.0,0.0],"texture":"#4","rotation":180},"down":{"uv":[0.0,0.0,0.0,0.0],"texture":"#4","rotation":180}}},{"from":[11.22703,-1.75,11.71662],"to":[11.22703,2.25,18.71662],"rotation":{"angle":0.0,"axis":"y","origin":[8.0,5.05142,8.01166]},"faces":{"north":{"uv":[0.0,0.0,0.0,0.0],"texture":"#4"},"east":{"uv":[1.0,4.0,8.0,8.0],"texture":"#4"},"south":{"uv":[0.0,0.0,0.0,0.0],"texture":"#4"},"west":{"uv":[8.0,4.0,1.0,8.0],"texture":"#4"},"up":{"uv":[0.0,0.0,0.0,0.0],"texture":"#4","rotation":180},"down":{"uv":[0.0,0.0,0.0,0.0],"texture":"#4","rotation":180}}},{"from":[7.77297,-1.75,11.71662],"to":[7.77297,2.25,18.71662],"rotation":{"angle":0.0,"axis":"y","origin":[8.0,5.05142,8.01166]},"faces":{"north":{"uv":[0.0,0.0,0.0,0.0],"texture":"#4"},"east":{"uv":[0.0,0.0,7.0,4.0],"texture":"#4"},"south":{"uv":[0.0,0.0,0.0,0.0],"texture":"#4"},"west":{"uv":[7.0,0.0,0.0,4.0],"texture":"#4"},"up":{"uv":[0.0,0.0,0.0,0.0],"texture":"#4","rotation":180},"down":{"uv":[0.0,0.0,0.0,0.0],"texture":"#4","rotation":180}}}],"display":{"thirdperson_righthand":{"translation":[0.0,1.0,0.75],"rotation":[55.5,34.0,0.0],"scale":[0.52539,0.52539,0.52539]},"thirdperson_lefthand":{"translation":[0.0,1.0,0.75],"rotation":[55.5,34.0,0.0],"scale":[0.52539,0.52539,0.52539]},"firstperson_righthand":{"translation":[9.5,0.0,-5.75],"rotation":[21.0,114.5,-13.75],"scale":[0.41992,0.41992,0.41992]},"firstperson_lefthand":{"translation":[9.5,0.0,-5.75],"rotation":[21.0,114.5,-13.75],"scale":[0.41992,0.41992,0.41992]},"ground":{"translation":[0.0,4.25,0.0],"scale":[0.28906,0.28906,0.28906]},"gui":{"translation":[-1.0,2.75,0.0],"rotation":[-149.61,-31.92,-180.0],"scale":[0.71289,0.71289,0.71289]},"head":{"translation":[0.0,7.0,0.25],"rotation":[-1.75,0.0,0.0],"scale":[1.6,1.6,1.6]},"fixed":{"translation":[0.0,-3.25,-7.5]}},"credit":"Made with Blockbench","gui_light":"front"}