{"textures":{"0":"mcc:island_cosmetics/general/hat/headphones/squidtek","particle":"mcc:island_cosmetics/general/hat/headphones/squidtek"},"elements":[{"from":[3.5,4.0,6.0],"to":[12.5,7.0,9.0],"rotation":{"angle":0.0,"axis":"y","origin":[-0.5,0.0,0.0]},"faces":{"north":{"uv":[0.0,6.5,4.5,8.0],"texture":"#0","tintindex":0},"east":{"uv":[4.5,3.0,6.0,4.5],"texture":"#0","tintindex":0},"south":{"uv":[0.0,6.5,4.5,8.0],"texture":"#0","tintindex":0},"west":{"uv":[6.0,3.0,4.5,4.5],"texture":"#0","tintindex":0},"up":{"uv":[4.5,6.5,0.0,5.0],"texture":"#0","tintindex":0},"down":{"uv":[33.5,7.0,34.0,7.5],"texture":"#0","tintindex":0}}},{"from":[5.3,5.8,5.8],"to":[10.7,7.2,9.2],"rotation":{"angle":0.0,"axis":"y","origin":[-0.5,0.0,0.0]},"faces":{"north":{"uv":[5.0,7.5,7.5,8.0],"texture":"#0"},"east":{"uv":[5.0,7.0,6.5,7.5],"texture":"#0"},"south":{"uv":[5.0,7.5,7.5,8.0],"texture":"#0"},"west":{"uv":[5.0,7.0,6.5,7.5],"texture":"#0"},"up":{"uv":[5.0,5.5,7.5,7.0],"texture":"#0"},"down":{"uv":[5.0,5.5,7.5,7.0],"texture":"#0"}}},{"from":[2.0,-1.0,5.0],"to":[4.0,4.0,10.0],"rotation":{"angle":0.0,"axis":"y","origin":[16.5,0.0,0.0]},"faces":{"north":{"uv":[2.5,0.0,3.5,2.5],"texture":"#0"},"east":{"uv":[2.0,2.5,4.5,5.0],"texture":"#0"},"south":{"uv":[3.5,0.0,2.5,2.5],"texture":"#0"},"west":{"uv":[0.0,0.0,2.5,2.5],"texture":"#0"},"up":{"uv":[3.5,0.0,2.5,0.5],"texture":"#0"},"down":{"uv":[3.5,2.0,2.5,2.5],"texture":"#0"}}},{"from":[2.86,-1.14,4.86],"to":[4.14,4.14,10.14],"rotation":{"angle":0.0,"axis":"y","origin":[16.5,0.0,0.0]},"faces":{"north":{"uv":[6.0,0.0,6.5,2.5],"texture":"#0"},"east":{"uv":[3.5,0.0,6.0,2.5],"texture":"#0"},"south":{"uv":[6.0,0.0,6.5,2.5],"texture":"#0"},"west":{"uv":[3.5,0.0,6.0,2.5],"texture":"#0"},"up":{"uv":[6.0,0.0,6.5,0.5],"texture":"#0"},"down":{"uv":[6.0,2.0,6.5,2.5],"texture":"#0"}}},{"from":[12.0,-1.0,5.0],"to":[14.0,4.0,10.0],"rotation":{"angle":0.0,"axis":"y","origin":[-0.5,0.0,0.0]},"faces":{"north":{"uv":[3.5,0.0,2.5,2.5],"texture":"#0"},"east":{"uv":[2.5,0.0,0.0,2.5],"texture":"#0"},"south":{"uv":[2.5,0.0,3.5,2.5],"texture":"#0"},"west":{"uv":[4.5,2.5,2.0,5.0],"texture":"#0"},"up":{"uv":[2.5,0.0,3.5,0.5],"texture":"#0"},"down":{"uv":[2.5,2.0,3.5,2.5],"texture":"#0"}}},{"from":[11.86,-1.14,4.86],"to":[13.14,4.14,10.14],"rotation":{"angle":0.0,"axis":"y","origin":[-0.5,0.0,0.0]},"faces":{"north":{"uv":[6.5,0.0,6.0,2.5],"texture":"#0"},"east":{"uv":[6.0,0.0,3.5,2.5],"texture":"#0"},"south":{"uv":[6.5,0.0,6.0,2.5],"texture":"#0"},"west":{"uv":[6.0,0.0,3.5,2.5],"texture":"#0"},"up":{"uv":[6.5,0.0,6.0,0.5],"texture":"#0"},"down":{"uv":[6.5,2.0,6.0,2.5],"texture":"#0"}}},{"from":[1.7,-1.3,4.7],"to":[4.3,4.3,10.3],"rotation":{"angle":0.0,"axis":"y","origin":[16.5,0.0,0.0]},"faces":{"north":{"uv":[10.5,0.0,11.5,2.5],"texture":"#0"},"east":{"uv":[10.0,2.5,12.5,5.0],"texture":"#0"},"south":{"uv":[11.5,0.0,10.5,2.5],"texture":"#0"},"west":{"uv":[8.0,0.0,10.5,2.5],"texture":"#0"},"up":{"uv":[11.5,0.0,10.5,0.5],"texture":"#0"},"down":{"uv":[11.5,2.0,10.5,2.5],"texture":"#0"}}},{"from":[2.56,-1.44,4.56],"to":[4.44,4.44,10.44],"rotation":{"angle":0.0,"axis":"y","origin":[16.5,0.0,0.0]},"faces":{"north":{"uv":[14.0,0.0,14.5,2.5],"texture":"#0"},"east":{"uv":[11.5,0.0,14.0,2.5],"texture":"#0"},"south":{"uv":[14.0,0.0,14.5,2.5],"texture":"#0"},"west":{"uv":[11.5,0.0,14.0,2.5],"texture":"#0"},"up":{"uv":[14.0,0.0,14.5,0.5],"texture":"#0"},"down":{"uv":[14.0,2.0,14.5,2.5],"texture":"#0"}}},{"from":[11.7,-1.3,4.7],"to":[14.3,4.3,10.3],"rotation":{"angle":0.0,"axis":"y","origin":[-0.5,0.0,0.0]},"faces":{"north":{"uv":[11.5,0.0,10.5,2.5],"texture":"#0"},"east":{"uv":[10.5,0.0,8.0,2.5],"texture":"#0"},"south":{"uv":[10.5,0.0,11.5,2.5],"texture":"#0"},"west":{"uv":[12.5,2.5,10.0,5.0],"texture":"#0"},"up":{"uv":[10.5,0.0,11.5,0.5],"texture":"#0"},"down":{"uv":[10.5,2.0,11.5,2.5],"texture":"#0"}}},{"from":[11.56,-1.44,4.56],"to":[13.44,4.44,10.44],"rotation":{"angle":0.0,"axis":"y","origin":[-0.5,0.0,0.0]},"faces":{"north":{"uv":[14.5,0.0,14.0,2.5],"texture":"#0"},"east":{"uv":[14.0,0.0,11.5,2.5],"texture":"#0"},"south":{"uv":[14.5,0.0,14.0,2.5],"texture":"#0"},"west":{"uv":[14.0,0.0,11.5,2.5],"texture":"#0"},"up":{"uv":[14.5,0.0,14.0,0.5],"texture":"#0"},"down":{"uv":[14.5,2.0,14.0,2.5],"texture":"#0"}}},{"from":[11.56,-1.44,4.56],"to":[13.44,4.44,10.44],"rotation":{"angle":0.0,"axis":"y","origin":[-0.5,0.0,0.0]},"faces":{"north":{"uv":[14.5,0.0,14.0,2.5],"texture":"#0"},"east":{"uv":[14.0,0.0,11.5,2.5],"texture":"#0"},"south":{"uv":[14.5,0.0,14.0,2.5],"texture":"#0"},"west":{"uv":[14.0,0.0,11.5,2.5],"texture":"#0"},"up":{"uv":[14.5,0.0,14.0,0.5],"texture":"#0"},"down":{"uv":[14.5,2.0,14.0,2.5],"texture":"#0"}}},{"from":[2.56,-1.44,4.56],"to":[4.44,4.44,10.44],"rotation":{"angle":0.0,"axis":"y","origin":[16.5,0.0,0.0]},"faces":{"north":{"uv":[14.0,0.0,14.5,2.5],"texture":"#0"},"east":{"uv":[11.5,0.0,14.0,2.5],"texture":"#0"},"south":{"uv":[14.0,0.0,14.5,2.5],"texture":"#0"},"west":{"uv":[11.5,0.0,14.0,2.5],"texture":"#0"},"up":{"uv":[14.0,0.0,14.5,0.5],"texture":"#0"},"down":{"uv":[14.0,2.0,14.5,2.5],"texture":"#0"}}},{"from":[12.5,7.0,9.0],"to":[3.5,4.0,6.0],"rotation":{"angle":0.0,"axis":"y","origin":[-0.5,0.0,0.0]},"faces":{"north":{"uv":[0.0,8.0,4.5,6.5],"texture":"#0","tintindex":0},"east":{"uv":[6.0,4.5,4.5,3.0],"texture":"#0","tintindex":0},"south":{"uv":[0.0,8.0,4.5,6.5],"texture":"#0","tintindex":0},"west":{"uv":[4.5,4.5,6.0,3.0],"texture":"#0","tintindex":0},"up":{"uv":[34.0,7.0,33.5,7.5],"texture":"#0","tintindex":0},"down":{"uv":[0.0,6.5,4.5,5.0],"texture":"#0","tintindex":0}}},{"from":[10.7,7.2,9.2],"to":[5.3,5.8,5.8],"rotation":{"angle":0.0,"axis":"y","origin":[-0.5,0.0,0.0]},"faces":{"north":{"uv":[5.0,8.0,7.5,7.5],"texture":"#0"},"east":{"uv":[5.0,7.5,6.5,7.0],"texture":"#0"},"south":{"uv":[5.0,8.0,7.5,7.5],"texture":"#0"},"west":{"uv":[5.0,7.5,6.5,7.0],"texture":"#0"},"up":{"uv":[7.5,5.5,5.0,7.0],"texture":"#0"},"down":{"uv":[7.5,5.5,5.0,7.0],"texture":"#0"}}},{"from":[13.44,4.44,10.44],"to":[11.56,-1.44,4.56],"rotation":{"angle":0.0,"axis":"y","origin":[-0.5,0.0,0.0]},"faces":{"north":{"uv":[6.5,0.5,7.0,1.0],"texture":"#0"},"east":{"uv":[6.5,0.5,7.0,1.0],"texture":"#0"},"south":{"uv":[6.5,0.5,7.0,1.0],"texture":"#0"},"west":{"uv":[6.5,0.5,7.0,1.0],"texture":"#0"},"up":{"uv":[6.5,0.5,7.0,1.0],"texture":"#0"},"down":{"uv":[6.5,0.5,7.0,1.0],"texture":"#0"}}},{"from":[4.44,4.44,10.44],"to":[2.56,-1.44,4.56],"rotation":{"angle":0.0,"axis":"y","origin":[16.5,0.0,0.0]},"faces":{"north":{"uv":[6.5,0.5,7.0,1.0],"texture":"#0"},"east":{"uv":[6.5,0.5,7.0,1.0],"texture":"#0"},"south":{"uv":[6.5,0.5,7.0,1.0],"texture":"#0"},"west":{"uv":[6.5,0.5,7.0,1.0],"texture":"#0"},"up":{"uv":[6.5,0.5,7.0,1.0],"texture":"#0"},"down":{"uv":[6.5,0.5,7.0,1.0],"texture":"#0"}}},{"from":[13.74,4.74,10.74],"to":[11.26,-1.74,4.26],"rotation":{"angle":0.0,"axis":"y","origin":[-0.5,0.0,0.0]},"faces":{"north":{"uv":[6.5,1.0,7.0,1.5],"texture":"#0"},"east":{"uv":[6.5,1.0,7.0,1.5],"texture":"#0"},"south":{"uv":[6.5,1.0,7.0,1.5],"texture":"#0"},"west":{"uv":[6.5,1.0,7.0,1.5],"texture":"#0"},"up":{"uv":[6.5,1.0,7.0,1.5],"texture":"#0"},"down":{"uv":[6.5,1.0,7.0,1.5],"texture":"#0"}}},{"from":[4.74,4.74,10.74],"to":[2.26,-1.74,4.26],"rotation":{"angle":0.0,"axis":"y","origin":[16.5,0.0,0.0]},"faces":{"north":{"uv":[6.5,1.0,7.0,1.5],"texture":"#0"},"east":{"uv":[6.5,1.0,7.0,1.5],"texture":"#0"},"south":{"uv":[6.5,1.0,7.0,1.5],"texture":"#0"},"west":{"uv":[6.5,1.0,7.0,1.5],"texture":"#0"},"up":{"uv":[6.5,1.0,7.0,1.5],"texture":"#0"},"down":{"uv":[6.5,1.0,7.0,1.5],"texture":"#0"}}},{"from":[5.04,5.04,11.04],"to":[1.96,-2.04,3.96],"rotation":{"angle":0.0,"axis":"y","origin":[16.5,0.0,0.0]},"faces":{"north":{"uv":[6.5,1.5,7.0,2.0],"texture":"#0"},"east":{"uv":[6.5,1.5,7.0,2.0],"texture":"#0"},"south":{"uv":[6.5,1.5,7.0,2.0],"texture":"#0"},"west":{"uv":[6.5,1.5,7.0,2.0],"texture":"#0"},"up":{"uv":[6.5,1.5,7.0,2.0],"texture":"#0"},"down":{"uv":[6.5,1.5,7.0,2.0],"texture":"#0"}}},{"from":[14.04,5.04,11.04],"to":[10.96,-2.04,3.96],"rotation":{"angle":0.0,"axis":"y","origin":[-0.5,0.0,0.0]},"faces":{"north":{"uv":[6.5,1.5,7.0,2.0],"texture":"#0"},"east":{"uv":[6.5,1.5,7.0,2.0],"texture":"#0"},"south":{"uv":[6.5,1.5,7.0,2.0],"texture":"#0"},"west":{"uv":[6.5,1.5,7.0,2.0],"texture":"#0"},"up":{"uv":[6.5,1.5,7.0,2.0],"texture":"#0"},"down":{"uv":[6.5,1.5,7.0,2.0],"texture":"#0"}}},{"from":[11.0,7.5,9.5],"to":[5.0,5.5,5.5],"rotation":{"angle":0.0,"axis":"y","origin":[-0.5,0.0,0.0]},"faces":{"north":{"uv":[6.5,0.0,7.0,0.5],"texture":"#0"},"east":{"uv":[6.5,0.0,7.0,0.5],"texture":"#0"},"south":{"uv":[6.5,0.0,7.0,0.5],"texture":"#0"},"west":{"uv":[6.5,0.0,7.0,0.5],"texture":"#0"},"up":{"uv":[6.5,0.0,7.0,0.5],"texture":"#0"},"down":{"uv":[6.5,0.0,7.0,0.5],"texture":"#0"}}}],"display":{"thirdperson_righthand":{"rotation":[64.25,0.0,0.0],"scale":[0.44336,0.44336,0.44336]},"thirdperson_lefthand":{"rotation":[64.25,0.0,0.0],"scale":[0.44336,0.44336,0.44336]},"firstperson_righthand":{"scale":[0.0,0.0,0.0]},"firstperson_lefthand":{"scale":[0.0,0.0,0.0]},"ground":{"translation":[0.0,19.0,0.0],"scale":[0.99609,0.99609,0.99609]},"gui":{"translation":[-0.25,5.75,0.0],"rotation":[-150.51,-35.52,179.83],"scale":[1.0625,1.0625,1.0625]},"head":{"translation":[0.0,11.25,1.0],"scale":[1.76406,1.76406,1.76406]}},"credit":"Made with Blockbench","gui_light":"front"}