{"textures":{"0":"mcc:island_cosmetics/head/head_4","particle":"mcc:island_cosmetics/head/head_4"},"credit":"Made with Blockbench","texture_size":[128.0,128.0],"elements":[{"from":[3.5,1.0,3.5],"to":[12.5,10.0,12.5],"rotation":{"angle":0.0,"axis":"y","origin":[0.5,0.0,-0.5]},"faces":{"north":{"uv":[7.125,5.375,8.25,6.5],"texture":"#0"},"east":{"uv":[7.125,6.5,8.25,7.625],"texture":"#0"},"south":{"uv":[6.5,6.5,6.625,6.625],"texture":"#0"},"west":{"uv":[8.25,6.5,7.125,7.625],"texture":"#0"},"up":{"uv":[6.5,6.5,6.625,6.625],"texture":"#0"},"down":{"uv":[6.5,6.5,6.625,6.625],"texture":"#0"}}},{"from":[3.5,1.0,3.5],"to":[12.5,10.0,12.5],"rotation":{"angle":0.0,"axis":"y","origin":[0.5,0.0,-0.5]},"faces":{"north":{"uv":[8.25,5.375,9.375,6.5],"texture":"#0"},"east":{"uv":[8.0,6.0,8.125,6.125],"texture":"#0"},"south":{"uv":[6.5,6.5,6.625,6.625],"texture":"#0"},"west":{"uv":[8.0,6.0,8.125,6.125],"texture":"#0"},"up":{"uv":[6.5,6.5,6.625,6.625],"texture":"#0"},"down":{"uv":[6.5,6.5,6.625,6.625],"texture":"#0"}}},{"from":[12.5,1.0,3.5],"to":[13.5,10.0,3.5],"rotation":{"angle":0.0,"axis":"y","origin":[0.5,0.0,-0.5]},"faces":{"north":{"uv":[7.0,5.375,7.125,6.5],"texture":"#0"},"east":{"uv":[7.125,6.5,8.25,7.625],"texture":"#0"},"south":{"uv":[7.0,5.375,7.125,6.5],"texture":"#0"},"west":{"uv":[8.25,6.5,7.125,7.625],"texture":"#0"},"up":{"uv":[6.5,6.5,6.625,6.625],"texture":"#0"},"down":{"uv":[6.5,6.5,6.625,6.625],"texture":"#0"}}},{"from":[2.5,1.0,3.5],"to":[3.5,10.0,3.5],"rotation":{"angle":0.0,"axis":"y","origin":[15.5,0.0,-0.5]},"faces":{"north":{"uv":[7.125,5.375,7.0,6.5],"texture":"#0"},"east":{"uv":[7.125,6.5,8.25,7.625],"texture":"#0"},"south":{"uv":[7.125,5.375,7.0,6.5],"texture":"#0"},"west":{"uv":[8.25,6.5,7.125,7.625],"texture":"#0"},"up":{"uv":[6.625,6.5,6.5,6.625],"texture":"#0"},"down":{"uv":[6.625,6.5,6.5,6.625],"texture":"#0"}}},{"name":"cube inverted","from":[12.5,10.0,12.5],"to":[3.5,1.0,3.5],"rotation":{"angle":0.0,"axis":"y","origin":[0.5,0.0,-0.5]},"faces":{"north":{"uv":[6.5,6.625,6.625,6.5],"texture":"#0"},"east":{"uv":[8.25,7.625,7.125,6.5],"texture":"#0"},"south":{"uv":[7.125,6.5,8.25,5.375],"texture":"#0"},"west":{"uv":[7.125,7.625,8.25,6.5],"texture":"#0"},"up":{"uv":[6.625,6.5,6.5,6.625],"texture":"#0"},"down":{"uv":[6.625,6.5,6.5,6.625],"texture":"#0"}}},{"name":"cube inverted","from":[12.5,10.0,12.5],"to":[3.5,1.0,3.5],"rotation":{"angle":0.0,"axis":"y","origin":[0.5,0.0,-0.5]},"faces":{"north":{"uv":[6.5,6.625,6.625,6.5],"texture":"#0"},"east":{"uv":[8.0,6.125,8.125,6.0],"texture":"#0"},"south":{"uv":[8.25,6.5,9.375,5.375],"texture":"#0"},"west":{"uv":[8.0,6.125,8.125,6.0],"texture":"#0"},"up":{"uv":[6.625,6.5,6.5,6.625],"texture":"#0"},"down":{"uv":[6.625,6.5,6.5,6.625],"texture":"#0"}}}],"gui_light":"front","display":{"thirdperson_righthand":{"rotation":[63.0,34.0,0.0],"translation":[0.0,1.0,-1.0],"scale":[0.52539,0.52539,0.52539]},"thirdperson_lefthand":{"rotation":[63.0,34.0,0.0],"translation":[0.0,1.0,-1.0],"scale":[0.52539,0.52539,0.52539]},"firstperson_righthand":{"rotation":[3.0,112.0,-13.0],"translation":[9.5,0.0,-5.75],"scale":[0.41992,0.41992,0.41992]},"firstperson_lefthand":{"rotation":[3.0,112.0,-13.0],"translation":[9.5,0.0,-5.75],"scale":[0.41992,0.41992,0.41992]},"ground":{"translation":[0.0,4.25,0.0],"scale":[0.28906,0.28906,0.28906]},"gui":{"rotation":[-151.36,-31.92,-180.0],"translation":[-0.75,3.25,0.0],"scale":[1.06249,1.06249,1.06249]},"head":{"rotation":[2.0,0.0,0.0],"translation":[0.0,4.0,-0.5],"scale":[1.6625,1.6625,1.6625]},"fixed":{"translation":[0.0,-3.25,-7.5]}}}