{"textures":{"0":"mcc:island_cosmetics/head/head","particle":"mcc:island_cosmetics/head/head"},"credit":"Made with Blockbench","texture_size":[128.0,128.0],"elements":[{"from":[3.0,0.0,3.0],"to":[13.0,3.0,13.0],"rotation":{"angle":0.0,"axis":"y","origin":[0.01,6.76,0.01]},"faces":{"north":{"uv":[12.125,1.5,13.375,1.875],"texture":"#0","tintindex":0.0},"east":{"uv":[12.125,1.5,13.375,1.875],"texture":"#0","tintindex":0.0},"south":{"uv":[12.125,1.5,13.375,1.875],"texture":"#0","tintindex":0.0},"west":{"uv":[12.125,1.5,13.375,1.875],"texture":"#0","tintindex":0.0},"up":{"uv":[12.125,1.875,13.375,3.125],"texture":"#0","tintindex":0.0},"down":{"uv":[13.375,1.875,14.625,3.125],"texture":"#0","tintindex":0.0}}},{"from":[7.0,3.0,3.0],"to":[13.0,4.0,13.0],"rotation":{"angle":0.0,"axis":"y","origin":[0.01,6.76,0.01]},"faces":{"north":{"uv":[12.25,1.5,13.0,1.625],"texture":"#0","tintindex":0.0},"east":{"uv":[12.125,1.375,13.375,1.5],"texture":"#0","tintindex":0.0},"south":{"uv":[12.5,1.5,13.25,1.625],"texture":"#0","tintindex":0.0},"west":{"uv":[13.625,1.75,14.875,1.875],"texture":"#0","tintindex":0.0},"up":{"uv":[12.625,1.875,13.375,3.125],"texture":"#0","tintindex":0.0},"down":{"uv":[13.375,1.875,14.625,3.125],"texture":"#0","tintindex":0.0}}},{"from":[7.5,3.5,8.0],"to":[8.5,5.5,8.0],"rotation":{"angle":0.0,"axis":"z","origin":[9.0,5.0,8.0]},"faces":{"north":{"uv":[13.375,1.375,13.625,1.625],"texture":"#0","tintindex":0.0},"east":{"uv":[8.625,5.5,9.625,6.375],"texture":"#0","tintindex":0.0},"south":{"uv":[13.375,1.375,13.625,1.625],"texture":"#0","tintindex":0.0},"west":{"uv":[8.625,5.5,9.625,6.375],"texture":"#0","tintindex":0.0},"up":{"uv":[8.625,6.625,9.625,7.625],"texture":"#0","tintindex":0.0},"down":{"uv":[10.0,5.25,11.0,6.25],"texture":"#0","tintindex":0.0}}}],"gui_light":"front","display":{"thirdperson_righthand":{"rotation":[64.25,0.0,0.0],"scale":[0.44336,0.44336,0.44336]},"thirdperson_lefthand":{"rotation":[64.25,0.0,0.0],"scale":[0.44336,0.44336,0.44336]},"firstperson_righthand":{"scale":[0.0,0.0,0.0]},"firstperson_lefthand":{"scale":[0.0,0.0,0.0]},"ground":{"translation":[0.0,4.25,0.0],"scale":[0.43945,0.43945,0.43945]},"gui":{"rotation":[-152.67,-29.31,-173.73],"translation":[0.5,5.25,0.0],"scale":[0.93945,0.93945,0.93945]},"head":{"rotation":[0.0,0.0,6.75],"translation":[-1.5,16.25,0.0],"scale":[1.63516,1.63516,1.63516]}}}