{"textures":{"0":"mcc:island_cosmetics/head/head_2","particle":"mcc:island_cosmetics/head/head_2"},"credit":"Made with Blockbench","texture_size":[128.0,128.0],"elements":[{"from":[4.0,7.0412,4.0],"to":[12.0,13.0412,12.0],"rotation":{"angle":0.0,"axis":"x","origin":[7.5,10.0412,9.5]},"faces":{"north":{"uv":[9.125,0.0,10.125,0.75],"texture":"#0","tintindex":0.0},"east":{"uv":[9.125,0.0,10.125,0.75],"texture":"#0","tintindex":0.0},"south":{"uv":[9.125,0.0,10.125,0.75],"texture":"#0","tintindex":0.0},"west":{"uv":[9.125,0.0,10.125,0.75],"texture":"#0","tintindex":0.0},"up":{"uv":[9.125,0.75,10.125,1.75],"texture":"#0","tintindex":0.0},"down":{"uv":[8.5,1.5,8.625,1.625],"texture":"#0","tintindex":0.0}}},{"from":[4.0,7.0412,4.0],"to":[12.0,13.0412,12.0],"rotation":{"angle":0.0,"axis":"x","origin":[7.5,10.0412,9.5]},"faces":{"up":{"uv":[8.25,5.25,9.25,6.25],"texture":"#0"}}},{"from":[3.9,6.9412,3.9],"to":[12.1,9.1412,12.1],"rotation":{"angle":0.0,"axis":"x","origin":[7.5,10.0412,9.5]},"faces":{"north":{"uv":[7.25,5.0,8.375,5.25],"texture":"#0"},"east":{"uv":[7.25,5.0,8.375,5.25],"texture":"#0"},"south":{"uv":[7.25,5.0,8.375,5.25],"texture":"#0"},"west":{"uv":[7.25,5.0,8.375,5.25],"texture":"#0"},"up":{"uv":[8.5,1.5,8.625,1.625],"texture":"#0"},"down":{"uv":[8.5,1.5,8.625,1.625],"texture":"#0"}}},{"from":[8.15,2.9412,5.45656],"to":[13.35,13.1412,9.65656],"rotation":{"angle":0.0,"axis":"y","origin":[10.5,8.0412,6.80656]},"faces":{"north":{"uv":[9.125,1.875,9.25,2.0],"texture":"#0"},"east":{"uv":[8.625,1.25,9.125,2.5],"texture":"#0"},"south":{"uv":[9.125,1.875,9.25,2.0],"texture":"#0"},"west":{"uv":[9.125,1.875,9.25,2.0],"texture":"#0"},"up":{"uv":[9.125,1.875,9.75,2.375],"texture":"#0"},"down":{"uv":[9.125,1.875,9.25,2.0],"texture":"#0"}}},{"name":"cube inverted","from":[12.0,13.0412,12.0],"to":[4.0,7.0412,4.0],"rotation":{"angle":0.0,"axis":"x","origin":[7.5,10.0412,9.5]},"faces":{"north":{"uv":[9.125,0.75,10.125,0.0],"texture":"#0","tintindex":0.0},"east":{"uv":[9.125,0.75,10.125,0.0],"texture":"#0","tintindex":0.0},"south":{"uv":[9.125,0.75,10.125,0.0],"texture":"#0","tintindex":0.0},"west":{"uv":[9.125,0.75,10.125,0.0],"texture":"#0","tintindex":0.0},"up":{"uv":[8.625,1.5,8.5,1.625],"texture":"#0","tintindex":0.0},"down":{"uv":[10.125,0.75,9.125,1.75],"texture":"#0","tintindex":0.0}}},{"name":"cube inverted","from":[12.1,9.1412,12.1],"to":[3.9,6.9412,3.9],"rotation":{"angle":0.0,"axis":"x","origin":[7.5,10.0412,9.5]},"faces":{"north":{"uv":[7.25,5.25,8.375,5.0],"texture":"#0"},"east":{"uv":[7.25,5.25,8.375,5.0],"texture":"#0"},"south":{"uv":[7.25,5.25,8.375,5.0],"texture":"#0"},"west":{"uv":[7.25,5.25,8.375,5.0],"texture":"#0"},"up":{"uv":[8.625,1.5,8.5,1.625],"texture":"#0"},"down":{"uv":[8.625,1.5,8.5,1.625],"texture":"#0"}}},{"name":"cube inverted","from":[12.0,13.0412,12.0],"to":[4.0,7.0412,4.0],"rotation":{"angle":0.0,"axis":"x","origin":[7.5,10.0412,9.5]},"faces":{"down":{"uv":[9.25,5.25,8.25,6.25],"texture":"#0"}}}],"gui_light":"front","display":{"thirdperson_righthand":{"rotation":[55.5,34.0,0.0],"translation":[0.0,1.0,0.75],"scale":[0.52539,0.52539,0.52539]},"thirdperson_lefthand":{"rotation":[55.5,34.0,0.0],"translation":[0.0,1.0,0.75],"scale":[0.52539,0.52539,0.52539]},"firstperson_righthand":{"rotation":[21.0,114.5,-13.75],"translation":[9.5,0.0,-5.75],"scale":[0.41992,0.41992,0.41992]},"firstperson_lefthand":{"rotation":[21.0,114.5,-13.75],"translation":[9.5,0.0,-5.75],"scale":[0.41992,0.41992,0.41992]},"gui":{"rotation":[-150.22,-46.75,-179.65],"translation":[0.0,-0.25,0.0],"scale":[1.04883,1.04883,1.04883]},"head":{"rotation":[5.72,-0.17,0.09],"translation":[0.0,8.0,0.0],"scale":[1.66445,1.66445,1.66445]}}}