{"textures":{"0":"mcc:island_cosmetics/head/head_3","particle":"mcc:island_cosmetics/head/head_3"},"credit":"Made with Blockbench","texture_size":[128.0,128.0],"elements":[{"from":[3.5,0.0,3.5],"to":[12.5,9.0,8.5],"rotation":{"angle":0.0,"axis":"x","origin":[7.5,9.5,7.5]},"faces":{"north":{"uv":[2.625,2.75,3.75,3.875],"texture":"#0","tintindex":0.0},"east":{"uv":[3.875,3.875,4.5,5.0],"texture":"#0","tintindex":0.0},"south":{"uv":[5.125,3.0,5.25,3.125],"texture":"#0","tintindex":0.0},"west":{"uv":[4.5,3.875,3.875,5.0],"texture":"#0","tintindex":0.0},"up":{"uv":[2.25,3.875,3.375,4.5],"texture":"#0","tintindex":0.0},"down":{"uv":[5.875,3.25,4.75,3.875],"texture":"#0","tintindex":0.0}}},{"from":[9.5,9.0,8.5],"to":[11.5,9.0,10.5],"rotation":{"angle":-22.5,"axis":"x","origin":[10.5,9.0,8.5]},"faces":{"north":{"uv":[5.875,3.25,4.75,3.875],"rotation":180.0,"texture":"#0"},"east":{"uv":[3.875,3.875,4.5,5.0],"rotation":270.0,"texture":"#0"},"south":{"uv":[2.25,3.875,2.5,3.875],"texture":"#0"},"west":{"uv":[4.5,3.875,3.875,5.0],"rotation":90.0,"texture":"#0"},"up":{"uv":[2.25,3.125,2.5,3.375],"rotation":180.0,"texture":"#0"},"down":{"uv":[2.25,3.125,2.5,3.375],"texture":"#0"}}},{"from":[4.5,9.0,8.5],"to":[6.5,9.0,10.5],"rotation":{"angle":-22.5,"axis":"x","origin":[5.5,9.0,8.5]},"faces":{"north":{"uv":[4.75,3.25,5.875,3.875],"rotation":180.0,"texture":"#0"},"east":{"uv":[3.875,3.875,4.5,5.0],"rotation":270.0,"texture":"#0"},"south":{"uv":[2.5,3.875,2.25,3.875],"texture":"#0"},"west":{"uv":[4.5,3.875,3.875,5.0],"rotation":90.0,"texture":"#0"},"up":{"uv":[2.5,3.125,2.25,3.375],"rotation":180.0,"texture":"#0"},"down":{"uv":[2.5,3.125,2.25,3.375],"texture":"#0"}}},{"from":[12.34056,6.0,8.53191],"to":[12.34056,8.0,10.53191],"rotation":{"angle":22.5,"axis":"y","origin":[12.34056,5.5,8.1177]},"faces":{"north":{"uv":[5.875,3.875,4.75,3.25],"rotation":270.0,"texture":"#0"},"east":{"uv":[2.25,3.375,2.5,3.125],"rotation":90.0,"texture":"#0"},"south":{"uv":[2.25,3.875,2.5,3.875],"rotation":270.0,"texture":"#0"},"west":{"uv":[2.25,3.375,2.5,3.125],"rotation":270.0,"texture":"#0"},"up":{"uv":[3.875,5.0,4.5,3.875],"texture":"#0"},"down":{"uv":[4.5,5.0,3.875,3.875],"rotation":180.0,"texture":"#0"}}},{"from":[12.34056,1.0,8.53191],"to":[12.34056,3.0,10.53191],"rotation":{"angle":22.5,"axis":"y","origin":[12.34056,5.5,8.1177]},"faces":{"north":{"uv":[4.75,3.875,5.875,3.25],"rotation":270.0,"texture":"#0"},"east":{"uv":[2.5,3.375,2.25,3.125],"rotation":90.0,"texture":"#0"},"south":{"uv":[2.5,3.875,2.25,3.875],"rotation":270.0,"texture":"#0"},"west":{"uv":[2.5,3.375,2.25,3.125],"rotation":270.0,"texture":"#0"},"up":{"uv":[3.875,5.0,4.5,3.875],"texture":"#0"},"down":{"uv":[4.5,5.0,3.875,3.875],"rotation":180.0,"texture":"#0"}}},{"from":[3.65944,6.0,8.53191],"to":[3.65944,8.0,10.53191],"rotation":{"angle":-22.5,"axis":"y","origin":[3.65944,5.5,8.1177]},"faces":{"north":{"uv":[5.875,3.25,4.75,3.875],"rotation":270.0,"texture":"#0"},"east":{"uv":[2.25,3.125,2.5,3.375],"rotation":270.0,"texture":"#0"},"south":{"uv":[2.25,3.875,2.5,3.875],"rotation":270.0,"texture":"#0"},"west":{"uv":[2.25,3.125,2.5,3.375],"rotation":90.0,"texture":"#0"},"up":{"uv":[4.5,5.0,3.875,3.875],"texture":"#0"},"down":{"uv":[3.875,5.0,4.5,3.875],"rotation":180.0,"texture":"#0"}}},{"from":[3.65944,1.0,8.53191],"to":[3.65944,3.0,10.53191],"rotation":{"angle":-22.5,"axis":"y","origin":[3.65944,5.5,8.1177]},"faces":{"north":{"uv":[4.75,3.25,5.875,3.875],"rotation":270.0,"texture":"#0"},"east":{"uv":[2.5,3.125,2.25,3.375],"rotation":270.0,"texture":"#0"},"south":{"uv":[2.5,3.875,2.25,3.875],"rotation":270.0,"texture":"#0"},"west":{"uv":[2.5,3.125,2.25,3.375],"rotation":90.0,"texture":"#0"},"up":{"uv":[4.5,5.0,3.875,3.875],"texture":"#0"},"down":{"uv":[3.875,5.0,4.5,3.875],"rotation":180.0,"texture":"#0"}}},{"from":[3.5,0.0,8.5],"to":[12.5,9.0,12.5],"rotation":{"angle":0.0,"axis":"x","origin":[7.5,9.5,7.5]},"faces":{"north":{"uv":[5.125,3.0,5.25,3.125],"texture":"#0"},"east":{"uv":[3.375,3.875,3.875,5.0],"texture":"#0"},"south":{"uv":[4.5,3.875,5.625,5.0],"texture":"#0"},"west":{"uv":[3.875,3.875,3.375,5.0],"texture":"#0"},"up":{"uv":[2.25,4.5,3.375,5.0],"texture":"#0"},"down":{"uv":[5.875,2.75,4.75,3.25],"texture":"#0"}}},{"from":[2.0,-1.70075,-0.96823],"to":[6.0,2.29925,0.03177],"rotation":{"angle":45.0,"axis":"y","origin":[8.0,1.29925,3.03177]},"faces":{"north":{"uv":[4.25,2.75,4.75,3.25],"texture":"#0"},"east":{"uv":[3.75,2.5,4.25,2.625],"rotation":90.0,"texture":"#0"},"south":{"uv":[1.375,4.75,1.875,5.25],"texture":"#0"},"west":{"uv":[3.75,2.625,4.25,2.5],"rotation":90.0,"texture":"#0"},"up":{"uv":[3.75,2.5,4.25,2.625],"texture":"#0"},"down":{"uv":[3.75,2.5,4.25,2.625],"rotation":180.0,"texture":"#0"}}},{"from":[1.9,-1.80075,-1.06823],"to":[6.1,2.39925,0.13177],"rotation":{"angle":45.0,"axis":"y","origin":[8.0,1.29925,3.03177]},"faces":{"north":{"uv":[4.875,3.25,5.0,3.375],"texture":"#0"},"east":{"uv":[3.75,2.5,4.25,2.625],"rotation":90.0,"texture":"#0"},"south":{"uv":[4.875,3.25,5.0,3.375],"texture":"#0"},"west":{"uv":[3.75,2.625,4.25,2.5],"rotation":90.0,"texture":"#0"},"up":{"uv":[3.75,2.5,4.25,2.625],"texture":"#0"},"down":{"uv":[3.75,2.5,4.25,2.625],"rotation":180.0,"texture":"#0"}}},{"from":[9.9,-1.80075,-1.06823],"to":[14.1,2.39925,0.13177],"rotation":{"angle":-45.0,"axis":"y","origin":[8.0,1.29925,3.03177]},"faces":{"north":{"uv":[5.0,3.25,4.875,3.375],"texture":"#0"},"east":{"uv":[3.75,2.5,4.25,2.625],"rotation":90.0,"texture":"#0"},"south":{"uv":[5.0,3.25,4.875,3.375],"texture":"#0"},"west":{"uv":[3.75,2.625,4.25,2.5],"rotation":90.0,"texture":"#0"},"up":{"uv":[4.25,2.5,3.75,2.625],"texture":"#0"},"down":{"uv":[4.25,2.5,3.75,2.625],"rotation":180.0,"texture":"#0"}}},{"from":[2.0,-1.70075,0.03177],"to":[6.0,2.29925,2.03177],"rotation":{"angle":45.0,"axis":"y","origin":[8.0,1.29925,3.03177]},"faces":{"north":{"uv":[4.5,2.5,4.625,2.625],"texture":"#0","tintindex":0.0},"east":{"uv":[4.25,2.5,4.75,2.75],"rotation":90.0,"texture":"#0","tintindex":0.0},"south":{"uv":[4.625,2.625,4.75,2.75],"texture":"#0","tintindex":0.0},"west":{"uv":[4.25,2.75,4.75,2.5],"rotation":90.0,"texture":"#0","tintindex":0.0},"up":{"uv":[4.25,2.5,4.75,2.75],"texture":"#0","tintindex":0.0},"down":{"uv":[4.25,2.5,4.75,2.75],"rotation":180.0,"texture":"#0","tintindex":0.0}}},{"from":[3.61209,3.0,3.57716],"to":[7.61209,7.0,5.57716],"rotation":{"angle":22.5,"axis":"y","origin":[5.61209,5.0,4.57716]},"faces":{"north":{"uv":[4.125,3.25,4.25,3.375],"rotation":90.0,"texture":"#0","tintindex":0.0},"east":{"uv":[4.125,3.25,4.25,3.375],"rotation":90.0,"texture":"#0","tintindex":0.0},"south":{"uv":[4.125,3.25,4.25,3.375],"rotation":90.0,"texture":"#0","tintindex":0.0},"west":{"uv":[4.125,3.25,4.25,3.375],"rotation":90.0,"texture":"#0","tintindex":0.0},"up":{"uv":[4.125,3.25,4.25,3.375],"rotation":90.0,"texture":"#0","tintindex":0.0},"down":{"uv":[4.125,3.25,4.25,3.375],"rotation":90.0,"texture":"#0","tintindex":0.0}}},{"from":[8.38791,3.0,3.57716],"to":[12.38791,7.0,5.57716],"rotation":{"angle":-22.5,"axis":"y","origin":[10.38791,5.0,4.57716]},"faces":{"north":{"uv":[4.125,3.25,4.25,3.375],"rotation":90.0,"texture":"#0","tintindex":0.0},"east":{"uv":[4.125,3.25,4.25,3.375],"rotation":90.0,"texture":"#0","tintindex":0.0},"south":{"uv":[4.125,3.25,4.25,3.375],"rotation":90.0,"texture":"#0","tintindex":0.0},"west":{"uv":[4.125,3.25,4.25,3.375],"rotation":90.0,"texture":"#0","tintindex":0.0},"up":{"uv":[4.125,3.25,4.25,3.375],"rotation":90.0,"texture":"#0","tintindex":0.0},"down":{"uv":[4.125,3.25,4.25,3.375],"rotation":90.0,"texture":"#0","tintindex":0.0}}},{"from":[10.0,-1.70075,0.03177],"to":[14.0,2.29925,2.03177],"rotation":{"angle":-45.0,"axis":"y","origin":[8.0,1.29925,3.03177]},"faces":{"north":{"uv":[4.5,2.5,4.625,2.625],"texture":"#0","tintindex":0.0},"east":{"uv":[4.25,2.5,4.75,2.75],"rotation":90.0,"texture":"#0","tintindex":0.0},"south":{"uv":[4.625,2.625,4.75,2.75],"texture":"#0","tintindex":0.0},"west":{"uv":[4.25,2.75,4.75,2.5],"rotation":90.0,"texture":"#0","tintindex":0.0},"up":{"uv":[4.75,2.5,4.25,2.75],"texture":"#0","tintindex":0.0},"down":{"uv":[4.75,2.5,4.25,2.75],"rotation":180.0,"texture":"#0","tintindex":0.0}}},{"from":[10.0,-1.70075,-0.96823],"to":[14.0,2.29925,0.03177],"rotation":{"angle":-45.0,"axis":"y","origin":[8.0,1.29925,3.03177]},"faces":{"north":{"uv":[4.75,2.75,4.25,3.25],"texture":"#0"},"east":{"uv":[3.75,2.5,4.25,2.625],"rotation":90.0,"texture":"#0"},"south":{"uv":[1.875,4.75,1.375,5.25],"texture":"#0"},"west":{"uv":[3.75,2.625,4.25,2.5],"rotation":90.0,"texture":"#0"},"up":{"uv":[4.25,2.5,3.75,2.625],"texture":"#0"},"down":{"uv":[4.25,2.5,3.75,2.625],"rotation":180.0,"texture":"#0"}}},{"from":[9.0,3.0,2.5],"to":[13.0,7.0,3.5],"rotation":{"angle":-22.5,"axis":"y","origin":[10.5,7.0,3.0]},"faces":{"north":{"uv":[3.75,2.75,4.25,3.25],"texture":"#0"},"east":{"uv":[4.125,2.75,4.25,3.25],"texture":"#0"},"south":{"uv":[1.375,4.75,1.875,5.25],"texture":"#0"},"west":{"uv":[4.125,2.75,4.25,3.25],"texture":"#0"},"up":{"uv":[3.75,2.75,4.25,2.875],"texture":"#0"},"down":{"uv":[3.75,2.75,4.25,2.875],"texture":"#0"}}},{"from":[3.0,3.0,2.5],"to":[7.0,7.0,3.5],"rotation":{"angle":22.5,"axis":"y","origin":[5.5,7.0,3.0]},"faces":{"north":{"uv":[3.75,2.75,4.25,3.25],"texture":"#0"},"east":{"uv":[4.125,2.75,4.25,3.25],"texture":"#0"},"south":{"uv":[1.375,4.75,1.875,5.25],"texture":"#0"},"west":{"uv":[4.125,2.75,4.25,3.25],"texture":"#0"},"up":{"uv":[3.75,2.75,4.25,2.875],"texture":"#0"},"down":{"uv":[3.75,2.75,4.25,2.875],"texture":"#0"}}},{"name":"cube inverted","from":[12.5,9.0,12.5],"to":[3.5,0.0,8.5],"rotation":{"angle":0.0,"axis":"x","origin":[7.5,9.5,7.5]},"faces":{"north":{"uv":[4.5,5.0,5.625,3.875],"texture":"#0"},"east":{"uv":[3.875,5.0,3.375,3.875],"texture":"#0"},"south":{"uv":[5.125,3.125,5.25,3.0],"texture":"#0"},"west":{"uv":[3.375,5.0,3.875,3.875],"texture":"#0"},"up":{"uv":[4.75,2.75,5.875,3.25],"texture":"#0"},"down":{"uv":[3.375,4.5,2.25,5.0],"texture":"#0"}}},{"name":"cube inverted","from":[6.1,2.39925,0.13177],"to":[1.9,-1.80075,-1.06823],"rotation":{"angle":45.0,"axis":"y","origin":[8.0,1.29925,3.03177]},"faces":{"north":{"uv":[4.875,3.375,5.0,3.25],"texture":"#0"},"east":{"uv":[4.25,2.625,3.75,2.5],"rotation":90.0,"texture":"#0"},"south":{"uv":[4.875,3.375,5.0,3.25],"texture":"#0"},"west":{"uv":[4.25,2.5,3.75,2.625],"rotation":90.0,"texture":"#0"},"up":{"uv":[4.25,2.5,3.75,2.625],"rotation":180.0,"texture":"#0"},"down":{"uv":[4.25,2.5,3.75,2.625],"texture":"#0"}}},{"name":"cube inverted","from":[14.1,2.39925,0.13177],"to":[9.9,-1.80075,-1.06823],"rotation":{"angle":-45.0,"axis":"y","origin":[8.0,1.29925,3.03177]},"faces":{"north":{"uv":[5.0,3.375,4.875,3.25],"texture":"#0"},"east":{"uv":[4.25,2.625,3.75,2.5],"rotation":90.0,"texture":"#0"},"south":{"uv":[5.0,3.375,4.875,3.25],"texture":"#0"},"west":{"uv":[4.25,2.5,3.75,2.625],"rotation":90.0,"texture":"#0"},"up":{"uv":[3.75,2.5,4.25,2.625],"rotation":180.0,"texture":"#0"},"down":{"uv":[3.75,2.5,4.25,2.625],"texture":"#0"}}},{"name":"cube inverted","from":[12.5,9.0,8.5],"to":[3.5,0.0,3.5],"rotation":{"angle":0.0,"axis":"x","origin":[7.5,9.5,7.5]},"faces":{"north":{"uv":[5.125,3.125,5.25,3.0],"texture":"#0","tintindex":0.0},"east":{"uv":[4.5,5.0,3.875,3.875],"texture":"#0","tintindex":0.0},"south":{"uv":[2.625,3.875,3.75,2.75],"texture":"#0","tintindex":0.0},"west":{"uv":[3.875,5.0,4.5,3.875],"texture":"#0","tintindex":0.0},"up":{"uv":[4.75,3.25,5.875,3.875],"texture":"#0","tintindex":0.0},"down":{"uv":[3.375,3.875,2.25,4.5],"texture":"#0","tintindex":0.0}}},{"name":"cube inverted","from":[12.5,9.0,12.5],"to":[3.5,0.0,8.5],"rotation":{"angle":0.0,"axis":"x","origin":[7.5,9.5,7.5]},"faces":{"north":{"uv":[4.5,5.0,5.625,3.875],"texture":"#0"},"east":{"uv":[3.875,5.0,3.375,3.875],"texture":"#0"},"south":{"uv":[5.125,3.125,5.25,3.0],"texture":"#0"},"west":{"uv":[3.375,5.0,3.875,3.875],"texture":"#0"},"up":{"uv":[4.75,2.75,5.875,3.25],"texture":"#0"},"down":{"uv":[3.375,4.5,2.25,5.0],"texture":"#0"}}},{"from":[5.5,-3.0,-1.5],"to":[10.5,2.0,0.5],"rotation":{"angle":-22.5,"axis":"x","origin":[8.5,4.5,-1.0]},"faces":{"north":{"uv":[4.375,5.0,5.0,5.625],"texture":"#0"},"east":{"uv":[4.375,5.625,4.625,6.25],"texture":"#0"},"south":{"uv":[0.40625,0.01563,0.42188,0.03125],"texture":"#missing","tintindex":0.0},"west":{"uv":[4.375,5.625,4.625,6.25],"rotation":180.0,"texture":"#0"},"up":{"uv":[4.375,5.625,4.625,6.25],"rotation":270.0,"texture":"#0"},"down":{"uv":[4.375,5.625,4.625,6.25],"rotation":90.0,"texture":"#0"}}},{"from":[5.3,-3.2,-0.7],"to":[10.7,2.2,0.7],"rotation":{"angle":-22.5,"axis":"x","origin":[8.5,4.5,-1.0]},"faces":{"north":{"uv":[4.625,5.625,4.75,5.75],"rotation":180.0,"texture":"#0"},"east":{"uv":[4.375,5.625,4.5,6.25],"texture":"#0"},"south":{"uv":[4.625,5.625,4.75,5.75],"rotation":180.0,"texture":"#0"},"west":{"uv":[4.375,5.625,4.5,6.25],"rotation":180.0,"texture":"#0"},"up":{"uv":[4.375,5.625,4.5,6.25],"rotation":270.0,"texture":"#0"},"down":{"uv":[4.375,5.625,4.5,6.25],"rotation":90.0,"texture":"#0"}}},{"from":[5.5,-3.0,0.5],"to":[10.5,2.0,3.5],"rotation":{"angle":-22.5,"axis":"x","origin":[8.5,4.5,-1.0]},"faces":{"north":{"uv":[4.375,5.0,5.0,5.625],"texture":"#0"},"east":{"uv":[4.0,5.625,4.375,6.25],"texture":"#0","tintindex":0.0},"south":{"uv":[4.0,4.375,4.125,4.5],"texture":"#0"},"west":{"uv":[4.0,5.625,4.375,6.25],"rotation":180.0,"texture":"#0","tintindex":0.0},"up":{"uv":[4.0,5.625,4.375,6.25],"rotation":270.0,"texture":"#0","tintindex":0.0},"down":{"uv":[4.0,5.625,4.375,6.25],"rotation":90.0,"texture":"#0","tintindex":0.0}}},{"name":"cube inverted","from":[10.7,2.2,0.7],"to":[5.3,-3.2,-0.7],"rotation":{"angle":-22.5,"axis":"x","origin":[8.5,4.5,-1.0]},"faces":{"north":{"uv":[4.625,5.75,4.75,5.625],"rotation":180.0,"texture":"#0"},"east":{"uv":[4.375,6.25,4.5,5.625],"rotation":180.0,"texture":"#0"},"south":{"uv":[4.625,5.75,4.75,5.625],"rotation":180.0,"texture":"#0"},"west":{"uv":[4.375,6.25,4.5,5.625],"texture":"#0"},"up":{"uv":[4.375,6.25,4.5,5.625],"rotation":90.0,"texture":"#0"},"down":{"uv":[4.375,6.25,4.5,5.625],"rotation":270.0,"texture":"#0"}}}],"gui_light":"front","display":{"thirdperson_righthand":{"rotation":[55.5,34.0,0.0],"translation":[0.0,1.0,0.75],"scale":[0.52539,0.52539,0.52539]},"thirdperson_lefthand":{"rotation":[55.5,34.0,0.0],"translation":[0.0,1.0,0.75],"scale":[0.52539,0.52539,0.52539]},"firstperson_righthand":{"rotation":[21.0,114.5,-13.75],"translation":[9.5,0.0,-5.75],"scale":[0.41992,0.41992,0.41992]},"firstperson_lefthand":{"rotation":[21.0,114.5,-13.75],"translation":[9.5,0.0,-5.75],"scale":[0.41992,0.41992,0.41992]},"gui":{"rotation":[-149.61,-31.92,-180.0],"translation":[-0.75,4.0,0.0],"scale":[0.91601,0.91601,0.91601]},"head":{"translation":[0.0,5.75,0.0],"scale":[1.63126,1.63126,1.63126]}}}