{"textures":{"1":"mcc:island_cosmetics/head/halo_anim"},"credit":"Made with Blockbench","ambientocclusion":false,"texture_size":[128.0,128.0],"elements":[{"from":[0.0,17.0,1.0],"to":[16.0,17.0,17.0],"shade":false,"rotation":{"angle":22.5,"axis":"x","origin":[8.0,12.0,8.0]},"faces":{"north":{"uv":[0.0,0.5,1.25,2.0],"texture":"#missing"},"east":{"uv":[1.25,0.5,2.5,2.0],"texture":"#missing"},"south":{"uv":[1.25,0.5,2.5,2.0],"texture":"#missing"},"west":{"uv":[1.25,0.5,2.5,2.0],"texture":"#missing"},"up":{"uv":[0.0,0.0,16.0,16.0],"texture":"#1"},"down":{"uv":[0.0,0.0,16.0,16.0],"texture":"#1"}}}],"gui_light":"front","display":{"thirdperson_righthand":{"rotation":[63.0,34.0,0.0],"translation":[0.0,1.0,-1.0],"scale":[0.52539,0.52539,0.52539]},"thirdperson_lefthand":{"rotation":[63.0,34.0,0.0],"translation":[0.0,1.0,-1.0],"scale":[0.52539,0.52539,0.52539]},"firstperson_righthand":{"rotation":[3.0,112.0,-13.0],"translation":[9.5,0.0,-5.75],"scale":[0.41992,0.41992,0.41992]},"firstperson_lefthand":{"rotation":[3.0,112.0,-13.0],"translation":[9.5,0.0,-5.75],"scale":[0.41992,0.41992,0.41992]},"ground":{"translation":[0.0,4.25,0.0],"scale":[0.28906,0.28906,0.28906]},"gui":{"rotation":[-126.08,-36.49,170.62],"translation":[2.5,-5.0,0.0],"scale":[0.90624,0.90624,0.90624]},"head":{"translation":[0.0,2.75,0.0],"scale":[1.6,1.6,1.6]},"fixed":{"translation":[0.0,-3.25,-7.5]}}}