{"textures":{"0":"mcc:island_cosmetics/general/hat/boom_cap/boom_cap","1":"mcc:island_cosmetics/general/hat/boom_cap/boom_cap_2","particle":"mcc:island_cosmetics/general/hat/boom_cap/boom_cap"},"elements":[{"from":[3.3,2.8,3.3],"to":[12.7,7.2,12.7],"rotation":{"angle":0.0,"axis":"x","origin":[8.5,31.25,4.05]},"faces":{"north":{"uv":[13.0,2.66667,16.0,4.0],"texture":"#0","tintindex":0},"east":{"uv":[0.0,0.0,3.0,1.33333],"texture":"#0","tintindex":0},"south":{"uv":[0.0,0.0,3.0,1.33333],"texture":"#0","tintindex":0},"west":{"uv":[0.0,0.0,3.0,1.33333],"texture":"#0","tintindex":0},"up":{"uv":[0.0,1.33333,3.0,4.33333],"texture":"#0","tintindex":0}}},{"from":[3.3,2.8,3.3],"to":[12.7,7.2,12.7],"rotation":{"angle":0.0,"axis":"x","origin":[8.5,31.25,4.05]},"faces":{"up":{"uv":[7.33333,0.0,10.33333,3.0],"texture":"#0","tintindex":0}}},{"from":[3.3,6.8,3.3],"to":[12.7,7.2,12.7],"rotation":{"angle":0.0,"axis":"x","origin":[8.5,46.25,4.05]},"faces":{"up":{"uv":[10.66667,0.0,13.66667,3.0],"texture":"#0","tintindex":0}}},{"from":[4.3,7.05,4.3],"to":[11.7,11.45,11.7],"rotation":{"angle":0.0,"axis":"x","origin":[8.5,31.25,4.05]},"faces":{"north":{"uv":[3.33333,2.66667,5.66667,4.0],"texture":"#0","tintindex":0},"east":{"uv":[3.33333,2.66667,5.66667,4.0],"texture":"#0","tintindex":0},"south":{"uv":[3.33333,2.66667,5.66667,4.0],"texture":"#0","tintindex":0},"west":{"uv":[3.33333,2.66667,5.66667,4.0],"texture":"#0","tintindex":0}}},{"from":[6.3,7.05,6.3],"to":[9.7,13.45,9.7],"rotation":{"angle":0.0,"axis":"x","origin":[8.5,31.25,4.05]},"faces":{"north":{"uv":[3.33333,4.33333,4.33333,6.33333],"texture":"#0"},"east":{"uv":[4.33333,4.33333,3.33333,6.33333],"texture":"#0"},"south":{"uv":[3.33333,4.33333,4.33333,6.33333],"texture":"#0"},"west":{"uv":[4.33333,4.33333,3.33333,6.33333],"texture":"#0"}}},{"from":[6.3,7.05,6.3],"to":[9.7,13.45,9.7],"rotation":{"angle":0.0,"axis":"x","origin":[8.5,31.25,4.05]},"faces":{"north":{"uv":[4.66667,4.33333,5.66667,6.33333],"texture":"#0"},"east":{"uv":[5.66667,4.33333,4.66667,6.33333],"texture":"#0"},"south":{"uv":[4.66667,4.33333,5.66667,6.33333],"texture":"#0"},"west":{"uv":[5.66667,4.33333,4.66667,6.33333],"texture":"#0"}}},{"from":[5.3,10.05,5.3],"to":[10.7,15.45,10.7],"rotation":{"angle":0.0,"axis":"x","origin":[8.5,31.25,4.05]},"faces":{"north":{"uv":[6.0,4.33333,7.66667,6.0],"texture":"#0"},"east":{"uv":[6.0,4.33333,7.66667,6.0],"texture":"#0"},"south":{"uv":[6.0,4.33333,7.66667,6.0],"texture":"#0"},"west":{"uv":[6.0,4.33333,7.66667,6.0],"texture":"#0"},"up":{"uv":[8.0,4.33333,9.66667,6.0],"texture":"#0"},"down":{"uv":[10.0,4.33333,11.66667,6.0],"texture":"#0"}}},{"from":[6.3,7.05,6.3],"to":[9.7,13.45,9.7],"rotation":{"angle":0.0,"axis":"x","origin":[8.5,31.25,4.05]},"faces":{"north":{"uv":[15.0,7.66667,16.0,9.66667],"texture":"#0"},"east":{"uv":[15.0,7.66667,16.0,9.66667],"texture":"#0"},"south":{"uv":[15.0,7.66667,16.0,9.66667],"texture":"#0"},"west":{"uv":[15.0,7.66667,16.0,9.66667],"texture":"#0"}}},{"from":[3.488,13.158,3.488],"to":[12.512,18.342,12.512],"rotation":{"angle":0.0,"axis":"x","origin":[9.96,31.71,4.208]},"faces":{"north":{"uv":[9.33333,6.33333,12.33333,8.0],"texture":"#0"},"east":{"uv":[9.33333,6.33333,12.33333,8.0],"texture":"#0"},"south":{"uv":[9.33333,6.33333,12.33333,8.0],"texture":"#0"},"west":{"uv":[9.33333,6.33333,12.33333,8.0],"texture":"#0"},"up":{"uv":[0.33333,9.66667,3.33333,12.66667],"texture":"#0"},"down":{"uv":[13.0,4.33333,16.0,7.33333],"texture":"#0"}}},{"from":[2.806,13.676,2.806],"to":[13.194,19.824,13.194],"rotation":{"angle":0.0,"axis":"x","origin":[5.41,30.56,3.813]},"faces":{"north":{"uv":[6.0,6.33333,9.0,8.0],"texture":"#0"},"east":{"uv":[6.0,6.33333,9.0,8.0],"texture":"#0"},"south":{"uv":[6.0,6.33333,9.0,8.0],"texture":"#0"},"west":{"uv":[6.0,6.33333,9.0,8.0],"texture":"#0"},"up":{"uv":[3.66667,8.33333,6.66667,11.33333],"texture":"#0"},"down":{"uv":[7.0,8.33333,10.0,11.33333],"texture":"#0"}}},{"from":[3.456,10.424,3.456],"to":[12.456,10.424,12.456],"rotation":{"angle":0.0,"axis":"x","origin":[5.41,30.56,3.813]},"faces":{"north":{"uv":[6.0,6.33333,9.0,8.0],"texture":"#0"},"east":{"uv":[6.0,6.33333,9.0,8.0],"texture":"#0"},"south":{"uv":[6.0,6.33333,9.0,8.0],"texture":"#0"},"west":{"uv":[6.0,6.33333,9.0,8.0],"texture":"#0"},"up":{"uv":[10.33333,8.33333,13.33333,11.33333],"texture":"#0"},"down":{"uv":[10.33333,8.33333,13.33333,11.33333],"texture":"#0"}}},{"from":[6.487,6.402,6.487],"to":[9.513,14.098,9.513],"rotation":{"angle":0.0,"axis":"x","origin":[14.165,31.91,4.4845]},"faces":{"north":{"uv":[13.0,4.33333,12.0,6.33333],"texture":"#0"},"east":{"uv":[13.0,4.33333,12.0,6.33333],"texture":"#0"},"south":{"uv":[13.0,4.33333,12.0,6.33333],"texture":"#0"},"west":{"uv":[13.0,4.33333,12.0,6.33333],"texture":"#0"}}},{"from":[6.487,6.402,6.487],"to":[9.513,14.098,9.513],"rotation":{"angle":0.0,"axis":"x","origin":[14.165,31.91,4.4845]},"faces":{"north":{"uv":[13.66667,12.66667,14.66667,14.66667],"texture":"#0"},"east":{"uv":[14.66667,12.66667,13.66667,14.66667],"texture":"#0"},"south":{"uv":[13.66667,12.66667,14.66667,14.66667],"texture":"#0"},"west":{"uv":[14.66667,12.66667,13.66667,14.66667],"texture":"#0"}}},{"from":[2.22219,14.08048,2.22219],"to":[13.77781,20.91952,13.77781],"rotation":{"angle":0.0,"axis":"x","origin":[-2.41192,29.07744,3.34238]},"faces":{"north":{"uv":[0.33333,13.0,3.33333,14.66667],"texture":"#0"},"east":{"uv":[0.33333,13.0,3.33333,14.66667],"texture":"#0"},"south":{"uv":[0.33333,13.0,3.33333,14.66667],"texture":"#0"},"west":{"uv":[0.33333,13.0,3.33333,14.66667],"texture":"#0"},"up":{"uv":[3.66667,11.66667,6.66667,14.66667],"texture":"#0"},"down":{"uv":[7.0,11.66667,10.0,14.66667],"texture":"#0"}}},{"from":[2.456,10.424,2.456],"to":[13.456,10.424,13.456],"rotation":{"angle":0.0,"axis":"x","origin":[5.41,30.56,3.813]},"faces":{"north":{"uv":[6.0,6.33333,9.0,8.0],"texture":"#0"},"east":{"uv":[6.0,6.33333,9.0,8.0],"texture":"#0"},"south":{"uv":[6.0,6.33333,9.0,8.0],"texture":"#0"},"west":{"uv":[6.0,6.33333,9.0,8.0],"texture":"#0"},"up":{"uv":[10.33333,11.66667,13.33333,14.66667],"texture":"#0"},"down":{"uv":[10.33333,11.66667,13.33333,14.66667],"texture":"#0"}}},{"from":[-0.544,10.424,-0.544],"to":[16.456,10.424,16.456],"rotation":{"angle":0.0,"axis":"x","origin":[5.41,30.56,3.813]},"faces":{"north":{"uv":[6.0,6.33333,9.0,8.0],"texture":"#0"},"east":{"uv":[6.0,6.33333,9.0,8.0],"texture":"#0"},"south":{"uv":[6.0,6.33333,9.0,8.0],"texture":"#0"},"west":{"uv":[6.0,6.33333,9.0,8.0],"texture":"#0"},"up":{"uv":[9.0,3.0,13.5,7.5],"texture":"#1"},"down":{"uv":[9.0,3.0,13.5,7.5],"texture":"#1"}}},{"from":[1.58664,14.20434,1.58664],"to":[14.41336,21.79566,14.41336],"rotation":{"angle":0.0,"axis":"x","origin":[-7.29723,27.38096,2.83004]},"faces":{"north":{"uv":[0.0,0.5,4.5,3.0],"texture":"#1"},"east":{"uv":[0.0,0.5,4.5,3.0],"texture":"#1"},"south":{"uv":[0.0,0.5,4.5,3.0],"texture":"#1"},"west":{"uv":[0.0,0.5,4.5,3.0],"texture":"#1"},"up":{"uv":[0.0,3.0,4.5,7.5],"texture":"#1"},"down":{"uv":[4.5,3.0,9.0,7.5],"texture":"#1"}}},{"from":[6.65343,5.82528,6.65343],"to":[9.34657,14.67472,9.34657],"rotation":{"angle":0.0,"axis":"x","origin":[17.22685,32.4974,4.87121]},"faces":{"north":{"uv":[4.5,0.0,6.0,3.0],"texture":"#1"},"east":{"uv":[4.5,0.0,6.0,3.0],"texture":"#1"},"south":{"uv":[4.5,0.0,6.0,3.0],"texture":"#1"},"west":{"uv":[4.5,0.0,6.0,3.0],"texture":"#1"}}},{"from":[6.96,7.21,6.96],"to":[9.04,13.29,9.04],"rotation":{"angle":0.0,"axis":"x","origin":[8.5,31.25,4.05]},"faces":{"north":{"uv":[4.0,0.0,3.33333,2.0],"texture":"#0"},"east":{"uv":[4.0,0.0,3.33333,2.0],"texture":"#0"},"south":{"uv":[4.0,0.0,3.33333,2.0],"texture":"#0"},"west":{"uv":[4.0,0.0,3.33333,2.0],"texture":"#0"},"up":{"uv":[4.0,0.0,3.33333,0.33333],"texture":"#0"},"down":{"uv":[4.0,2.0,3.33333,2.33333],"texture":"#0"}}},{"from":[3.0,11.25,7.0],"to":[13.0,13.25,9.0],"rotation":{"angle":0.0,"axis":"x","origin":[8.5,31.25,4.05]},"faces":{"north":{"uv":[0.0,7.0,3.33333,7.66667],"texture":"#0","tintindex":0},"east":{"uv":[0.0,7.0,0.33333,7.66667],"texture":"#0","tintindex":0},"south":{"uv":[0.0,7.0,3.33333,7.66667],"texture":"#0","tintindex":0},"west":{"uv":[0.0,7.0,0.33333,7.66667],"texture":"#0","tintindex":0},"up":{"uv":[0.0,7.0,3.33333,7.33333],"texture":"#0","tintindex":0},"down":{"uv":[0.0,7.33333,3.33333,7.66667],"texture":"#0","tintindex":0}}},{"from":[6.96,5.21,6.96],"to":[9.04,11.29,9.04],"rotation":{"angle":0.0,"axis":"x","origin":[8.5,31.25,4.05]},"faces":{"north":{"uv":[5.0,0.0,4.33333,2.0],"texture":"#0"},"east":{"uv":[5.0,0.0,4.33333,2.0],"texture":"#0"},"south":{"uv":[5.0,0.0,4.33333,2.0],"texture":"#0"},"west":{"uv":[5.0,0.0,4.33333,2.0],"texture":"#0"},"up":{"uv":[5.0,0.0,4.33333,0.33333],"texture":"#0"},"down":{"uv":[5.0,2.0,4.33333,2.33333],"texture":"#0"}}},{"from":[3.0,9.25,7.0],"to":[13.0,11.25,9.0],"rotation":{"angle":0.0,"axis":"x","origin":[8.5,31.25,4.05]},"faces":{"north":{"uv":[0.0,8.0,3.33333,8.66667],"texture":"#0","tintindex":0},"east":{"uv":[0.0,8.0,0.33333,8.66667],"texture":"#0","tintindex":0},"south":{"uv":[0.0,8.0,3.33333,8.66667],"texture":"#0","tintindex":0},"west":{"uv":[0.0,8.0,0.33333,8.66667],"texture":"#0","tintindex":0},"up":{"uv":[0.0,8.0,3.33333,8.33333],"texture":"#0","tintindex":0},"down":{"uv":[0.0,8.33333,3.33333,8.66667],"texture":"#0","tintindex":0}}},{"from":[6.96,3.46,6.96],"to":[9.04,9.54,9.04],"rotation":{"angle":0.0,"axis":"x","origin":[8.5,31.25,4.05]},"faces":{"north":{"uv":[6.0,0.0,5.33333,2.0],"texture":"#0"},"east":{"uv":[6.0,0.0,5.33333,2.0],"texture":"#0"},"south":{"uv":[6.0,0.0,5.33333,2.0],"texture":"#0"},"west":{"uv":[6.0,0.0,5.33333,2.0],"texture":"#0"},"up":{"uv":[6.0,0.0,5.33333,0.33333],"texture":"#0"},"down":{"uv":[6.0,2.0,5.33333,2.33333],"texture":"#0"}}},{"from":[3.0,7.5,7.0],"to":[13.0,9.5,9.0],"rotation":{"angle":0.0,"axis":"x","origin":[8.5,31.25,4.05]},"faces":{"north":{"uv":[0.0,9.0,3.33333,9.66667],"texture":"#0","tintindex":0},"east":{"uv":[0.0,9.0,0.33333,9.66667],"texture":"#0","tintindex":0},"south":{"uv":[0.0,9.0,3.33333,9.66667],"texture":"#0","tintindex":0},"west":{"uv":[0.0,9.0,0.33333,9.66667],"texture":"#0","tintindex":0},"up":{"uv":[0.0,9.0,3.33333,9.33333],"texture":"#0","tintindex":0},"down":{"uv":[0.0,9.33333,3.33333,9.66667],"texture":"#0","tintindex":0}}},{"from":[3.3,2.8,-3.1],"to":[12.7,3.95,3.3],"rotation":{"angle":0.0,"axis":"x","origin":[8.0,30.5,0.1]},"faces":{"north":{"uv":[0.0,4.66667,3.0,5.0],"texture":"#0","tintindex":0},"east":{"uv":[2.0,4.33333,0.0,4.66667],"texture":"#0","tintindex":0},"west":{"uv":[0.0,4.33333,2.0,4.66667],"texture":"#0","tintindex":0},"up":{"uv":[3.0,5.0,0.0,7.0],"texture":"#0","tintindex":0}}},{"from":[11.7,11.45,11.7],"to":[4.3,7.05,4.3],"rotation":{"angle":0.0,"axis":"x","origin":[8.5,31.25,4.05]},"faces":{"north":{"uv":[3.33333,4.0,5.66667,2.66667],"texture":"#0","tintindex":0},"east":{"uv":[3.33333,4.0,5.66667,2.66667],"texture":"#0","tintindex":0},"south":{"uv":[3.33333,4.0,5.66667,2.66667],"texture":"#0","tintindex":0},"west":{"uv":[3.33333,4.0,5.66667,2.66667],"texture":"#0","tintindex":0}}},{"from":[12.7,7.2,12.7],"to":[3.3,2.8,3.3],"rotation":{"angle":0.0,"axis":"x","origin":[8.5,31.25,4.05]},"faces":{"north":{"uv":[0.0,1.33333,3.0,0.0],"texture":"#0","tintindex":0},"east":{"uv":[0.0,1.33333,3.0,0.0],"texture":"#0","tintindex":0},"south":{"uv":[13.0,4.0,16.0,2.66667],"texture":"#0","tintindex":0},"west":{"uv":[0.0,1.33333,3.0,0.0],"texture":"#0","tintindex":0},"down":{"uv":[3.0,1.33333,0.0,4.33333],"texture":"#0","tintindex":0}}},{"from":[12.7,3.95,3.3],"to":[3.3,2.8,-3.1],"rotation":{"angle":0.0,"axis":"x","origin":[8.0,30.5,0.1]},"faces":{"east":{"uv":[0.0,4.66667,2.0,4.33333],"texture":"#0","tintindex":0},"south":{"uv":[0.0,5.0,3.0,4.66667],"texture":"#0","tintindex":0},"west":{"uv":[2.0,4.66667,0.0,4.33333],"texture":"#0","tintindex":0},"down":{"uv":[0.0,5.0,3.0,7.0],"texture":"#0","tintindex":0}}}],"display":{"thirdperson_righthand":{"translation":[0.0,1.0,0.75],"rotation":[55.5,34.0,0.0],"scale":[0.52539,0.52539,0.52539]},"thirdperson_lefthand":{"translation":[0.0,1.0,0.75],"rotation":[55.5,34.0,0.0],"scale":[0.52539,0.52539,0.52539]},"firstperson_righthand":{"translation":[9.5,0.0,-5.75],"rotation":[21.0,114.5,-13.75],"scale":[0.41992,0.41992,0.41992]},"firstperson_lefthand":{"translation":[9.5,0.0,-5.75],"rotation":[21.0,114.5,-13.75],"scale":[0.41992,0.41992,0.41992]},"gui":{"translation":[-1.0,-1.0,0.0],"rotation":[-149.61,-31.92,-180.0],"scale":[0.67187,0.67187,0.67187]},"head":{"translation":[0.0,10.0,0.0],"rotation":[1.75,0.0,0.0],"scale":[1.6332,1.6332,1.6332]}},"credit":"Made with Blockbench","gui_light":"front"}